{
"type": "FeatureCollection",
"name": "mapa-caba",
"crs": { "type": "name", "properties": { "name": "urn:ogc:def:crs:OGC:1.3:CRS84" } },
"features": [
{ "type": "Feature", "properties": { "indice_acceso": 0.66 }, "geometry": { "type": "Polygon", "coordinates": [ [ [ -58.36791, -34.57822 ], [ -58.36533, -34.5797 ], [ -58.36524, -34.58014 ], [ -58.37056, -34.58058 ], [ -58.37059, -34.58081 ], [ -58.36896, -34.58173 ], [ -58.36264, -34.58123 ], [ -58.36053, -34.58242 ], [ -58.36047, -34.58286 ], [ -58.36609, -34.58333 ], [ -58.36615, -34.58356 ], [ -58.36493, -34.5845 ], [ -58.35989, -34.58416 ], [ -58.35975, -34.58593 ], [ -58.36366, -34.58625 ], [ -58.3635, -34.58749 ], [ -58.35959, -34.58719 ], [ -58.35945, -34.58808 ], [ -58.35974, -34.58831 ], [ -58.36084, -34.58855 ], [ -58.36074, -34.58894 ], [ -58.36087, -34.58857 ], [ -58.368, -34.58993 ], [ -58.36793, -34.59044 ], [ -58.36627, -34.59116 ], [ -58.36436, -34.59426 ], [ -58.36482, -34.59448 ], [ -58.36596, -34.59282 ], [ -58.36913, -34.59417 ], [ -58.3679, -34.59751 ], [ -58.36649, -34.59743 ], [ -58.36623, -34.59825 ], [ -58.36615, -34.59739 ], [ -58.36379, -34.59722 ], [ -58.36441, -34.59549 ], [ -58.36412, -34.59531 ], [ -58.36343, -34.59667 ], [ -58.36038, -34.59551 ], [ -58.36005, -34.595 ], [ -58.35429, -34.59469 ], [ -58.35114, -34.59536 ], [ -58.35428, -34.59486 ], [ -58.35925, -34.59524 ], [ -58.36354, -34.59718 ], [ -58.36323, -34.59806 ], [ -58.36812, -34.59843 ], [ -58.36951, -34.59832 ], [ -58.37219, -34.59176 ], [ -58.37415, -34.59111 ], [ -58.37269, -34.58899 ], [ -58.37726, -34.58642 ], [ -58.37707, -34.58582 ], [ -58.37552, -34.58428 ], [ -58.37721, -34.58331 ], [ -58.37385, -34.57894 ], [ -58.3743, -34.5787 ], [ -58.36791, -34.57822 ] ] ] } },
{ "type": "Feature", "properties": { "indice_acceso": 0.643 }, "geometry": { "type": "Polygon", "coordinates": [ [ [ -58.38621, -34.5796 ], [ -58.38808, -34.57834 ], [ -58.38909, -34.57855 ], [ -58.38948, -34.57823 ], [ -58.38563, -34.57822 ], [ -58.38621, -34.5796 ] ] ] } },
{ "type": "Feature", "properties": { "indice_acceso": 0.637 }, "geometry": { "type": "Polygon", "coordinates": [ [ [ -58.38808, -34.57834 ], [ -58.3861, -34.57967 ], [ -58.38637, -34.57978 ], [ -58.38609, -34.58004 ], [ -58.38672, -34.57996 ], [ -58.38909, -34.57855 ], [ -58.38808, -34.57834 ] ] ] } },
{ "type": "Feature", "properties": { "indice_acceso": 0.644 }, "geometry": { "type": "Polygon", "coordinates": [ [ [ -58.38493, -34.58003 ], [ -58.38514, -34.58019 ], [ -58.38458, -34.58052 ], [ -58.38483, -34.58086 ], [ -58.3862, -34.5802 ], [ -58.38637, -34.57978 ], [ -58.38603, -34.57947 ], [ -58.38493, -34.58003 ] ] ] } },
{ "type": "Feature", "properties": { "indice_acceso": 0.647 }, "geometry": { "type": "Polygon", "coordinates": [ [ [ -58.38307, -34.57837 ], [ -58.37984, -34.58016 ], [ -58.38058, -34.5813 ], [ -58.3791, -34.58214 ], [ -58.37959, -34.58256 ], [ -58.38603, -34.57947 ], [ -58.38562, -34.57822 ], [ -58.38307, -34.57837 ] ] ] } },
{ "type": "Feature", "properties": { "indice_acceso": 0.646 }, "geometry": { "type": "Polygon", "coordinates": [ [ [ -58.38349, -34.58081 ], [ -58.38372, -34.58099 ], [ -58.38347, -34.58111 ], [ -58.38356, -34.58153 ], [ -58.38483, -34.58086 ], [ -58.38458, -34.58052 ], [ -58.38514, -34.58019 ], [ -58.38493, -34.58003 ], [ -58.38349, -34.58081 ] ] ] } },
{ "type": "Feature", "properties": { "indice_acceso": 0.646 }, "geometry": { "type": "Polygon", "coordinates": [ [ [ -58.38228, -34.58136 ], [ -58.38246, -34.58159 ], [ -58.38146, -34.58209 ], [ -58.3817, -34.58231 ], [ -58.38356, -34.58153 ], [ -58.38347, -34.58111 ], [ -58.38372, -34.58099 ], [ -58.38349, -34.58081 ], [ -58.38228, -34.58136 ] ] ] } },
{ "type": "Feature", "properties": { "indice_acceso": 0.648 }, "geometry": { "type": "Polygon", "coordinates": [ [ [ -58.3811, -34.58191 ], [ -58.37938, -34.58262 ], [ -58.37965, -34.58284 ], [ -58.38062, -34.58248 ], [ -58.38246, -34.58159 ], [ -58.38228, -34.58136 ], [ -58.3811, -34.58191 ] ] ] } },
{ "type": "Feature", "properties": { "indice_acceso": 0.652 }, "geometry": { "type": "Polygon", "coordinates": [ [ [ -58.38146, -34.58209 ], [ -58.37965, -34.58284 ], [ -58.38011, -34.58345 ], [ -58.3817, -34.58231 ], [ -58.38146, -34.58209 ] ] ] } },
{ "type": "Feature", "properties": { "indice_acceso": 0.682 }, "geometry": { "type": "Polygon", "coordinates": [ [ [ -58.37904, -34.58367 ], [ -58.37859, -34.58426 ], [ -58.37952, -34.5838 ], [ -58.37996, -34.58406 ], [ -58.37998, -34.58316 ], [ -58.37904, -34.58367 ] ] ] } },
{ "type": "Feature", "properties": { "indice_acceso": 0.681 }, "geometry": { "type": "Polygon", "coordinates": [ [ [ -58.37905, -34.58318 ], [ -58.37877, -34.58344 ], [ -58.37904, -34.58367 ], [ -58.37998, -34.58316 ], [ -58.37961, -34.58282 ], [ -58.37905, -34.58318 ] ] ] } },
{ "type": "Feature", "properties": { "indice_acceso": 0.68 }, "geometry": { "type": "Polygon", "coordinates": [ [ [ -58.37847, -34.58261 ], [ -58.37855, -34.58331 ], [ -58.37775, -34.58374 ], [ -58.37827, -34.58408 ], [ -58.37961, -34.58282 ], [ -58.37918, -34.58224 ], [ -58.37847, -34.58261 ] ] ] } },
{ "type": "Feature", "properties": { "indice_acceso": 0.661 }, "geometry": { "type": "Polygon", "coordinates": [ [ [ -58.37616, -34.57995 ], [ -58.37501, -34.58058 ], [ -58.37721, -34.58331 ], [ -58.38058, -34.5813 ], [ -58.37984, -34.58016 ], [ -58.37616, -34.57995 ] ] ] } },
{ "type": "Feature", "properties": { "indice_acceso": 0.688 }, "geometry": { "type": "Polygon", "coordinates": [ [ [ -58.37775, -34.58374 ], [ -58.37855, -34.58331 ], [ -58.37835, -34.58305 ], [ -58.37868, -34.58286 ], [ -58.37847, -34.58261 ], [ -58.37728, -34.58327 ], [ -58.37775, -34.58374 ] ] ] } },
{ "type": "Feature", "properties": { "indice_acceso": 0.697 }, "geometry": { "type": "Polygon", "coordinates": [ [ [ -58.37567, -34.58419 ], [ -58.37594, -34.58451 ], [ -58.37759, -34.58362 ], [ -58.37721, -34.58331 ], [ -58.37567, -34.58419 ] ] ] } },
{ "type": "Feature", "properties": { "indice_acceso": 0.694 }, "geometry": { "type": "Polygon", "coordinates": [ [ [ -58.37666, -34.58412 ], [ -58.37711, -34.58471 ], [ -58.37746, -34.58453 ], [ -58.37775, -34.58374 ], [ -58.37666, -34.58412 ] ] ] } },
{ "type": "Feature", "properties": { "indice_acceso": 0.698 }, "geometry": { "type": "Polygon", "coordinates": [ [ [ -58.37664, -34.58564 ], [ -58.37703, -34.58578 ], [ -58.37698, -34.58521 ], [ -58.37733, -34.58502 ], [ -58.37666, -34.58412 ], [ -58.37594, -34.58451 ], [ -58.37567, -34.58419 ], [ -58.37664, -34.58564 ] ] ] } },
{ "type": "Feature", "properties": { "indice_acceso": 0.691 }, "geometry": { "type": "Polygon", "coordinates": [ [ [ -58.37772, -34.58377 ], [ -58.37711, -34.58471 ], [ -58.37733, -34.58502 ], [ -58.37807, -34.58469 ], [ -58.37791, -34.5845 ], [ -58.37827, -34.58408 ], [ -58.37772, -34.58377 ] ] ] } },
{ "type": "Feature", "properties": { "indice_acceso": 0.687 }, "geometry": { "type": "Polygon", "coordinates": [ [ [ -58.37791, -34.5845 ], [ -58.37807, -34.58469 ], [ -58.37904, -34.58367 ], [ -58.37877, -34.58344 ], [ -58.37791, -34.5845 ] ] ] } },
{ "type": "Feature", "properties": { "indice_acceso": 0.693 }, "geometry": { "type": "Polygon", "coordinates": [ [ [ -58.37698, -34.58521 ], [ -58.37705, -34.58543 ], [ -58.37973, -34.58401 ], [ -58.37952, -34.5838 ], [ -58.37698, -34.58521 ] ] ] } },
{ "type": "Feature", "properties": { "indice_acceso": 0.621 }, "geometry": { "type": "Polygon", "coordinates": [ [ [ -58.38842, -34.57902 ], [ -58.38882, -34.57942 ], [ -58.38848, -34.57972 ], [ -58.38879, -34.58009 ], [ -58.39091, -34.57973 ], [ -58.38992, -34.57824 ], [ -58.38948, -34.57823 ], [ -58.38842, -34.57902 ] ] ] } },
{ "type": "Feature", "properties": { "indice_acceso": 0.633 }, "geometry": { "type": "Polygon", "coordinates": [ [ [ -58.38672, -34.57996 ], [ -58.38513, -34.58072 ], [ -58.38539, -34.58096 ], [ -58.38848, -34.57972 ], [ -58.38882, -34.57942 ], [ -58.38842, -34.57902 ], [ -58.38672, -34.57996 ] ] ] } },
{ "type": "Feature", "properties": { "indice_acceso": 0.631 }, "geometry": { "type": "Polygon", "coordinates": [ [ [ -58.38566, -34.58119 ], [ -58.3882, -34.58049 ], [ -58.38857, -34.58014 ], [ -58.38841, -34.57975 ], [ -58.38539, -34.58096 ], [ -58.38566, -34.58119 ] ] ] } },
{ "type": "Feature", "properties": { "indice_acceso": 0.632 }, "geometry": { "type": "Polygon", "coordinates": [ [ [ -58.38356, -34.58153 ], [ -58.38402, -34.58218 ], [ -58.38566, -34.58119 ], [ -58.38513, -34.58072 ], [ -58.38356, -34.58153 ] ] ] } },
{ "type": "Feature", "properties": { "indice_acceso": 0.638 }, "geometry": { "type": "Polygon", "coordinates": [ [ [ -58.38202, -34.58263 ], [ -58.38211, -34.58296 ], [ -58.38402, -34.58218 ], [ -58.38356, -34.58153 ], [ -58.38202, -34.58263 ] ] ] } },
{ "type": "Feature", "properties": { "indice_acceso": 0.657 }, "geometry": { "type": "Polygon", "coordinates": [ [ [ -58.38062, -34.58299 ], [ -58.37996, -34.58406 ], [ -58.383, -34.5821 ], [ -58.3828, -34.58188 ], [ -58.38062, -34.58299 ] ] ] } },
{ "type": "Feature", "properties": { "indice_acceso": 0.644 }, "geometry": { "type": "Polygon", "coordinates": [ [ [ -58.38176, -34.58275 ], [ -58.3802, -34.58412 ], [ -58.38244, -34.5831 ], [ -58.38176, -34.58275 ] ] ] } },
{ "type": "Feature", "properties": { "indice_acceso": 0.697 }, "geometry": { "type": "Polygon", "coordinates": [ [ [ -58.3779, -34.58515 ], [ -58.37979, -34.58411 ], [ -58.37705, -34.58543 ], [ -58.37703, -34.58578 ], [ -58.3779, -34.58515 ] ] ] } },
{ "type": "Feature", "properties": { "indice_acceso": 0.684 }, "geometry": { "type": "Polygon", "coordinates": [ [ [ -58.37875, -34.58467 ], [ -58.37787, -34.58519 ], [ -58.37827, -34.5856 ], [ -58.37963, -34.58498 ], [ -58.37946, -34.58477 ], [ -58.38037, -34.58431 ], [ -58.38032, -34.58386 ], [ -58.37875, -34.58467 ] ] ] } },
{ "type": "Feature", "properties": { "indice_acceso": 0.683 }, "geometry": { "type": "Polygon", "coordinates": [ [ [ -58.37946, -34.58477 ], [ -58.37963, -34.58498 ], [ -58.3783, -34.58582 ], [ -58.37997, -34.58512 ], [ -58.37984, -34.58472 ], [ -58.38047, -34.58454 ], [ -58.38029, -34.58436 ], [ -58.37946, -34.58477 ] ] ] } },
{ "type": "Feature", "properties": { "indice_acceso": 0.683 }, "geometry": { "type": "Polygon", "coordinates": [ [ [ -58.3809, -34.58521 ], [ -58.38122, -34.58491 ], [ -58.37807, -34.58659 ], [ -58.37822, -34.58681 ], [ -58.3811, -34.58539 ], [ -58.3809, -34.58521 ] ] ] } },
{ "type": "Feature", "properties": { "indice_acceso": 0.668 }, "geometry": { "type": "Polygon", "coordinates": [ [ [ -58.37984, -34.58472 ], [ -58.37997, -34.58512 ], [ -58.37787, -34.58648 ], [ -58.37809, -34.58687 ], [ -58.37808, -34.58646 ], [ -58.38122, -34.58491 ], [ -58.3809, -34.58521 ], [ -58.3811, -34.58539 ], [ -58.38224, -34.58444 ], [ -58.38125, -34.58476 ], [ -58.38086, -34.58431 ], [ -58.37984, -34.58472 ] ] ] } },
{ "type": "Feature", "properties": { "indice_acceso": 0.646 }, "geometry": { "type": "Polygon", "coordinates": [ [ [ -58.38152, -34.58421 ], [ -58.38084, -34.58451 ], [ -58.38125, -34.58476 ], [ -58.38357, -34.58339 ], [ -58.38152, -34.58421 ] ] ] } },
{ "type": "Feature", "properties": { "indice_acceso": 0.652 }, "geometry": { "type": "Polygon", "coordinates": [ [ [ -58.38086, -34.58431 ], [ -58.3832, -34.58356 ], [ -58.38295, -34.58328 ], [ -58.38086, -34.58431 ] ] ] } },
{ "type": "Feature", "properties": { "indice_acceso": 0.664 }, "geometry": { "type": "Polygon", "coordinates": [ [ [ -58.38117, -34.58389 ], [ -58.38029, -34.58436 ], [ -58.38047, -34.58454 ], [ -58.38254, -34.58347 ], [ -58.38215, -34.58331 ], [ -58.38117, -34.58389 ] ] ] } },
{ "type": "Feature", "properties": { "indice_acceso": 0.654 }, "geometry": { "type": "Polygon", "coordinates": [ [ [ -58.38204, -34.58316 ], [ -58.3802, -34.58412 ], [ -58.38037, -34.58431 ], [ -58.38204, -34.58316 ] ] ] } },
{ "type": "Feature", "properties": { "indice_acceso": 0.64 }, "geometry": { "type": "Polygon", "coordinates": [ [ [ -58.38369, -34.58247 ], [ -58.3821, -34.58325 ], [ -58.38254, -34.58347 ], [ -58.38393, -34.58282 ], [ -58.38369, -34.58247 ] ] ] } },
{ "type": "Feature", "properties": { "indice_acceso": 0.64 }, "geometry": { "type": "Polygon", "coordinates": [ [ [ -58.38363, -34.58297 ], [ -58.38295, -34.58328 ], [ -58.3832, -34.58356 ], [ -58.38461, -34.58295 ], [ -58.38427, -34.58264 ], [ -58.38363, -34.58297 ] ] ] } },
{ "type": "Feature", "properties": { "indice_acceso": 0.633 }, "geometry": { "type": "Polygon", "coordinates": [ [ [ -58.38366, -34.58236 ], [ -58.38393, -34.58282 ], [ -58.3867, -34.58142 ], [ -58.3859, -34.581 ], [ -58.38366, -34.58236 ] ] ] } },
{ "type": "Feature", "properties": { "indice_acceso": 0.614 }, "geometry": { "type": "Polygon", "coordinates": [ [ [ -58.38647, -34.58149 ], [ -58.38427, -34.58264 ], [ -58.38461, -34.58295 ], [ -58.38684, -34.58157 ], [ -58.38647, -34.58149 ] ] ] } },
{ "type": "Feature", "properties": { "indice_acceso": 0.656 }, "geometry": { "type": "Polygon", "coordinates": [ [ [ -58.38684, -34.58157 ], [ -58.38212, -34.58431 ], [ -58.38158, -34.58516 ], [ -58.37809, -34.58687 ], [ -58.37787, -34.58648 ], [ -58.37886, -34.58578 ], [ -58.37835, -34.58573 ], [ -58.37922, -34.58517 ], [ -58.37827, -34.5856 ], [ -58.37787, -34.58519 ], [ -58.37705, -34.58586 ], [ -58.37726, -34.58642 ], [ -58.37269, -34.58899 ], [ -58.37544, -34.59266 ], [ -58.38384, -34.58769 ], [ -58.38369, -34.5875 ], [ -58.3845, -34.58696 ], [ -58.3856, -34.58501 ], [ -58.38787, -34.58284 ], [ -58.38684, -34.58157 ] ] ] } },
{ "type": "Feature", "properties": { "indice_acceso": 0.628 }, "geometry": { "type": "Polygon", "coordinates": [ [ [ -58.38814, -34.58069 ], [ -58.3867, -34.58142 ], [ -58.38787, -34.58284 ], [ -58.39165, -34.58083 ], [ -58.39091, -34.57973 ], [ -58.38814, -34.58069 ] ] ] } },
{ "type": "Feature", "properties": { "indice_acceso": 0.621 }, "geometry": { "type": "Polygon", "coordinates": [ [ [ -58.38852, -34.58034 ], [ -58.3859, -34.581 ], [ -58.38671, -34.58128 ], [ -58.39025, -34.57998 ], [ -58.38879, -34.58009 ], [ -58.38841, -34.57975 ], [ -58.38852, -34.58034 ] ] ] } },
{ "type": "Feature", "properties": { "indice_acceso": 0.675 }, "geometry": { "type": "Polygon", "coordinates": [ [ [ -58.38355, -34.58961 ], [ -58.38495, -34.58879 ], [ -58.38384, -34.58769 ], [ -58.38284, -34.58823 ], [ -58.38355, -34.58961 ] ] ] } },
{ "type": "Feature", "properties": { "indice_acceso": 0.678 }, "geometry": { "type": "Polygon", "coordinates": [ [ [ -58.38144, -34.59037 ], [ -58.38355, -34.58961 ], [ -58.38284, -34.58823 ], [ -58.3809, -34.58928 ], [ -58.38144, -34.59037 ] ] ] } },
{ "type": "Feature", "properties": { "indice_acceso": 0.689 }, "geometry": { "type": "Polygon", "coordinates": [ [ [ -58.38156, -34.5916 ], [ -58.38434, -34.59152 ], [ -58.38355, -34.58961 ], [ -58.38144, -34.59037 ], [ -58.38156, -34.5916 ] ] ] } },
{ "type": "Feature", "properties": { "indice_acceso": 0.671 }, "geometry": { "type": "Polygon", "coordinates": [ [ [ -58.38421, -34.5909 ], [ -58.38594, -34.58978 ], [ -58.38495, -34.58879 ], [ -58.38355, -34.58961 ], [ -58.38421, -34.5909 ] ] ] } },
{ "type": "Feature", "properties": { "indice_acceso": 0.68 }, "geometry": { "type": "Polygon", "coordinates": [ [ [ -58.38601, -34.59149 ], [ -58.38692, -34.59078 ], [ -58.38594, -34.58978 ], [ -58.38491, -34.59045 ], [ -58.38601, -34.59149 ] ] ] } },
{ "type": "Feature", "properties": { "indice_acceso": 0.708 }, "geometry": { "type": "Polygon", "coordinates": [ [ [ -58.38434, -34.59152 ], [ -58.38443, -34.59274 ], [ -58.38601, -34.59149 ], [ -58.38491, -34.59045 ], [ -58.38428, -34.59086 ], [ -58.38434, -34.59152 ] ] ] } },
{ "type": "Feature", "properties": { "indice_acceso": 0.707 }, "geometry": { "type": "Polygon", "coordinates": [ [ [ -58.38706, -34.59238 ], [ -58.38601, -34.59149 ], [ -58.38443, -34.59274 ], [ -58.3865, -34.59283 ], [ -58.38706, -34.59238 ] ] ] } },
{ "type": "Feature", "properties": { "indice_acceso": 0.695 }, "geometry": { "type": "Polygon", "coordinates": [ [ [ -58.38706, -34.59238 ], [ -58.3865, -34.59283 ], [ -58.38757, -34.59283 ], [ -58.38796, -34.59165 ], [ -58.38692, -34.59078 ], [ -58.38601, -34.59149 ], [ -58.38706, -34.59238 ] ] ] } },
{ "type": "Feature", "properties": { "indice_acceso": 0.7 }, "geometry": { "type": "Polygon", "coordinates": [ [ [ -58.38156, -34.5916 ], [ -58.38161, -34.59284 ], [ -58.38445, -34.59283 ], [ -58.38434, -34.59152 ], [ -58.38156, -34.5916 ] ] ] } },
{ "type": "Feature", "properties": { "indice_acceso": 0.726 }, "geometry": { "type": "Polygon", "coordinates": [ [ [ -58.38159, -34.59419 ], [ -58.38441, -34.59443 ], [ -58.38445, -34.59283 ], [ -58.38161, -34.59284 ], [ -58.38159, -34.59419 ] ] ] } },
{ "type": "Feature", "properties": { "indice_acceso": 0.717 }, "geometry": { "type": "Polygon", "coordinates": [ [ [ -58.38441, -34.59443 ], [ -58.38582, -34.59456 ], [ -58.38608, -34.59317 ], [ -58.3865, -34.59283 ], [ -58.38445, -34.59283 ], [ -58.38441, -34.59443 ] ] ] } },
{ "type": "Feature", "properties": { "indice_acceso": 0.707 }, "geometry": { "type": "Polygon", "coordinates": [ [ [ -58.38608, -34.59317 ], [ -58.38582, -34.59456 ], [ -58.3873, -34.59464 ], [ -58.38757, -34.59283 ], [ -58.3865, -34.59283 ], [ -58.38608, -34.59317 ] ] ] } },
{ "type": "Feature", "properties": { "indice_acceso": 0.719 }, "geometry": { "type": "Polygon", "coordinates": [ [ [ -58.38575, -34.59568 ], [ -58.38716, -34.59573 ], [ -58.3873, -34.59464 ], [ -58.38582, -34.59456 ], [ -58.38575, -34.59568 ] ] ] } },
{ "type": "Feature", "properties": { "indice_acceso": 0.731 }, "geometry": { "type": "Polygon", "coordinates": [ [ [ -58.3843, -34.59559 ], [ -58.38575, -34.59568 ], [ -58.38582, -34.59456 ], [ -58.38441, -34.59443 ], [ -58.3843, -34.59559 ] ] ] } },
{ "type": "Feature", "properties": { "indice_acceso": 0.739 }, "geometry": { "type": "Polygon", "coordinates": [ [ [ -58.38149, -34.59536 ], [ -58.3843, -34.59559 ], [ -58.38441, -34.59443 ], [ -58.38159, -34.59419 ], [ -58.38149, -34.59536 ] ] ] } },
{ "type": "Feature", "properties": { "indice_acceso": 0.717 }, "geometry": { "type": "Polygon", "coordinates": [ [ [ -58.38014, -34.59135 ], [ -58.38008, -34.59286 ], [ -58.38161, -34.59284 ], [ -58.38154, -34.5906 ], [ -58.3809, -34.58928 ], [ -58.37945, -34.59007 ], [ -58.38014, -34.59135 ] ] ] } },
{ "type": "Feature", "properties": { "indice_acceso": 0.726 }, "geometry": { "type": "Polygon", "coordinates": [ [ [ -58.37858, -34.59289 ], [ -58.38008, -34.59286 ], [ -58.38014, -34.59145 ], [ -58.37939, -34.59153 ], [ -58.37857, -34.59235 ], [ -58.37858, -34.59289 ] ] ] } },
{ "type": "Feature", "properties": { "indice_acceso": 0.719 }, "geometry": { "type": "Polygon", "coordinates": [ [ [ -58.37857, -34.59235 ], [ -58.37939, -34.59153 ], [ -58.38014, -34.59145 ], [ -58.37945, -34.59007 ], [ -58.37785, -34.59108 ], [ -58.37857, -34.59235 ] ] ] } },
{ "type": "Feature", "properties": { "indice_acceso": 0.727 }, "geometry": { "type": "Polygon", "coordinates": [ [ [ -58.37709, -34.59288 ], [ -58.37858, -34.59289 ], [ -58.37785, -34.59108 ], [ -58.37667, -34.59186 ], [ -58.37709, -34.59288 ] ] ] } },
{ "type": "Feature", "properties": { "indice_acceso": 0.732 }, "geometry": { "type": "Polygon", "coordinates": [ [ [ -58.37504, -34.59291 ], [ -58.37709, -34.59288 ], [ -58.37667, -34.59186 ], [ -58.37504, -34.59291 ] ] ] } },
{ "type": "Feature", "properties": { "indice_acceso": 0.733 }, "geometry": { "type": "Polygon", "coordinates": [ [ [ -58.37551, -34.5929 ], [ -58.37667, -34.59446 ], [ -58.37747, -34.5946 ], [ -58.37768, -34.59503 ], [ -58.3785, -34.5951 ], [ -58.37858, -34.59289 ], [ -58.37551, -34.5929 ] ] ] } },
{ "type": "Feature", "properties": { "indice_acceso": 0.731 }, "geometry": { "type": "Polygon", "coordinates": [ [ [ -58.3785, -34.5951 ], [ -58.37996, -34.59522 ], [ -58.37998, -34.59411 ], [ -58.37854, -34.5941 ], [ -58.3785, -34.5951 ] ] ] } },
{ "type": "Feature", "properties": { "indice_acceso": 0.731 }, "geometry": { "type": "Polygon", "coordinates": [ [ [ -58.37854, -34.5941 ], [ -58.38003, -34.59411 ], [ -58.38008, -34.59286 ], [ -58.37858, -34.59289 ], [ -58.37854, -34.5941 ] ] ] } },
{ "type": "Feature", "properties": { "indice_acceso": 0.731 }, "geometry": { "type": "Polygon", "coordinates": [ [ [ -58.38003, -34.59411 ], [ -58.38159, -34.59419 ], [ -58.38161, -34.59284 ], [ -58.38008, -34.59286 ], [ -58.38003, -34.59411 ] ] ] } },
{ "type": "Feature", "properties": { "indice_acceso": 0.738 }, "geometry": { "type": "Polygon", "coordinates": [ [ [ -58.37996, -34.59522 ], [ -58.38149, -34.59536 ], [ -58.38159, -34.59419 ], [ -58.38003, -34.59411 ], [ -58.37996, -34.59522 ] ] ] } },
{ "type": "Feature", "properties": { "indice_acceso": 0.743 }, "geometry": { "type": "Polygon", "coordinates": [ [ [ -58.37844, -34.59637 ], [ -58.3799, -34.59651 ], [ -58.37996, -34.59522 ], [ -58.3785, -34.5951 ], [ -58.37844, -34.59637 ] ] ] } },
{ "type": "Feature", "properties": { "indice_acceso": 0.731 }, "geometry": { "type": "Polygon", "coordinates": [ [ [ -58.37444, -34.59448 ], [ -58.37432, -34.59624 ], [ -58.37541, -34.59624 ], [ -58.37573, -34.59652 ], [ -58.37626, -34.59627 ], [ -58.37844, -34.59637 ], [ -58.3785, -34.5951 ], [ -58.37768, -34.59503 ], [ -58.37747, -34.5946 ], [ -58.37667, -34.59446 ], [ -58.37573, -34.59298 ], [ -58.37504, -34.59291 ], [ -58.37544, -34.59266 ], [ -58.37415, -34.59111 ], [ -58.37219, -34.59176 ], [ -58.37444, -34.59448 ] ] ] } },
{ "type": "Feature", "properties": { "indice_acceso": 0.731 }, "geometry": { "type": "Polygon", "coordinates": [ [ [ -58.37444, -34.59448 ], [ -58.37391, -34.59364 ], [ -58.37304, -34.59452 ], [ -58.37336, -34.59449 ], [ -58.37312, -34.59618 ], [ -58.37432, -34.59624 ], [ -58.37444, -34.59448 ] ] ] } },
{ "type": "Feature", "properties": { "indice_acceso": 0.727 }, "geometry": { "type": "Polygon", "coordinates": [ [ [ -58.37295, -34.59733 ], [ -58.37425, -34.59743 ], [ -58.37432, -34.59624 ], [ -58.37312, -34.59618 ], [ -58.37295, -34.59733 ] ] ] } },
{ "type": "Feature", "properties": { "indice_acceso": 0.73 }, "geometry": { "type": "Polygon", "coordinates": [ [ [ -58.37425, -34.59743 ], [ -58.37541, -34.5975 ], [ -58.37541, -34.59624 ], [ -58.37432, -34.59624 ], [ -58.37425, -34.59743 ] ] ] } },
{ "type": "Feature", "properties": { "indice_acceso": 0.733 }, "geometry": { "type": "Polygon", "coordinates": [ [ [ -58.37541, -34.5975 ], [ -58.3769, -34.59759 ], [ -58.37696, -34.59628 ], [ -58.37573, -34.59652 ], [ -58.37541, -34.59624 ], [ -58.37541, -34.5975 ] ] ] } },
{ "type": "Feature", "properties": { "indice_acceso": 0.742 }, "geometry": { "type": "Polygon", "coordinates": [ [ [ -58.3769, -34.59759 ], [ -58.37836, -34.59766 ], [ -58.37844, -34.59637 ], [ -58.37696, -34.59628 ], [ -58.3769, -34.59759 ] ] ] } },
{ "type": "Feature", "properties": { "indice_acceso": 0.755 }, "geometry": { "type": "Polygon", "coordinates": [ [ [ -58.37836, -34.59766 ], [ -58.37983, -34.59773 ], [ -58.3799, -34.59651 ], [ -58.37844, -34.59637 ], [ -58.37836, -34.59766 ] ] ] } },
{ "type": "Feature", "properties": { "indice_acceso": 0.772 }, "geometry": { "type": "Polygon", "coordinates": [ [ [ -58.37828, -34.59891 ], [ -58.37974, -34.59897 ], [ -58.37983, -34.59773 ], [ -58.37836, -34.59766 ], [ -58.37828, -34.59891 ] ] ] } },
{ "type": "Feature", "properties": { "indice_acceso": 0.756 }, "geometry": { "type": "Polygon", "coordinates": [ [ [ -58.37684, -34.59881 ], [ -58.37828, -34.59891 ], [ -58.37836, -34.59766 ], [ -58.3769, -34.59759 ], [ -58.37684, -34.59881 ] ] ] } },
{ "type": "Feature", "properties": { "indice_acceso": 0.741 }, "geometry": { "type": "Polygon", "coordinates": [ [ [ -58.37425, -34.59743 ], [ -58.37419, -34.59862 ], [ -58.37684, -34.59881 ], [ -58.3769, -34.59759 ], [ -58.37425, -34.59743 ] ] ] } },
{ "type": "Feature", "properties": { "indice_acceso": 0.728 }, "geometry": { "type": "Polygon", "coordinates": [ [ [ -58.3728, -34.59852 ], [ -58.37419, -34.59862 ], [ -58.37425, -34.59743 ], [ -58.37295, -34.59733 ], [ -58.3728, -34.59852 ] ] ] } },
{ "type": "Feature", "properties": { "indice_acceso": 0.719 }, "geometry": { "type": "Polygon", "coordinates": [ [ [ -58.37219, -34.59176 ], [ -58.36951, -34.59832 ], [ -58.3728, -34.59852 ], [ -58.37336, -34.59449 ], [ -58.37304, -34.59452 ], [ -58.37391, -34.59364 ], [ -58.37219, -34.59176 ] ] ] } },
{ "type": "Feature", "properties": { "indice_acceso": 0.735 }, "geometry": { "type": "Polygon", "coordinates": [ [ [ -58.38565, -34.59697 ], [ -58.38706, -34.59705 ], [ -58.38716, -34.59573 ], [ -58.38575, -34.59568 ], [ -58.38565, -34.59697 ] ] ] } },
{ "type": "Feature", "properties": { "indice_acceso": 0.748 }, "geometry": { "type": "Polygon", "coordinates": [ [ [ -58.38418, -34.5969 ], [ -58.38565, -34.59697 ], [ -58.38575, -34.59568 ], [ -58.3843, -34.59559 ], [ -58.38418, -34.5969 ] ] ] } },
{ "type": "Feature", "properties": { "indice_acceso": 0.77 }, "geometry": { "type": "Polygon", "coordinates": [ [ [ -58.38125, -34.59903 ], [ -58.38403, -34.59916 ], [ -58.3843, -34.59559 ], [ -58.38149, -34.59536 ], [ -58.38125, -34.59903 ] ] ] } },
{ "type": "Feature", "properties": { "indice_acceso": 0.75 }, "geometry": { "type": "Polygon", "coordinates": [ [ [ -58.3799, -34.59651 ], [ -58.38141, -34.59669 ], [ -58.38149, -34.59536 ], [ -58.37996, -34.59522 ], [ -58.3799, -34.59651 ] ] ] } },
{ "type": "Feature", "properties": { "indice_acceso": 0.768 }, "geometry": { "type": "Polygon", "coordinates": [ [ [ -58.37983, -34.59773 ], [ -58.38134, -34.59784 ], [ -58.38141, -34.59669 ], [ -58.3799, -34.59651 ], [ -58.37983, -34.59773 ] ] ] } },
{ "type": "Feature", "properties": { "indice_acceso": 0.762 }, "geometry": { "type": "Polygon", "coordinates": [ [ [ -58.38409, -34.59808 ], [ -58.38554, -34.59818 ], [ -58.38565, -34.59697 ], [ -58.38418, -34.5969 ], [ -58.38409, -34.59808 ] ] ] } },
{ "type": "Feature", "properties": { "indice_acceso": 0.747 }, "geometry": { "type": "Polygon", "coordinates": [ [ [ -58.38554, -34.59818 ], [ -58.38696, -34.59828 ], [ -58.38706, -34.59705 ], [ -58.38565, -34.59697 ], [ -58.38554, -34.59818 ] ] ] } },
{ "type": "Feature", "properties": { "indice_acceso": 0.763 }, "geometry": { "type": "Polygon", "coordinates": [ [ [ -58.38547, -34.59923 ], [ -58.38686, -34.5993 ], [ -58.38696, -34.59828 ], [ -58.38554, -34.59818 ], [ -58.38547, -34.59923 ] ] ] } },
{ "type": "Feature", "properties": { "indice_acceso": 0.775 }, "geometry": { "type": "Polygon", "coordinates": [ [ [ -58.38403, -34.59916 ], [ -58.38547, -34.59923 ], [ -58.38554, -34.59818 ], [ -58.38409, -34.59808 ], [ -58.38403, -34.59916 ] ] ] } },
{ "type": "Feature", "properties": { "indice_acceso": 0.787 }, "geometry": { "type": "Polygon", "coordinates": [ [ [ -58.37974, -34.59897 ], [ -58.38125, -34.59903 ], [ -58.38134, -34.59784 ], [ -58.37983, -34.59773 ], [ -58.37974, -34.59897 ] ] ] } },
{ "type": "Feature", "properties": { "indice_acceso": 0.776 }, "geometry": { "type": "Polygon", "coordinates": [ [ [ -58.38536, -34.60051 ], [ -58.38671, -34.60058 ], [ -58.3868, -34.59929 ], [ -58.38547, -34.59923 ], [ -58.38536, -34.60051 ] ] ] } },
{ "type": "Feature", "properties": { "indice_acceso": 0.826 }, "geometry": { "type": "Polygon", "coordinates": [ [ [ -58.38536, -34.60051 ], [ -58.38519, -34.60269 ], [ -58.3838, -34.60263 ], [ -58.38371, -34.60383 ], [ -58.38659, -34.604 ], [ -58.38671, -34.60058 ], [ -58.38536, -34.60051 ] ] ] } },
{ "type": "Feature", "properties": { "indice_acceso": 0.838 }, "geometry": { "type": "Polygon", "coordinates": [ [ [ -58.38125, -34.59903 ], [ -58.38098, -34.60367 ], [ -58.38371, -34.60383 ], [ -58.3838, -34.60263 ], [ -58.38519, -34.60269 ], [ -58.38547, -34.59923 ], [ -58.38125, -34.59903 ] ] ] } },
{ "type": "Feature", "properties": { "indice_acceso": 0.815 }, "geometry": { "type": "Polygon", "coordinates": [ [ [ -58.37967, -34.60013 ], [ -58.38117, -34.60021 ], [ -58.38125, -34.59903 ], [ -58.37974, -34.59897 ], [ -58.37967, -34.60013 ] ] ] } },
{ "type": "Feature", "properties": { "indice_acceso": 0.848 }, "geometry": { "type": "Polygon", "coordinates": [ [ [ -58.37959, -34.60128 ], [ -58.3811, -34.60136 ], [ -58.38117, -34.60021 ], [ -58.37967, -34.60013 ], [ -58.37959, -34.60128 ] ] ] } },
{ "type": "Feature", "properties": { "indice_acceso": 0.784 }, "geometry": { "type": "Polygon", "coordinates": [ [ [ -58.3768, -34.59995 ], [ -58.37675, -34.60113 ], [ -58.37959, -34.60128 ], [ -58.37967, -34.60013 ], [ -58.3768, -34.59995 ] ] ] } },
{ "type": "Feature", "properties": { "indice_acceso": 0.796 }, "geometry": { "type": "Polygon", "coordinates": [ [ [ -58.37821, -34.60008 ], [ -58.37967, -34.60013 ], [ -58.37974, -34.59897 ], [ -58.37828, -34.59891 ], [ -58.37821, -34.60008 ] ] ] } },
{ "type": "Feature", "properties": { "indice_acceso": 0.765 }, "geometry": { "type": "Polygon", "coordinates": [ [ [ -58.3768, -34.59995 ], [ -58.37821, -34.60008 ], [ -58.37828, -34.59891 ], [ -58.37684, -34.59881 ], [ -58.3768, -34.59995 ] ] ] } },
{ "type": "Feature", "properties": { "indice_acceso": 0.758 }, "geometry": { "type": "Polygon", "coordinates": [ [ [ -58.37533, -34.60105 ], [ -58.37675, -34.60113 ], [ -58.37684, -34.59881 ], [ -58.37537, -34.59871 ], [ -58.37533, -34.60105 ] ] ] } },
{ "type": "Feature", "properties": { "indice_acceso": 0.736 }, "geometry": { "type": "Polygon", "coordinates": [ [ [ -58.37259, -34.60086 ], [ -58.37533, -34.60105 ], [ -58.37537, -34.59871 ], [ -58.3728, -34.59852 ], [ -58.37259, -34.60086 ] ] ] } },
{ "type": "Feature", "properties": { "indice_acceso": 0.721 }, "geometry": { "type": "Polygon", "coordinates": [ [ [ -58.37139, -34.59957 ], [ -58.37267, -34.59968 ], [ -58.3728, -34.59852 ], [ -58.37149, -34.59842 ], [ -58.37139, -34.59957 ] ] ] } },
{ "type": "Feature", "properties": { "indice_acceso": 0.731 }, "geometry": { "type": "Polygon", "coordinates": [ [ [ -58.37127, -34.60074 ], [ -58.37259, -34.60086 ], [ -58.37267, -34.59968 ], [ -58.37139, -34.59957 ], [ -58.37127, -34.60074 ] ] ] } },
{ "type": "Feature", "properties": { "indice_acceso": 0.719 }, "geometry": { "type": "Polygon", "coordinates": [ [ [ -58.36864, -34.60044 ], [ -58.37127, -34.60074 ], [ -58.37149, -34.59842 ], [ -58.36951, -34.59832 ], [ -58.36864, -34.60044 ] ] ] } },
{ "type": "Feature", "properties": { "indice_acceso": 0.725 }, "geometry": { "type": "Polygon", "coordinates": [ [ [ -58.36818, -34.60283 ], [ -58.37109, -34.60306 ], [ -58.37118, -34.60195 ], [ -58.37252, -34.60203 ], [ -58.37259, -34.60086 ], [ -58.36864, -34.60044 ], [ -58.36818, -34.60283 ] ] ] } },
{ "type": "Feature", "properties": { "indice_acceso": 0.762 }, "geometry": { "type": "Polygon", "coordinates": [ [ [ -58.37252, -34.60203 ], [ -58.37527, -34.60223 ], [ -58.37533, -34.60105 ], [ -58.37259, -34.60086 ], [ -58.37252, -34.60203 ] ] ] } },
{ "type": "Feature", "properties": { "indice_acceso": 0.813 }, "geometry": { "type": "Polygon", "coordinates": [ [ [ -58.37533, -34.60105 ], [ -58.37527, -34.60223 ], [ -58.38104, -34.60252 ], [ -58.3811, -34.60136 ], [ -58.37533, -34.60105 ] ] ] } },
{ "type": "Feature", "properties": { "indice_acceso": 0.919 }, "geometry": { "type": "Polygon", "coordinates": [ [ [ -58.37807, -34.60349 ], [ -58.38098, -34.60367 ], [ -58.38104, -34.60252 ], [ -58.37811, -34.60238 ], [ -58.37807, -34.60349 ] ] ] } },
{ "type": "Feature", "properties": { "indice_acceso": 0.829 }, "geometry": { "type": "Polygon", "coordinates": [ [ [ -58.37666, -34.6034 ], [ -58.37807, -34.60349 ], [ -58.37811, -34.60238 ], [ -58.3767, -34.60231 ], [ -58.37666, -34.6034 ] ] ] } },
{ "type": "Feature", "properties": { "indice_acceso": 0.783 }, "geometry": { "type": "Polygon", "coordinates": [ [ [ -58.37118, -34.60195 ], [ -58.37109, -34.60306 ], [ -58.37666, -34.6034 ], [ -58.3767, -34.60231 ], [ -58.37118, -34.60195 ] ] ] } },
{ "type": "Feature", "properties": { "indice_acceso": 0.757 }, "geometry": { "type": "Polygon", "coordinates": [ [ [ -58.38671, -34.60058 ], [ -58.3881, -34.60065 ], [ -58.38814, -34.59936 ], [ -58.38686, -34.5993 ], [ -58.38671, -34.60058 ] ] ] } },
{ "type": "Feature", "properties": { "indice_acceso": 0.751 }, "geometry": { "type": "Polygon", "coordinates": [ [ [ -58.3881, -34.60065 ], [ -58.38959, -34.60072 ], [ -58.38966, -34.59944 ], [ -58.38814, -34.59936 ], [ -58.3881, -34.60065 ] ] ] } },
{ "type": "Feature", "properties": { "indice_acceso": 0.741 }, "geometry": { "type": "Polygon", "coordinates": [ [ [ -58.38959, -34.60072 ], [ -58.39142, -34.60075 ], [ -58.39155, -34.59956 ], [ -58.38966, -34.59944 ], [ -58.38959, -34.60072 ] ] ] } },
{ "type": "Feature", "properties": { "indice_acceso": 0.742 }, "geometry": { "type": "Polygon", "coordinates": [ [ [ -58.39142, -34.60075 ], [ -58.39277, -34.60081 ], [ -58.39293, -34.59964 ], [ -58.39155, -34.59956 ], [ -58.39142, -34.60075 ] ] ] } },
{ "type": "Feature", "properties": { "indice_acceso": 0.739 }, "geometry": { "type": "Polygon", "coordinates": [ [ [ -58.391, -34.60075 ], [ -58.3909, -34.60189 ], [ -58.39259, -34.60199 ], [ -58.39277, -34.60081 ], [ -58.391, -34.60075 ] ] ] } },
{ "type": "Feature", "properties": { "indice_acceso": 0.744 }, "geometry": { "type": "Polygon", "coordinates": [ [ [ -58.38953, -34.6018 ], [ -58.3909, -34.60189 ], [ -58.391, -34.60075 ], [ -58.38959, -34.60072 ], [ -58.38953, -34.6018 ] ] ] } },
{ "type": "Feature", "properties": { "indice_acceso": 0.761 }, "geometry": { "type": "Polygon", "coordinates": [ [ [ -58.38803, -34.60171 ], [ -58.38953, -34.6018 ], [ -58.38959, -34.60072 ], [ -58.3881, -34.60065 ], [ -58.38803, -34.60171 ] ] ] } },
{ "type": "Feature", "properties": { "indice_acceso": 0.786 }, "geometry": { "type": "Polygon", "coordinates": [ [ [ -58.38664, -34.60278 ], [ -58.38795, -34.60291 ], [ -58.3881, -34.60065 ], [ -58.38679, -34.60059 ], [ -58.38664, -34.60278 ] ] ] } },
{ "type": "Feature", "properties": { "indice_acceso": 0.768 }, "geometry": { "type": "Polygon", "coordinates": [ [ [ -58.38795, -34.60291 ], [ -58.38946, -34.60301 ], [ -58.38953, -34.6018 ], [ -58.38803, -34.60171 ], [ -58.38795, -34.60291 ] ] ] } },
{ "type": "Feature", "properties": { "indice_acceso": 0.762 }, "geometry": { "type": "Polygon", "coordinates": [ [ [ -58.38953, -34.6018 ], [ -58.38946, -34.60301 ], [ -58.39118, -34.60311 ], [ -58.3913, -34.60192 ], [ -58.38953, -34.6018 ] ] ] } },
{ "type": "Feature", "properties": { "indice_acceso": 0.738 }, "geometry": { "type": "Polygon", "coordinates": [ [ [ -58.39118, -34.60311 ], [ -58.39238, -34.60316 ], [ -58.39259, -34.60199 ], [ -58.3913, -34.60192 ], [ -58.39118, -34.60311 ] ] ] } },
{ "type": "Feature", "properties": { "indice_acceso": 0.739 }, "geometry": { "type": "Polygon", "coordinates": [ [ [ -58.39085, -34.60309 ], [ -58.39082, -34.60433 ], [ -58.39228, -34.60443 ], [ -58.39238, -34.60316 ], [ -58.39085, -34.60309 ] ] ] } },
{ "type": "Feature", "properties": { "indice_acceso": 0.774 }, "geometry": { "type": "Polygon", "coordinates": [ [ [ -58.38791, -34.6041 ], [ -58.39082, -34.60433 ], [ -58.39085, -34.60309 ], [ -58.38795, -34.60291 ], [ -58.38791, -34.6041 ] ] ] } },
{ "type": "Feature", "properties": { "indice_acceso": 0.82 }, "geometry": { "type": "Polygon", "coordinates": [ [ [ -58.38659, -34.604 ], [ -58.38791, -34.6041 ], [ -58.38795, -34.60291 ], [ -58.38664, -34.60278 ], [ -58.38659, -34.604 ] ] ] } },
{ "type": "Feature", "properties": { "indice_acceso": 0.74 }, "geometry": { "type": "Polygon", "coordinates": [ [ [ -58.39079, -34.60554 ], [ -58.3922, -34.60565 ], [ -58.39228, -34.60443 ], [ -58.39082, -34.60433 ], [ -58.39079, -34.60554 ] ] ] } },
{ "type": "Feature", "properties": { "indice_acceso": 0.77 }, "geometry": { "type": "Polygon", "coordinates": [ [ [ -58.38934, -34.60545 ], [ -58.39079, -34.60554 ], [ -58.39082, -34.60433 ], [ -58.38939, -34.60422 ], [ -58.38934, -34.60545 ] ] ] } },
{ "type": "Feature", "properties": { "indice_acceso": 0.791 }, "geometry": { "type": "Polygon", "coordinates": [ [ [ -58.38789, -34.60536 ], [ -58.38934, -34.60545 ], [ -58.38939, -34.60422 ], [ -58.38791, -34.6041 ], [ -58.38789, -34.60536 ] ] ] } },
{ "type": "Feature", "properties": { "indice_acceso": 0.8 }, "geometry": { "type": "Polygon", "coordinates": [ [ [ -58.38638, -34.60644 ], [ -58.38781, -34.60653 ], [ -58.38791, -34.6041 ], [ -58.38652, -34.60399 ], [ -58.38638, -34.60644 ] ] ] } },
{ "type": "Feature", "properties": { "indice_acceso": 0.771 }, "geometry": { "type": "Polygon", "coordinates": [ [ [ -58.38781, -34.60653 ], [ -58.3893, -34.60663 ], [ -58.38934, -34.60545 ], [ -58.38789, -34.60536 ], [ -58.38781, -34.60653 ] ] ] } },
{ "type": "Feature", "properties": { "indice_acceso": 0.747 }, "geometry": { "type": "Polygon", "coordinates": [ [ [ -58.3893, -34.60663 ], [ -58.39074, -34.6067 ], [ -58.39079, -34.60554 ], [ -58.38934, -34.60545 ], [ -58.3893, -34.60663 ] ] ] } },
{ "type": "Feature", "properties": { "indice_acceso": 0.741 }, "geometry": { "type": "Polygon", "coordinates": [ [ [ -58.39074, -34.6067 ], [ -58.39211, -34.60679 ], [ -58.3922, -34.60565 ], [ -58.39079, -34.60554 ], [ -58.39074, -34.6067 ] ] ] } },
{ "type": "Feature", "properties": { "indice_acceso": 0.74 }, "geometry": { "type": "Polygon", "coordinates": [ [ [ -58.39067, -34.60791 ], [ -58.39203, -34.60799 ], [ -58.39211, -34.60679 ], [ -58.39074, -34.6067 ], [ -58.39067, -34.60791 ] ] ] } },
{ "type": "Feature", "properties": { "indice_acceso": 0.733 }, "geometry": { "type": "Polygon", "coordinates": [ [ [ -58.38927, -34.60782 ], [ -58.39067, -34.60791 ], [ -58.39074, -34.6067 ], [ -58.3893, -34.60663 ], [ -58.38927, -34.60782 ] ] ] } },
{ "type": "Feature", "properties": { "indice_acceso": 0.754 }, "geometry": { "type": "Polygon", "coordinates": [ [ [ -58.38774, -34.6077 ], [ -58.38927, -34.60782 ], [ -58.3893, -34.60663 ], [ -58.38781, -34.60653 ], [ -58.38774, -34.6077 ] ] ] } },
{ "type": "Feature", "properties": { "indice_acceso": 0.762 }, "geometry": { "type": "Polygon", "coordinates": [ [ [ -58.38631, -34.60762 ], [ -58.38774, -34.6077 ], [ -58.38781, -34.60653 ], [ -58.38638, -34.60644 ], [ -58.38631, -34.60762 ] ] ] } },
{ "type": "Feature", "properties": { "indice_acceso": 0.741 }, "geometry": { "type": "Polygon", "coordinates": [ [ [ -58.38627, -34.60878 ], [ -58.38918, -34.60908 ], [ -58.38927, -34.60782 ], [ -58.38631, -34.60762 ], [ -58.38627, -34.60878 ] ] ] } },
{ "type": "Feature", "properties": { "indice_acceso": 0.731 }, "geometry": { "type": "Polygon", "coordinates": [ [ [ -58.38918, -34.60908 ], [ -58.39055, -34.60919 ], [ -58.39067, -34.60791 ], [ -58.38927, -34.60782 ], [ -58.38918, -34.60908 ] ] ] } },
{ "type": "Feature", "properties": { "indice_acceso": 0.731 }, "geometry": { "type": "Polygon", "coordinates": [ [ [ -58.39055, -34.60919 ], [ -58.39196, -34.60929 ], [ -58.39203, -34.60799 ], [ -58.39067, -34.60791 ], [ -58.39055, -34.60919 ] ] ] } },
{ "type": "Feature", "properties": { "indice_acceso": 0.838 }, "geometry": { "type": "Polygon", "coordinates": [ [ [ -58.38503, -34.60518 ], [ -58.38648, -34.60527 ], [ -58.38652, -34.60399 ], [ -58.38513, -34.60391 ], [ -58.38503, -34.60518 ] ] ] } },
{ "type": "Feature", "properties": { "indice_acceso": 0.868 }, "geometry": { "type": "Polygon", "coordinates": [ [ [ -58.38362, -34.6051 ], [ -58.38503, -34.60518 ], [ -58.38513, -34.60391 ], [ -58.38371, -34.60383 ], [ -58.38362, -34.6051 ] ] ] } },
{ "type": "Feature", "properties": { "indice_acceso": 0.922 }, "geometry": { "type": "Polygon", "coordinates": [ [ [ -58.38208, -34.60614 ], [ -58.38358, -34.60624 ], [ -58.38371, -34.60383 ], [ -58.38221, -34.60374 ], [ -58.38208, -34.60614 ] ] ] } },
{ "type": "Feature", "properties": { "indice_acceso": 0.847 }, "geometry": { "type": "Polygon", "coordinates": [ [ [ -58.38358, -34.60624 ], [ -58.38499, -34.60635 ], [ -58.38503, -34.60518 ], [ -58.38362, -34.6051 ], [ -58.38358, -34.60624 ] ] ] } },
{ "type": "Feature", "properties": { "indice_acceso": 0.804 }, "geometry": { "type": "Polygon", "coordinates": [ [ [ -58.38492, -34.60753 ], [ -58.38631, -34.60762 ], [ -58.38648, -34.60527 ], [ -58.38503, -34.60518 ], [ -58.38492, -34.60753 ] ] ] } },
{ "type": "Feature", "properties": { "indice_acceso": 0.804 }, "geometry": { "type": "Polygon", "coordinates": [ [ [ -58.38203, -34.60734 ], [ -58.38492, -34.60753 ], [ -58.38499, -34.60635 ], [ -58.38208, -34.60614 ], [ -58.38203, -34.60734 ] ] ] } },
{ "type": "Feature", "properties": { "indice_acceso": 0.776 }, "geometry": { "type": "Polygon", "coordinates": [ [ [ -58.38351, -34.60744 ], [ -58.38346, -34.60858 ], [ -58.38627, -34.60878 ], [ -58.38631, -34.60762 ], [ -58.38351, -34.60744 ] ] ] } },
{ "type": "Feature", "properties": { "indice_acceso": 0.82 }, "geometry": { "type": "Polygon", "coordinates": [ [ [ -58.38197, -34.60846 ], [ -58.38346, -34.60858 ], [ -58.38351, -34.60744 ], [ -58.38203, -34.60734 ], [ -58.38197, -34.60846 ] ] ] } },
{ "type": "Feature", "properties": { "indice_acceso": 0.81 }, "geometry": { "type": "Polygon", "coordinates": [ [ [ -58.38096, -34.60403 ], [ -58.38034, -34.6044 ], [ -58.37357, -34.60794 ], [ -58.38197, -34.60846 ], [ -58.38221, -34.60374 ], [ -58.38098, -34.60367 ], [ -58.38096, -34.60403 ] ] ] } },
{ "type": "Feature", "properties": { "indice_acceso": 0.843 }, "geometry": { "type": "Polygon", "coordinates": [ [ [ -58.3765, -34.60642 ], [ -58.37938, -34.60491 ], [ -58.37801, -34.60474 ], [ -58.37807, -34.60349 ], [ -58.37666, -34.6034 ], [ -58.3765, -34.60642 ] ] ] } },
{ "type": "Feature", "properties": { "indice_acceso": 0.762 }, "geometry": { "type": "Polygon", "coordinates": [ [ [ -58.36818, -34.60283 ], [ -58.36773, -34.60691 ], [ -58.36984, -34.60655 ], [ -58.37092, -34.60784 ], [ -58.37352, -34.60801 ], [ -58.3765, -34.60642 ], [ -58.37666, -34.6034 ], [ -58.36818, -34.60283 ] ] ] } },
{ "type": "Feature", "properties": { "indice_acceso": 0.869 }, "geometry": { "type": "Polygon", "coordinates": [ [ [ -58.37801, -34.60474 ], [ -58.3795, -34.60485 ], [ -58.38096, -34.60403 ], [ -58.38098, -34.60367 ], [ -58.37807, -34.60349 ], [ -58.37801, -34.60474 ] ] ] } },
{ "type": "Feature", "properties": { "indice_acceso": 0.699 }, "geometry": { "type": "Polygon", "coordinates": [ [ [ -58.36323, -34.59806 ], [ -58.36093, -34.60458 ], [ -58.36153, -34.60464 ], [ -58.36304, -34.60042 ], [ -58.36383, -34.60048 ], [ -58.36338, -34.60479 ], [ -58.36688, -34.60534 ], [ -58.36792, -34.60517 ], [ -58.36839, -34.60103 ], [ -58.36951, -34.59832 ], [ -58.36323, -34.59806 ] ], [ [ -58.3647, -34.60006 ], [ -58.3639, -34.6 ], [ -58.364, -34.59897 ], [ -58.36481, -34.59903 ], [ -58.3647, -34.60006 ] ] ] } },
{ "type": "Feature", "properties": { "indice_acceso": 0.684 }, "geometry": { "type": "Polygon", "coordinates": [ [ [ -58.364, -34.59897 ], [ -58.3639, -34.6 ], [ -58.3647, -34.60006 ], [ -58.36481, -34.59903 ], [ -58.364, -34.59897 ] ] ] } },
{ "type": "Feature", "properties": { "indice_acceso": 0.686 }, "geometry": { "type": "Polygon", "coordinates": [ [ [ -58.36383, -34.60048 ], [ -58.36304, -34.60042 ], [ -58.36153, -34.60464 ], [ -58.36338, -34.60479 ], [ -58.36383, -34.60048 ] ] ] } },
{ "type": "Feature", "properties": { "indice_acceso": 0.759 }, "geometry": { "type": "Polygon", "coordinates": [ [ [ -58.36153, -34.60464 ], [ -58.36128, -34.60539 ], [ -58.36217, -34.60633 ], [ -58.36315, -34.60652 ], [ -58.36297, -34.6081 ], [ -58.36413, -34.60817 ], [ -58.3637, -34.61197 ], [ -58.36633, -34.61237 ], [ -58.36713, -34.61216 ], [ -58.36792, -34.60517 ], [ -58.36688, -34.60534 ], [ -58.36153, -34.60464 ] ] ] } },
{ "type": "Feature", "properties": { "indice_acceso": 0.734 }, "geometry": { "type": "Polygon", "coordinates": [ [ [ -58.36268, -34.61052 ], [ -58.36386, -34.6106 ], [ -58.36413, -34.60817 ], [ -58.36297, -34.6081 ], [ -58.36268, -34.61052 ] ] ] } },
{ "type": "Feature", "properties": { "indice_acceso": 0.707 }, "geometry": { "type": "Polygon", "coordinates": [ [ [ -58.36093, -34.60458 ], [ -58.35875, -34.61079 ], [ -58.35881, -34.61113 ], [ -58.35923, -34.61119 ], [ -58.35943, -34.61062 ], [ -58.36006, -34.61068 ], [ -58.36218, -34.60939 ], [ -58.36188, -34.6116 ], [ -58.36254, -34.61165 ], [ -58.36315, -34.60652 ], [ -58.36217, -34.60633 ], [ -58.36128, -34.60539 ], [ -58.36153, -34.60464 ], [ -58.36093, -34.60458 ] ] ] } },
{ "type": "Feature", "properties": { "indice_acceso": 0.729 }, "geometry": { "type": "Polygon", "coordinates": [ [ [ -58.35913, -34.61148 ], [ -58.36188, -34.6116 ], [ -58.36218, -34.60939 ], [ -58.36006, -34.61068 ], [ -58.35943, -34.61062 ], [ -58.35913, -34.61148 ] ] ] } },
{ "type": "Feature", "properties": { "indice_acceso": 0.755 }, "geometry": { "type": "Polygon", "coordinates": [ [ [ -58.36254, -34.61165 ], [ -58.36367, -34.6119 ], [ -58.36386, -34.6106 ], [ -58.36268, -34.61052 ], [ -58.36254, -34.61165 ] ] ] } },
{ "type": "Feature", "properties": { "indice_acceso": 0.752 }, "geometry": { "type": "Polygon", "coordinates": [ [ [ -58.36229, -34.6118 ], [ -58.3622, -34.61348 ], [ -58.36134, -34.61342 ], [ -58.3612, -34.61474 ], [ -58.36339, -34.6149 ], [ -58.36368, -34.61236 ], [ -58.36461, -34.61241 ], [ -58.36465, -34.61204 ], [ -58.36229, -34.6118 ] ] ] } },
{ "type": "Feature", "properties": { "indice_acceso": 0.712 }, "geometry": { "type": "Polygon", "coordinates": [ [ [ -58.35672, -34.6169 ], [ -58.36091, -34.61742 ], [ -58.36134, -34.61342 ], [ -58.3622, -34.61348 ], [ -58.36242, -34.61165 ], [ -58.35913, -34.61148 ], [ -58.35923, -34.61119 ], [ -58.35881, -34.61113 ], [ -58.35672, -34.6169 ] ] ] } },
{ "type": "Feature", "properties": { "indice_acceso": 0.725 }, "geometry": { "type": "Polygon", "coordinates": [ [ [ -58.36106, -34.61607 ], [ -58.36091, -34.61742 ], [ -58.36193, -34.6175 ], [ -58.36207, -34.61615 ], [ -58.36106, -34.61607 ] ] ] } },
{ "type": "Feature", "properties": { "indice_acceso": 0.722 }, "geometry": { "type": "Polygon", "coordinates": [ [ [ -58.3612, -34.61474 ], [ -58.36106, -34.61607 ], [ -58.36289, -34.6162 ], [ -58.36304, -34.61488 ], [ -58.3612, -34.61474 ] ] ] } },
{ "type": "Feature", "properties": { "indice_acceso": 0.766 }, "geometry": { "type": "Polygon", "coordinates": [ [ [ -58.36633, -34.61237 ], [ -58.36465, -34.61204 ], [ -58.36461, -34.61241 ], [ -58.36368, -34.61236 ], [ -58.36339, -34.6149 ], [ -58.36304, -34.61488 ], [ -58.36289, -34.6162 ], [ -58.36207, -34.61615 ], [ -58.36193, -34.6175 ], [ -58.36645, -34.61812 ], [ -58.36713, -34.61216 ], [ -58.36633, -34.61237 ] ] ] } },
{ "type": "Feature", "properties": { "indice_acceso": 0.604 }, "geometry": { "type": "Polygon", "coordinates": [ [ [ -58.35551, -34.59551 ], [ -58.35343, -34.5967 ], [ -58.3524, -34.59793 ], [ -58.34974, -34.60011 ], [ -58.34714, -34.60164 ], [ -58.34607, -34.60499 ], [ -58.34587, -34.6067 ], [ -58.34147, -34.60987 ], [ -58.34086, -34.61066 ], [ -58.33998, -34.61387 ], [ -58.33985, -34.61611 ], [ -58.34071, -34.6169 ], [ -58.34296, -34.61699 ], [ -58.34459, -34.61746 ], [ -58.34669, -34.61751 ], [ -58.34906, -34.61683 ], [ -58.35026, -34.61723 ], [ -58.35083, -34.61818 ], [ -58.34979, -34.61822 ], [ -58.3501, -34.61848 ], [ -58.34996, -34.61872 ], [ -58.35072, -34.61856 ], [ -58.35037, -34.61893 ], [ -58.35067, -34.61917 ], [ -58.35152, -34.61917 ], [ -58.35192, -34.61962 ], [ -58.35269, -34.61977 ], [ -58.35352, -34.6194 ], [ -58.35408, -34.6197 ], [ -58.35425, -34.61946 ], [ -58.35515, -34.61956 ], [ -58.356, -34.61764 ], [ -58.35928, -34.62107 ], [ -58.35975, -34.6178 ], [ -58.36191, -34.61795 ], [ -58.3615, -34.62114 ], [ -58.35981, -34.6216 ], [ -58.36309, -34.62511 ], [ -58.36346, -34.62512 ], [ -58.36578, -34.62399 ], [ -58.36645, -34.61812 ], [ -58.35672, -34.6169 ], [ -58.36354, -34.59718 ], [ -58.35925, -34.59524 ], [ -58.35733, -34.59509 ], [ -58.35551, -34.59551 ] ] ] } },
{ "type": "Feature", "properties": { "indice_acceso": 0.726 }, "geometry": { "type": "Polygon", "coordinates": [ [ [ -58.3615, -34.62114 ], [ -58.36191, -34.61795 ], [ -58.35975, -34.6178 ], [ -58.35928, -34.62107 ], [ -58.35981, -34.6216 ], [ -58.3615, -34.62114 ] ] ] } },
{ "type": "Feature", "properties": { "indice_acceso": 0.791 }, "geometry": { "type": "Polygon", "coordinates": [ [ [ -58.37345, -34.61024 ], [ -58.37205, -34.61015 ], [ -58.37198, -34.6113 ], [ -58.37621, -34.61157 ], [ -58.3764, -34.60813 ], [ -58.37352, -34.60794 ], [ -58.37345, -34.61024 ] ] ] } },
{ "type": "Feature", "properties": { "indice_acceso": 0.796 }, "geometry": { "type": "Polygon", "coordinates": [ [ [ -58.36713, -34.61216 ], [ -58.37193, -34.61247 ], [ -58.37205, -34.61015 ], [ -58.37345, -34.61024 ], [ -58.37352, -34.60801 ], [ -58.37092, -34.60784 ], [ -58.36984, -34.60655 ], [ -58.36773, -34.60691 ], [ -58.36713, -34.61216 ] ] ] } },
{ "type": "Feature", "properties": { "indice_acceso": 0.807 }, "geometry": { "type": "Polygon", "coordinates": [ [ [ -58.37193, -34.61247 ], [ -58.37331, -34.61255 ], [ -58.37338, -34.61139 ], [ -58.37198, -34.6113 ], [ -58.37193, -34.61247 ] ] ] } },
{ "type": "Feature", "properties": { "indice_acceso": 0.789 }, "geometry": { "type": "Polygon", "coordinates": [ [ [ -58.37331, -34.61255 ], [ -58.37471, -34.61265 ], [ -58.37479, -34.61147 ], [ -58.37338, -34.61139 ], [ -58.37331, -34.61255 ] ] ] } },
{ "type": "Feature", "properties": { "indice_acceso": 0.768 }, "geometry": { "type": "Polygon", "coordinates": [ [ [ -58.37604, -34.615 ], [ -58.37621, -34.61157 ], [ -58.37479, -34.61147 ], [ -58.37458, -34.61493 ], [ -58.37604, -34.615 ] ] ] } },
{ "type": "Feature", "properties": { "indice_acceso": 0.787 }, "geometry": { "type": "Polygon", "coordinates": [ [ [ -58.37318, -34.61485 ], [ -58.37458, -34.61493 ], [ -58.37471, -34.61265 ], [ -58.37331, -34.61255 ], [ -58.37318, -34.61485 ] ] ] } },
{ "type": "Feature", "properties": { "indice_acceso": 0.816 }, "geometry": { "type": "Polygon", "coordinates": [ [ [ -58.36699, -34.61339 ], [ -58.37325, -34.61372 ], [ -58.37331, -34.61255 ], [ -58.36713, -34.61216 ], [ -58.36699, -34.61339 ] ] ] } },
{ "type": "Feature", "properties": { "indice_acceso": 0.819 }, "geometry": { "type": "Polygon", "coordinates": [ [ [ -58.36673, -34.61563 ], [ -58.37057, -34.61589 ], [ -58.37074, -34.61358 ], [ -58.36699, -34.61339 ], [ -58.36673, -34.61563 ] ] ] } },
{ "type": "Feature", "properties": { "indice_acceso": 0.81 }, "geometry": { "type": "Polygon", "coordinates": [ [ [ -58.37325, -34.61372 ], [ -58.37074, -34.61358 ], [ -58.37066, -34.61479 ], [ -58.37301, -34.61484 ], [ -58.37325, -34.61372 ] ] ] } },
{ "type": "Feature", "properties": { "indice_acceso": 0.809 }, "geometry": { "type": "Polygon", "coordinates": [ [ [ -58.37313, -34.61603 ], [ -58.37318, -34.61485 ], [ -58.37066, -34.61479 ], [ -58.37057, -34.61589 ], [ -58.37313, -34.61603 ] ] ] } },
{ "type": "Feature", "properties": { "indice_acceso": 0.791 }, "geometry": { "type": "Polygon", "coordinates": [ [ [ -58.37313, -34.61603 ], [ -58.37453, -34.61609 ], [ -58.37458, -34.61493 ], [ -58.37318, -34.61485 ], [ -58.37313, -34.61603 ] ] ] } },
{ "type": "Feature", "properties": { "indice_acceso": 0.771 }, "geometry": { "type": "Polygon", "coordinates": [ [ [ -58.37453, -34.61609 ], [ -58.37598, -34.61622 ], [ -58.37604, -34.615 ], [ -58.37458, -34.61493 ], [ -58.37453, -34.61609 ] ] ] } },
{ "type": "Feature", "properties": { "indice_acceso": 0.783 }, "geometry": { "type": "Polygon", "coordinates": [ [ [ -58.37775, -34.6094 ], [ -58.37916, -34.60949 ], [ -58.37912, -34.61064 ], [ -58.38186, -34.61083 ], [ -58.38197, -34.60846 ], [ -58.37781, -34.60821 ], [ -58.37775, -34.6094 ] ] ] } },
{ "type": "Feature", "properties": { "indice_acceso": 0.775 }, "geometry": { "type": "Polygon", "coordinates": [ [ [ -58.37916, -34.60949 ], [ -58.37775, -34.6094 ], [ -58.37781, -34.60821 ], [ -58.3764, -34.60813 ], [ -58.37621, -34.61157 ], [ -58.3789, -34.61173 ], [ -58.37916, -34.60949 ] ] ] } },
{ "type": "Feature", "properties": { "indice_acceso": 0.75 }, "geometry": { "type": "Polygon", "coordinates": [ [ [ -58.37902, -34.61295 ], [ -58.38176, -34.61313 ], [ -58.38186, -34.61083 ], [ -58.37912, -34.61064 ], [ -58.37902, -34.61295 ] ] ] } },
{ "type": "Feature", "properties": { "indice_acceso": 0.758 }, "geometry": { "type": "Polygon", "coordinates": [ [ [ -58.37609, -34.61391 ], [ -58.37754, -34.614 ], [ -58.37759, -34.61285 ], [ -58.37902, -34.61295 ], [ -58.37906, -34.61174 ], [ -58.37621, -34.61157 ], [ -58.37609, -34.61391 ] ] ] } },
{ "type": "Feature", "properties": { "indice_acceso": 0.741 }, "geometry": { "type": "Polygon", "coordinates": [ [ [ -58.37759, -34.61285 ], [ -58.37754, -34.614 ], [ -58.38168, -34.61427 ], [ -58.38176, -34.61313 ], [ -58.37759, -34.61285 ] ] ] } },
{ "type": "Feature", "properties": { "indice_acceso": 0.73 }, "geometry": { "type": "Polygon", "coordinates": [ [ [ -58.37748, -34.61508 ], [ -58.38162, -34.6153 ], [ -58.38168, -34.61427 ], [ -58.37754, -34.614 ], [ -58.37748, -34.61508 ] ] ] } },
{ "type": "Feature", "properties": { "indice_acceso": 0.757 }, "geometry": { "type": "Polygon", "coordinates": [ [ [ -58.37604, -34.615 ], [ -58.37748, -34.61508 ], [ -58.37754, -34.614 ], [ -58.37609, -34.61391 ], [ -58.37604, -34.615 ] ] ] } },
{ "type": "Feature", "properties": { "indice_acceso": 0.757 }, "geometry": { "type": "Polygon", "coordinates": [ [ [ -58.37598, -34.61622 ], [ -58.37743, -34.61629 ], [ -58.37748, -34.61508 ], [ -58.37604, -34.615 ], [ -58.37598, -34.61622 ] ] ] } },
{ "type": "Feature", "properties": { "indice_acceso": 0.736 }, "geometry": { "type": "Polygon", "coordinates": [ [ [ -58.37743, -34.61629 ], [ -58.38156, -34.61649 ], [ -58.38162, -34.6153 ], [ -58.37748, -34.61508 ], [ -58.37743, -34.61629 ] ] ] } },
{ "type": "Feature", "properties": { "indice_acceso": 0.731 }, "geometry": { "type": "Polygon", "coordinates": [ [ [ -58.37877, -34.61755 ], [ -58.38151, -34.61766 ], [ -58.38156, -34.61649 ], [ -58.37884, -34.61636 ], [ -58.37877, -34.61755 ] ] ] } },
{ "type": "Feature", "properties": { "indice_acceso": 0.746 }, "geometry": { "type": "Polygon", "coordinates": [ [ [ -58.37736, -34.61745 ], [ -58.37877, -34.61755 ], [ -58.37884, -34.61636 ], [ -58.37743, -34.61629 ], [ -58.37736, -34.61745 ] ] ] } },
{ "type": "Feature", "properties": { "indice_acceso": 0.776 }, "geometry": { "type": "Polygon", "coordinates": [ [ [ -58.38186, -34.61083 ], [ -58.38337, -34.61092 ], [ -58.38346, -34.60858 ], [ -58.38197, -34.60846 ], [ -58.38186, -34.61083 ] ] ] } },
{ "type": "Feature", "properties": { "indice_acceso": 0.753 }, "geometry": { "type": "Polygon", "coordinates": [ [ [ -58.38337, -34.61092 ], [ -58.38482, -34.611 ], [ -58.38482, -34.60986 ], [ -58.38341, -34.60977 ], [ -58.38337, -34.61092 ] ] ] } },
{ "type": "Feature", "properties": { "indice_acceso": 0.744 }, "geometry": { "type": "Polygon", "coordinates": [ [ [ -58.38341, -34.60977 ], [ -58.38482, -34.60986 ], [ -58.38484, -34.60929 ], [ -58.38625, -34.60938 ], [ -58.38622, -34.60995 ], [ -58.38756, -34.61003 ], [ -58.3873, -34.60926 ], [ -58.38765, -34.60892 ], [ -58.38346, -34.60858 ], [ -58.38341, -34.60977 ] ] ] } },
{ "type": "Feature", "properties": { "indice_acceso": 0.745 }, "geometry": { "type": "Polygon", "coordinates": [ [ [ -58.38625, -34.60938 ], [ -58.38484, -34.60929 ], [ -58.38482, -34.60986 ], [ -58.38622, -34.60995 ], [ -58.38625, -34.60938 ] ] ] } },
{ "type": "Feature", "properties": { "indice_acceso": 0.732 }, "geometry": { "type": "Polygon", "coordinates": [ [ [ -58.38482, -34.611 ], [ -58.38615, -34.61109 ], [ -58.38622, -34.60995 ], [ -58.38482, -34.60986 ], [ -58.38482, -34.611 ] ] ] } },
{ "type": "Feature", "properties": { "indice_acceso": 0.726 }, "geometry": { "type": "Polygon", "coordinates": [ [ [ -58.38615, -34.61109 ], [ -58.38748, -34.61118 ], [ -58.38756, -34.61003 ], [ -58.38622, -34.60995 ], [ -58.38615, -34.61109 ] ] ] } },
{ "type": "Feature", "properties": { "indice_acceso": 0.723 }, "geometry": { "type": "Polygon", "coordinates": [ [ [ -58.3873, -34.60926 ], [ -58.38748, -34.61118 ], [ -58.38894, -34.61129 ], [ -58.38918, -34.60908 ], [ -58.38765, -34.60892 ], [ -58.3873, -34.60926 ] ] ] } },
{ "type": "Feature", "properties": { "indice_acceso": 0.707 }, "geometry": { "type": "Polygon", "coordinates": [ [ [ -58.38894, -34.61129 ], [ -58.39037, -34.61139 ], [ -58.39041, -34.61018 ], [ -58.38905, -34.61008 ], [ -58.38894, -34.61129 ] ] ] } },
{ "type": "Feature", "properties": { "indice_acceso": 0.721 }, "geometry": { "type": "Polygon", "coordinates": [ [ [ -58.3918, -34.6115 ], [ -58.39196, -34.60929 ], [ -58.38918, -34.60908 ], [ -58.38905, -34.61008 ], [ -58.39041, -34.61018 ], [ -58.39037, -34.61139 ], [ -58.3918, -34.6115 ] ] ] } },
{ "type": "Feature", "properties": { "indice_acceso": 0.725 }, "geometry": { "type": "Polygon", "coordinates": [ [ [ -58.39036, -34.61256 ], [ -58.39175, -34.61266 ], [ -58.3918, -34.6115 ], [ -58.39037, -34.61139 ], [ -58.39036, -34.61256 ] ] ] } },
{ "type": "Feature", "properties": { "indice_acceso": 0.714 }, "geometry": { "type": "Polygon", "coordinates": [ [ [ -58.38894, -34.61247 ], [ -58.39036, -34.61256 ], [ -58.39037, -34.61139 ], [ -58.38894, -34.61129 ], [ -58.38894, -34.61247 ] ] ] } },
{ "type": "Feature", "properties": { "indice_acceso": 0.709 }, "geometry": { "type": "Polygon", "coordinates": [ [ [ -58.38749, -34.61238 ], [ -58.38894, -34.61247 ], [ -58.38894, -34.61129 ], [ -58.38748, -34.61118 ], [ -58.38749, -34.61238 ] ] ] } },
{ "type": "Feature", "properties": { "indice_acceso": 0.73 }, "geometry": { "type": "Polygon", "coordinates": [ [ [ -58.38337, -34.61092 ], [ -58.38331, -34.61204 ], [ -58.38749, -34.61238 ], [ -58.38748, -34.61118 ], [ -58.38337, -34.61092 ] ] ] } },
{ "type": "Feature", "properties": { "indice_acceso": 0.754 }, "geometry": { "type": "Polygon", "coordinates": [ [ [ -58.38182, -34.61192 ], [ -58.38331, -34.61204 ], [ -58.38337, -34.61092 ], [ -58.38186, -34.61083 ], [ -58.38182, -34.61192 ] ] ] } },
{ "type": "Feature", "properties": { "indice_acceso": 0.725 }, "geometry": { "type": "Polygon", "coordinates": [ [ [ -58.38168, -34.61427 ], [ -58.38311, -34.61439 ], [ -58.38331, -34.61204 ], [ -58.38182, -34.61192 ], [ -58.38168, -34.61427 ] ] ] } },
{ "type": "Feature", "properties": { "indice_acceso": 0.727 }, "geometry": { "type": "Polygon", "coordinates": [ [ [ -58.38322, -34.61323 ], [ -58.38466, -34.61334 ], [ -58.38477, -34.61215 ], [ -58.38331, -34.61204 ], [ -58.38322, -34.61323 ] ] ] } },
{ "type": "Feature", "properties": { "indice_acceso": 0.709 }, "geometry": { "type": "Polygon", "coordinates": [ [ [ -58.38608, -34.61344 ], [ -58.38322, -34.61323 ], [ -58.38311, -34.61439 ], [ -58.38578, -34.61454 ], [ -58.38608, -34.61344 ] ] ] } },
{ "type": "Feature", "properties": { "indice_acceso": 0.713 }, "geometry": { "type": "Polygon", "coordinates": [ [ [ -58.38466, -34.61334 ], [ -58.38608, -34.61344 ], [ -58.38615, -34.61228 ], [ -58.38477, -34.61215 ], [ -58.38466, -34.61334 ] ] ] } },
{ "type": "Feature", "properties": { "indice_acceso": 0.707 }, "geometry": { "type": "Polygon", "coordinates": [ [ [ -58.38608, -34.61344 ], [ -58.38751, -34.61354 ], [ -58.38749, -34.61238 ], [ -58.38615, -34.61228 ], [ -58.38608, -34.61344 ] ] ] } },
{ "type": "Feature", "properties": { "indice_acceso": 0.704 }, "geometry": { "type": "Polygon", "coordinates": [ [ [ -58.38596, -34.61455 ], [ -58.38749, -34.61467 ], [ -58.38751, -34.61354 ], [ -58.38608, -34.61344 ], [ -58.38596, -34.61455 ] ] ] } },
{ "type": "Feature", "properties": { "indice_acceso": 0.704 }, "geometry": { "type": "Polygon", "coordinates": [ [ [ -58.38591, -34.6155 ], [ -58.38748, -34.61553 ], [ -58.38749, -34.61467 ], [ -58.38596, -34.61455 ], [ -58.38591, -34.6155 ] ] ] } },
{ "type": "Feature", "properties": { "indice_acceso": 0.705 }, "geometry": { "type": "Polygon", "coordinates": [ [ [ -58.38596, -34.61455 ], [ -58.38311, -34.61439 ], [ -58.38307, -34.61539 ], [ -58.38576, -34.6155 ], [ -58.38596, -34.61455 ] ] ] } },
{ "type": "Feature", "properties": { "indice_acceso": 0.713 }, "geometry": { "type": "Polygon", "coordinates": [ [ [ -58.38162, -34.6153 ], [ -58.38307, -34.61539 ], [ -58.38311, -34.61439 ], [ -58.38168, -34.61427 ], [ -58.38162, -34.6153 ] ] ] } },
{ "type": "Feature", "properties": { "indice_acceso": 0.721 }, "geometry": { "type": "Polygon", "coordinates": [ [ [ -58.39037, -34.61373 ], [ -58.39171, -34.61383 ], [ -58.39175, -34.61266 ], [ -58.39036, -34.61256 ], [ -58.39037, -34.61373 ] ] ] } },
{ "type": "Feature", "properties": { "indice_acceso": 0.709 }, "geometry": { "type": "Polygon", "coordinates": [ [ [ -58.38895, -34.61364 ], [ -58.39037, -34.61373 ], [ -58.39036, -34.61256 ], [ -58.38894, -34.61247 ], [ -58.38895, -34.61364 ] ] ] } },
{ "type": "Feature", "properties": { "indice_acceso": 0.706 }, "geometry": { "type": "Polygon", "coordinates": [ [ [ -58.38748, -34.61553 ], [ -58.38897, -34.61557 ], [ -58.38894, -34.61247 ], [ -58.38749, -34.61238 ], [ -58.38748, -34.61553 ] ] ] } },
{ "type": "Feature", "properties": { "indice_acceso": 0.714 }, "geometry": { "type": "Polygon", "coordinates": [ [ [ -58.38897, -34.61557 ], [ -58.39038, -34.61563 ], [ -58.39037, -34.61373 ], [ -58.38895, -34.61364 ], [ -58.38897, -34.61557 ] ] ] } },
{ "type": "Feature", "properties": { "indice_acceso": 0.726 }, "geometry": { "type": "Polygon", "coordinates": [ [ [ -58.39038, -34.61563 ], [ -58.39166, -34.6157 ], [ -58.39171, -34.61383 ], [ -58.39037, -34.61373 ], [ -58.39038, -34.61563 ] ] ] } },
{ "type": "Feature", "properties": { "indice_acceso": 0.723 }, "geometry": { "type": "Polygon", "coordinates": [ [ [ -58.39035, -34.61679 ], [ -58.39167, -34.61688 ], [ -58.39166, -34.6157 ], [ -58.39038, -34.61563 ], [ -58.39035, -34.61679 ] ] ] } },
{ "type": "Feature", "properties": { "indice_acceso": 0.716 }, "geometry": { "type": "Polygon", "coordinates": [ [ [ -58.38906, -34.61673 ], [ -58.39035, -34.61679 ], [ -58.39038, -34.61563 ], [ -58.38897, -34.61557 ], [ -58.38906, -34.61673 ] ] ] } },
{ "type": "Feature", "properties": { "indice_acceso": 0.713 }, "geometry": { "type": "Polygon", "coordinates": [ [ [ -58.38897, -34.618 ], [ -58.39033, -34.61808 ], [ -58.39035, -34.61679 ], [ -58.38906, -34.61673 ], [ -58.38897, -34.618 ] ] ] } },
{ "type": "Feature", "properties": { "indice_acceso": 0.725 }, "geometry": { "type": "Polygon", "coordinates": [ [ [ -58.39033, -34.61808 ], [ -58.3917, -34.61816 ], [ -58.39167, -34.61688 ], [ -58.39035, -34.61679 ], [ -58.39033, -34.61808 ] ] ] } },
{ "type": "Feature", "properties": { "indice_acceso": 0.705 }, "geometry": { "type": "Polygon", "coordinates": [ [ [ -58.38749, -34.61671 ], [ -58.38906, -34.61673 ], [ -58.38897, -34.61557 ], [ -58.38748, -34.61553 ], [ -58.38749, -34.61671 ] ] ] } },
{ "type": "Feature", "properties": { "indice_acceso": 0.704 }, "geometry": { "type": "Polygon", "coordinates": [ [ [ -58.38589, -34.61668 ], [ -58.38749, -34.61671 ], [ -58.38748, -34.61553 ], [ -58.38591, -34.6155 ], [ -58.38589, -34.61668 ] ] ] } },
{ "type": "Feature", "properties": { "indice_acceso": 0.705 }, "geometry": { "type": "Polygon", "coordinates": [ [ [ -58.3844, -34.61664 ], [ -58.38589, -34.61668 ], [ -58.38591, -34.6155 ], [ -58.38448, -34.61544 ], [ -58.3844, -34.61664 ] ] ] } },
{ "type": "Feature", "properties": { "indice_acceso": 0.706 }, "geometry": { "type": "Polygon", "coordinates": [ [ [ -58.38306, -34.61654 ], [ -58.3844, -34.61664 ], [ -58.38448, -34.61544 ], [ -58.38307, -34.61539 ], [ -58.38306, -34.61654 ] ] ] } },
{ "type": "Feature", "properties": { "indice_acceso": 0.717 }, "geometry": { "type": "Polygon", "coordinates": [ [ [ -58.38151, -34.61766 ], [ -58.38302, -34.61773 ], [ -58.38307, -34.61539 ], [ -58.38162, -34.6153 ], [ -58.38151, -34.61766 ] ] ] } },
{ "type": "Feature", "properties": { "indice_acceso": 0.713 }, "geometry": { "type": "Polygon", "coordinates": [ [ [ -58.38302, -34.61773 ], [ -58.38432, -34.61779 ], [ -58.3844, -34.61664 ], [ -58.38306, -34.61654 ], [ -58.38302, -34.61773 ] ] ] } },
{ "type": "Feature", "properties": { "indice_acceso": 0.717 }, "geometry": { "type": "Polygon", "coordinates": [ [ [ -58.38432, -34.61779 ], [ -58.38588, -34.61785 ], [ -58.38589, -34.61668 ], [ -58.3844, -34.61664 ], [ -58.38432, -34.61779 ] ] ] } },
{ "type": "Feature", "properties": { "indice_acceso": 0.704 }, "geometry": { "type": "Polygon", "coordinates": [ [ [ -58.38588, -34.61785 ], [ -58.38746, -34.61791 ], [ -58.38749, -34.61671 ], [ -58.38589, -34.61668 ], [ -58.38588, -34.61785 ] ] ] } },
{ "type": "Feature", "properties": { "indice_acceso": 0.707 }, "geometry": { "type": "Polygon", "coordinates": [ [ [ -58.38746, -34.61791 ], [ -58.38897, -34.618 ], [ -58.38906, -34.61673 ], [ -58.38749, -34.61671 ], [ -58.38746, -34.61791 ] ] ] } },
{ "type": "Feature", "properties": { "indice_acceso": 0.723 }, "geometry": { "type": "Polygon", "coordinates": [ [ [ -58.39028, -34.61898 ], [ -58.39166, -34.61911 ], [ -58.3917, -34.61816 ], [ -58.39033, -34.61808 ], [ -58.39028, -34.61898 ] ] ] } },
{ "type": "Feature", "properties": { "indice_acceso": 0.717 }, "geometry": { "type": "Polygon", "coordinates": [ [ [ -58.38746, -34.61791 ], [ -58.38742, -34.61879 ], [ -58.39028, -34.61898 ], [ -58.39033, -34.61808 ], [ -58.38746, -34.61791 ] ] ] } },
{ "type": "Feature", "properties": { "indice_acceso": 0.718 }, "geometry": { "type": "Polygon", "coordinates": [ [ [ -58.38732, -34.61996 ], [ -58.38884, -34.62005 ], [ -58.38891, -34.61887 ], [ -58.38742, -34.61879 ], [ -58.38732, -34.61996 ] ] ] } },
{ "type": "Feature", "properties": { "indice_acceso": 0.724 }, "geometry": { "type": "Polygon", "coordinates": [ [ [ -58.38884, -34.62005 ], [ -58.3902, -34.62013 ], [ -58.39028, -34.61898 ], [ -58.38891, -34.61887 ], [ -58.38884, -34.62005 ] ] ] } },
{ "type": "Feature", "properties": { "indice_acceso": 0.724 }, "geometry": { "type": "Polygon", "coordinates": [ [ [ -58.3902, -34.62013 ], [ -58.39162, -34.62022 ], [ -58.39166, -34.61911 ], [ -58.39028, -34.61898 ], [ -58.3902, -34.62013 ] ] ] } },
{ "type": "Feature", "properties": { "indice_acceso": 0.738 }, "geometry": { "type": "Polygon", "coordinates": [ [ [ -58.39003, -34.62147 ], [ -58.39156, -34.62156 ], [ -58.39162, -34.62022 ], [ -58.3902, -34.62013 ], [ -58.39003, -34.62147 ] ] ] } },
{ "type": "Feature", "properties": { "indice_acceso": 0.731 }, "geometry": { "type": "Polygon", "coordinates": [ [ [ -58.38874, -34.62139 ], [ -58.39003, -34.62147 ], [ -58.3902, -34.62013 ], [ -58.38884, -34.62005 ], [ -58.38874, -34.62139 ] ] ] } },
{ "type": "Feature", "properties": { "indice_acceso": 0.733 }, "geometry": { "type": "Polygon", "coordinates": [ [ [ -58.3872, -34.62126 ], [ -58.38874, -34.62139 ], [ -58.38884, -34.62005 ], [ -58.38732, -34.61996 ], [ -58.3872, -34.62126 ] ] ] } },
{ "type": "Feature", "properties": { "indice_acceso": 0.74 }, "geometry": { "type": "Polygon", "coordinates": [ [ [ -58.38718, -34.62247 ], [ -58.38865, -34.62256 ], [ -58.38874, -34.62139 ], [ -58.3872, -34.62126 ], [ -58.38718, -34.62247 ] ] ] } },
{ "type": "Feature", "properties": { "indice_acceso": 0.742 }, "geometry": { "type": "Polygon", "coordinates": [ [ [ -58.38874, -34.62139 ], [ -58.38865, -34.62256 ], [ -58.39149, -34.62273 ], [ -58.39156, -34.62156 ], [ -58.38874, -34.62139 ] ] ] } },
{ "type": "Feature", "properties": { "indice_acceso": 0.728 }, "geometry": { "type": "Polygon", "coordinates": [ [ [ -58.38587, -34.61868 ], [ -58.38742, -34.61879 ], [ -58.38746, -34.61791 ], [ -58.38588, -34.61785 ], [ -58.38587, -34.61868 ] ] ] } },
{ "type": "Feature", "properties": { "indice_acceso": 0.727 }, "geometry": { "type": "Polygon", "coordinates": [ [ [ -58.38151, -34.61766 ], [ -58.38147, -34.61853 ], [ -58.38587, -34.61868 ], [ -58.38588, -34.61785 ], [ -58.38151, -34.61766 ] ] ] } },
{ "type": "Feature", "properties": { "indice_acceso": 0.732 }, "geometry": { "type": "Polygon", "coordinates": [ [ [ -58.38145, -34.61975 ], [ -58.38298, -34.61977 ], [ -58.38298, -34.61858 ], [ -58.38147, -34.61853 ], [ -58.38145, -34.61975 ] ] ] } },
{ "type": "Feature", "properties": { "indice_acceso": 0.735 }, "geometry": { "type": "Polygon", "coordinates": [ [ [ -58.38297, -34.621 ], [ -58.38435, -34.62105 ], [ -58.38429, -34.61862 ], [ -58.38298, -34.61858 ], [ -58.38297, -34.621 ] ] ] } },
{ "type": "Feature", "properties": { "indice_acceso": 0.735 }, "geometry": { "type": "Polygon", "coordinates": [ [ [ -58.38434, -34.6198 ], [ -58.38583, -34.61987 ], [ -58.38587, -34.61868 ], [ -58.38429, -34.61862 ], [ -58.38434, -34.6198 ] ] ] } },
{ "type": "Feature", "properties": { "indice_acceso": 0.735 }, "geometry": { "type": "Polygon", "coordinates": [ [ [ -58.38583, -34.61987 ], [ -58.38732, -34.61996 ], [ -58.38742, -34.61879 ], [ -58.38587, -34.61868 ], [ -58.38583, -34.61987 ] ] ] } },
{ "type": "Feature", "properties": { "indice_acceso": 0.739 }, "geometry": { "type": "Polygon", "coordinates": [ [ [ -58.38583, -34.62239 ], [ -58.38718, -34.62247 ], [ -58.38732, -34.61996 ], [ -58.38583, -34.61987 ], [ -58.38583, -34.62239 ] ] ] } },
{ "type": "Feature", "properties": { "indice_acceso": 0.739 }, "geometry": { "type": "Polygon", "coordinates": [ [ [ -58.38439, -34.62232 ], [ -58.38583, -34.62239 ], [ -58.38583, -34.61987 ], [ -58.38434, -34.6198 ], [ -58.38439, -34.62232 ] ] ] } },
{ "type": "Feature", "properties": { "indice_acceso": 0.732 }, "geometry": { "type": "Polygon", "coordinates": [ [ [ -58.38296, -34.62224 ], [ -58.38439, -34.62232 ], [ -58.38435, -34.62105 ], [ -58.38297, -34.621 ], [ -58.38296, -34.62224 ] ] ] } },
{ "type": "Feature", "properties": { "indice_acceso": 0.74 }, "geometry": { "type": "Polygon", "coordinates": [ [ [ -58.38143, -34.62216 ], [ -58.38296, -34.62224 ], [ -58.38298, -34.61977 ], [ -58.38145, -34.61975 ], [ -58.38143, -34.62216 ] ] ] } },
{ "type": "Feature", "properties": { "indice_acceso": 0.739 }, "geometry": { "type": "Polygon", "coordinates": [ [ [ -58.3787, -34.61973 ], [ -58.38145, -34.61975 ], [ -58.38151, -34.61766 ], [ -58.37877, -34.61755 ], [ -58.3787, -34.61973 ] ] ] } },
{ "type": "Feature", "properties": { "indice_acceso": 0.747 }, "geometry": { "type": "Polygon", "coordinates": [ [ [ -58.37731, -34.61855 ], [ -58.37873, -34.61852 ], [ -58.37877, -34.61755 ], [ -58.37736, -34.61745 ], [ -58.37731, -34.61855 ] ] ] } },
{ "type": "Feature", "properties": { "indice_acceso": 0.749 }, "geometry": { "type": "Polygon", "coordinates": [ [ [ -58.37726, -34.61972 ], [ -58.3787, -34.61973 ], [ -58.37873, -34.61852 ], [ -58.37731, -34.61855 ], [ -58.37726, -34.61972 ] ] ] } },
{ "type": "Feature", "properties": { "indice_acceso": 0.762 }, "geometry": { "type": "Polygon", "coordinates": [ [ [ -58.37723, -34.62088 ], [ -58.37867, -34.62088 ], [ -58.3787, -34.61973 ], [ -58.37726, -34.61972 ], [ -58.37723, -34.62088 ] ] ] } },
{ "type": "Feature", "properties": { "indice_acceso": 0.747 }, "geometry": { "type": "Polygon", "coordinates": [ [ [ -58.37867, -34.62088 ], [ -58.38009, -34.62094 ], [ -58.38, -34.62214 ], [ -58.38143, -34.62216 ], [ -58.38145, -34.61975 ], [ -58.3787, -34.61973 ], [ -58.37867, -34.62088 ] ] ] } },
{ "type": "Feature", "properties": { "indice_acceso": 0.763 }, "geometry": { "type": "Polygon", "coordinates": [ [ [ -58.37862, -34.6221 ], [ -58.38, -34.62214 ], [ -58.38009, -34.62094 ], [ -58.37867, -34.62088 ], [ -58.37862, -34.6221 ] ] ] } },
{ "type": "Feature", "properties": { "indice_acceso": 0.767 }, "geometry": { "type": "Polygon", "coordinates": [ [ [ -58.3772, -34.62207 ], [ -58.37862, -34.6221 ], [ -58.37867, -34.62088 ], [ -58.37723, -34.62088 ], [ -58.3772, -34.62207 ] ] ] } },
{ "type": "Feature", "properties": { "indice_acceso": 0.766 }, "geometry": { "type": "Polygon", "coordinates": [ [ [ -58.3772, -34.62207 ], [ -58.37708, -34.62348 ], [ -58.37978, -34.62372 ], [ -58.38, -34.62214 ], [ -58.3772, -34.62207 ] ] ] } },
{ "type": "Feature", "properties": { "indice_acceso": 0.764 }, "geometry": { "type": "Polygon", "coordinates": [ [ [ -58.37978, -34.62372 ], [ -58.37859, -34.62362 ], [ -58.37801, -34.62565 ], [ -58.38019, -34.62637 ], [ -58.38089, -34.62465 ], [ -58.38142, -34.62463 ], [ -58.38144, -34.62234 ], [ -58.38, -34.62214 ], [ -58.37978, -34.62372 ] ] ] } },
{ "type": "Feature", "properties": { "indice_acceso": 0.774 }, "geometry": { "type": "Polygon", "coordinates": [ [ [ -58.37675, -34.62511 ], [ -58.37801, -34.62565 ], [ -58.37859, -34.62362 ], [ -58.37708, -34.62348 ], [ -58.37675, -34.62511 ] ] ] } },
{ "type": "Feature", "properties": { "indice_acceso": 0.757 }, "geometry": { "type": "Polygon", "coordinates": [ [ [ -58.37585, -34.61854 ], [ -58.37731, -34.61855 ], [ -58.37743, -34.61629 ], [ -58.37598, -34.61622 ], [ -58.37585, -34.61854 ] ] ] } },
{ "type": "Feature", "properties": { "indice_acceso": 0.771 }, "geometry": { "type": "Polygon", "coordinates": [ [ [ -58.37436, -34.61852 ], [ -58.37585, -34.61854 ], [ -58.37591, -34.61735 ], [ -58.37444, -34.61725 ], [ -58.37436, -34.61852 ] ] ] } },
{ "type": "Feature", "properties": { "indice_acceso": 0.771 }, "geometry": { "type": "Polygon", "coordinates": [ [ [ -58.37444, -34.61725 ], [ -58.37591, -34.61735 ], [ -58.37598, -34.61622 ], [ -58.37453, -34.61609 ], [ -58.37444, -34.61725 ] ] ] } },
{ "type": "Feature", "properties": { "indice_acceso": 0.783 }, "geometry": { "type": "Polygon", "coordinates": [ [ [ -58.37309, -34.61716 ], [ -58.37444, -34.61725 ], [ -58.37453, -34.61609 ], [ -58.37313, -34.61603 ], [ -58.37309, -34.61716 ] ] ] } },
{ "type": "Feature", "properties": { "indice_acceso": 0.8 }, "geometry": { "type": "Polygon", "coordinates": [ [ [ -58.37167, -34.6172 ], [ -58.37309, -34.61716 ], [ -58.37313, -34.61603 ], [ -58.37171, -34.61602 ], [ -58.37167, -34.6172 ] ] ] } },
{ "type": "Feature", "properties": { "indice_acceso": 0.794 }, "geometry": { "type": "Polygon", "coordinates": [ [ [ -58.3716, -34.61848 ], [ -58.37302, -34.61851 ], [ -58.37309, -34.61716 ], [ -58.37167, -34.6172 ], [ -58.3716, -34.61848 ] ] ] } },
{ "type": "Feature", "properties": { "indice_acceso": 0.788 }, "geometry": { "type": "Polygon", "coordinates": [ [ [ -58.37302, -34.61851 ], [ -58.37436, -34.61852 ], [ -58.37444, -34.61725 ], [ -58.37309, -34.61716 ], [ -58.37302, -34.61851 ] ] ] } },
{ "type": "Feature", "properties": { "indice_acceso": 0.795 }, "geometry": { "type": "Polygon", "coordinates": [ [ [ -58.3716, -34.61848 ], [ -58.37152, -34.61951 ], [ -58.3743, -34.61966 ], [ -58.37436, -34.61852 ], [ -58.3716, -34.61848 ] ] ] } },
{ "type": "Feature", "properties": { "indice_acceso": 0.768 }, "geometry": { "type": "Polygon", "coordinates": [ [ [ -58.3743, -34.61966 ], [ -58.3758, -34.6197 ], [ -58.37585, -34.61854 ], [ -58.37436, -34.61852 ], [ -58.3743, -34.61966 ] ] ] } },
{ "type": "Feature", "properties": { "indice_acceso": 0.755 }, "geometry": { "type": "Polygon", "coordinates": [ [ [ -58.3758, -34.6197 ], [ -58.37726, -34.61972 ], [ -58.37731, -34.61855 ], [ -58.37585, -34.61854 ], [ -58.3758, -34.6197 ] ] ] } },
{ "type": "Feature", "properties": { "indice_acceso": 0.804 }, "geometry": { "type": "Polygon", "coordinates": [ [ [ -58.37168, -34.61666 ], [ -58.37172, -34.61598 ], [ -58.36949, -34.61582 ], [ -58.36946, -34.61657 ], [ -58.37168, -34.61666 ] ] ] } },
{ "type": "Feature", "properties": { "indice_acceso": 0.807 }, "geometry": { "type": "Polygon", "coordinates": [ [ [ -58.37167, -34.6172 ], [ -58.37168, -34.61666 ], [ -58.36946, -34.61657 ], [ -58.36949, -34.61582 ], [ -58.36673, -34.61563 ], [ -58.36659, -34.61687 ], [ -58.37167, -34.6172 ] ] ] } },
{ "type": "Feature", "properties": { "indice_acceso": 0.784 }, "geometry": { "type": "Polygon", "coordinates": [ [ [ -58.36633, -34.61925 ], [ -58.36865, -34.61943 ], [ -58.36929, -34.61839 ], [ -58.3716, -34.61848 ], [ -58.37167, -34.6172 ], [ -58.36659, -34.61687 ], [ -58.36633, -34.61925 ] ] ] } },
{ "type": "Feature", "properties": { "indice_acceso": 0.791 }, "geometry": { "type": "Polygon", "coordinates": [ [ [ -58.37011, -34.61939 ], [ -58.37152, -34.61951 ], [ -58.3716, -34.61848 ], [ -58.37015, -34.61842 ], [ -58.37011, -34.61939 ] ] ] } },
{ "type": "Feature", "properties": { "indice_acceso": 0.772 }, "geometry": { "type": "Polygon", "coordinates": [ [ [ -58.36929, -34.61839 ], [ -58.36896, -34.6192 ], [ -58.37011, -34.61939 ], [ -58.37015, -34.61842 ], [ -58.36929, -34.61839 ] ] ] } },
{ "type": "Feature", "properties": { "indice_acceso": 0.785 }, "geometry": { "type": "Polygon", "coordinates": [ [ [ -58.36869, -34.61915 ], [ -58.36831, -34.62169 ], [ -58.36975, -34.62176 ], [ -58.37011, -34.61939 ], [ -58.36869, -34.61915 ] ] ] } },
{ "type": "Feature", "properties": { "indice_acceso": 0.782 }, "geometry": { "type": "Polygon", "coordinates": [ [ [ -58.36578, -34.62399 ], [ -58.36346, -34.62512 ], [ -58.36797, -34.62519 ], [ -58.36819, -34.62281 ], [ -58.36976, -34.62293 ], [ -58.36975, -34.62176 ], [ -58.36831, -34.62169 ], [ -58.36865, -34.61943 ], [ -58.36633, -34.61925 ], [ -58.36578, -34.62399 ] ] ] } },
{ "type": "Feature", "properties": { "indice_acceso": 0.794 }, "geometry": { "type": "Polygon", "coordinates": [ [ [ -58.36819, -34.62281 ], [ -58.36797, -34.62519 ], [ -58.36973, -34.62529 ], [ -58.36976, -34.62293 ], [ -58.36819, -34.62281 ] ] ] } },
{ "type": "Feature", "properties": { "indice_acceso": 0.784 }, "geometry": { "type": "Polygon", "coordinates": [ [ [ -58.37285, -34.62072 ], [ -58.37423, -34.62076 ], [ -58.3743, -34.61966 ], [ -58.37293, -34.6196 ], [ -58.37285, -34.62072 ] ] ] } },
{ "type": "Feature", "properties": { "indice_acceso": 0.792 }, "geometry": { "type": "Polygon", "coordinates": [ [ [ -58.37134, -34.62183 ], [ -58.3728, -34.62189 ], [ -58.37293, -34.6196 ], [ -58.37152, -34.61951 ], [ -58.37134, -34.62183 ] ] ] } },
{ "type": "Feature", "properties": { "indice_acceso": 0.79 }, "geometry": { "type": "Polygon", "coordinates": [ [ [ -58.36976, -34.62293 ], [ -58.37127, -34.62305 ], [ -58.37152, -34.61951 ], [ -58.37011, -34.61939 ], [ -58.36976, -34.62293 ] ] ] } },
{ "type": "Feature", "properties": { "indice_acceso": 0.791 }, "geometry": { "type": "Polygon", "coordinates": [ [ [ -58.37127, -34.62305 ], [ -58.37273, -34.62314 ], [ -58.3728, -34.62189 ], [ -58.37134, -34.62183 ], [ -58.37127, -34.62305 ] ] ] } },
{ "type": "Feature", "properties": { "indice_acceso": 0.784 }, "geometry": { "type": "Polygon", "coordinates": [ [ [ -58.37273, -34.62314 ], [ -58.37411, -34.62326 ], [ -58.37423, -34.62076 ], [ -58.37285, -34.62072 ], [ -58.37273, -34.62314 ] ] ] } },
{ "type": "Feature", "properties": { "indice_acceso": 0.786 }, "geometry": { "type": "Polygon", "coordinates": [ [ [ -58.37118, -34.62424 ], [ -58.37403, -34.62443 ], [ -58.37411, -34.62326 ], [ -58.37127, -34.62305 ], [ -58.37118, -34.62424 ] ] ] } },
{ "type": "Feature", "properties": { "indice_acceso": 0.793 }, "geometry": { "type": "Polygon", "coordinates": [ [ [ -58.36975, -34.62416 ], [ -58.37118, -34.62424 ], [ -58.37127, -34.62305 ], [ -58.36976, -34.62293 ], [ -58.36975, -34.62416 ] ] ] } },
{ "type": "Feature", "properties": { "indice_acceso": 0.792 }, "geometry": { "type": "Polygon", "coordinates": [ [ [ -58.36973, -34.62529 ], [ -58.37109, -34.62537 ], [ -58.37118, -34.62424 ], [ -58.36975, -34.62416 ], [ -58.36973, -34.62529 ] ] ] } },
{ "type": "Feature", "properties": { "indice_acceso": 0.785 }, "geometry": { "type": "Polygon", "coordinates": [ [ [ -58.37109, -34.62537 ], [ -58.37262, -34.62548 ], [ -58.37267, -34.62432 ], [ -58.37118, -34.62424 ], [ -58.37109, -34.62537 ] ] ] } },
{ "type": "Feature", "properties": { "indice_acceso": 0.785 }, "geometry": { "type": "Polygon", "coordinates": [ [ [ -58.37255, -34.62674 ], [ -58.37386, -34.62678 ], [ -58.37403, -34.62443 ], [ -58.37267, -34.62432 ], [ -58.37255, -34.62674 ] ] ] } },
{ "type": "Feature", "properties": { "indice_acceso": 0.777 }, "geometry": { "type": "Polygon", "coordinates": [ [ [ -58.36797, -34.62519 ], [ -58.36794, -34.62714 ], [ -58.37066, -34.62949 ], [ -58.37096, -34.62665 ], [ -58.37255, -34.62674 ], [ -58.37262, -34.62548 ], [ -58.36797, -34.62519 ] ] ] } },
{ "type": "Feature", "properties": { "indice_acceso": 0.768 }, "geometry": { "type": "Polygon", "coordinates": [ [ [ -58.37574, -34.62083 ], [ -58.37723, -34.62088 ], [ -58.37726, -34.61972 ], [ -58.3758, -34.6197 ], [ -58.37574, -34.62083 ] ] ] } },
{ "type": "Feature", "properties": { "indice_acceso": 0.77 }, "geometry": { "type": "Polygon", "coordinates": [ [ [ -58.37423, -34.62076 ], [ -58.37574, -34.62083 ], [ -58.3758, -34.6197 ], [ -58.3743, -34.61966 ], [ -58.37423, -34.62076 ] ] ] } },
{ "type": "Feature", "properties": { "indice_acceso": 0.779 }, "geometry": { "type": "Polygon", "coordinates": [ [ [ -58.37416, -34.62194 ], [ -58.37564, -34.622 ], [ -58.37574, -34.62083 ], [ -58.37423, -34.62076 ], [ -58.37416, -34.62194 ] ] ] } },
{ "type": "Feature", "properties": { "indice_acceso": 0.773 }, "geometry": { "type": "Polygon", "coordinates": [ [ [ -58.37564, -34.622 ], [ -58.3772, -34.62207 ], [ -58.37723, -34.62088 ], [ -58.37574, -34.62083 ], [ -58.37564, -34.622 ] ] ] } },
{ "type": "Feature", "properties": { "indice_acceso": 0.773 }, "geometry": { "type": "Polygon", "coordinates": [ [ [ -58.37547, -34.62456 ], [ -58.37675, -34.62511 ], [ -58.3772, -34.62207 ], [ -58.37564, -34.622 ], [ -58.37547, -34.62456 ] ] ] } },
{ "type": "Feature", "properties": { "indice_acceso": 0.778 }, "geometry": { "type": "Polygon", "coordinates": [ [ [ -58.37411, -34.62326 ], [ -58.37555, -34.62339 ], [ -58.37564, -34.622 ], [ -58.37416, -34.62194 ], [ -58.37411, -34.62326 ] ] ] } },
{ "type": "Feature", "properties": { "indice_acceso": 0.78 }, "geometry": { "type": "Polygon", "coordinates": [ [ [ -58.37403, -34.62443 ], [ -58.37547, -34.62456 ], [ -58.37555, -34.62339 ], [ -58.37411, -34.62326 ], [ -58.37403, -34.62443 ] ] ] } },
{ "type": "Feature", "properties": { "indice_acceso": 0.78 }, "geometry": { "type": "Polygon", "coordinates": [ [ [ -58.37396, -34.62556 ], [ -58.37506, -34.62564 ], [ -58.37622, -34.62627 ], [ -58.37675, -34.62511 ], [ -58.37547, -34.62456 ], [ -58.37403, -34.62443 ], [ -58.37396, -34.62556 ] ] ] } },
{ "type": "Feature", "properties": { "indice_acceso": 0.781 }, "geometry": { "type": "Polygon", "coordinates": [ [ [ -58.37386, -34.62678 ], [ -58.37557, -34.6273 ], [ -58.37622, -34.62627 ], [ -58.37506, -34.62564 ], [ -58.37396, -34.62556 ], [ -58.37386, -34.62678 ] ] ] } },
{ "type": "Feature", "properties": { "indice_acceso": 0.778 }, "geometry": { "type": "Polygon", "coordinates": [ [ [ -58.38283, -34.62747 ], [ -58.38434, -34.62754 ], [ -58.38436, -34.62701 ], [ -58.38284, -34.62696 ], [ -58.38283, -34.62747 ] ] ] } },
{ "type": "Feature", "properties": { "indice_acceso": 0.772 }, "geometry": { "type": "Polygon", "coordinates": [ [ [ -58.38434, -34.62754 ], [ -58.38283, -34.62747 ], [ -58.38281, -34.62786 ], [ -58.38703, -34.62866 ], [ -58.38719, -34.62712 ], [ -58.38436, -34.62701 ], [ -58.38434, -34.62754 ] ] ] } },
{ "type": "Feature", "properties": { "indice_acceso": 0.797 }, "geometry": { "type": "Polygon", "coordinates": [ [ [ -58.38419, -34.62984 ], [ -58.38687, -34.63004 ], [ -58.38703, -34.62866 ], [ -58.38432, -34.62818 ], [ -58.38419, -34.62984 ] ] ] } },
{ "type": "Feature", "properties": { "indice_acceso": 0.855 }, "geometry": { "type": "Polygon", "coordinates": [ [ [ -58.38542, -34.63282 ], [ -58.38559, -34.62994 ], [ -58.38419, -34.62984 ], [ -58.38399, -34.6324 ], [ -58.38542, -34.63282 ] ] ] } },
{ "type": "Feature", "properties": { "indice_acceso": 0.862 }, "geometry": { "type": "Polygon", "coordinates": [ [ [ -58.38262, -34.63168 ], [ -58.38399, -34.6324 ], [ -58.38411, -34.63099 ], [ -58.38266, -34.63086 ], [ -58.38262, -34.63168 ] ] ] } },
{ "type": "Feature", "properties": { "indice_acceso": 0.807 }, "geometry": { "type": "Polygon", "coordinates": [ [ [ -58.38266, -34.63086 ], [ -58.38411, -34.63099 ], [ -58.38432, -34.62818 ], [ -58.38281, -34.62786 ], [ -58.38266, -34.63086 ] ] ] } },
{ "type": "Feature", "properties": { "indice_acceso": 0.816 }, "geometry": { "type": "Polygon", "coordinates": [ [ [ -58.38143, -34.62781 ], [ -58.38132, -34.6309 ], [ -58.38262, -34.63179 ], [ -58.38281, -34.62786 ], [ -58.38143, -34.62781 ] ] ] } },
{ "type": "Feature", "properties": { "indice_acceso": 0.796 }, "geometry": { "type": "Polygon", "coordinates": [ [ [ -58.37966, -34.62766 ], [ -58.3785, -34.62749 ], [ -58.37622, -34.62627 ], [ -58.37557, -34.6273 ], [ -58.37905, -34.62933 ], [ -58.37858, -34.63052 ], [ -58.37951, -34.63221 ], [ -58.38009, -34.63263 ], [ -58.38014, -34.63303 ], [ -58.38125, -34.63307 ], [ -58.38143, -34.62781 ], [ -58.38281, -34.62786 ], [ -58.38284, -34.62696 ], [ -58.38019, -34.62637 ], [ -58.37966, -34.62766 ] ] ] } },
{ "type": "Feature", "properties": { "indice_acceso": 0.786 }, "geometry": { "type": "Polygon", "coordinates": [ [ [ -58.37726, -34.62682 ], [ -58.3785, -34.62749 ], [ -58.37966, -34.62766 ], [ -58.38019, -34.62637 ], [ -58.37801, -34.62565 ], [ -58.37726, -34.62682 ] ] ] } },
{ "type": "Feature", "properties": { "indice_acceso": 0.776 }, "geometry": { "type": "Polygon", "coordinates": [ [ [ -58.37622, -34.62627 ], [ -58.37726, -34.62682 ], [ -58.37801, -34.62565 ], [ -58.37675, -34.62511 ], [ -58.37622, -34.62627 ] ] ] } },
{ "type": "Feature", "properties": { "indice_acceso": 0.741 }, "geometry": { "type": "Polygon", "coordinates": [ [ [ -58.38718, -34.62247 ], [ -58.38718, -34.62374 ], [ -58.39143, -34.62398 ], [ -58.39149, -34.62273 ], [ -58.38718, -34.62247 ] ] ] } },
{ "type": "Feature", "properties": { "indice_acceso": 0.743 }, "geometry": { "type": "Polygon", "coordinates": [ [ [ -58.38965, -34.62506 ], [ -58.39133, -34.62523 ], [ -58.39143, -34.62398 ], [ -58.38975, -34.62398 ], [ -58.38965, -34.62506 ] ] ] } },
{ "type": "Feature", "properties": { "indice_acceso": 0.742 }, "geometry": { "type": "Polygon", "coordinates": [ [ [ -58.38718, -34.62485 ], [ -58.38839, -34.62494 ], [ -58.38831, -34.6262 ], [ -58.38953, -34.62621 ], [ -58.38975, -34.62398 ], [ -58.38718, -34.62374 ], [ -58.38718, -34.62485 ] ] ] } },
{ "type": "Feature", "properties": { "indice_acceso": 0.738 }, "geometry": { "type": "Polygon", "coordinates": [ [ [ -58.38578, -34.62476 ], [ -58.38718, -34.62485 ], [ -58.38718, -34.62247 ], [ -58.38583, -34.62239 ], [ -58.38578, -34.62476 ] ] ] } },
{ "type": "Feature", "properties": { "indice_acceso": 0.733 }, "geometry": { "type": "Polygon", "coordinates": [ [ [ -58.38296, -34.62224 ], [ -58.38294, -34.62391 ], [ -58.38439, -34.62401 ], [ -58.3844, -34.62349 ], [ -58.38581, -34.62359 ], [ -58.38583, -34.62239 ], [ -58.38296, -34.62224 ] ] ] } },
{ "type": "Feature", "properties": { "indice_acceso": 0.738 }, "geometry": { "type": "Polygon", "coordinates": [ [ [ -58.3844, -34.62349 ], [ -58.38438, -34.62471 ], [ -58.38578, -34.62476 ], [ -58.38581, -34.62359 ], [ -58.3844, -34.62349 ] ] ] } },
{ "type": "Feature", "properties": { "indice_acceso": 0.75 }, "geometry": { "type": "Polygon", "coordinates": [ [ [ -58.38142, -34.62463 ], [ -58.38438, -34.62471 ], [ -58.38439, -34.62401 ], [ -58.38294, -34.62391 ], [ -58.38296, -34.62224 ], [ -58.38143, -34.62216 ], [ -58.38142, -34.62463 ] ] ] } },
{ "type": "Feature", "properties": { "indice_acceso": 0.77 }, "geometry": { "type": "Polygon", "coordinates": [ [ [ -58.38089, -34.62465 ], [ -58.38019, -34.62637 ], [ -58.38284, -34.62696 ], [ -58.38293, -34.62468 ], [ -58.38089, -34.62465 ] ] ] } },
{ "type": "Feature", "properties": { "indice_acceso": 0.76 }, "geometry": { "type": "Polygon", "coordinates": [ [ [ -58.38284, -34.62696 ], [ -58.38436, -34.62701 ], [ -58.38438, -34.62471 ], [ -58.38293, -34.62468 ], [ -58.38284, -34.62696 ] ] ] } },
{ "type": "Feature", "properties": { "indice_acceso": 0.758 }, "geometry": { "type": "Polygon", "coordinates": [ [ [ -58.38436, -34.62701 ], [ -58.38719, -34.62712 ], [ -58.38721, -34.62617 ], [ -58.38575, -34.62611 ], [ -58.38578, -34.62476 ], [ -58.38438, -34.62471 ], [ -58.38436, -34.62701 ] ] ] } },
{ "type": "Feature", "properties": { "indice_acceso": 0.742 }, "geometry": { "type": "Polygon", "coordinates": [ [ [ -58.38575, -34.62611 ], [ -58.38721, -34.62617 ], [ -58.38718, -34.62485 ], [ -58.38578, -34.62476 ], [ -58.38575, -34.62611 ] ] ] } },
{ "type": "Feature", "properties": { "indice_acceso": 0.743 }, "geometry": { "type": "Polygon", "coordinates": [ [ [ -58.38721, -34.62617 ], [ -58.38831, -34.6262 ], [ -58.38839, -34.62494 ], [ -58.38718, -34.62485 ], [ -58.38721, -34.62617 ] ] ] } },
{ "type": "Feature", "properties": { "indice_acceso": 0.751 }, "geometry": { "type": "Polygon", "coordinates": [ [ [ -58.38953, -34.62621 ], [ -58.38721, -34.62617 ], [ -58.38719, -34.62712 ], [ -58.39117, -34.62725 ], [ -58.39133, -34.62523 ], [ -58.38965, -34.62506 ], [ -58.38953, -34.62621 ] ] ] } },
{ "type": "Feature", "properties": { "indice_acceso": 0.778 }, "geometry": { "type": "Polygon", "coordinates": [ [ [ -58.38929, -34.62904 ], [ -58.39093, -34.62933 ], [ -58.39117, -34.62725 ], [ -58.38944, -34.62721 ], [ -58.38929, -34.62904 ] ] ] } },
{ "type": "Feature", "properties": { "indice_acceso": 0.772 }, "geometry": { "type": "Polygon", "coordinates": [ [ [ -58.38703, -34.62866 ], [ -58.38929, -34.62904 ], [ -58.38944, -34.62721 ], [ -58.38719, -34.62712 ], [ -58.38703, -34.62866 ] ] ] } },
{ "type": "Feature", "properties": { "indice_acceso": 0.798 }, "geometry": { "type": "Polygon", "coordinates": [ [ [ -58.38687, -34.63004 ], [ -58.38795, -34.63012 ], [ -58.3881, -34.62884 ], [ -58.38703, -34.62866 ], [ -58.38687, -34.63004 ] ] ] } },
{ "type": "Feature", "properties": { "indice_acceso": 0.806 }, "geometry": { "type": "Polygon", "coordinates": [ [ [ -58.3878, -34.63132 ], [ -58.38903, -34.63143 ], [ -58.38929, -34.62904 ], [ -58.3881, -34.62884 ], [ -58.3878, -34.63132 ] ] ] } },
{ "type": "Feature", "properties": { "indice_acceso": 0.812 }, "geometry": { "type": "Polygon", "coordinates": [ [ [ -58.38903, -34.63143 ], [ -58.39066, -34.63153 ], [ -58.39093, -34.62933 ], [ -58.38929, -34.62904 ], [ -58.38903, -34.63143 ] ] ] } },
{ "type": "Feature", "properties": { "indice_acceso": 0.817 }, "geometry": { "type": "Polygon", "coordinates": [ [ [ -58.38771, -34.63247 ], [ -58.39052, -34.63267 ], [ -58.39066, -34.63153 ], [ -58.3878, -34.63132 ], [ -58.38771, -34.63247 ] ] ] } },
{ "type": "Feature", "properties": { "indice_acceso": 0.835 }, "geometry": { "type": "Polygon", "coordinates": [ [ [ -58.38765, -34.63346 ], [ -58.39035, -34.63413 ], [ -58.39052, -34.63267 ], [ -58.38771, -34.63247 ], [ -58.38765, -34.63346 ] ] ] } },
{ "type": "Feature", "properties": { "indice_acceso": 0.813 }, "geometry": { "type": "Polygon", "coordinates": [ [ [ -58.38765, -34.63346 ], [ -58.38795, -34.63012 ], [ -58.38687, -34.63004 ], [ -58.38652, -34.63314 ], [ -58.38765, -34.63346 ] ] ] } },
{ "type": "Feature", "properties": { "indice_acceso": 0.808 }, "geometry": { "type": "Polygon", "coordinates": [ [ [ -58.38652, -34.63314 ], [ -58.38687, -34.63004 ], [ -58.38559, -34.62994 ], [ -58.38542, -34.63282 ], [ -58.38652, -34.63314 ] ] ] } },
{ "type": "Feature", "properties": { "indice_acceso": 0.602 }, "geometry": { "type": "Polygon", "coordinates": [ [ [ -58.38087, -34.57044 ], [ -58.37907, -34.57028 ], [ -58.37875, -34.57035 ], [ -58.37579, -34.57205 ], [ -58.37552, -34.57235 ], [ -58.37541, -34.57286 ], [ -58.37585, -34.57211 ], [ -58.37873, -34.57045 ], [ -58.38032, -34.57047 ], [ -58.38035, -34.57077 ], [ -58.3804, -34.57044 ], [ -58.38119, -34.57075 ], [ -58.37831, -34.5723 ], [ -58.37828, -34.57275 ], [ -58.38355, -34.57319 ], [ -58.38358, -34.57342 ], [ -58.38182, -34.57441 ], [ -58.37551, -34.57391 ], [ -58.37076, -34.5766 ], [ -58.37072, -34.57706 ], [ -58.37606, -34.5775 ], [ -58.37385, -34.57894 ], [ -58.37511, -34.58052 ], [ -58.37616, -34.57995 ], [ -58.37984, -34.58016 ], [ -58.3834, -34.57827 ], [ -58.3892, -34.57818 ], [ -58.39096, -34.57676 ], [ -58.39194, -34.57529 ], [ -58.39408, -34.57429 ], [ -58.39327, -34.57332 ], [ -58.3952, -34.5722 ], [ -58.39321, -34.57222 ], [ -58.38524, -34.57654 ], [ -58.38342, -34.57641 ], [ -58.38286, -34.57566 ], [ -58.38305, -34.57539 ], [ -58.39133, -34.57054 ], [ -58.3903, -34.56937 ], [ -58.38177, -34.56863 ], [ -58.38111, -34.56912 ], [ -58.38087, -34.57044 ] ] ] } },
{ "type": "Feature", "properties": { "indice_acceso": 0.636 }, "geometry": { "type": "Polygon", "coordinates": [ [ [ -58.39327, -34.57332 ], [ -58.39408, -34.57429 ], [ -58.39194, -34.57529 ], [ -58.39096, -34.57676 ], [ -58.3892, -34.57818 ], [ -58.38992, -34.57824 ], [ -58.39161, -34.58077 ], [ -58.39666, -34.57867 ], [ -58.39858, -34.57717 ], [ -58.40115, -34.57574 ], [ -58.40264, -34.57414 ], [ -58.39972, -34.57076 ], [ -58.39997, -34.56946 ], [ -58.39327, -34.57332 ] ] ] } },
{ "type": "Feature", "properties": { "indice_acceso": 0.734 }, "geometry": { "type": "Polygon", "coordinates": [ [ [ -58.39994, -34.58364 ], [ -58.39909, -34.5844 ], [ -58.39993, -34.58502 ], [ -58.40054, -34.58447 ], [ -58.39994, -34.58364 ] ] ] } },
{ "type": "Feature", "properties": { "indice_acceso": 0.711 }, "geometry": { "type": "Polygon", "coordinates": [ [ [ -58.39811, -34.5807 ], [ -58.39599, -34.58168 ], [ -58.39722, -34.5831 ], [ -58.39909, -34.5844 ], [ -58.39994, -34.58364 ], [ -58.39811, -34.5807 ] ] ] } },
{ "type": "Feature", "properties": { "indice_acceso": 0.669 }, "geometry": { "type": "Polygon", "coordinates": [ [ [ -58.39161, -34.58077 ], [ -58.38809, -34.58269 ], [ -58.38597, -34.58459 ], [ -58.3845, -34.58696 ], [ -58.38369, -34.5875 ], [ -58.38384, -34.58769 ], [ -58.38864, -34.58533 ], [ -58.39172, -34.58476 ], [ -58.39351, -34.58564 ], [ -58.39432, -34.58474 ], [ -58.39544, -34.58598 ], [ -58.39664, -34.58524 ], [ -58.39895, -34.58591 ], [ -58.39993, -34.58502 ], [ -58.39722, -34.5831 ], [ -58.39599, -34.58168 ], [ -58.39811, -34.5807 ], [ -58.39666, -34.57867 ], [ -58.39161, -34.58077 ] ] ] } },
{ "type": "Feature", "properties": { "indice_acceso": 0.723 }, "geometry": { "type": "Polygon", "coordinates": [ [ [ -58.39713, -34.58679 ], [ -58.39839, -34.58566 ], [ -58.39664, -34.58524 ], [ -58.39713, -34.58679 ] ] ] } },
{ "type": "Feature", "properties": { "indice_acceso": 0.728 }, "geometry": { "type": "Polygon", "coordinates": [ [ [ -58.39839, -34.58566 ], [ -58.39713, -34.58679 ], [ -58.39757, -34.58716 ], [ -58.39895, -34.58591 ], [ -58.39839, -34.58566 ] ] ] } },
{ "type": "Feature", "properties": { "indice_acceso": 0.713 }, "geometry": { "type": "Polygon", "coordinates": [ [ [ -58.39544, -34.58598 ], [ -58.39692, -34.58708 ], [ -58.39757, -34.58716 ], [ -58.39713, -34.58679 ], [ -58.39654, -34.58532 ], [ -58.39544, -34.58598 ] ] ] } },
{ "type": "Feature", "properties": { "indice_acceso": 0.717 }, "geometry": { "type": "Polygon", "coordinates": [ [ [ -58.39722, -34.58746 ], [ -58.39757, -34.58716 ], [ -58.39692, -34.58708 ], [ -58.39544, -34.58598 ], [ -58.39498, -34.58636 ], [ -58.39722, -34.58746 ] ] ] } },
{ "type": "Feature", "properties": { "indice_acceso": 0.672 }, "geometry": { "type": "Polygon", "coordinates": [ [ [ -58.39498, -34.58636 ], [ -58.39544, -34.58598 ], [ -58.39432, -34.58474 ], [ -58.39351, -34.58564 ], [ -58.39498, -34.58636 ] ] ] } },
{ "type": "Feature", "properties": { "indice_acceso": 0.719 }, "geometry": { "type": "Polygon", "coordinates": [ [ [ -58.39622, -34.58697 ], [ -58.39519, -34.58773 ], [ -58.39586, -34.58856 ], [ -58.39722, -34.58746 ], [ -58.39622, -34.58697 ] ] ] } },
{ "type": "Feature", "properties": { "indice_acceso": 0.702 }, "geometry": { "type": "Polygon", "coordinates": [ [ [ -58.39498, -34.58636 ], [ -58.39441, -34.58682 ], [ -58.39519, -34.58773 ], [ -58.39622, -34.58697 ], [ -58.39498, -34.58636 ] ] ] } },
{ "type": "Feature", "properties": { "indice_acceso": 0.665 }, "geometry": { "type": "Polygon", "coordinates": [ [ [ -58.39044, -34.58543 ], [ -58.39035, -34.58608 ], [ -58.39095, -34.58687 ], [ -58.39078, -34.58772 ], [ -58.39175, -34.58855 ], [ -58.39233, -34.58817 ], [ -58.39299, -34.58922 ], [ -58.39529, -34.58785 ], [ -58.39441, -34.58682 ], [ -58.39498, -34.58636 ], [ -58.39172, -34.58476 ], [ -58.39044, -34.58543 ] ] ] } },
{ "type": "Feature", "properties": { "indice_acceso": 0.7 }, "geometry": { "type": "Polygon", "coordinates": [ [ [ -58.39529, -34.58785 ], [ -58.39416, -34.58858 ], [ -58.39491, -34.58932 ], [ -58.39586, -34.58856 ], [ -58.39529, -34.58785 ] ] ] } },
{ "type": "Feature", "properties": { "indice_acceso": 0.695 }, "geometry": { "type": "Polygon", "coordinates": [ [ [ -58.39416, -34.58858 ], [ -58.39193, -34.59007 ], [ -58.39292, -34.59094 ], [ -58.39491, -34.58932 ], [ -58.39416, -34.58858 ] ] ] } },
{ "type": "Feature", "properties": { "indice_acceso": 0.689 }, "geometry": { "type": "Polygon", "coordinates": [ [ [ -58.39096, -34.5892 ], [ -58.39193, -34.59007 ], [ -58.39299, -34.58922 ], [ -58.39233, -34.58817 ], [ -58.39096, -34.5892 ] ] ] } },
{ "type": "Feature", "properties": { "indice_acceso": 0.695 }, "geometry": { "type": "Polygon", "coordinates": [ [ [ -58.39096, -34.5892 ], [ -58.38995, -34.59002 ], [ -58.39093, -34.59089 ], [ -58.39193, -34.59007 ], [ -58.39096, -34.5892 ] ] ] } },
{ "type": "Feature", "properties": { "indice_acceso": 0.697 }, "geometry": { "type": "Polygon", "coordinates": [ [ [ -58.39193, -34.59007 ], [ -58.39093, -34.59089 ], [ -58.39189, -34.59176 ], [ -58.39292, -34.59094 ], [ -58.39193, -34.59007 ] ] ] } },
{ "type": "Feature", "properties": { "indice_acceso": 0.672 }, "geometry": { "type": "Polygon", "coordinates": [ [ [ -58.38835, -34.5868 ], [ -58.38949, -34.58613 ], [ -58.38864, -34.58533 ], [ -58.38744, -34.58591 ], [ -58.38835, -34.5868 ] ] ] } },
{ "type": "Feature", "properties": { "indice_acceso": 0.669 }, "geometry": { "type": "Polygon", "coordinates": [ [ [ -58.3892, -34.58764 ], [ -58.38977, -34.58728 ], [ -58.38894, -34.58646 ], [ -58.38835, -34.5868 ], [ -58.3892, -34.58764 ] ] ] } },
{ "type": "Feature", "properties": { "indice_acceso": 0.67 }, "geometry": { "type": "Polygon", "coordinates": [ [ [ -58.38949, -34.58613 ], [ -58.38894, -34.58646 ], [ -58.38977, -34.58728 ], [ -58.3892, -34.58764 ], [ -58.38996, -34.58832 ], [ -58.39082, -34.58769 ], [ -58.39095, -34.58687 ], [ -58.39032, -34.58576 ], [ -58.391, -34.58499 ], [ -58.38864, -34.58533 ], [ -58.38949, -34.58613 ] ] ] } },
{ "type": "Feature", "properties": { "indice_acceso": 0.668 }, "geometry": { "type": "Polygon", "coordinates": [ [ [ -58.39096, -34.5892 ], [ -58.39175, -34.58855 ], [ -58.39078, -34.58772 ], [ -58.38996, -34.58832 ], [ -58.39096, -34.5892 ] ] ] } },
{ "type": "Feature", "properties": { "indice_acceso": 0.683 }, "geometry": { "type": "Polygon", "coordinates": [ [ [ -58.38996, -34.58832 ], [ -58.38897, -34.58913 ], [ -58.38995, -34.59002 ], [ -58.39096, -34.5892 ], [ -58.38996, -34.58832 ] ] ] } },
{ "type": "Feature", "properties": { "indice_acceso": 0.668 }, "geometry": { "type": "Polygon", "coordinates": [ [ [ -58.3892, -34.58764 ], [ -58.38812, -34.58836 ], [ -58.38897, -34.58913 ], [ -58.38996, -34.58832 ], [ -58.3892, -34.58764 ] ] ] } },
{ "type": "Feature", "properties": { "indice_acceso": 0.668 }, "geometry": { "type": "Polygon", "coordinates": [ [ [ -58.38835, -34.5868 ], [ -58.38708, -34.58755 ], [ -58.38812, -34.58836 ], [ -58.3892, -34.58764 ], [ -58.38835, -34.5868 ] ] ] } },
{ "type": "Feature", "properties": { "indice_acceso": 0.671 }, "geometry": { "type": "Polygon", "coordinates": [ [ [ -58.38708, -34.58755 ], [ -58.38835, -34.5868 ], [ -58.38744, -34.58591 ], [ -58.38585, -34.5866 ], [ -58.38708, -34.58755 ] ] ] } },
{ "type": "Feature", "properties": { "indice_acceso": 0.671 }, "geometry": { "type": "Polygon", "coordinates": [ [ [ -58.38609, -34.58812 ], [ -58.38708, -34.58755 ], [ -58.38585, -34.5866 ], [ -58.38503, -34.58704 ], [ -58.38609, -34.58812 ] ] ] } },
{ "type": "Feature", "properties": { "indice_acceso": 0.67 }, "geometry": { "type": "Polygon", "coordinates": [ [ [ -58.38495, -34.58879 ], [ -58.38609, -34.58812 ], [ -58.38503, -34.58704 ], [ -58.38384, -34.58769 ], [ -58.38495, -34.58879 ] ] ] } },
{ "type": "Feature", "properties": { "indice_acceso": 0.668 }, "geometry": { "type": "Polygon", "coordinates": [ [ [ -58.38495, -34.58879 ], [ -58.38594, -34.58978 ], [ -58.38812, -34.58836 ], [ -58.38708, -34.58755 ], [ -58.38495, -34.58879 ] ] ] } },
{ "type": "Feature", "properties": { "indice_acceso": 0.667 }, "geometry": { "type": "Polygon", "coordinates": [ [ [ -58.38692, -34.59078 ], [ -58.38793, -34.58997 ], [ -58.38704, -34.58907 ], [ -58.38594, -34.58978 ], [ -58.38692, -34.59078 ] ] ] } },
{ "type": "Feature", "properties": { "indice_acceso": 0.666 }, "geometry": { "type": "Polygon", "coordinates": [ [ [ -58.38812, -34.58836 ], [ -58.38704, -34.58907 ], [ -58.38793, -34.58997 ], [ -58.38897, -34.58913 ], [ -58.38812, -34.58836 ] ] ] } },
{ "type": "Feature", "properties": { "indice_acceso": 0.682 }, "geometry": { "type": "Polygon", "coordinates": [ [ [ -58.38897, -34.58913 ], [ -58.38793, -34.58997 ], [ -58.38894, -34.59084 ], [ -58.38995, -34.59002 ], [ -58.38897, -34.58913 ] ] ] } },
{ "type": "Feature", "properties": { "indice_acceso": 0.691 }, "geometry": { "type": "Polygon", "coordinates": [ [ [ -58.38793, -34.58997 ], [ -58.38692, -34.59078 ], [ -58.38796, -34.59165 ], [ -58.38894, -34.59084 ], [ -58.38793, -34.58997 ] ] ] } },
{ "type": "Feature", "properties": { "indice_acceso": 0.691 }, "geometry": { "type": "Polygon", "coordinates": [ [ [ -58.38894, -34.59084 ], [ -58.38796, -34.59165 ], [ -58.389, -34.59249 ], [ -58.38993, -34.59172 ], [ -58.38894, -34.59084 ] ] ] } },
{ "type": "Feature", "properties": { "indice_acceso": 0.695 }, "geometry": { "type": "Polygon", "coordinates": [ [ [ -58.38995, -34.59002 ], [ -58.38894, -34.59084 ], [ -58.38993, -34.59172 ], [ -58.39093, -34.59089 ], [ -58.38995, -34.59002 ] ] ] } },
{ "type": "Feature", "properties": { "indice_acceso": 0.696 }, "geometry": { "type": "Polygon", "coordinates": [ [ [ -58.39093, -34.59089 ], [ -58.38993, -34.59172 ], [ -58.39085, -34.59257 ], [ -58.39189, -34.59176 ], [ -58.39093, -34.59089 ] ] ] } },
{ "type": "Feature", "properties": { "indice_acceso": 0.685 }, "geometry": { "type": "Polygon", "coordinates": [ [ [ -58.38993, -34.59172 ], [ -58.389, -34.59249 ], [ -58.39002, -34.59324 ], [ -58.39085, -34.59257 ], [ -58.38993, -34.59172 ] ] ] } },
{ "type": "Feature", "properties": { "indice_acceso": 0.688 }, "geometry": { "type": "Polygon", "coordinates": [ [ [ -58.38792, -34.59168 ], [ -58.38757, -34.59283 ], [ -58.3888, -34.59283 ], [ -58.38856, -34.59468 ], [ -58.39006, -34.59428 ], [ -58.39002, -34.59324 ], [ -58.38792, -34.59168 ] ] ] } },
{ "type": "Feature", "properties": { "indice_acceso": 0.696 }, "geometry": { "type": "Polygon", "coordinates": [ [ [ -58.3873, -34.59464 ], [ -58.38856, -34.59468 ], [ -58.3888, -34.59283 ], [ -58.38757, -34.59283 ], [ -58.3873, -34.59464 ] ] ] } },
{ "type": "Feature", "properties": { "indice_acceso": 0.713 }, "geometry": { "type": "Polygon", "coordinates": [ [ [ -58.38716, -34.59573 ], [ -58.38842, -34.59576 ], [ -58.38856, -34.59468 ], [ -58.3873, -34.59464 ], [ -58.38716, -34.59573 ] ] ] } },
{ "type": "Feature", "properties": { "indice_acceso": 0.703 }, "geometry": { "type": "Polygon", "coordinates": [ [ [ -58.38842, -34.59576 ], [ -58.38995, -34.59581 ], [ -58.39006, -34.59428 ], [ -58.38856, -34.59468 ], [ -58.38842, -34.59576 ] ] ] } },
{ "type": "Feature", "properties": { "indice_acceso": 0.706 }, "geometry": { "type": "Polygon", "coordinates": [ [ [ -58.3883, -34.59712 ], [ -58.38978, -34.5972 ], [ -58.38995, -34.59581 ], [ -58.38842, -34.59576 ], [ -58.3883, -34.59712 ] ] ] } },
{ "type": "Feature", "properties": { "indice_acceso": 0.722 }, "geometry": { "type": "Polygon", "coordinates": [ [ [ -58.38706, -34.59705 ], [ -58.3883, -34.59712 ], [ -58.38842, -34.59576 ], [ -58.38716, -34.59573 ], [ -58.38706, -34.59705 ] ] ] } },
{ "type": "Feature", "properties": { "indice_acceso": 0.733 }, "geometry": { "type": "Polygon", "coordinates": [ [ [ -58.38696, -34.59828 ], [ -58.3882, -34.59837 ], [ -58.3883, -34.59712 ], [ -58.38706, -34.59705 ], [ -58.38696, -34.59828 ] ] ] } },
{ "type": "Feature", "properties": { "indice_acceso": 0.72 }, "geometry": { "type": "Polygon", "coordinates": [ [ [ -58.3882, -34.59837 ], [ -58.38972, -34.59848 ], [ -58.38978, -34.5972 ], [ -58.3883, -34.59712 ], [ -58.3882, -34.59837 ] ] ] } },
{ "type": "Feature", "properties": { "indice_acceso": 0.732 }, "geometry": { "type": "Polygon", "coordinates": [ [ [ -58.38814, -34.59936 ], [ -58.38966, -34.59944 ], [ -58.38972, -34.59848 ], [ -58.3882, -34.59837 ], [ -58.38814, -34.59936 ] ] ] } },
{ "type": "Feature", "properties": { "indice_acceso": 0.749 }, "geometry": { "type": "Polygon", "coordinates": [ [ [ -58.38686, -34.5993 ], [ -58.38814, -34.59936 ], [ -58.3882, -34.59837 ], [ -58.38696, -34.59828 ], [ -58.38686, -34.5993 ] ] ] } },
{ "type": "Feature", "properties": { "indice_acceso": 0.686 }, "geometry": { "type": "Polygon", "coordinates": [ [ [ -58.39189, -34.59176 ], [ -58.39085, -34.59257 ], [ -58.39216, -34.59396 ], [ -58.39308, -34.59382 ], [ -58.39283, -34.59264 ], [ -58.39189, -34.59176 ] ] ] } },
{ "type": "Feature", "properties": { "indice_acceso": 0.688 }, "geometry": { "type": "Polygon", "coordinates": [ [ [ -58.39006, -34.59428 ], [ -58.39216, -34.59396 ], [ -58.39085, -34.59257 ], [ -58.39002, -34.59324 ], [ -58.39006, -34.59428 ] ] ] } },
{ "type": "Feature", "properties": { "indice_acceso": 0.694 }, "geometry": { "type": "Polygon", "coordinates": [ [ [ -58.39002, -34.59507 ], [ -58.39205, -34.59492 ], [ -58.39216, -34.59396 ], [ -58.39006, -34.59428 ], [ -58.39002, -34.59507 ] ] ] } },
{ "type": "Feature", "properties": { "indice_acceso": 0.696 }, "geometry": { "type": "Polygon", "coordinates": [ [ [ -58.39205, -34.59492 ], [ -58.3932, -34.59483 ], [ -58.39308, -34.59382 ], [ -58.39216, -34.59396 ], [ -58.39205, -34.59492 ] ] ] } },
{ "type": "Feature", "properties": { "indice_acceso": 0.7 }, "geometry": { "type": "Polygon", "coordinates": [ [ [ -58.39196, -34.59584 ], [ -58.39332, -34.59586 ], [ -58.3932, -34.59483 ], [ -58.39205, -34.59492 ], [ -58.39196, -34.59584 ] ] ] } },
{ "type": "Feature", "properties": { "indice_acceso": 0.701 }, "geometry": { "type": "Polygon", "coordinates": [ [ [ -58.38995, -34.59581 ], [ -58.39196, -34.59584 ], [ -58.39205, -34.59492 ], [ -58.39002, -34.59507 ], [ -58.38995, -34.59581 ] ] ] } },
{ "type": "Feature", "properties": { "indice_acceso": 0.708 }, "geometry": { "type": "Polygon", "coordinates": [ [ [ -58.38978, -34.5972 ], [ -58.39181, -34.59722 ], [ -58.39196, -34.59584 ], [ -58.38995, -34.59581 ], [ -58.38978, -34.5972 ] ] ] } },
{ "type": "Feature", "properties": { "indice_acceso": 0.726 }, "geometry": { "type": "Polygon", "coordinates": [ [ [ -58.39166, -34.59862 ], [ -58.38972, -34.59848 ], [ -58.38966, -34.59944 ], [ -58.39293, -34.59964 ], [ -58.39332, -34.59586 ], [ -58.39196, -34.59584 ], [ -58.39166, -34.59862 ] ] ] } },
{ "type": "Feature", "properties": { "indice_acceso": 0.721 }, "geometry": { "type": "Polygon", "coordinates": [ [ [ -58.38972, -34.59848 ], [ -58.39166, -34.59862 ], [ -58.39181, -34.59722 ], [ -58.38978, -34.5972 ], [ -58.38972, -34.59848 ] ] ] } },
{ "type": "Feature", "properties": { "indice_acceso": 0.707 }, "geometry": { "type": "Polygon", "coordinates": [ [ [ -58.3972, -34.59296 ], [ -58.39747, -34.59288 ], [ -58.39676, -34.59116 ], [ -58.396, -34.59182 ], [ -58.3972, -34.59296 ] ] ] } },
{ "type": "Feature", "properties": { "indice_acceso": 0.702 }, "geometry": { "type": "Polygon", "coordinates": [ [ [ -58.396, -34.59182 ], [ -58.39676, -34.59116 ], [ -58.39579, -34.59019 ], [ -58.39495, -34.59091 ], [ -58.396, -34.59182 ] ] ] } },
{ "type": "Feature", "properties": { "indice_acceso": 0.701 }, "geometry": { "type": "Polygon", "coordinates": [ [ [ -58.39491, -34.58932 ], [ -58.39397, -34.59007 ], [ -58.39495, -34.59091 ], [ -58.39579, -34.59019 ], [ -58.39491, -34.58932 ] ] ] } },
{ "type": "Feature", "properties": { "indice_acceso": 0.694 }, "geometry": { "type": "Polygon", "coordinates": [ [ [ -58.39397, -34.59007 ], [ -58.39292, -34.59094 ], [ -58.3939, -34.59179 ], [ -58.39495, -34.59091 ], [ -58.39397, -34.59007 ] ] ] } },
{ "type": "Feature", "properties": { "indice_acceso": 0.689 }, "geometry": { "type": "Polygon", "coordinates": [ [ [ -58.39495, -34.59091 ], [ -58.3939, -34.59179 ], [ -58.39491, -34.59268 ], [ -58.396, -34.59182 ], [ -58.39495, -34.59091 ] ] ] } },
{ "type": "Feature", "properties": { "indice_acceso": 0.698 }, "geometry": { "type": "Polygon", "coordinates": [ [ [ -58.39575, -34.59339 ], [ -58.3972, -34.59296 ], [ -58.396, -34.59182 ], [ -58.39491, -34.59268 ], [ -58.39575, -34.59339 ] ] ] } },
{ "type": "Feature", "properties": { "indice_acceso": 0.69 }, "geometry": { "type": "Polygon", "coordinates": [ [ [ -58.3939, -34.59179 ], [ -58.39283, -34.59264 ], [ -58.39308, -34.59382 ], [ -58.39575, -34.59339 ], [ -58.3939, -34.59179 ] ] ] } },
{ "type": "Feature", "properties": { "indice_acceso": 0.686 }, "geometry": { "type": "Polygon", "coordinates": [ [ [ -58.39292, -34.59094 ], [ -58.39189, -34.59176 ], [ -58.39283, -34.59264 ], [ -58.3939, -34.59179 ], [ -58.39292, -34.59094 ] ] ] } },
{ "type": "Feature", "properties": { "indice_acceso": 0.707 }, "geometry": { "type": "Polygon", "coordinates": [ [ [ -58.39579, -34.59019 ], [ -58.39662, -34.58949 ], [ -58.39586, -34.58856 ], [ -58.39491, -34.58932 ], [ -58.39579, -34.59019 ] ] ] } },
{ "type": "Feature", "properties": { "indice_acceso": 0.718 }, "geometry": { "type": "Polygon", "coordinates": [ [ [ -58.39586, -34.58856 ], [ -58.39662, -34.58949 ], [ -58.39579, -34.59019 ], [ -58.39676, -34.59116 ], [ -58.39905, -34.5896 ], [ -58.39831, -34.58874 ], [ -58.39875, -34.58839 ], [ -58.39722, -34.58746 ], [ -58.39586, -34.58856 ] ] ] } },
{ "type": "Feature", "properties": { "indice_acceso": 0.726 }, "geometry": { "type": "Polygon", "coordinates": [ [ [ -58.39875, -34.58839 ], [ -58.39831, -34.58874 ], [ -58.39905, -34.5896 ], [ -58.39982, -34.58913 ], [ -58.39875, -34.58839 ] ] ] } },
{ "type": "Feature", "properties": { "indice_acceso": 0.72 }, "geometry": { "type": "Polygon", "coordinates": [ [ [ -58.39861, -34.58987 ], [ -58.39923, -34.59085 ], [ -58.40036, -34.59019 ], [ -58.39982, -34.58913 ], [ -58.39861, -34.58987 ] ] ] } },
{ "type": "Feature", "properties": { "indice_acceso": 0.711 }, "geometry": { "type": "Polygon", "coordinates": [ [ [ -58.3981, -34.59151 ], [ -58.39923, -34.59085 ], [ -58.39861, -34.58987 ], [ -58.39743, -34.59057 ], [ -58.3981, -34.59151 ] ] ] } },
{ "type": "Feature", "properties": { "indice_acceso": 0.709 }, "geometry": { "type": "Polygon", "coordinates": [ [ [ -58.39713, -34.59208 ], [ -58.3981, -34.59151 ], [ -58.39743, -34.59057 ], [ -58.39676, -34.59116 ], [ -58.39713, -34.59208 ] ] ] } },
{ "type": "Feature", "properties": { "indice_acceso": 0.713 }, "geometry": { "type": "Polygon", "coordinates": [ [ [ -58.39747, -34.59288 ], [ -58.39874, -34.5925 ], [ -58.3981, -34.59151 ], [ -58.39713, -34.59208 ], [ -58.39747, -34.59288 ] ] ] } },
{ "type": "Feature", "properties": { "indice_acceso": 0.715 }, "geometry": { "type": "Polygon", "coordinates": [ [ [ -58.39874, -34.5925 ], [ -58.39996, -34.592 ], [ -58.39923, -34.59085 ], [ -58.3981, -34.59151 ], [ -58.39874, -34.5925 ] ] ] } },
{ "type": "Feature", "properties": { "indice_acceso": 0.719 }, "geometry": { "type": "Polygon", "coordinates": [ [ [ -58.39996, -34.592 ], [ -58.40103, -34.59157 ], [ -58.40036, -34.59019 ], [ -58.39923, -34.59085 ], [ -58.39996, -34.592 ] ] ] } },
{ "type": "Feature", "properties": { "indice_acceso": 0.741 }, "geometry": { "type": "Polygon", "coordinates": [ [ [ -58.40197, -34.58785 ], [ -58.40298, -34.58725 ], [ -58.40191, -34.58646 ], [ -58.40094, -34.58705 ], [ -58.40197, -34.58785 ] ] ] } },
{ "type": "Feature", "properties": { "indice_acceso": 0.74 }, "geometry": { "type": "Polygon", "coordinates": [ [ [ -58.40118, -34.58593 ], [ -58.40021, -34.58653 ], [ -58.40094, -34.58705 ], [ -58.40191, -34.58646 ], [ -58.40118, -34.58593 ] ] ] } },
{ "type": "Feature", "properties": { "indice_acceso": 0.741 }, "geometry": { "type": "Polygon", "coordinates": [ [ [ -58.40021, -34.58653 ], [ -58.40118, -34.58593 ], [ -58.39993, -34.58502 ], [ -58.39912, -34.58576 ], [ -58.40021, -34.58653 ] ] ] } },
{ "type": "Feature", "properties": { "indice_acceso": 0.735 }, "geometry": { "type": "Polygon", "coordinates": [ [ [ -58.39824, -34.58655 ], [ -58.39917, -34.58719 ], [ -58.40021, -34.58653 ], [ -58.39912, -34.58576 ], [ -58.39824, -34.58655 ] ] ] } },
{ "type": "Feature", "properties": { "indice_acceso": 0.738 }, "geometry": { "type": "Polygon", "coordinates": [ [ [ -58.40021, -34.58653 ], [ -58.39917, -34.58719 ], [ -58.39989, -34.58769 ], [ -58.40094, -34.58705 ], [ -58.40021, -34.58653 ] ] ] } },
{ "type": "Feature", "properties": { "indice_acceso": 0.739 }, "geometry": { "type": "Polygon", "coordinates": [ [ [ -58.4009, -34.58849 ], [ -58.40197, -34.58785 ], [ -58.40094, -34.58705 ], [ -58.39989, -34.58769 ], [ -58.4009, -34.58849 ] ] ] } },
{ "type": "Feature", "properties": { "indice_acceso": 0.731 }, "geometry": { "type": "Polygon", "coordinates": [ [ [ -58.39989, -34.58769 ], [ -58.39875, -34.58839 ], [ -58.39982, -34.58913 ], [ -58.4009, -34.58849 ], [ -58.39989, -34.58769 ] ] ] } },
{ "type": "Feature", "properties": { "indice_acceso": 0.728 }, "geometry": { "type": "Polygon", "coordinates": [ [ [ -58.39917, -34.58719 ], [ -58.39802, -34.5879 ], [ -58.39875, -34.58839 ], [ -58.39989, -34.58769 ], [ -58.39917, -34.58719 ] ] ] } },
{ "type": "Feature", "properties": { "indice_acceso": 0.731 }, "geometry": { "type": "Polygon", "coordinates": [ [ [ -58.39824, -34.58655 ], [ -58.39729, -34.58741 ], [ -58.39802, -34.5879 ], [ -58.39917, -34.58719 ], [ -58.39824, -34.58655 ] ] ] } },
{ "type": "Feature", "properties": { "indice_acceso": 0.727 }, "geometry": { "type": "Polygon", "coordinates": [ [ [ -58.40589, -34.58551 ], [ -58.40709, -34.5848 ], [ -58.4064, -34.58381 ], [ -58.40507, -34.58459 ], [ -58.40589, -34.58551 ] ] ] } },
{ "type": "Feature", "properties": { "indice_acceso": 0.727 }, "geometry": { "type": "Polygon", "coordinates": [ [ [ -58.40403, -34.58344 ], [ -58.40507, -34.58459 ], [ -58.4064, -34.58381 ], [ -58.40617, -34.58346 ], [ -58.40403, -34.58344 ] ] ] } },
{ "type": "Feature", "properties": { "indice_acceso": 0.735 }, "geometry": { "type": "Polygon", "coordinates": [ [ [ -58.40355, -34.58549 ], [ -58.40507, -34.58459 ], [ -58.40403, -34.58344 ], [ -58.40205, -34.58343 ], [ -58.40355, -34.58549 ] ] ] } },
{ "type": "Feature", "properties": { "indice_acceso": 0.737 }, "geometry": { "type": "Polygon", "coordinates": [ [ [ -58.40507, -34.58459 ], [ -58.40355, -34.58549 ], [ -58.40452, -34.58633 ], [ -58.40589, -34.58551 ], [ -58.40507, -34.58459 ] ] ] } },
{ "type": "Feature", "properties": { "indice_acceso": 0.745 }, "geometry": { "type": "Polygon", "coordinates": [ [ [ -58.40355, -34.58549 ], [ -58.40277, -34.58596 ], [ -58.40366, -34.58685 ], [ -58.40452, -34.58633 ], [ -58.40355, -34.58549 ] ] ] } },
{ "type": "Feature", "properties": { "indice_acceso": 0.74 }, "geometry": { "type": "Polygon", "coordinates": [ [ [ -58.39993, -34.58502 ], [ -58.40298, -34.58725 ], [ -58.40366, -34.58685 ], [ -58.40277, -34.58596 ], [ -58.40355, -34.58549 ], [ -58.40205, -34.58343 ], [ -58.39993, -34.58502 ] ] ] } },
{ "type": "Feature", "properties": { "indice_acceso": 0.73 }, "geometry": { "type": "Polygon", "coordinates": [ [ [ -58.40762, -34.58556 ], [ -58.40662, -34.58633 ], [ -58.40744, -34.58724 ], [ -58.40832, -34.58655 ], [ -58.40762, -34.58556 ] ] ] } },
{ "type": "Feature", "properties": { "indice_acceso": 0.734 }, "geometry": { "type": "Polygon", "coordinates": [ [ [ -58.40709, -34.5848 ], [ -58.40589, -34.58551 ], [ -58.40662, -34.58633 ], [ -58.40762, -34.58556 ], [ -58.40709, -34.5848 ] ] ] } },
{ "type": "Feature", "properties": { "indice_acceso": 0.736 }, "geometry": { "type": "Polygon", "coordinates": [ [ [ -58.40589, -34.58551 ], [ -58.40452, -34.58633 ], [ -58.4055, -34.58718 ], [ -58.40662, -34.58633 ], [ -58.40589, -34.58551 ] ] ] } },
{ "type": "Feature", "properties": { "indice_acceso": 0.739 }, "geometry": { "type": "Polygon", "coordinates": [ [ [ -58.40662, -34.58633 ], [ -58.4055, -34.58718 ], [ -58.40645, -34.58798 ], [ -58.40744, -34.58724 ], [ -58.40662, -34.58633 ] ] ] } },
{ "type": "Feature", "properties": { "indice_acceso": 0.744 }, "geometry": { "type": "Polygon", "coordinates": [ [ [ -58.4055, -34.58718 ], [ -58.40405, -34.58803 ], [ -58.40523, -34.58889 ], [ -58.40645, -34.58798 ], [ -58.4055, -34.58718 ] ] ] } },
{ "type": "Feature", "properties": { "indice_acceso": 0.745 }, "geometry": { "type": "Polygon", "coordinates": [ [ [ -58.40298, -34.58725 ], [ -58.40405, -34.58803 ], [ -58.4055, -34.58718 ], [ -58.40452, -34.58633 ], [ -58.40298, -34.58725 ] ] ] } },
{ "type": "Feature", "properties": { "indice_acceso": 0.743 }, "geometry": { "type": "Polygon", "coordinates": [ [ [ -58.40432, -34.58957 ], [ -58.40523, -34.58889 ], [ -58.40405, -34.58803 ], [ -58.40304, -34.58863 ], [ -58.40432, -34.58957 ] ] ] } },
{ "type": "Feature", "properties": { "indice_acceso": 0.742 }, "geometry": { "type": "Polygon", "coordinates": [ [ [ -58.40304, -34.58863 ], [ -58.40405, -34.58803 ], [ -58.40298, -34.58725 ], [ -58.40197, -34.58785 ], [ -58.40304, -34.58863 ] ] ] } },
{ "type": "Feature", "properties": { "indice_acceso": 0.737 }, "geometry": { "type": "Polygon", "coordinates": [ [ [ -58.4019, -34.58929 ], [ -58.40304, -34.58863 ], [ -58.40197, -34.58785 ], [ -58.4009, -34.58849 ], [ -58.4019, -34.58929 ] ] ] } },
{ "type": "Feature", "properties": { "indice_acceso": 0.74 }, "geometry": { "type": "Polygon", "coordinates": [ [ [ -58.40326, -34.59035 ], [ -58.40432, -34.58957 ], [ -58.40304, -34.58863 ], [ -58.4019, -34.58929 ], [ -58.40326, -34.59035 ] ] ] } },
{ "type": "Feature", "properties": { "indice_acceso": 0.732 }, "geometry": { "type": "Polygon", "coordinates": [ [ [ -58.40243, -34.59099 ], [ -58.40326, -34.59035 ], [ -58.4019, -34.58929 ], [ -58.40089, -34.58988 ], [ -58.40243, -34.59099 ] ] ] } },
{ "type": "Feature", "properties": { "indice_acceso": 0.731 }, "geometry": { "type": "Polygon", "coordinates": [ [ [ -58.40036, -34.59019 ], [ -58.4019, -34.58929 ], [ -58.4009, -34.58849 ], [ -58.39982, -34.58913 ], [ -58.40036, -34.59019 ] ] ] } },
{ "type": "Feature", "properties": { "indice_acceso": 0.724 }, "geometry": { "type": "Polygon", "coordinates": [ [ [ -58.40103, -34.59157 ], [ -58.40243, -34.59099 ], [ -58.40089, -34.58988 ], [ -58.40036, -34.59019 ], [ -58.40103, -34.59157 ] ] ] } },
{ "type": "Feature", "properties": { "indice_acceso": 0.728 }, "geometry": { "type": "Polygon", "coordinates": [ [ [ -58.40103, -34.59157 ], [ -58.40148, -34.59254 ], [ -58.40279, -34.59209 ], [ -58.40423, -34.5911 ], [ -58.40326, -34.59035 ], [ -58.40103, -34.59157 ] ] ] } },
{ "type": "Feature", "properties": { "indice_acceso": 0.736 }, "geometry": { "type": "Polygon", "coordinates": [ [ [ -58.40423, -34.5911 ], [ -58.4033, -34.59175 ], [ -58.40417, -34.59252 ], [ -58.4051, -34.59178 ], [ -58.40423, -34.5911 ] ] ] } },
{ "type": "Feature", "properties": { "indice_acceso": 0.73 }, "geometry": { "type": "Polygon", "coordinates": [ [ [ -58.40305, -34.59291 ], [ -58.40417, -34.59252 ], [ -58.4033, -34.59175 ], [ -58.40279, -34.59209 ], [ -58.40305, -34.59291 ] ] ] } },
{ "type": "Feature", "properties": { "indice_acceso": 0.73 }, "geometry": { "type": "Polygon", "coordinates": [ [ [ -58.40185, -34.59333 ], [ -58.40305, -34.59291 ], [ -58.40279, -34.59209 ], [ -58.40148, -34.59254 ], [ -58.40185, -34.59333 ] ] ] } },
{ "type": "Feature", "properties": { "indice_acceso": 0.738 }, "geometry": { "type": "Polygon", "coordinates": [ [ [ -58.40235, -34.59444 ], [ -58.40361, -34.59408 ], [ -58.40305, -34.59291 ], [ -58.40185, -34.59333 ], [ -58.40235, -34.59444 ] ] ] } },
{ "type": "Feature", "properties": { "indice_acceso": 0.737 }, "geometry": { "type": "Polygon", "coordinates": [ [ [ -58.40361, -34.59408 ], [ -58.40511, -34.59335 ], [ -58.40417, -34.59252 ], [ -58.40305, -34.59291 ], [ -58.40361, -34.59408 ] ] ] } },
{ "type": "Feature", "properties": { "indice_acceso": 0.748 }, "geometry": { "type": "Polygon", "coordinates": [ [ [ -58.4051, -34.59178 ], [ -58.40417, -34.59252 ], [ -58.40511, -34.59335 ], [ -58.40608, -34.59257 ], [ -58.4051, -34.59178 ] ] ] } },
{ "type": "Feature", "properties": { "indice_acceso": 0.77 }, "geometry": { "type": "Polygon", "coordinates": [ [ [ -58.40609, -34.59421 ], [ -58.40727, -34.59356 ], [ -58.40608, -34.59257 ], [ -58.40511, -34.59335 ], [ -58.40609, -34.59421 ] ] ] } },
{ "type": "Feature", "properties": { "indice_acceso": 0.759 }, "geometry": { "type": "Polygon", "coordinates": [ [ [ -58.40511, -34.59335 ], [ -58.40361, -34.59408 ], [ -58.40418, -34.59523 ], [ -58.40609, -34.59421 ], [ -58.40511, -34.59335 ] ] ] } },
{ "type": "Feature", "properties": { "indice_acceso": 0.755 }, "geometry": { "type": "Polygon", "coordinates": [ [ [ -58.40282, -34.59583 ], [ -58.40418, -34.59523 ], [ -58.40361, -34.59408 ], [ -58.40235, -34.59444 ], [ -58.40282, -34.59583 ] ] ] } },
{ "type": "Feature", "properties": { "indice_acceso": 0.724 }, "geometry": { "type": "Polygon", "coordinates": [ [ [ -58.40036, -34.59293 ], [ -58.40148, -34.59254 ], [ -58.40103, -34.59157 ], [ -58.39996, -34.592 ], [ -58.40036, -34.59293 ] ] ] } },
{ "type": "Feature", "properties": { "indice_acceso": 0.724 }, "geometry": { "type": "Polygon", "coordinates": [ [ [ -58.39914, -34.59335 ], [ -58.40036, -34.59293 ], [ -58.39996, -34.592 ], [ -58.39874, -34.5925 ], [ -58.39914, -34.59335 ] ] ] } },
{ "type": "Feature", "properties": { "indice_acceso": 0.72 }, "geometry": { "type": "Polygon", "coordinates": [ [ [ -58.39812, -34.59443 ], [ -58.39949, -34.59413 ], [ -58.39874, -34.5925 ], [ -58.39747, -34.59288 ], [ -58.39812, -34.59443 ] ] ] } },
{ "type": "Feature", "properties": { "indice_acceso": 0.731 }, "geometry": { "type": "Polygon", "coordinates": [ [ [ -58.39949, -34.59413 ], [ -58.40069, -34.59374 ], [ -58.40036, -34.59293 ], [ -58.39914, -34.59335 ], [ -58.39949, -34.59413 ] ] ] } },
{ "type": "Feature", "properties": { "indice_acceso": 0.729 }, "geometry": { "type": "Polygon", "coordinates": [ [ [ -58.40069, -34.59374 ], [ -58.40185, -34.59333 ], [ -58.40148, -34.59254 ], [ -58.40036, -34.59293 ], [ -58.40069, -34.59374 ] ] ] } },
{ "type": "Feature", "properties": { "indice_acceso": 0.744 }, "geometry": { "type": "Polygon", "coordinates": [ [ [ -58.40111, -34.59479 ], [ -58.40235, -34.59444 ], [ -58.40185, -34.59333 ], [ -58.40069, -34.59374 ], [ -58.40111, -34.59479 ] ] ] } },
{ "type": "Feature", "properties": { "indice_acceso": 0.738 }, "geometry": { "type": "Polygon", "coordinates": [ [ [ -58.3999, -34.59512 ], [ -58.40111, -34.59479 ], [ -58.40069, -34.59374 ], [ -58.39949, -34.59413 ], [ -58.3999, -34.59512 ] ] ] } },
{ "type": "Feature", "properties": { "indice_acceso": 0.732 }, "geometry": { "type": "Polygon", "coordinates": [ [ [ -58.39852, -34.59539 ], [ -58.3999, -34.59512 ], [ -58.39949, -34.59413 ], [ -58.39812, -34.59443 ], [ -58.39852, -34.59539 ] ] ] } },
{ "type": "Feature", "properties": { "indice_acceso": 0.714 }, "geometry": { "type": "Polygon", "coordinates": [ [ [ -58.39685, -34.59306 ], [ -58.39715, -34.59445 ], [ -58.39812, -34.59443 ], [ -58.39747, -34.59288 ], [ -58.39685, -34.59306 ] ] ] } },
{ "type": "Feature", "properties": { "indice_acceso": 0.704 }, "geometry": { "type": "Polygon", "coordinates": [ [ [ -58.39588, -34.5946 ], [ -58.39715, -34.59445 ], [ -58.39685, -34.59306 ], [ -58.39575, -34.59339 ], [ -58.39588, -34.5946 ] ] ] } },
{ "type": "Feature", "properties": { "indice_acceso": 0.699 }, "geometry": { "type": "Polygon", "coordinates": [ [ [ -58.3945, -34.59473 ], [ -58.39588, -34.5946 ], [ -58.39569, -34.59341 ], [ -58.39431, -34.59362 ], [ -58.3945, -34.59473 ] ] ] } },
{ "type": "Feature", "properties": { "indice_acceso": 0.696 }, "geometry": { "type": "Polygon", "coordinates": [ [ [ -58.3932, -34.59483 ], [ -58.3945, -34.59473 ], [ -58.39431, -34.59362 ], [ -58.39308, -34.59382 ], [ -58.3932, -34.59483 ] ] ] } },
{ "type": "Feature", "properties": { "indice_acceso": 0.705 }, "geometry": { "type": "Polygon", "coordinates": [ [ [ -58.39469, -34.59581 ], [ -58.3961, -34.59574 ], [ -58.39588, -34.5946 ], [ -58.3945, -34.59473 ], [ -58.39469, -34.59581 ] ] ] } },
{ "type": "Feature", "properties": { "indice_acceso": 0.714 }, "geometry": { "type": "Polygon", "coordinates": [ [ [ -58.3961, -34.59574 ], [ -58.39737, -34.59557 ], [ -58.39715, -34.59445 ], [ -58.39588, -34.5946 ], [ -58.3961, -34.59574 ] ] ] } },
{ "type": "Feature", "properties": { "indice_acceso": 0.724 }, "geometry": { "type": "Polygon", "coordinates": [ [ [ -58.39737, -34.59557 ], [ -58.39852, -34.59539 ], [ -58.39805, -34.59434 ], [ -58.39715, -34.59445 ], [ -58.39737, -34.59557 ] ] ] } },
{ "type": "Feature", "properties": { "indice_acceso": 0.7 }, "geometry": { "type": "Polygon", "coordinates": [ [ [ -58.39332, -34.59586 ], [ -58.39469, -34.59581 ], [ -58.3945, -34.59473 ], [ -58.3932, -34.59483 ], [ -58.39332, -34.59586 ] ] ] } },
{ "type": "Feature", "properties": { "indice_acceso": 0.733 }, "geometry": { "type": "Polygon", "coordinates": [ [ [ -58.39755, -34.59722 ], [ -58.39887, -34.59705 ], [ -58.39852, -34.59539 ], [ -58.39737, -34.59557 ], [ -58.39755, -34.59722 ] ] ] } },
{ "type": "Feature", "properties": { "indice_acceso": 0.733 }, "geometry": { "type": "Polygon", "coordinates": [ [ [ -58.3961, -34.5973 ], [ -58.39755, -34.59722 ], [ -58.39737, -34.59557 ], [ -58.3961, -34.59574 ], [ -58.3961, -34.5973 ] ] ] } },
{ "type": "Feature", "properties": { "indice_acceso": 0.716 }, "geometry": { "type": "Polygon", "coordinates": [ [ [ -58.39476, -34.59727 ], [ -58.3961, -34.5973 ], [ -58.3961, -34.59574 ], [ -58.39469, -34.59581 ], [ -58.39476, -34.59727 ] ] ] } },
{ "type": "Feature", "properties": { "indice_acceso": 0.707 }, "geometry": { "type": "Polygon", "coordinates": [ [ [ -58.39319, -34.59723 ], [ -58.39476, -34.59727 ], [ -58.39469, -34.59581 ], [ -58.39332, -34.59586 ], [ -58.39319, -34.59723 ] ] ] } },
{ "type": "Feature", "properties": { "indice_acceso": 0.715 }, "geometry": { "type": "Polygon", "coordinates": [ [ [ -58.39304, -34.59871 ], [ -58.39455, -34.59871 ], [ -58.39476, -34.59727 ], [ -58.39319, -34.59723 ], [ -58.39304, -34.59871 ] ] ] } },
{ "type": "Feature", "properties": { "indice_acceso": 0.728 }, "geometry": { "type": "Polygon", "coordinates": [ [ [ -58.39455, -34.59871 ], [ -58.39588, -34.5987 ], [ -58.3961, -34.5973 ], [ -58.39476, -34.59727 ], [ -58.39455, -34.59871 ] ] ] } },
{ "type": "Feature", "properties": { "indice_acceso": 0.741 }, "geometry": { "type": "Polygon", "coordinates": [ [ [ -58.39588, -34.5987 ], [ -58.39733, -34.59858 ], [ -58.39755, -34.59722 ], [ -58.3961, -34.5973 ], [ -58.39588, -34.5987 ] ] ] } },
{ "type": "Feature", "properties": { "indice_acceso": 0.762 }, "geometry": { "type": "Polygon", "coordinates": [ [ [ -58.39581, -34.5997 ], [ -58.39718, -34.59973 ], [ -58.39733, -34.59858 ], [ -58.39588, -34.5987 ], [ -58.39581, -34.5997 ] ] ] } },
{ "type": "Feature", "properties": { "indice_acceso": 0.738 }, "geometry": { "type": "Polygon", "coordinates": [ [ [ -58.39304, -34.59871 ], [ -58.39293, -34.59964 ], [ -58.39581, -34.5997 ], [ -58.39588, -34.5987 ], [ -58.39304, -34.59871 ] ] ] } },
{ "type": "Feature", "properties": { "indice_acceso": 0.754 }, "geometry": { "type": "Polygon", "coordinates": [ [ [ -58.40161, -34.59634 ], [ -58.40282, -34.59583 ], [ -58.40235, -34.59444 ], [ -58.40111, -34.59479 ], [ -58.40161, -34.59634 ] ] ] } },
{ "type": "Feature", "properties": { "indice_acceso": 0.752 }, "geometry": { "type": "Polygon", "coordinates": [ [ [ -58.39974, -34.59531 ], [ -58.40028, -34.59675 ], [ -58.40161, -34.59634 ], [ -58.40111, -34.59479 ], [ -58.39974, -34.59531 ] ] ] } },
{ "type": "Feature", "properties": { "indice_acceso": 0.751 }, "geometry": { "type": "Polygon", "coordinates": [ [ [ -58.39887, -34.59705 ], [ -58.40028, -34.59675 ], [ -58.39974, -34.59531 ], [ -58.3999, -34.59512 ], [ -58.39852, -34.59539 ], [ -58.39887, -34.59705 ] ] ] } },
{ "type": "Feature", "properties": { "indice_acceso": 0.78 }, "geometry": { "type": "Polygon", "coordinates": [ [ [ -58.39755, -34.59722 ], [ -58.39718, -34.59973 ], [ -58.40107, -34.59948 ], [ -58.40069, -34.59801 ], [ -58.40209, -34.59777 ], [ -58.40161, -34.59634 ], [ -58.39755, -34.59722 ] ] ] } },
{ "type": "Feature", "properties": { "indice_acceso": 0.771 }, "geometry": { "type": "Polygon", "coordinates": [ [ [ -58.40183, -34.597 ], [ -58.40307, -34.59657 ], [ -58.40282, -34.59583 ], [ -58.40161, -34.59634 ], [ -58.40183, -34.597 ] ] ] } },
{ "type": "Feature", "properties": { "indice_acceso": 0.788 }, "geometry": { "type": "Polygon", "coordinates": [ [ [ -58.40209, -34.59777 ], [ -58.40341, -34.59754 ], [ -58.40307, -34.59657 ], [ -58.40183, -34.597 ], [ -58.40209, -34.59777 ] ] ] } },
{ "type": "Feature", "properties": { "indice_acceso": 0.803 }, "geometry": { "type": "Polygon", "coordinates": [ [ [ -58.40254, -34.59909 ], [ -58.40372, -34.59846 ], [ -58.40341, -34.59754 ], [ -58.40209, -34.59777 ], [ -58.40254, -34.59909 ] ] ] } },
{ "type": "Feature", "properties": { "indice_acceso": 0.8 }, "geometry": { "type": "Polygon", "coordinates": [ [ [ -58.40209, -34.59777 ], [ -58.40069, -34.59801 ], [ -58.40107, -34.59948 ], [ -58.40254, -34.59909 ], [ -58.40209, -34.59777 ] ] ] } },
{ "type": "Feature", "properties": { "indice_acceso": 0.771 }, "geometry": { "type": "Polygon", "coordinates": [ [ [ -58.40561, -34.59574 ], [ -58.40668, -34.59539 ], [ -58.40609, -34.59421 ], [ -58.4051, -34.59474 ], [ -58.40561, -34.59574 ] ] ] } },
{ "type": "Feature", "properties": { "indice_acceso": 0.766 }, "geometry": { "type": "Polygon", "coordinates": [ [ [ -58.40458, -34.59607 ], [ -58.40561, -34.59574 ], [ -58.4051, -34.59474 ], [ -58.40418, -34.59523 ], [ -58.40458, -34.59607 ] ] ] } },
{ "type": "Feature", "properties": { "indice_acceso": 0.768 }, "geometry": { "type": "Polygon", "coordinates": [ [ [ -58.40307, -34.59657 ], [ -58.40458, -34.59607 ], [ -58.40418, -34.59523 ], [ -58.40282, -34.59583 ], [ -58.40307, -34.59657 ] ] ] } },
{ "type": "Feature", "properties": { "indice_acceso": 0.782 }, "geometry": { "type": "Polygon", "coordinates": [ [ [ -58.40341, -34.59754 ], [ -58.40518, -34.59723 ], [ -58.40458, -34.59607 ], [ -58.40307, -34.59657 ], [ -58.40341, -34.59754 ] ] ] } },
{ "type": "Feature", "properties": { "indice_acceso": 0.783 }, "geometry": { "type": "Polygon", "coordinates": [ [ [ -58.40458, -34.59607 ], [ -58.40518, -34.59723 ], [ -58.40651, -34.59701 ], [ -58.40623, -34.59553 ], [ -58.40458, -34.59607 ] ] ] } },
{ "type": "Feature", "properties": { "indice_acceso": 0.789 }, "geometry": { "type": "Polygon", "coordinates": [ [ [ -58.40651, -34.59701 ], [ -58.40737, -34.59664 ], [ -58.40668, -34.59539 ], [ -58.40623, -34.59553 ], [ -58.40651, -34.59701 ] ] ] } },
{ "type": "Feature", "properties": { "indice_acceso": 0.799 }, "geometry": { "type": "Polygon", "coordinates": [ [ [ -58.40518, -34.59723 ], [ -58.40559, -34.59804 ], [ -58.40814, -34.59807 ], [ -58.40737, -34.59664 ], [ -58.40518, -34.59723 ] ] ] } },
{ "type": "Feature", "properties": { "indice_acceso": 0.8 }, "geometry": { "type": "Polygon", "coordinates": [ [ [ -58.40372, -34.59846 ], [ -58.40451, -34.59804 ], [ -58.40559, -34.59804 ], [ -58.40518, -34.59723 ], [ -58.40341, -34.59754 ], [ -58.40372, -34.59846 ] ] ] } },
{ "type": "Feature", "properties": { "indice_acceso": 0.824 }, "geometry": { "type": "Polygon", "coordinates": [ [ [ -58.40963, -34.59566 ], [ -58.41097, -34.59508 ], [ -58.41033, -34.59393 ], [ -58.40905, -34.59449 ], [ -58.40963, -34.59566 ] ] ] } },
{ "type": "Feature", "properties": { "indice_acceso": 0.821 }, "geometry": { "type": "Polygon", "coordinates": [ [ [ -58.40787, -34.59499 ], [ -58.40845, -34.59616 ], [ -58.40963, -34.59566 ], [ -58.40895, -34.59454 ], [ -58.40787, -34.59499 ] ] ] } },
{ "type": "Feature", "properties": { "indice_acceso": 0.804 }, "geometry": { "type": "Polygon", "coordinates": [ [ [ -58.40737, -34.59664 ], [ -58.40845, -34.59616 ], [ -58.40787, -34.59499 ], [ -58.40668, -34.59539 ], [ -58.40737, -34.59664 ] ] ] } },
{ "type": "Feature", "properties": { "indice_acceso": 0.831 }, "geometry": { "type": "Polygon", "coordinates": [ [ [ -58.40814, -34.59807 ], [ -58.40943, -34.59809 ], [ -58.40845, -34.59616 ], [ -58.40737, -34.59664 ], [ -58.40814, -34.59807 ] ] ] } },
{ "type": "Feature", "properties": { "indice_acceso": 0.844 }, "geometry": { "type": "Polygon", "coordinates": [ [ [ -58.40887, -34.59697 ], [ -58.41023, -34.59695 ], [ -58.40963, -34.59566 ], [ -58.40845, -34.59616 ], [ -58.40887, -34.59697 ] ] ] } },
{ "type": "Feature", "properties": { "indice_acceso": 0.866 }, "geometry": { "type": "Polygon", "coordinates": [ [ [ -58.41097, -34.59508 ], [ -58.40963, -34.59566 ], [ -58.41023, -34.59695 ], [ -58.41162, -34.59626 ], [ -58.41097, -34.59508 ] ] ] } },
{ "type": "Feature", "properties": { "indice_acceso": 0.879 }, "geometry": { "type": "Polygon", "coordinates": [ [ [ -58.41162, -34.59626 ], [ -58.41023, -34.59695 ], [ -58.4103, -34.59809 ], [ -58.41192, -34.598 ], [ -58.41162, -34.59626 ] ] ] } },
{ "type": "Feature", "properties": { "indice_acceso": 0.872 }, "geometry": { "type": "Polygon", "coordinates": [ [ [ -58.40943, -34.59809 ], [ -58.4103, -34.59809 ], [ -58.41023, -34.59695 ], [ -58.40887, -34.59697 ], [ -58.40943, -34.59809 ] ] ] } },
{ "type": "Feature", "properties": { "indice_acceso": 0.77 }, "geometry": { "type": "Polygon", "coordinates": [ [ [ -58.40794, -34.59087 ], [ -58.40714, -34.59167 ], [ -58.40787, -34.5925 ], [ -58.4091, -34.59171 ], [ -58.40794, -34.59087 ] ] ] } },
{ "type": "Feature", "properties": { "indice_acceso": 0.764 }, "geometry": { "type": "Polygon", "coordinates": [ [ [ -58.40714, -34.59167 ], [ -58.40608, -34.59257 ], [ -58.40727, -34.59356 ], [ -58.40838, -34.59308 ], [ -58.40714, -34.59167 ] ] ] } },
{ "type": "Feature", "properties": { "indice_acceso": 0.79 }, "geometry": { "type": "Polygon", "coordinates": [ [ [ -58.40838, -34.59308 ], [ -58.4097, -34.5928 ], [ -58.4091, -34.59171 ], [ -58.40787, -34.5925 ], [ -58.40838, -34.59308 ] ] ] } },
{ "type": "Feature", "properties": { "indice_acceso": 0.814 }, "geometry": { "type": "Polygon", "coordinates": [ [ [ -58.40895, -34.59454 ], [ -58.41033, -34.59393 ], [ -58.4097, -34.5928 ], [ -58.40846, -34.59306 ], [ -58.40895, -34.59454 ] ] ] } },
{ "type": "Feature", "properties": { "indice_acceso": 0.795 }, "geometry": { "type": "Polygon", "coordinates": [ [ [ -58.40727, -34.59356 ], [ -58.40787, -34.59499 ], [ -58.40895, -34.59454 ], [ -58.40846, -34.59306 ], [ -58.40727, -34.59356 ] ] ] } },
{ "type": "Feature", "properties": { "indice_acceso": 0.789 }, "geometry": { "type": "Polygon", "coordinates": [ [ [ -58.40668, -34.59539 ], [ -58.40787, -34.59499 ], [ -58.40727, -34.59356 ], [ -58.40609, -34.59421 ], [ -58.40668, -34.59539 ] ] ] } },
{ "type": "Feature", "properties": { "indice_acceso": 0.762 }, "geometry": { "type": "Polygon", "coordinates": [ [ [ -58.40702, -34.59019 ], [ -58.40615, -34.59091 ], [ -58.40714, -34.59167 ], [ -58.40794, -34.59087 ], [ -58.40702, -34.59019 ] ] ] } },
{ "type": "Feature", "properties": { "indice_acceso": 0.75 }, "geometry": { "type": "Polygon", "coordinates": [ [ [ -58.40629, -34.58966 ], [ -58.40535, -34.59033 ], [ -58.40615, -34.59091 ], [ -58.40702, -34.59019 ], [ -58.40629, -34.58966 ] ] ] } },
{ "type": "Feature", "properties": { "indice_acceso": 0.744 }, "geometry": { "type": "Polygon", "coordinates": [ [ [ -58.40523, -34.58889 ], [ -58.40432, -34.58957 ], [ -58.40535, -34.59033 ], [ -58.40629, -34.58966 ], [ -58.40523, -34.58889 ] ] ] } },
{ "type": "Feature", "properties": { "indice_acceso": 0.738 }, "geometry": { "type": "Polygon", "coordinates": [ [ [ -58.40432, -34.58957 ], [ -58.40326, -34.59035 ], [ -58.40423, -34.5911 ], [ -58.40535, -34.59033 ], [ -58.40432, -34.58957 ] ] ] } },
{ "type": "Feature", "properties": { "indice_acceso": 0.742 }, "geometry": { "type": "Polygon", "coordinates": [ [ [ -58.40535, -34.59033 ], [ -58.40423, -34.5911 ], [ -58.4051, -34.59178 ], [ -58.40615, -34.59091 ], [ -58.40535, -34.59033 ] ] ] } },
{ "type": "Feature", "properties": { "indice_acceso": 0.757 }, "geometry": { "type": "Polygon", "coordinates": [ [ [ -58.40615, -34.59091 ], [ -58.4051, -34.59178 ], [ -58.40608, -34.59257 ], [ -58.40714, -34.59167 ], [ -58.40615, -34.59091 ] ] ] } },
{ "type": "Feature", "properties": { "indice_acceso": 0.731 }, "geometry": { "type": "Polygon", "coordinates": [ [ [ -58.40828, -34.58817 ], [ -58.40903, -34.58756 ], [ -58.40832, -34.58655 ], [ -58.40744, -34.58724 ], [ -58.40828, -34.58817 ] ] ] } },
{ "type": "Feature", "properties": { "indice_acceso": 0.74 }, "geometry": { "type": "Polygon", "coordinates": [ [ [ -58.40745, -34.58883 ], [ -58.40828, -34.58817 ], [ -58.40744, -34.58724 ], [ -58.40645, -34.58798 ], [ -58.40745, -34.58883 ] ] ] } },
{ "type": "Feature", "properties": { "indice_acceso": 0.745 }, "geometry": { "type": "Polygon", "coordinates": [ [ [ -58.40645, -34.58798 ], [ -58.40523, -34.58889 ], [ -58.40629, -34.58966 ], [ -58.40745, -34.58883 ], [ -58.40645, -34.58798 ] ] ] } },
{ "type": "Feature", "properties": { "indice_acceso": 0.745 }, "geometry": { "type": "Polygon", "coordinates": [ [ [ -58.40745, -34.58883 ], [ -58.40629, -34.58966 ], [ -58.40702, -34.59019 ], [ -58.40808, -34.58935 ], [ -58.40745, -34.58883 ] ] ] } },
{ "type": "Feature", "properties": { "indice_acceso": 0.742 }, "geometry": { "type": "Polygon", "coordinates": [ [ [ -58.40828, -34.58817 ], [ -58.40745, -34.58883 ], [ -58.40808, -34.58935 ], [ -58.40882, -34.58877 ], [ -58.40828, -34.58817 ] ] ] } },
{ "type": "Feature", "properties": { "indice_acceso": 0.733 }, "geometry": { "type": "Polygon", "coordinates": [ [ [ -58.40903, -34.58756 ], [ -58.40828, -34.58817 ], [ -58.40882, -34.58877 ], [ -58.4095, -34.58823 ], [ -58.40903, -34.58756 ] ] ] } },
{ "type": "Feature", "properties": { "indice_acceso": 0.742 }, "geometry": { "type": "Polygon", "coordinates": [ [ [ -58.40951, -34.58954 ], [ -58.41008, -34.58906 ], [ -58.4095, -34.58823 ], [ -58.40882, -34.58877 ], [ -58.40951, -34.58954 ] ] ] } },
{ "type": "Feature", "properties": { "indice_acceso": 0.746 }, "geometry": { "type": "Polygon", "coordinates": [ [ [ -58.4089, -34.59004 ], [ -58.40951, -34.58954 ], [ -58.40882, -34.58877 ], [ -58.40808, -34.58935 ], [ -58.4089, -34.59004 ] ] ] } },
{ "type": "Feature", "properties": { "indice_acceso": 0.754 }, "geometry": { "type": "Polygon", "coordinates": [ [ [ -58.40808, -34.58935 ], [ -58.40702, -34.59019 ], [ -58.40794, -34.59087 ], [ -58.4089, -34.59004 ], [ -58.40808, -34.58935 ] ] ] } },
{ "type": "Feature", "properties": { "indice_acceso": 0.775 }, "geometry": { "type": "Polygon", "coordinates": [ [ [ -58.41162, -34.59221 ], [ -58.41239, -34.59175 ], [ -58.41119, -34.59035 ], [ -58.4105, -34.59079 ], [ -58.41162, -34.59221 ] ] ] } },
{ "type": "Feature", "properties": { "indice_acceso": 0.754 }, "geometry": { "type": "Polygon", "coordinates": [ [ [ -58.4105, -34.59079 ], [ -58.41119, -34.59035 ], [ -58.41008, -34.58906 ], [ -58.40951, -34.58954 ], [ -58.4105, -34.59079 ] ] ] } },
{ "type": "Feature", "properties": { "indice_acceso": 0.762 }, "geometry": { "type": "Polygon", "coordinates": [ [ [ -58.40867, -34.59023 ], [ -58.40988, -34.5912 ], [ -58.4105, -34.59079 ], [ -58.40951, -34.58954 ], [ -58.40867, -34.59023 ] ] ] } },
{ "type": "Feature", "properties": { "indice_acceso": 0.79 }, "geometry": { "type": "Polygon", "coordinates": [ [ [ -58.41065, -34.59258 ], [ -58.41162, -34.59221 ], [ -58.4105, -34.59079 ], [ -58.40988, -34.5912 ], [ -58.41065, -34.59258 ] ] ] } },
{ "type": "Feature", "properties": { "indice_acceso": 0.792 }, "geometry": { "type": "Polygon", "coordinates": [ [ [ -58.4097, -34.5928 ], [ -58.41065, -34.59258 ], [ -58.40975, -34.59128 ], [ -58.4091, -34.59171 ], [ -58.4097, -34.5928 ] ] ] } },
{ "type": "Feature", "properties": { "indice_acceso": 0.768 }, "geometry": { "type": "Polygon", "coordinates": [ [ [ -58.4091, -34.59171 ], [ -58.40988, -34.5912 ], [ -58.40867, -34.59023 ], [ -58.40794, -34.59087 ], [ -58.4091, -34.59171 ] ] ] } },
{ "type": "Feature", "properties": { "indice_acceso": 0.793 }, "geometry": { "type": "Polygon", "coordinates": [ [ [ -58.41212, -34.59288 ], [ -58.41288, -34.59232 ], [ -58.41239, -34.59175 ], [ -58.41162, -34.59221 ], [ -58.41212, -34.59288 ] ] ] } },
{ "type": "Feature", "properties": { "indice_acceso": 0.815 }, "geometry": { "type": "Polygon", "coordinates": [ [ [ -58.4097, -34.5928 ], [ -58.41023, -34.59374 ], [ -58.41212, -34.59288 ], [ -58.41162, -34.59221 ], [ -58.4097, -34.5928 ] ] ] } },
{ "type": "Feature", "properties": { "indice_acceso": 0.839 }, "geometry": { "type": "Polygon", "coordinates": [ [ [ -58.41212, -34.59288 ], [ -58.41023, -34.59374 ], [ -58.41115, -34.59541 ], [ -58.41264, -34.59474 ], [ -58.41224, -34.59409 ], [ -58.41274, -34.5937 ], [ -58.41212, -34.59288 ] ] ] } },
{ "type": "Feature", "properties": { "indice_acceso": 0.815 }, "geometry": { "type": "Polygon", "coordinates": [ [ [ -58.41274, -34.5937 ], [ -58.41352, -34.59308 ], [ -58.41288, -34.59232 ], [ -58.41212, -34.59288 ], [ -58.41274, -34.5937 ] ] ] } },
{ "type": "Feature", "properties": { "indice_acceso": 0.834 }, "geometry": { "type": "Polygon", "coordinates": [ [ [ -58.41354, -34.59474 ], [ -58.41439, -34.59406 ], [ -58.41352, -34.59308 ], [ -58.41274, -34.5937 ], [ -58.41354, -34.59474 ] ] ] } },
{ "type": "Feature", "properties": { "indice_acceso": 0.857 }, "geometry": { "type": "Polygon", "coordinates": [ [ [ -58.41274, -34.5937 ], [ -58.41224, -34.59409 ], [ -58.41264, -34.59474 ], [ -58.41115, -34.59541 ], [ -58.41162, -34.59626 ], [ -58.41354, -34.59474 ], [ -58.41274, -34.5937 ] ] ] } },
{ "type": "Feature", "properties": { "indice_acceso": 0.842 }, "geometry": { "type": "Polygon", "coordinates": [ [ [ -58.41271, -34.5956 ], [ -58.41505, -34.5956 ], [ -58.41439, -34.59406 ], [ -58.41271, -34.5956 ] ] ] } },
{ "type": "Feature", "properties": { "indice_acceso": 0.881 }, "geometry": { "type": "Polygon", "coordinates": [ [ [ -58.41162, -34.59626 ], [ -58.41174, -34.59688 ], [ -58.41423, -34.59677 ], [ -58.41383, -34.5956 ], [ -58.41267, -34.59544 ], [ -58.41162, -34.59626 ] ] ] } },
{ "type": "Feature", "properties": { "indice_acceso": 0.822 }, "geometry": { "type": "Polygon", "coordinates": [ [ [ -58.41423, -34.59677 ], [ -58.41552, -34.59672 ], [ -58.41505, -34.5956 ], [ -58.41383, -34.5956 ], [ -58.41423, -34.59677 ] ] ] } },
{ "type": "Feature", "properties": { "indice_acceso": 0.831 }, "geometry": { "type": "Polygon", "coordinates": [ [ [ -58.41463, -34.5979 ], [ -58.41601, -34.59785 ], [ -58.41552, -34.59672 ], [ -58.41423, -34.59677 ], [ -58.41463, -34.5979 ] ] ] } },
{ "type": "Feature", "properties": { "indice_acceso": 0.874 }, "geometry": { "type": "Polygon", "coordinates": [ [ [ -58.41192, -34.598 ], [ -58.41463, -34.5979 ], [ -58.41423, -34.59677 ], [ -58.41174, -34.59688 ], [ -58.41192, -34.598 ] ] ] } },
{ "type": "Feature", "properties": { "indice_acceso": 0.869 }, "geometry": { "type": "Polygon", "coordinates": [ [ [ -58.41059, -34.59939 ], [ -58.4087, -34.59951 ], [ -58.40918, -34.60084 ], [ -58.41228, -34.60024 ], [ -58.41192, -34.598 ], [ -58.4103, -34.59809 ], [ -58.41059, -34.59939 ] ] ] } },
{ "type": "Feature", "properties": { "indice_acceso": 0.861 }, "geometry": { "type": "Polygon", "coordinates": [ [ [ -58.40814, -34.59807 ], [ -58.4087, -34.59951 ], [ -58.41059, -34.59939 ], [ -58.4103, -34.59809 ], [ -58.40814, -34.59807 ] ] ] } },
{ "type": "Feature", "properties": { "indice_acceso": 0.822 }, "geometry": { "type": "Polygon", "coordinates": [ [ [ -58.4072, -34.5996 ], [ -58.4087, -34.59951 ], [ -58.40814, -34.59807 ], [ -58.40663, -34.59805 ], [ -58.4072, -34.5996 ] ] ] } },
{ "type": "Feature", "properties": { "indice_acceso": 0.806 }, "geometry": { "type": "Polygon", "coordinates": [ [ [ -58.40776, -34.60111 ], [ -58.40918, -34.60084 ], [ -58.4087, -34.59951 ], [ -58.4072, -34.5996 ], [ -58.40776, -34.60111 ] ] ] } },
{ "type": "Feature", "properties": { "indice_acceso": 0.798 }, "geometry": { "type": "Polygon", "coordinates": [ [ [ -58.41104, -34.60129 ], [ -58.41086, -34.60053 ], [ -58.40776, -34.60111 ], [ -58.40807, -34.60193 ], [ -58.41104, -34.60129 ] ] ] } },
{ "type": "Feature", "properties": { "indice_acceso": 0.804 }, "geometry": { "type": "Polygon", "coordinates": [ [ [ -58.41158, -34.60348 ], [ -58.41298, -34.60323 ], [ -58.41228, -34.60024 ], [ -58.41086, -34.60053 ], [ -58.41158, -34.60348 ] ] ] } },
{ "type": "Feature", "properties": { "indice_acceso": 0.78 }, "geometry": { "type": "Polygon", "coordinates": [ [ [ -58.40846, -34.60295 ], [ -58.41123, -34.60206 ], [ -58.41104, -34.60129 ], [ -58.40811, -34.60202 ], [ -58.40846, -34.60295 ] ] ] } },
{ "type": "Feature", "properties": { "indice_acceso": 0.764 }, "geometry": { "type": "Polygon", "coordinates": [ [ [ -58.40891, -34.60412 ], [ -58.41034, -34.60403 ], [ -58.40979, -34.60254 ], [ -58.40846, -34.60295 ], [ -58.40891, -34.60412 ] ] ] } },
{ "type": "Feature", "properties": { "indice_acceso": 0.771 }, "geometry": { "type": "Polygon", "coordinates": [ [ [ -58.41034, -34.60403 ], [ -58.41175, -34.60409 ], [ -58.41204, -34.60511 ], [ -58.41341, -34.60512 ], [ -58.41298, -34.60323 ], [ -58.41158, -34.60348 ], [ -58.41123, -34.60206 ], [ -58.40979, -34.60254 ], [ -58.41034, -34.60403 ] ] ] } },
{ "type": "Feature", "properties": { "indice_acceso": 0.758 }, "geometry": { "type": "Polygon", "coordinates": [ [ [ -58.41077, -34.60511 ], [ -58.41204, -34.60511 ], [ -58.41175, -34.60409 ], [ -58.41034, -34.60403 ], [ -58.41077, -34.60511 ] ] ] } },
{ "type": "Feature", "properties": { "indice_acceso": 0.744 }, "geometry": { "type": "Polygon", "coordinates": [ [ [ -58.40938, -34.60525 ], [ -58.41077, -34.60511 ], [ -58.41034, -34.60403 ], [ -58.40891, -34.60412 ], [ -58.40938, -34.60525 ] ] ] } },
{ "type": "Feature", "properties": { "indice_acceso": 0.812 }, "geometry": { "type": "Polygon", "coordinates": [ [ [ -58.40631, -34.59966 ], [ -58.4072, -34.5996 ], [ -58.40663, -34.59805 ], [ -58.40559, -34.59804 ], [ -58.40631, -34.59966 ] ] ] } },
{ "type": "Feature", "properties": { "indice_acceso": 0.812 }, "geometry": { "type": "Polygon", "coordinates": [ [ [ -58.40529, -34.59977 ], [ -58.40631, -34.59966 ], [ -58.40559, -34.59804 ], [ -58.40473, -34.59804 ], [ -58.40529, -34.59977 ] ] ] } },
{ "type": "Feature", "properties": { "indice_acceso": 0.812 }, "geometry": { "type": "Polygon", "coordinates": [ [ [ -58.40564, -34.60079 ], [ -58.40665, -34.60071 ], [ -58.40631, -34.59966 ], [ -58.40529, -34.59977 ], [ -58.40564, -34.60079 ] ] ] } },
{ "type": "Feature", "properties": { "indice_acceso": 0.804 }, "geometry": { "type": "Polygon", "coordinates": [ [ [ -58.40665, -34.60071 ], [ -58.40758, -34.60063 ], [ -58.4072, -34.5996 ], [ -58.40631, -34.59966 ], [ -58.40665, -34.60071 ] ] ] } },
{ "type": "Feature", "properties": { "indice_acceso": 0.79 }, "geometry": { "type": "Polygon", "coordinates": [ [ [ -58.40564, -34.60079 ], [ -58.40593, -34.60173 ], [ -58.40694, -34.60163 ], [ -58.40776, -34.60111 ], [ -58.40758, -34.60063 ], [ -58.40564, -34.60079 ] ] ] } },
{ "type": "Feature", "properties": { "indice_acceso": 0.779 }, "geometry": { "type": "Polygon", "coordinates": [ [ [ -58.40741, -34.60302 ], [ -58.40846, -34.60295 ], [ -58.40776, -34.60111 ], [ -58.40694, -34.60163 ], [ -58.40741, -34.60302 ] ] ] } },
{ "type": "Feature", "properties": { "indice_acceso": 0.777 }, "geometry": { "type": "Polygon", "coordinates": [ [ [ -58.4048, -34.60184 ], [ -58.40516, -34.60335 ], [ -58.40741, -34.60302 ], [ -58.40694, -34.60163 ], [ -58.4048, -34.60184 ] ] ] } },
{ "type": "Feature", "properties": { "indice_acceso": 0.755 }, "geometry": { "type": "Polygon", "coordinates": [ [ [ -58.40571, -34.60557 ], [ -58.40695, -34.60541 ], [ -58.40631, -34.60317 ], [ -58.40516, -34.60335 ], [ -58.40571, -34.60557 ] ] ] } },
{ "type": "Feature", "properties": { "indice_acceso": 0.761 }, "geometry": { "type": "Polygon", "coordinates": [ [ [ -58.40664, -34.60441 ], [ -58.40781, -34.60426 ], [ -58.40741, -34.60302 ], [ -58.40631, -34.60317 ], [ -58.40664, -34.60441 ] ] ] } },
{ "type": "Feature", "properties": { "indice_acceso": 0.754 }, "geometry": { "type": "Polygon", "coordinates": [ [ [ -58.40781, -34.60426 ], [ -58.40891, -34.60412 ], [ -58.40846, -34.60295 ], [ -58.40741, -34.60302 ], [ -58.40781, -34.60426 ] ] ] } },
{ "type": "Feature", "properties": { "indice_acceso": 0.738 }, "geometry": { "type": "Polygon", "coordinates": [ [ [ -58.40822, -34.60535 ], [ -58.40938, -34.60525 ], [ -58.40891, -34.60412 ], [ -58.40781, -34.60426 ], [ -58.40822, -34.60535 ] ] ] } },
{ "type": "Feature", "properties": { "indice_acceso": 0.742 }, "geometry": { "type": "Polygon", "coordinates": [ [ [ -58.40695, -34.60541 ], [ -58.40822, -34.60535 ], [ -58.40781, -34.60426 ], [ -58.40664, -34.60441 ], [ -58.40695, -34.60541 ] ] ] } },
{ "type": "Feature", "properties": { "indice_acceso": 0.81 }, "geometry": { "type": "Polygon", "coordinates": [ [ [ -58.40418, -34.5999 ], [ -58.40529, -34.59977 ], [ -58.40473, -34.59804 ], [ -58.40372, -34.59846 ], [ -58.40418, -34.5999 ] ] ] } },
{ "type": "Feature", "properties": { "indice_acceso": 0.813 }, "geometry": { "type": "Polygon", "coordinates": [ [ [ -58.40328, -34.59999 ], [ -58.40418, -34.5999 ], [ -58.40372, -34.59846 ], [ -58.40308, -34.5988 ], [ -58.40328, -34.59999 ] ] ] } },
{ "type": "Feature", "properties": { "indice_acceso": 0.815 }, "geometry": { "type": "Polygon", "coordinates": [ [ [ -58.40243, -34.60009 ], [ -58.40328, -34.59999 ], [ -58.40308, -34.5988 ], [ -58.40254, -34.59909 ], [ -58.40243, -34.60009 ] ] ] } },
{ "type": "Feature", "properties": { "indice_acceso": 0.805 }, "geometry": { "type": "Polygon", "coordinates": [ [ [ -58.40237, -34.60105 ], [ -58.40343, -34.60097 ], [ -58.40328, -34.59999 ], [ -58.40243, -34.60009 ], [ -58.40237, -34.60105 ] ] ] } },
{ "type": "Feature", "properties": { "indice_acceso": 0.806 }, "geometry": { "type": "Polygon", "coordinates": [ [ [ -58.40343, -34.60097 ], [ -58.4045, -34.60088 ], [ -58.40418, -34.5999 ], [ -58.40328, -34.59999 ], [ -58.40343, -34.60097 ] ] ] } },
{ "type": "Feature", "properties": { "indice_acceso": 0.806 }, "geometry": { "type": "Polygon", "coordinates": [ [ [ -58.4045, -34.60088 ], [ -58.40564, -34.60079 ], [ -58.40529, -34.59977 ], [ -58.40418, -34.5999 ], [ -58.4045, -34.60088 ] ] ] } },
{ "type": "Feature", "properties": { "indice_acceso": 0.79 }, "geometry": { "type": "Polygon", "coordinates": [ [ [ -58.4048, -34.60184 ], [ -58.40593, -34.60173 ], [ -58.40564, -34.60079 ], [ -58.4045, -34.60088 ], [ -58.4048, -34.60184 ] ] ] } },
{ "type": "Feature", "properties": { "indice_acceso": 0.775 }, "geometry": { "type": "Polygon", "coordinates": [ [ [ -58.40362, -34.60341 ], [ -58.40516, -34.60335 ], [ -58.4045, -34.60088 ], [ -58.40343, -34.60097 ], [ -58.40362, -34.60341 ] ] ] } },
{ "type": "Feature", "properties": { "indice_acceso": 0.787 }, "geometry": { "type": "Polygon", "coordinates": [ [ [ -58.40231, -34.60209 ], [ -58.40359, -34.60196 ], [ -58.40343, -34.60097 ], [ -58.40237, -34.60105 ], [ -58.40231, -34.60209 ] ] ] } },
{ "type": "Feature", "properties": { "indice_acceso": 0.784 }, "geometry": { "type": "Polygon", "coordinates": [ [ [ -58.40214, -34.60471 ], [ -58.40363, -34.60475 ], [ -58.40359, -34.60196 ], [ -58.40231, -34.60209 ], [ -58.40214, -34.60471 ] ] ] } },
{ "type": "Feature", "properties": { "indice_acceso": 0.768 }, "geometry": { "type": "Polygon", "coordinates": [ [ [ -58.40363, -34.60475 ], [ -58.40547, -34.60456 ], [ -58.40516, -34.60335 ], [ -58.40362, -34.60341 ], [ -58.40363, -34.60475 ] ] ] } },
{ "type": "Feature", "properties": { "indice_acceso": 0.813 }, "geometry": { "type": "Polygon", "coordinates": [ [ [ -58.40102, -34.60023 ], [ -58.40243, -34.60009 ], [ -58.40247, -34.59912 ], [ -58.40107, -34.59948 ], [ -58.40102, -34.60023 ] ] ] } },
{ "type": "Feature", "properties": { "indice_acceso": 0.806 }, "geometry": { "type": "Polygon", "coordinates": [ [ [ -58.40098, -34.60116 ], [ -58.40237, -34.60105 ], [ -58.40243, -34.60009 ], [ -58.40102, -34.60023 ], [ -58.40098, -34.60116 ] ] ] } },
{ "type": "Feature", "properties": { "indice_acceso": 0.816 }, "geometry": { "type": "Polygon", "coordinates": [ [ [ -58.39981, -34.60112 ], [ -58.40098, -34.60116 ], [ -58.40107, -34.59948 ], [ -58.39992, -34.59962 ], [ -58.39981, -34.60112 ] ] ] } },
{ "type": "Feature", "properties": { "indice_acceso": 0.809 }, "geometry": { "type": "Polygon", "coordinates": [ [ [ -58.39981, -34.60112 ], [ -58.39972, -34.60222 ], [ -58.40231, -34.60209 ], [ -58.40237, -34.60105 ], [ -58.39981, -34.60112 ] ] ] } },
{ "type": "Feature", "properties": { "indice_acceso": 0.806 }, "geometry": { "type": "Polygon", "coordinates": [ [ [ -58.39955, -34.60335 ], [ -58.40222, -34.60343 ], [ -58.40231, -34.60209 ], [ -58.39972, -34.60222 ], [ -58.39955, -34.60335 ] ] ] } },
{ "type": "Feature", "properties": { "indice_acceso": 0.802 }, "geometry": { "type": "Polygon", "coordinates": [ [ [ -58.39837, -34.60331 ], [ -58.39955, -34.60335 ], [ -58.39972, -34.60222 ], [ -58.3985, -34.60221 ], [ -58.39837, -34.60331 ] ] ] } },
{ "type": "Feature", "properties": { "indice_acceso": 0.799 }, "geometry": { "type": "Polygon", "coordinates": [ [ [ -58.39822, -34.60458 ], [ -58.39948, -34.60463 ], [ -58.39955, -34.60335 ], [ -58.39837, -34.60331 ], [ -58.39822, -34.60458 ] ] ] } },
{ "type": "Feature", "properties": { "indice_acceso": 0.813 }, "geometry": { "type": "Polygon", "coordinates": [ [ [ -58.39948, -34.60463 ], [ -58.40214, -34.60471 ], [ -58.40222, -34.60343 ], [ -58.39955, -34.60335 ], [ -58.39948, -34.60463 ] ] ] } },
{ "type": "Feature", "properties": { "indice_acceso": 0.797 }, "geometry": { "type": "Polygon", "coordinates": [ [ [ -58.3971, -34.60101 ], [ -58.39981, -34.60112 ], [ -58.39992, -34.59962 ], [ -58.39718, -34.59973 ], [ -58.3971, -34.60101 ] ] ] } },
{ "type": "Feature", "properties": { "indice_acceso": 0.801 }, "geometry": { "type": "Polygon", "coordinates": [ [ [ -58.3985, -34.60221 ], [ -58.39972, -34.60222 ], [ -58.39981, -34.60112 ], [ -58.39862, -34.60107 ], [ -58.3985, -34.60221 ] ] ] } },
{ "type": "Feature", "properties": { "indice_acceso": 0.788 }, "geometry": { "type": "Polygon", "coordinates": [ [ [ -58.39702, -34.60218 ], [ -58.3985, -34.60221 ], [ -58.39862, -34.60107 ], [ -58.3971, -34.60101 ], [ -58.39702, -34.60218 ] ] ] } },
{ "type": "Feature", "properties": { "indice_acceso": 0.762 }, "geometry": { "type": "Polygon", "coordinates": [ [ [ -58.39553, -34.60216 ], [ -58.39702, -34.60218 ], [ -58.3971, -34.60101 ], [ -58.39567, -34.60094 ], [ -58.39553, -34.60216 ] ] ] } },
{ "type": "Feature", "properties": { "indice_acceso": 0.764 }, "geometry": { "type": "Polygon", "coordinates": [ [ [ -58.39567, -34.60094 ], [ -58.3971, -34.60101 ], [ -58.39718, -34.59973 ], [ -58.39581, -34.5997 ], [ -58.39567, -34.60094 ] ] ] } },
{ "type": "Feature", "properties": { "indice_acceso": 0.744 }, "geometry": { "type": "Polygon", "coordinates": [ [ [ -58.39421, -34.60087 ], [ -58.39277, -34.60081 ], [ -58.39259, -34.60199 ], [ -58.39553, -34.60216 ], [ -58.39581, -34.5997 ], [ -58.3944, -34.59967 ], [ -58.39421, -34.60087 ] ] ] } },
{ "type": "Feature", "properties": { "indice_acceso": 0.736 }, "geometry": { "type": "Polygon", "coordinates": [ [ [ -58.39277, -34.60081 ], [ -58.39421, -34.60087 ], [ -58.3944, -34.59967 ], [ -58.39293, -34.59964 ], [ -58.39277, -34.60081 ] ] ] } },
{ "type": "Feature", "properties": { "indice_acceso": 0.781 }, "geometry": { "type": "Polygon", "coordinates": [ [ [ -58.39693, -34.60328 ], [ -58.39837, -34.60331 ], [ -58.3985, -34.60221 ], [ -58.39702, -34.60218 ], [ -58.39693, -34.60328 ] ] ] } },
{ "type": "Feature", "properties": { "indice_acceso": 0.763 }, "geometry": { "type": "Polygon", "coordinates": [ [ [ -58.39542, -34.60326 ], [ -58.39693, -34.60328 ], [ -58.39702, -34.60218 ], [ -58.39553, -34.60216 ], [ -58.39542, -34.60326 ] ] ] } },
{ "type": "Feature", "properties": { "indice_acceso": 0.741 }, "geometry": { "type": "Polygon", "coordinates": [ [ [ -58.39238, -34.60316 ], [ -58.39542, -34.60326 ], [ -58.39553, -34.60216 ], [ -58.39259, -34.60199 ], [ -58.39238, -34.60316 ] ] ] } },
{ "type": "Feature", "properties": { "indice_acceso": 0.738 }, "geometry": { "type": "Polygon", "coordinates": [ [ [ -58.39228, -34.60443 ], [ -58.39386, -34.60446 ], [ -58.39399, -34.60321 ], [ -58.39238, -34.60316 ], [ -58.39228, -34.60443 ] ] ] } },
{ "type": "Feature", "properties": { "indice_acceso": 0.747 }, "geometry": { "type": "Polygon", "coordinates": [ [ [ -58.39386, -34.60446 ], [ -58.39529, -34.6045 ], [ -58.39542, -34.60326 ], [ -58.39399, -34.60321 ], [ -58.39386, -34.60446 ] ] ] } },
{ "type": "Feature", "properties": { "indice_acceso": 0.763 }, "geometry": { "type": "Polygon", "coordinates": [ [ [ -58.39529, -34.6045 ], [ -58.39678, -34.60453 ], [ -58.39693, -34.60328 ], [ -58.39542, -34.60326 ], [ -58.39529, -34.6045 ] ] ] } },
{ "type": "Feature", "properties": { "indice_acceso": 0.779 }, "geometry": { "type": "Polygon", "coordinates": [ [ [ -58.39678, -34.60453 ], [ -58.39822, -34.60458 ], [ -58.39837, -34.60331 ], [ -58.39693, -34.60328 ], [ -58.39678, -34.60453 ] ] ] } },
{ "type": "Feature", "properties": { "indice_acceso": 0.8 }, "geometry": { "type": "Polygon", "coordinates": [ [ [ -58.39798, -34.60602 ], [ -58.39933, -34.60607 ], [ -58.39948, -34.60463 ], [ -58.39822, -34.60458 ], [ -58.39798, -34.60602 ] ] ] } },
{ "type": "Feature", "properties": { "indice_acceso": 0.786 }, "geometry": { "type": "Polygon", "coordinates": [ [ [ -58.39659, -34.60596 ], [ -58.39798, -34.60602 ], [ -58.39822, -34.60458 ], [ -58.39678, -34.60453 ], [ -58.39659, -34.60596 ] ] ] } },
{ "type": "Feature", "properties": { "indice_acceso": 0.759 }, "geometry": { "type": "Polygon", "coordinates": [ [ [ -58.39514, -34.60586 ], [ -58.39659, -34.60596 ], [ -58.39678, -34.60453 ], [ -58.39529, -34.6045 ], [ -58.39514, -34.60586 ] ] ] } },
{ "type": "Feature", "properties": { "indice_acceso": 0.744 }, "geometry": { "type": "Polygon", "coordinates": [ [ [ -58.39228, -34.60443 ], [ -58.3922, -34.60565 ], [ -58.39514, -34.60586 ], [ -58.39529, -34.6045 ], [ -58.39228, -34.60443 ] ] ] } },
{ "type": "Feature", "properties": { "indice_acceso": 0.733 }, "geometry": { "type": "Polygon", "coordinates": [ [ [ -58.39211, -34.60679 ], [ -58.39356, -34.60692 ], [ -58.39369, -34.60576 ], [ -58.3922, -34.60565 ], [ -58.39211, -34.60679 ] ] ] } },
{ "type": "Feature", "properties": { "indice_acceso": 0.75 }, "geometry": { "type": "Polygon", "coordinates": [ [ [ -58.39356, -34.60692 ], [ -58.39503, -34.60706 ], [ -58.39514, -34.60586 ], [ -58.39369, -34.60576 ], [ -58.39356, -34.60692 ] ] ] } },
{ "type": "Feature", "properties": { "indice_acceso": 0.76 }, "geometry": { "type": "Polygon", "coordinates": [ [ [ -58.39503, -34.60706 ], [ -58.39647, -34.60716 ], [ -58.39659, -34.60596 ], [ -58.39514, -34.60586 ], [ -58.39503, -34.60706 ] ] ] } },
{ "type": "Feature", "properties": { "indice_acceso": 0.779 }, "geometry": { "type": "Polygon", "coordinates": [ [ [ -58.39647, -34.60716 ], [ -58.39785, -34.60724 ], [ -58.39798, -34.60602 ], [ -58.39659, -34.60596 ], [ -58.39647, -34.60716 ] ] ] } },
{ "type": "Feature", "properties": { "indice_acceso": 0.794 }, "geometry": { "type": "Polygon", "coordinates": [ [ [ -58.39785, -34.60724 ], [ -58.39926, -34.60733 ], [ -58.39933, -34.60607 ], [ -58.39798, -34.60602 ], [ -58.39785, -34.60724 ] ] ] } },
{ "type": "Feature", "properties": { "indice_acceso": 0.759 }, "geometry": { "type": "Polygon", "coordinates": [ [ [ -58.40457, -34.60561 ], [ -58.40571, -34.60557 ], [ -58.40547, -34.60456 ], [ -58.40448, -34.60466 ], [ -58.40457, -34.60561 ] ] ] } },
{ "type": "Feature", "properties": { "indice_acceso": 0.757 }, "geometry": { "type": "Polygon", "coordinates": [ [ [ -58.40466, -34.60646 ], [ -58.40594, -34.60654 ], [ -58.40571, -34.60557 ], [ -58.40457, -34.60561 ], [ -58.40466, -34.60646 ] ] ] } },
{ "type": "Feature", "properties": { "indice_acceso": 0.781 }, "geometry": { "type": "Polygon", "coordinates": [ [ [ -58.40214, -34.60471 ], [ -58.40204, -34.60626 ], [ -58.40466, -34.60646 ], [ -58.40448, -34.60466 ], [ -58.40214, -34.60471 ] ] ] } },
{ "type": "Feature", "properties": { "indice_acceso": 0.8 }, "geometry": { "type": "Polygon", "coordinates": [ [ [ -58.40073, -34.60615 ], [ -58.40204, -34.60626 ], [ -58.40214, -34.60471 ], [ -58.40083, -34.60467 ], [ -58.40073, -34.60615 ] ] ] } },
{ "type": "Feature", "properties": { "indice_acceso": 0.813 }, "geometry": { "type": "Polygon", "coordinates": [ [ [ -58.39933, -34.60607 ], [ -58.40073, -34.60615 ], [ -58.40083, -34.60467 ], [ -58.39948, -34.60463 ], [ -58.39933, -34.60607 ] ] ] } },
{ "type": "Feature", "properties": { "indice_acceso": 0.814 }, "geometry": { "type": "Polygon", "coordinates": [ [ [ -58.39926, -34.60733 ], [ -58.40064, -34.6074 ], [ -58.40073, -34.60615 ], [ -58.39933, -34.60607 ], [ -58.39926, -34.60733 ] ] ] } },
{ "type": "Feature", "properties": { "indice_acceso": 0.805 }, "geometry": { "type": "Polygon", "coordinates": [ [ [ -58.40064, -34.6074 ], [ -58.40197, -34.60747 ], [ -58.40204, -34.60626 ], [ -58.40073, -34.60615 ], [ -58.40064, -34.6074 ] ] ] } },
{ "type": "Feature", "properties": { "indice_acceso": 0.793 }, "geometry": { "type": "Polygon", "coordinates": [ [ [ -58.40197, -34.60747 ], [ -58.40347, -34.60753 ], [ -58.40354, -34.60638 ], [ -58.40204, -34.60626 ], [ -58.40197, -34.60747 ] ] ] } },
{ "type": "Feature", "properties": { "indice_acceso": 0.767 }, "geometry": { "type": "Polygon", "coordinates": [ [ [ -58.40347, -34.60753 ], [ -58.40475, -34.60762 ], [ -58.40466, -34.60646 ], [ -58.40354, -34.60638 ], [ -58.40347, -34.60753 ] ] ] } },
{ "type": "Feature", "properties": { "indice_acceso": 0.757 }, "geometry": { "type": "Polygon", "coordinates": [ [ [ -58.40475, -34.60762 ], [ -58.40612, -34.60774 ], [ -58.40594, -34.60654 ], [ -58.40466, -34.60646 ], [ -58.40475, -34.60762 ] ] ] } },
{ "type": "Feature", "properties": { "indice_acceso": 0.743 }, "geometry": { "type": "Polygon", "coordinates": [ [ [ -58.41077, -34.60511 ], [ -58.41134, -34.60653 ], [ -58.41365, -34.60612 ], [ -58.41341, -34.60512 ], [ -58.41077, -34.60511 ] ] ] } },
{ "type": "Feature", "properties": { "indice_acceso": 0.74 }, "geometry": { "type": "Polygon", "coordinates": [ [ [ -58.40998, -34.60672 ], [ -58.41134, -34.60653 ], [ -58.41077, -34.60511 ], [ -58.40938, -34.60525 ], [ -58.40998, -34.60672 ] ] ] } },
{ "type": "Feature", "properties": { "indice_acceso": 0.73 }, "geometry": { "type": "Polygon", "coordinates": [ [ [ -58.40874, -34.60668 ], [ -58.40998, -34.60672 ], [ -58.40938, -34.60525 ], [ -58.40822, -34.60535 ], [ -58.40874, -34.60668 ] ] ] } },
{ "type": "Feature", "properties": { "indice_acceso": 0.733 }, "geometry": { "type": "Polygon", "coordinates": [ [ [ -58.40732, -34.60664 ], [ -58.40874, -34.60668 ], [ -58.40822, -34.60535 ], [ -58.40695, -34.60541 ], [ -58.40732, -34.60664 ] ] ] } },
{ "type": "Feature", "properties": { "indice_acceso": 0.745 }, "geometry": { "type": "Polygon", "coordinates": [ [ [ -58.40594, -34.60654 ], [ -58.40732, -34.60664 ], [ -58.40695, -34.60541 ], [ -58.40571, -34.60557 ], [ -58.40594, -34.60654 ] ] ] } },
{ "type": "Feature", "properties": { "indice_acceso": 0.746 }, "geometry": { "type": "Polygon", "coordinates": [ [ [ -58.40603, -34.60884 ], [ -58.41178, -34.60922 ], [ -58.41186, -34.60787 ], [ -58.40911, -34.6079 ], [ -58.40874, -34.60668 ], [ -58.40594, -34.60654 ], [ -58.40603, -34.60884 ] ] ] } },
{ "type": "Feature", "properties": { "indice_acceso": 0.734 }, "geometry": { "type": "Polygon", "coordinates": [ [ [ -58.40874, -34.60668 ], [ -58.40911, -34.6079 ], [ -58.41186, -34.60787 ], [ -58.41134, -34.60653 ], [ -58.40874, -34.60668 ] ] ] } },
{ "type": "Feature", "properties": { "indice_acceso": 0.727 }, "geometry": { "type": "Polygon", "coordinates": [ [ [ -58.41187, -34.60781 ], [ -58.41178, -34.60922 ], [ -58.41316, -34.6093 ], [ -58.4131, -34.61064 ], [ -58.41447, -34.61074 ], [ -58.41466, -34.60819 ], [ -58.4141, -34.60791 ], [ -58.41365, -34.60612 ], [ -58.41134, -34.60653 ], [ -58.41187, -34.60781 ] ] ] } },
{ "type": "Feature", "properties": { "indice_acceso": 0.728 }, "geometry": { "type": "Polygon", "coordinates": [ [ [ -58.4131, -34.61064 ], [ -58.41316, -34.6093 ], [ -58.41178, -34.60922 ], [ -58.41174, -34.61054 ], [ -58.4131, -34.61064 ] ] ] } },
{ "type": "Feature", "properties": { "indice_acceso": 0.758 }, "geometry": { "type": "Polygon", "coordinates": [ [ [ -58.40597, -34.61012 ], [ -58.41174, -34.61054 ], [ -58.41178, -34.60922 ], [ -58.40603, -34.60884 ], [ -58.40597, -34.61012 ] ] ] } },
{ "type": "Feature", "properties": { "indice_acceso": 0.759 }, "geometry": { "type": "Polygon", "coordinates": [ [ [ -58.40457, -34.61004 ], [ -58.40597, -34.61012 ], [ -58.40612, -34.60774 ], [ -58.40475, -34.60762 ], [ -58.40457, -34.61004 ] ] ] } },
{ "type": "Feature", "properties": { "indice_acceso": 0.768 }, "geometry": { "type": "Polygon", "coordinates": [ [ [ -58.4034, -34.6087 ], [ -58.40467, -34.60877 ], [ -58.40475, -34.60762 ], [ -58.40347, -34.60753 ], [ -58.4034, -34.6087 ] ] ] } },
{ "type": "Feature", "properties": { "indice_acceso": 0.788 }, "geometry": { "type": "Polygon", "coordinates": [ [ [ -58.40191, -34.60862 ], [ -58.4034, -34.6087 ], [ -58.40347, -34.60753 ], [ -58.40197, -34.60747 ], [ -58.40191, -34.60862 ] ] ] } },
{ "type": "Feature", "properties": { "indice_acceso": 0.809 }, "geometry": { "type": "Polygon", "coordinates": [ [ [ -58.39926, -34.60733 ], [ -58.39921, -34.60847 ], [ -58.40191, -34.60862 ], [ -58.40197, -34.60747 ], [ -58.39926, -34.60733 ] ] ] } },
{ "type": "Feature", "properties": { "indice_acceso": 0.799 }, "geometry": { "type": "Polygon", "coordinates": [ [ [ -58.39911, -34.6097 ], [ -58.40047, -34.6098 ], [ -58.40055, -34.60856 ], [ -58.39921, -34.60847 ], [ -58.39911, -34.6097 ] ] ] } },
{ "type": "Feature", "properties": { "indice_acceso": 0.789 }, "geometry": { "type": "Polygon", "coordinates": [ [ [ -58.40047, -34.6098 ], [ -58.40179, -34.60989 ], [ -58.40191, -34.60862 ], [ -58.40055, -34.60856 ], [ -58.40047, -34.6098 ] ] ] } },
{ "type": "Feature", "properties": { "indice_acceso": 0.769 }, "geometry": { "type": "Polygon", "coordinates": [ [ [ -58.40179, -34.60989 ], [ -58.40333, -34.60998 ], [ -58.4034, -34.6087 ], [ -58.40191, -34.60862 ], [ -58.40179, -34.60989 ] ] ] } },
{ "type": "Feature", "properties": { "indice_acceso": 0.761 }, "geometry": { "type": "Polygon", "coordinates": [ [ [ -58.40333, -34.60998 ], [ -58.40457, -34.61004 ], [ -58.40467, -34.60877 ], [ -58.4034, -34.6087 ], [ -58.40333, -34.60998 ] ] ] } },
{ "type": "Feature", "properties": { "indice_acceso": 0.797 }, "geometry": { "type": "Polygon", "coordinates": [ [ [ -58.39773, -34.60837 ], [ -58.39921, -34.60847 ], [ -58.39926, -34.60733 ], [ -58.39785, -34.60724 ], [ -58.39773, -34.60837 ] ] ] } },
{ "type": "Feature", "properties": { "indice_acceso": 0.784 }, "geometry": { "type": "Polygon", "coordinates": [ [ [ -58.39638, -34.60827 ], [ -58.39773, -34.60837 ], [ -58.39785, -34.60724 ], [ -58.39647, -34.60716 ], [ -58.39638, -34.60827 ] ] ] } },
{ "type": "Feature", "properties": { "indice_acceso": 0.763 }, "geometry": { "type": "Polygon", "coordinates": [ [ [ -58.39494, -34.60816 ], [ -58.39638, -34.60827 ], [ -58.39647, -34.60716 ], [ -58.39503, -34.60706 ], [ -58.39494, -34.60816 ] ] ] } },
{ "type": "Feature", "properties": { "indice_acceso": 0.737 }, "geometry": { "type": "Polygon", "coordinates": [ [ [ -58.39196, -34.60917 ], [ -58.39338, -34.60928 ], [ -58.39347, -34.60806 ], [ -58.39494, -34.60816 ], [ -58.39503, -34.60706 ], [ -58.39211, -34.60679 ], [ -58.39196, -34.60917 ] ] ] } },
{ "type": "Feature", "properties": { "indice_acceso": 0.74 }, "geometry": { "type": "Polygon", "coordinates": [ [ [ -58.39487, -34.60939 ], [ -58.39494, -34.60816 ], [ -58.39347, -34.60806 ], [ -58.39338, -34.60928 ], [ -58.39487, -34.60939 ] ] ] } },
{ "type": "Feature", "properties": { "indice_acceso": 0.757 }, "geometry": { "type": "Polygon", "coordinates": [ [ [ -58.39487, -34.60939 ], [ -58.39629, -34.60948 ], [ -58.39638, -34.60827 ], [ -58.39494, -34.60816 ], [ -58.39487, -34.60939 ] ] ] } },
{ "type": "Feature", "properties": { "indice_acceso": 0.77 }, "geometry": { "type": "Polygon", "coordinates": [ [ [ -58.39629, -34.60948 ], [ -58.39759, -34.60957 ], [ -58.39773, -34.60837 ], [ -58.39638, -34.60827 ], [ -58.39629, -34.60948 ] ] ] } },
{ "type": "Feature", "properties": { "indice_acceso": 0.793 }, "geometry": { "type": "Polygon", "coordinates": [ [ [ -58.39759, -34.60957 ], [ -58.39911, -34.6097 ], [ -58.39921, -34.60847 ], [ -58.39773, -34.60837 ], [ -58.39759, -34.60957 ] ] ] } },
{ "type": "Feature", "properties": { "indice_acceso": 0.782 }, "geometry": { "type": "Polygon", "coordinates": [ [ [ -58.39907, -34.61081 ], [ -58.40039, -34.61091 ], [ -58.40047, -34.6098 ], [ -58.39911, -34.6097 ], [ -58.39907, -34.61081 ] ] ] } },
{ "type": "Feature", "properties": { "indice_acceso": 0.763 }, "geometry": { "type": "Polygon", "coordinates": [ [ [ -58.39747, -34.61068 ], [ -58.39907, -34.61081 ], [ -58.39911, -34.6097 ], [ -58.39759, -34.60957 ], [ -58.39747, -34.61068 ] ] ] } },
{ "type": "Feature", "properties": { "indice_acceso": 0.749 }, "geometry": { "type": "Polygon", "coordinates": [ [ [ -58.39622, -34.6106 ], [ -58.39747, -34.61068 ], [ -58.39759, -34.60957 ], [ -58.39629, -34.60948 ], [ -58.39622, -34.6106 ] ] ] } },
{ "type": "Feature", "properties": { "indice_acceso": 0.748 }, "geometry": { "type": "Polygon", "coordinates": [ [ [ -58.39482, -34.61051 ], [ -58.39622, -34.6106 ], [ -58.39629, -34.60948 ], [ -58.39487, -34.60939 ], [ -58.39482, -34.61051 ] ] ] } },
{ "type": "Feature", "properties": { "indice_acceso": 0.738 }, "geometry": { "type": "Polygon", "coordinates": [ [ [ -58.39333, -34.61043 ], [ -58.39482, -34.61051 ], [ -58.39487, -34.60939 ], [ -58.39338, -34.60928 ], [ -58.39333, -34.61043 ] ] ] } },
{ "type": "Feature", "properties": { "indice_acceso": 0.734 }, "geometry": { "type": "Polygon", "coordinates": [ [ [ -58.39338, -34.60928 ], [ -58.39196, -34.60917 ], [ -58.3918, -34.6115 ], [ -58.39314, -34.61159 ], [ -58.39338, -34.60928 ] ] ] } },
{ "type": "Feature", "properties": { "indice_acceso": 0.742 }, "geometry": { "type": "Polygon", "coordinates": [ [ [ -58.39331, -34.6116 ], [ -58.39477, -34.61169 ], [ -58.39482, -34.61051 ], [ -58.39333, -34.61043 ], [ -58.39331, -34.6116 ] ] ] } },
{ "type": "Feature", "properties": { "indice_acceso": 0.742 }, "geometry": { "type": "Polygon", "coordinates": [ [ [ -58.39477, -34.61169 ], [ -58.39617, -34.61178 ], [ -58.39622, -34.6106 ], [ -58.39482, -34.61051 ], [ -58.39477, -34.61169 ] ] ] } },
{ "type": "Feature", "properties": { "indice_acceso": 0.743 }, "geometry": { "type": "Polygon", "coordinates": [ [ [ -58.39617, -34.61178 ], [ -58.39744, -34.61187 ], [ -58.39747, -34.61068 ], [ -58.39622, -34.6106 ], [ -58.39617, -34.61178 ] ] ] } },
{ "type": "Feature", "properties": { "indice_acceso": 0.752 }, "geometry": { "type": "Polygon", "coordinates": [ [ [ -58.39744, -34.61187 ], [ -58.40032, -34.61208 ], [ -58.40039, -34.61091 ], [ -58.39747, -34.61068 ], [ -58.39744, -34.61187 ] ] ] } },
{ "type": "Feature", "properties": { "indice_acceso": 0.765 }, "geometry": { "type": "Polygon", "coordinates": [ [ [ -58.40023, -34.6132 ], [ -58.40013, -34.61436 ], [ -58.40135, -34.61443 ], [ -58.40144, -34.61326 ], [ -58.40023, -34.6132 ] ] ] } },
{ "type": "Feature", "properties": { "indice_acceso": 0.754 }, "geometry": { "type": "Polygon", "coordinates": [ [ [ -58.39878, -34.61428 ], [ -58.40013, -34.61436 ], [ -58.40023, -34.6132 ], [ -58.40144, -34.61326 ], [ -58.40155, -34.61218 ], [ -58.39896, -34.61198 ], [ -58.39878, -34.61428 ] ] ] } },
{ "type": "Feature", "properties": { "indice_acceso": 0.744 }, "geometry": { "type": "Polygon", "coordinates": [ [ [ -58.39743, -34.61305 ], [ -58.39887, -34.61313 ], [ -58.39896, -34.61198 ], [ -58.39744, -34.61187 ], [ -58.39743, -34.61305 ] ] ] } },
{ "type": "Feature", "properties": { "indice_acceso": 0.745 }, "geometry": { "type": "Polygon", "coordinates": [ [ [ -58.39615, -34.61298 ], [ -58.39743, -34.61305 ], [ -58.39744, -34.61187 ], [ -58.39617, -34.61178 ], [ -58.39615, -34.61298 ] ] ] } },
{ "type": "Feature", "properties": { "indice_acceso": 0.744 }, "geometry": { "type": "Polygon", "coordinates": [ [ [ -58.39472, -34.61288 ], [ -58.39615, -34.61298 ], [ -58.39617, -34.61178 ], [ -58.39477, -34.61169 ], [ -58.39472, -34.61288 ] ] ] } },
{ "type": "Feature", "properties": { "indice_acceso": 0.744 }, "geometry": { "type": "Polygon", "coordinates": [ [ [ -58.39327, -34.61278 ], [ -58.39472, -34.61288 ], [ -58.39477, -34.61169 ], [ -58.39331, -34.6116 ], [ -58.39327, -34.61278 ] ] ] } },
{ "type": "Feature", "properties": { "indice_acceso": 0.732 }, "geometry": { "type": "Polygon", "coordinates": [ [ [ -58.39175, -34.61266 ], [ -58.39327, -34.61278 ], [ -58.39331, -34.6116 ], [ -58.3918, -34.6115 ], [ -58.39175, -34.61266 ] ] ] } },
{ "type": "Feature", "properties": { "indice_acceso": 0.736 }, "geometry": { "type": "Polygon", "coordinates": [ [ [ -58.39171, -34.61383 ], [ -58.39324, -34.61393 ], [ -58.39327, -34.61278 ], [ -58.39175, -34.61266 ], [ -58.39171, -34.61383 ] ] ] } },
{ "type": "Feature", "properties": { "indice_acceso": 0.743 }, "geometry": { "type": "Polygon", "coordinates": [ [ [ -58.39324, -34.61393 ], [ -58.39467, -34.61404 ], [ -58.39472, -34.61288 ], [ -58.39327, -34.61278 ], [ -58.39324, -34.61393 ] ] ] } },
{ "type": "Feature", "properties": { "indice_acceso": 0.745 }, "geometry": { "type": "Polygon", "coordinates": [ [ [ -58.39467, -34.61404 ], [ -58.39613, -34.61414 ], [ -58.39615, -34.61298 ], [ -58.39472, -34.61288 ], [ -58.39467, -34.61404 ] ] ] } },
{ "type": "Feature", "properties": { "indice_acceso": 0.748 }, "geometry": { "type": "Polygon", "coordinates": [ [ [ -58.39615, -34.61298 ], [ -58.39613, -34.61414 ], [ -58.39878, -34.61428 ], [ -58.39887, -34.61313 ], [ -58.39615, -34.61298 ] ] ] } },
{ "type": "Feature", "properties": { "indice_acceso": 0.766 }, "geometry": { "type": "Polygon", "coordinates": [ [ [ -58.40841, -34.61509 ], [ -58.40967, -34.61525 ], [ -58.41007, -34.61269 ], [ -58.40871, -34.61261 ], [ -58.40841, -34.61509 ] ] ] } },
{ "type": "Feature", "properties": { "indice_acceso": 0.761 }, "geometry": { "type": "Polygon", "coordinates": [ [ [ -58.40654, -34.61363 ], [ -58.4086, -34.61397 ], [ -58.40871, -34.61261 ], [ -58.40694, -34.61251 ], [ -58.40654, -34.61363 ] ] ] } },
{ "type": "Feature", "properties": { "indice_acceso": 0.761 }, "geometry": { "type": "Polygon", "coordinates": [ [ [ -58.40528, -34.61342 ], [ -58.40654, -34.61363 ], [ -58.40694, -34.61251 ], [ -58.40556, -34.61242 ], [ -58.40528, -34.61342 ] ] ] } },
{ "type": "Feature", "properties": { "indice_acceso": 0.762 }, "geometry": { "type": "Polygon", "coordinates": [ [ [ -58.40313, -34.61336 ], [ -58.40528, -34.61342 ], [ -58.40556, -34.61242 ], [ -58.40324, -34.61228 ], [ -58.40313, -34.61336 ] ] ] } },
{ "type": "Feature", "properties": { "indice_acceso": 0.765 }, "geometry": { "type": "Polygon", "coordinates": [ [ [ -58.40144, -34.61326 ], [ -58.40313, -34.61336 ], [ -58.40324, -34.61228 ], [ -58.40155, -34.61218 ], [ -58.40144, -34.61326 ] ] ] } },
{ "type": "Feature", "properties": { "indice_acceso": 0.765 }, "geometry": { "type": "Polygon", "coordinates": [ [ [ -58.40135, -34.61443 ], [ -58.403, -34.61453 ], [ -58.40313, -34.61336 ], [ -58.40144, -34.61326 ], [ -58.40135, -34.61443 ] ] ] } },
{ "type": "Feature", "properties": { "indice_acceso": 0.763 }, "geometry": { "type": "Polygon", "coordinates": [ [ [ -58.403, -34.61453 ], [ -58.40407, -34.6146 ], [ -58.40422, -34.6134 ], [ -58.40313, -34.61336 ], [ -58.403, -34.61453 ] ] ] } },
{ "type": "Feature", "properties": { "indice_acceso": 0.762 }, "geometry": { "type": "Polygon", "coordinates": [ [ [ -58.40407, -34.6146 ], [ -58.40492, -34.61464 ], [ -58.40528, -34.61342 ], [ -58.40422, -34.6134 ], [ -58.40407, -34.6146 ] ] ] } },
{ "type": "Feature", "properties": { "indice_acceso": 0.761 }, "geometry": { "type": "Polygon", "coordinates": [ [ [ -58.40492, -34.61464 ], [ -58.40619, -34.61481 ], [ -58.40654, -34.61363 ], [ -58.40528, -34.61342 ], [ -58.40492, -34.61464 ] ] ] } },
{ "type": "Feature", "properties": { "indice_acceso": 0.762 }, "geometry": { "type": "Polygon", "coordinates": [ [ [ -58.40619, -34.61481 ], [ -58.40841, -34.61509 ], [ -58.4086, -34.61397 ], [ -58.40654, -34.61363 ], [ -58.40619, -34.61481 ] ] ] } },
{ "type": "Feature", "properties": { "indice_acceso": 0.761 }, "geometry": { "type": "Polygon", "coordinates": [ [ [ -58.40733, -34.61137 ], [ -58.4088, -34.61147 ], [ -58.40888, -34.61034 ], [ -58.40767, -34.61024 ], [ -58.40733, -34.61137 ] ] ] } },
{ "type": "Feature", "properties": { "indice_acceso": 0.759 }, "geometry": { "type": "Polygon", "coordinates": [ [ [ -58.40694, -34.61251 ], [ -58.40871, -34.61261 ], [ -58.4088, -34.61147 ], [ -58.40733, -34.61137 ], [ -58.40694, -34.61251 ] ] ] } },
{ "type": "Feature", "properties": { "indice_acceso": 0.759 }, "geometry": { "type": "Polygon", "coordinates": [ [ [ -58.40556, -34.61242 ], [ -58.40694, -34.61251 ], [ -58.40733, -34.61137 ], [ -58.40583, -34.61127 ], [ -58.40556, -34.61242 ] ] ] } },
{ "type": "Feature", "properties": { "indice_acceso": 0.761 }, "geometry": { "type": "Polygon", "coordinates": [ [ [ -58.40457, -34.61004 ], [ -58.40449, -34.61118 ], [ -58.40733, -34.61137 ], [ -58.40767, -34.61024 ], [ -58.40457, -34.61004 ] ] ] } },
{ "type": "Feature", "properties": { "indice_acceso": 0.762 }, "geometry": { "type": "Polygon", "coordinates": [ [ [ -58.40324, -34.61228 ], [ -58.40556, -34.61242 ], [ -58.40583, -34.61127 ], [ -58.40449, -34.61118 ], [ -58.40457, -34.61004 ], [ -58.40333, -34.60998 ], [ -58.40324, -34.61228 ] ] ] } },
{ "type": "Feature", "properties": { "indice_acceso": 0.765 }, "geometry": { "type": "Polygon", "coordinates": [ [ [ -58.40167, -34.611 ], [ -58.40329, -34.6111 ], [ -58.40333, -34.60998 ], [ -58.40179, -34.60989 ], [ -58.40167, -34.611 ] ] ] } },
{ "type": "Feature", "properties": { "indice_acceso": 0.765 }, "geometry": { "type": "Polygon", "coordinates": [ [ [ -58.40155, -34.61218 ], [ -58.40324, -34.61228 ], [ -58.40329, -34.6111 ], [ -58.40167, -34.611 ], [ -58.40155, -34.61218 ] ] ] } },
{ "type": "Feature", "properties": { "indice_acceso": 0.765 }, "geometry": { "type": "Polygon", "coordinates": [ [ [ -58.40032, -34.61208 ], [ -58.40155, -34.61218 ], [ -58.40167, -34.611 ], [ -58.40039, -34.61091 ], [ -58.40032, -34.61208 ] ] ] } },
{ "type": "Feature", "properties": { "indice_acceso": 0.774 }, "geometry": { "type": "Polygon", "coordinates": [ [ [ -58.40039, -34.61091 ], [ -58.40167, -34.611 ], [ -58.40179, -34.60989 ], [ -58.40047, -34.6098 ], [ -58.40039, -34.61091 ] ] ] } },
{ "type": "Feature", "properties": { "indice_acceso": 0.725 }, "geometry": { "type": "Polygon", "coordinates": [ [ [ -58.41302, -34.61248 ], [ -58.41343, -34.61262 ], [ -58.41447, -34.61074 ], [ -58.4131, -34.61064 ], [ -58.41302, -34.61248 ] ] ] } },
{ "type": "Feature", "properties": { "indice_acceso": 0.739 }, "geometry": { "type": "Polygon", "coordinates": [ [ [ -58.41168, -34.61185 ], [ -58.41302, -34.61248 ], [ -58.4131, -34.61064 ], [ -58.41174, -34.61054 ], [ -58.41168, -34.61185 ] ] ] } },
{ "type": "Feature", "properties": { "indice_acceso": 0.748 }, "geometry": { "type": "Polygon", "coordinates": [ [ [ -58.41024, -34.61157 ], [ -58.41168, -34.61185 ], [ -58.41174, -34.61054 ], [ -58.41034, -34.61044 ], [ -58.41024, -34.61157 ] ] ] } },
{ "type": "Feature", "properties": { "indice_acceso": 0.76 }, "geometry": { "type": "Polygon", "coordinates": [ [ [ -58.4088, -34.61147 ], [ -58.41024, -34.61157 ], [ -58.41034, -34.61044 ], [ -58.40888, -34.61034 ], [ -58.4088, -34.61147 ] ] ] } },
{ "type": "Feature", "properties": { "indice_acceso": 0.761 }, "geometry": { "type": "Polygon", "coordinates": [ [ [ -58.40871, -34.61261 ], [ -58.41007, -34.61269 ], [ -58.41024, -34.61157 ], [ -58.4088, -34.61147 ], [ -58.40871, -34.61261 ] ] ] } },
{ "type": "Feature", "properties": { "indice_acceso": 0.758 }, "geometry": { "type": "Polygon", "coordinates": [ [ [ -58.41007, -34.61269 ], [ -58.41146, -34.61304 ], [ -58.41168, -34.61185 ], [ -58.41024, -34.61157 ], [ -58.41007, -34.61269 ] ] ] } },
{ "type": "Feature", "properties": { "indice_acceso": 0.743 }, "geometry": { "type": "Polygon", "coordinates": [ [ [ -58.41146, -34.61304 ], [ -58.41312, -34.61342 ], [ -58.41343, -34.61262 ], [ -58.41168, -34.61185 ], [ -58.41146, -34.61304 ] ] ] } },
{ "type": "Feature", "properties": { "indice_acceso": 0.762 }, "geometry": { "type": "Polygon", "coordinates": [ [ [ -58.40987, -34.614 ], [ -58.41287, -34.61411 ], [ -58.41312, -34.61342 ], [ -58.41007, -34.61269 ], [ -58.40987, -34.614 ] ] ] } },
{ "type": "Feature", "properties": { "indice_acceso": 0.772 }, "geometry": { "type": "Polygon", "coordinates": [ [ [ -58.40967, -34.61525 ], [ -58.41282, -34.61544 ], [ -58.41287, -34.61411 ], [ -58.40987, -34.614 ], [ -58.40967, -34.61525 ] ] ] } },
{ "type": "Feature", "properties": { "indice_acceso": 0.791 }, "geometry": { "type": "Polygon", "coordinates": [ [ [ -58.41101, -34.61663 ], [ -58.41276, -34.61663 ], [ -58.41282, -34.61544 ], [ -58.41114, -34.61534 ], [ -58.41101, -34.61663 ] ] ] } },
{ "type": "Feature", "properties": { "indice_acceso": 0.792 }, "geometry": { "type": "Polygon", "coordinates": [ [ [ -58.40823, -34.6165 ], [ -58.41101, -34.61663 ], [ -58.41114, -34.61534 ], [ -58.40841, -34.61509 ], [ -58.40823, -34.6165 ] ] ] } },
{ "type": "Feature", "properties": { "indice_acceso": 0.778 }, "geometry": { "type": "Polygon", "coordinates": [ [ [ -58.40694, -34.61635 ], [ -58.40823, -34.6165 ], [ -58.40841, -34.61509 ], [ -58.40728, -34.61494 ], [ -58.40694, -34.61635 ] ] ] } },
{ "type": "Feature", "properties": { "indice_acceso": 0.808 }, "geometry": { "type": "Polygon", "coordinates": [ [ [ -58.40657, -34.61781 ], [ -58.40803, -34.61828 ], [ -58.40823, -34.6165 ], [ -58.40694, -34.61635 ], [ -58.40657, -34.61781 ] ] ] } },
{ "type": "Feature", "properties": { "indice_acceso": 0.837 }, "geometry": { "type": "Polygon", "coordinates": [ [ [ -58.40803, -34.61828 ], [ -58.41098, -34.61905 ], [ -58.41101, -34.61663 ], [ -58.40823, -34.6165 ], [ -58.40803, -34.61828 ] ] ] } },
{ "type": "Feature", "properties": { "indice_acceso": 0.806 }, "geometry": { "type": "Polygon", "coordinates": [ [ [ -58.41098, -34.61905 ], [ -58.41264, -34.6194 ], [ -58.41276, -34.61663 ], [ -58.41101, -34.61663 ], [ -58.41098, -34.61905 ] ] ] } },
{ "type": "Feature", "properties": { "indice_acceso": 0.833 }, "geometry": { "type": "Polygon", "coordinates": [ [ [ -58.40925, -34.62002 ], [ -58.41255, -34.62064 ], [ -58.41264, -34.6194 ], [ -58.40933, -34.6187 ], [ -58.40925, -34.62002 ] ] ] } },
{ "type": "Feature", "properties": { "indice_acceso": 0.806 }, "geometry": { "type": "Polygon", "coordinates": [ [ [ -58.40638, -34.61943 ], [ -58.40925, -34.62002 ], [ -58.40933, -34.6187 ], [ -58.40657, -34.61781 ], [ -58.40638, -34.61943 ] ] ] } },
{ "type": "Feature", "properties": { "indice_acceso": 0.788 }, "geometry": { "type": "Polygon", "coordinates": [ [ [ -58.40503, -34.61916 ], [ -58.40638, -34.61943 ], [ -58.40657, -34.61781 ], [ -58.40547, -34.61747 ], [ -58.40503, -34.61916 ] ] ] } },
{ "type": "Feature", "properties": { "indice_acceso": 0.778 }, "geometry": { "type": "Polygon", "coordinates": [ [ [ -58.40547, -34.61747 ], [ -58.40657, -34.61781 ], [ -58.40694, -34.61635 ], [ -58.40582, -34.61609 ], [ -58.40547, -34.61747 ] ] ] } },
{ "type": "Feature", "properties": { "indice_acceso": 0.763 }, "geometry": { "type": "Polygon", "coordinates": [ [ [ -58.40582, -34.61609 ], [ -58.40694, -34.61635 ], [ -58.40728, -34.61494 ], [ -58.40619, -34.61481 ], [ -58.40582, -34.61609 ] ] ] } },
{ "type": "Feature", "properties": { "indice_acceso": 0.762 }, "geometry": { "type": "Polygon", "coordinates": [ [ [ -58.40456, -34.61583 ], [ -58.40582, -34.61609 ], [ -58.40619, -34.61481 ], [ -58.40492, -34.61464 ], [ -58.40456, -34.61583 ] ] ] } },
{ "type": "Feature", "properties": { "indice_acceso": 0.764 }, "geometry": { "type": "Polygon", "coordinates": [ [ [ -58.403, -34.61453 ], [ -58.40287, -34.61544 ], [ -58.40456, -34.61583 ], [ -58.40492, -34.61464 ], [ -58.403, -34.61453 ] ] ] } },
{ "type": "Feature", "properties": { "indice_acceso": 0.765 }, "geometry": { "type": "Polygon", "coordinates": [ [ [ -58.40125, -34.61551 ], [ -58.40287, -34.61544 ], [ -58.403, -34.61453 ], [ -58.40135, -34.61443 ], [ -58.40125, -34.61551 ] ] ] } },
{ "type": "Feature", "properties": { "indice_acceso": 0.756 }, "geometry": { "type": "Polygon", "coordinates": [ [ [ -58.40116, -34.61656 ], [ -58.40268, -34.61674 ], [ -58.40287, -34.61544 ], [ -58.40125, -34.61551 ], [ -58.40116, -34.61656 ] ] ] } },
{ "type": "Feature", "properties": { "indice_acceso": 0.762 }, "geometry": { "type": "Polygon", "coordinates": [ [ [ -58.40268, -34.61674 ], [ -58.40414, -34.61704 ], [ -58.40456, -34.61583 ], [ -58.40287, -34.61544 ], [ -58.40268, -34.61674 ] ] ] } },
{ "type": "Feature", "properties": { "indice_acceso": 0.767 }, "geometry": { "type": "Polygon", "coordinates": [ [ [ -58.40414, -34.61704 ], [ -58.40547, -34.61747 ], [ -58.40582, -34.61609 ], [ -58.40456, -34.61583 ], [ -58.40414, -34.61704 ] ] ] } },
{ "type": "Feature", "properties": { "indice_acceso": 0.77 }, "geometry": { "type": "Polygon", "coordinates": [ [ [ -58.40351, -34.61884 ], [ -58.40503, -34.61916 ], [ -58.40547, -34.61747 ], [ -58.40414, -34.61704 ], [ -58.40351, -34.61884 ] ] ] } },
{ "type": "Feature", "properties": { "indice_acceso": 0.749 }, "geometry": { "type": "Polygon", "coordinates": [ [ [ -58.40108, -34.61764 ], [ -58.40246, -34.61777 ], [ -58.40225, -34.61875 ], [ -58.40351, -34.61884 ], [ -58.40414, -34.61704 ], [ -58.40116, -34.61656 ], [ -58.40108, -34.61764 ] ] ] } },
{ "type": "Feature", "properties": { "indice_acceso": 0.745 }, "geometry": { "type": "Polygon", "coordinates": [ [ [ -58.40098, -34.61867 ], [ -58.40225, -34.61875 ], [ -58.40246, -34.61777 ], [ -58.40108, -34.61764 ], [ -58.40098, -34.61867 ] ] ] } },
{ "type": "Feature", "properties": { "indice_acceso": 0.76 }, "geometry": { "type": "Polygon", "coordinates": [ [ [ -58.39929, -34.61431 ], [ -58.39922, -34.61515 ], [ -58.40125, -34.61551 ], [ -58.40135, -34.61443 ], [ -58.39929, -34.61431 ] ] ] } },
{ "type": "Feature", "properties": { "indice_acceso": 0.755 }, "geometry": { "type": "Polygon", "coordinates": [ [ [ -58.39748, -34.61421 ], [ -58.39744, -34.61474 ], [ -58.39922, -34.61515 ], [ -58.39929, -34.61431 ], [ -58.39748, -34.61421 ] ] ] } },
{ "type": "Feature", "properties": { "indice_acceso": 0.744 }, "geometry": { "type": "Polygon", "coordinates": [ [ [ -58.3961, -34.61599 ], [ -58.39774, -34.61616 ], [ -58.39787, -34.61484 ], [ -58.39744, -34.61474 ], [ -58.39748, -34.61421 ], [ -58.39613, -34.61414 ], [ -58.3961, -34.61599 ] ] ] } },
{ "type": "Feature", "properties": { "indice_acceso": 0.756 }, "geometry": { "type": "Polygon", "coordinates": [ [ [ -58.39774, -34.61616 ], [ -58.39914, -34.61632 ], [ -58.39922, -34.61515 ], [ -58.39787, -34.61484 ], [ -58.39774, -34.61616 ] ] ] } },
{ "type": "Feature", "properties": { "indice_acceso": 0.756 }, "geometry": { "type": "Polygon", "coordinates": [ [ [ -58.39914, -34.61632 ], [ -58.40116, -34.61656 ], [ -58.40125, -34.61551 ], [ -58.39922, -34.61515 ], [ -58.39914, -34.61632 ] ] ] } },
{ "type": "Feature", "properties": { "indice_acceso": 0.746 }, "geometry": { "type": "Polygon", "coordinates": [ [ [ -58.40004, -34.6186 ], [ -58.40098, -34.61867 ], [ -58.40116, -34.61656 ], [ -58.40022, -34.61645 ], [ -58.40004, -34.6186 ] ] ] } },
{ "type": "Feature", "properties": { "indice_acceso": 0.752 }, "geometry": { "type": "Polygon", "coordinates": [ [ [ -58.39606, -34.6172 ], [ -58.40013, -34.61755 ], [ -58.40022, -34.61645 ], [ -58.3961, -34.61599 ], [ -58.39606, -34.6172 ] ] ] } },
{ "type": "Feature", "properties": { "indice_acceso": 0.75 }, "geometry": { "type": "Polygon", "coordinates": [ [ [ -58.39599, -34.61838 ], [ -58.39752, -34.61846 ], [ -58.39762, -34.61732 ], [ -58.39606, -34.6172 ], [ -58.39599, -34.61838 ] ] ] } },
{ "type": "Feature", "properties": { "indice_acceso": 0.758 }, "geometry": { "type": "Polygon", "coordinates": [ [ [ -58.39752, -34.61846 ], [ -58.39896, -34.61854 ], [ -58.39906, -34.61745 ], [ -58.39762, -34.61732 ], [ -58.39752, -34.61846 ] ] ] } },
{ "type": "Feature", "properties": { "indice_acceso": 0.753 }, "geometry": { "type": "Polygon", "coordinates": [ [ [ -58.39896, -34.61854 ], [ -58.40004, -34.6186 ], [ -58.40013, -34.61755 ], [ -58.39906, -34.61745 ], [ -58.39896, -34.61854 ] ] ] } },
{ "type": "Feature", "properties": { "indice_acceso": 0.744 }, "geometry": { "type": "Polygon", "coordinates": [ [ [ -58.39463, -34.61515 ], [ -58.39612, -34.61525 ], [ -58.39613, -34.61414 ], [ -58.39467, -34.61404 ], [ -58.39463, -34.61515 ] ] ] } },
{ "type": "Feature", "properties": { "indice_acceso": 0.744 }, "geometry": { "type": "Polygon", "coordinates": [ [ [ -58.3932, -34.61503 ], [ -58.39463, -34.61515 ], [ -58.39467, -34.61404 ], [ -58.39324, -34.61393 ], [ -58.3932, -34.61503 ] ] ] } },
{ "type": "Feature", "properties": { "indice_acceso": 0.736 }, "geometry": { "type": "Polygon", "coordinates": [ [ [ -58.39167, -34.61492 ], [ -58.3932, -34.61503 ], [ -58.39324, -34.61393 ], [ -58.39171, -34.61383 ], [ -58.39167, -34.61492 ] ] ] } },
{ "type": "Feature", "properties": { "indice_acceso": 0.735 }, "geometry": { "type": "Polygon", "coordinates": [ [ [ -58.39166, -34.6157 ], [ -58.39318, -34.61579 ], [ -58.3932, -34.61503 ], [ -58.39167, -34.61492 ], [ -58.39166, -34.6157 ] ] ] } },
{ "type": "Feature", "properties": { "indice_acceso": 0.743 }, "geometry": { "type": "Polygon", "coordinates": [ [ [ -58.39318, -34.61579 ], [ -58.39459, -34.61589 ], [ -58.39463, -34.61515 ], [ -58.3932, -34.61503 ], [ -58.39318, -34.61579 ] ] ] } },
{ "type": "Feature", "properties": { "indice_acceso": 0.745 }, "geometry": { "type": "Polygon", "coordinates": [ [ [ -58.39459, -34.61589 ], [ -58.3961, -34.61599 ], [ -58.39612, -34.61525 ], [ -58.39463, -34.61515 ], [ -58.39459, -34.61589 ] ] ] } },
{ "type": "Feature", "properties": { "indice_acceso": 0.744 }, "geometry": { "type": "Polygon", "coordinates": [ [ [ -58.39318, -34.61698 ], [ -58.39606, -34.6172 ], [ -58.3961, -34.61599 ], [ -58.39318, -34.61579 ], [ -58.39318, -34.61698 ] ] ] } },
{ "type": "Feature", "properties": { "indice_acceso": 0.739 }, "geometry": { "type": "Polygon", "coordinates": [ [ [ -58.39167, -34.61688 ], [ -58.39318, -34.61698 ], [ -58.39318, -34.61579 ], [ -58.39166, -34.6157 ], [ -58.39167, -34.61688 ] ] ] } },
{ "type": "Feature", "properties": { "indice_acceso": 0.741 }, "geometry": { "type": "Polygon", "coordinates": [ [ [ -58.3917, -34.61816 ], [ -58.39319, -34.61824 ], [ -58.39318, -34.61698 ], [ -58.39167, -34.61688 ], [ -58.3917, -34.61816 ] ] ] } },
{ "type": "Feature", "properties": { "indice_acceso": 0.744 }, "geometry": { "type": "Polygon", "coordinates": [ [ [ -58.39319, -34.61824 ], [ -58.3945, -34.6183 ], [ -58.39455, -34.61708 ], [ -58.39318, -34.61698 ], [ -58.39319, -34.61824 ] ] ] } },
{ "type": "Feature", "properties": { "indice_acceso": 0.744 }, "geometry": { "type": "Polygon", "coordinates": [ [ [ -58.3945, -34.6183 ], [ -58.39599, -34.61838 ], [ -58.39606, -34.6172 ], [ -58.39455, -34.61708 ], [ -58.3945, -34.6183 ] ] ] } },
{ "type": "Feature", "properties": { "indice_acceso": 0.74 }, "geometry": { "type": "Polygon", "coordinates": [ [ [ -58.3917, -34.61816 ], [ -58.39166, -34.61911 ], [ -58.3945, -34.61953 ], [ -58.3945, -34.6183 ], [ -58.3917, -34.61816 ] ] ] } },
{ "type": "Feature", "properties": { "indice_acceso": 0.746 }, "geometry": { "type": "Polygon", "coordinates": [ [ [ -58.39311, -34.62163 ], [ -58.39446, -34.6217 ], [ -58.3945, -34.61953 ], [ -58.39321, -34.6195 ], [ -58.39311, -34.62163 ] ] ] } },
{ "type": "Feature", "properties": { "indice_acceso": 0.736 }, "geometry": { "type": "Polygon", "coordinates": [ [ [ -58.39162, -34.62022 ], [ -58.39316, -34.62046 ], [ -58.39322, -34.61924 ], [ -58.39166, -34.61911 ], [ -58.39162, -34.62022 ] ] ] } },
{ "type": "Feature", "properties": { "indice_acceso": 0.737 }, "geometry": { "type": "Polygon", "coordinates": [ [ [ -58.39156, -34.62156 ], [ -58.39311, -34.62163 ], [ -58.39313, -34.62034 ], [ -58.39162, -34.62022 ], [ -58.39156, -34.62156 ] ] ] } },
{ "type": "Feature", "properties": { "indice_acceso": 0.743 }, "geometry": { "type": "Polygon", "coordinates": [ [ [ -58.39149, -34.62273 ], [ -58.39293, -34.62282 ], [ -58.39311, -34.62163 ], [ -58.39156, -34.62156 ], [ -58.39149, -34.62273 ] ] ] } },
{ "type": "Feature", "properties": { "indice_acceso": 0.743 }, "geometry": { "type": "Polygon", "coordinates": [ [ [ -58.39273, -34.62404 ], [ -58.39357, -34.62423 ], [ -58.39394, -34.62167 ], [ -58.39311, -34.62163 ], [ -58.39273, -34.62404 ] ] ] } },
{ "type": "Feature", "properties": { "indice_acceso": 0.743 }, "geometry": { "type": "Polygon", "coordinates": [ [ [ -58.39143, -34.62398 ], [ -58.39273, -34.624 ], [ -58.39293, -34.62282 ], [ -58.39149, -34.62273 ], [ -58.39143, -34.62398 ] ] ] } },
{ "type": "Feature", "properties": { "indice_acceso": 0.743 }, "geometry": { "type": "Polygon", "coordinates": [ [ [ -58.39133, -34.62523 ], [ -58.39345, -34.62536 ], [ -58.39357, -34.62423 ], [ -58.39143, -34.62398 ], [ -58.39133, -34.62523 ] ] ] } },
{ "type": "Feature", "properties": { "indice_acceso": 0.742 }, "geometry": { "type": "Polygon", "coordinates": [ [ [ -58.39248, -34.62559 ], [ -58.39302, -34.62565 ], [ -58.39291, -34.62616 ], [ -58.39336, -34.62619 ], [ -58.39345, -34.62536 ], [ -58.39253, -34.6253 ], [ -58.39248, -34.62559 ] ] ] } },
{ "type": "Feature", "properties": { "indice_acceso": 0.745 }, "geometry": { "type": "Polygon", "coordinates": [ [ [ -58.39117, -34.62725 ], [ -58.39321, -34.62745 ], [ -58.39336, -34.62619 ], [ -58.39291, -34.62616 ], [ -58.39302, -34.62565 ], [ -58.39248, -34.62559 ], [ -58.39253, -34.6253 ], [ -58.39133, -34.62523 ], [ -58.39117, -34.62725 ] ] ] } },
{ "type": "Feature", "properties": { "indice_acceso": 0.749 }, "geometry": { "type": "Polygon", "coordinates": [ [ [ -58.39581, -34.62062 ], [ -58.39711, -34.62071 ], [ -58.39752, -34.61846 ], [ -58.39599, -34.61838 ], [ -58.39581, -34.62062 ] ] ] } },
{ "type": "Feature", "properties": { "indice_acceso": 0.745 }, "geometry": { "type": "Polygon", "coordinates": [ [ [ -58.3945, -34.61953 ], [ -58.39592, -34.61956 ], [ -58.39599, -34.61838 ], [ -58.3945, -34.6183 ], [ -58.3945, -34.61953 ] ] ] } },
{ "type": "Feature", "properties": { "indice_acceso": 0.746 }, "geometry": { "type": "Polygon", "coordinates": [ [ [ -58.3945, -34.62054 ], [ -58.39581, -34.62062 ], [ -58.39592, -34.61956 ], [ -58.3945, -34.61953 ], [ -58.3945, -34.62054 ] ] ] } },
{ "type": "Feature", "properties": { "indice_acceso": 0.743 }, "geometry": { "type": "Polygon", "coordinates": [ [ [ -58.39446, -34.6217 ], [ -58.39564, -34.62175 ], [ -58.39581, -34.62062 ], [ -58.3945, -34.62054 ], [ -58.39446, -34.6217 ] ] ] } },
{ "type": "Feature", "properties": { "indice_acceso": 0.763 }, "geometry": { "type": "Polygon", "coordinates": [ [ [ -58.39537, -34.62297 ], [ -58.39636, -34.62306 ], [ -58.39711, -34.62071 ], [ -58.39581, -34.62062 ], [ -58.39537, -34.62297 ] ] ] } },
{ "type": "Feature", "properties": { "indice_acceso": 0.745 }, "geometry": { "type": "Polygon", "coordinates": [ [ [ -58.39394, -34.62167 ], [ -58.39376, -34.62288 ], [ -58.39537, -34.62297 ], [ -58.39564, -34.62175 ], [ -58.39394, -34.62167 ] ] ] } },
{ "type": "Feature", "properties": { "indice_acceso": 0.737 }, "geometry": { "type": "Polygon", "coordinates": [ [ [ -58.39345, -34.62536 ], [ -58.3946, -34.62547 ], [ -58.39494, -34.62295 ], [ -58.39376, -34.62288 ], [ -58.39345, -34.62536 ] ] ] } },
{ "type": "Feature", "properties": { "indice_acceso": 0.74 }, "geometry": { "type": "Polygon", "coordinates": [ [ [ -58.39444, -34.62668 ], [ -58.39553, -34.62679 ], [ -58.39636, -34.62306 ], [ -58.39494, -34.62295 ], [ -58.39444, -34.62668 ] ] ] } },
{ "type": "Feature", "properties": { "indice_acceso": 0.739 }, "geometry": { "type": "Polygon", "coordinates": [ [ [ -58.39321, -34.62745 ], [ -58.39535, -34.62783 ], [ -58.39553, -34.62679 ], [ -58.39444, -34.62668 ], [ -58.3946, -34.62547 ], [ -58.39345, -34.62536 ], [ -58.39321, -34.62745 ] ] ] } },
{ "type": "Feature", "properties": { "indice_acceso": 0.755 }, "geometry": { "type": "Polygon", "coordinates": [ [ [ -58.3985, -34.62081 ], [ -58.39982, -34.62091 ], [ -58.40004, -34.6186 ], [ -58.39896, -34.61854 ], [ -58.3985, -34.62081 ] ] ] } },
{ "type": "Feature", "properties": { "indice_acceso": 0.758 }, "geometry": { "type": "Polygon", "coordinates": [ [ [ -58.39744, -34.6196 ], [ -58.39884, -34.61965 ], [ -58.39896, -34.61854 ], [ -58.39752, -34.61846 ], [ -58.39744, -34.6196 ] ] ] } },
{ "type": "Feature", "properties": { "indice_acceso": 0.763 }, "geometry": { "type": "Polygon", "coordinates": [ [ [ -58.39677, -34.6218 ], [ -58.3982, -34.62189 ], [ -58.39884, -34.61965 ], [ -58.39744, -34.6196 ], [ -58.39677, -34.6218 ] ] ] } },
{ "type": "Feature", "properties": { "indice_acceso": 0.77 }, "geometry": { "type": "Polygon", "coordinates": [ [ [ -58.3982, -34.62189 ], [ -58.39957, -34.62208 ], [ -58.39982, -34.62091 ], [ -58.3985, -34.62081 ], [ -58.3982, -34.62189 ] ] ] } },
{ "type": "Feature", "properties": { "indice_acceso": 0.787 }, "geometry": { "type": "Polygon", "coordinates": [ [ [ -58.39782, -34.62323 ], [ -58.39928, -34.62342 ], [ -58.39957, -34.62208 ], [ -58.3982, -34.62189 ], [ -58.39782, -34.62323 ] ] ] } },
{ "type": "Feature", "properties": { "indice_acceso": 0.785 }, "geometry": { "type": "Polygon", "coordinates": [ [ [ -58.39636, -34.62306 ], [ -58.39782, -34.62323 ], [ -58.3982, -34.62189 ], [ -58.39677, -34.6218 ], [ -58.39636, -34.62306 ] ] ] } },
{ "type": "Feature", "properties": { "indice_acceso": 0.788 }, "geometry": { "type": "Polygon", "coordinates": [ [ [ -58.39596, -34.6243 ], [ -58.3975, -34.62447 ], [ -58.39782, -34.62323 ], [ -58.39636, -34.62306 ], [ -58.39596, -34.6243 ] ] ] } },
{ "type": "Feature", "properties": { "indice_acceso": 0.767 }, "geometry": { "type": "Polygon", "coordinates": [ [ [ -58.3975, -34.62447 ], [ -58.39596, -34.6243 ], [ -58.39574, -34.62559 ], [ -58.39891, -34.62597 ], [ -58.39928, -34.62342 ], [ -58.39782, -34.62323 ], [ -58.3975, -34.62447 ] ] ] } },
{ "type": "Feature", "properties": { "indice_acceso": 0.748 }, "geometry": { "type": "Polygon", "coordinates": [ [ [ -58.39687, -34.6281 ], [ -58.39859, -34.62841 ], [ -58.39891, -34.62597 ], [ -58.39727, -34.62574 ], [ -58.39687, -34.6281 ] ] ] } },
{ "type": "Feature", "properties": { "indice_acceso": 0.736 }, "geometry": { "type": "Polygon", "coordinates": [ [ [ -58.39535, -34.62783 ], [ -58.39687, -34.6281 ], [ -58.39727, -34.62574 ], [ -58.39574, -34.62559 ], [ -58.39535, -34.62783 ] ] ] } },
{ "type": "Feature", "properties": { "indice_acceso": 0.786 }, "geometry": { "type": "Polygon", "coordinates": [ [ [ -58.40321, -34.61981 ], [ -58.40478, -34.6202 ], [ -58.40503, -34.61916 ], [ -58.40351, -34.61884 ], [ -58.40321, -34.61981 ] ] ] } },
{ "type": "Feature", "properties": { "indice_acceso": 0.784 }, "geometry": { "type": "Polygon", "coordinates": [ [ [ -58.40177, -34.62105 ], [ -58.40448, -34.62148 ], [ -58.40478, -34.6202 ], [ -58.40321, -34.61981 ], [ -58.40351, -34.61884 ], [ -58.40225, -34.61875 ], [ -58.40177, -34.62105 ] ] ] } },
{ "type": "Feature", "properties": { "indice_acceso": 0.749 }, "geometry": { "type": "Polygon", "coordinates": [ [ [ -58.39994, -34.61969 ], [ -58.40214, -34.61979 ], [ -58.40225, -34.61875 ], [ -58.40004, -34.6186 ], [ -58.39994, -34.61969 ] ] ] } },
{ "type": "Feature", "properties": { "indice_acceso": 0.763 }, "geometry": { "type": "Polygon", "coordinates": [ [ [ -58.39982, -34.62091 ], [ -58.40177, -34.62105 ], [ -58.40214, -34.61979 ], [ -58.39994, -34.61969 ], [ -58.39982, -34.62091 ] ] ] } },
{ "type": "Feature", "properties": { "indice_acceso": 0.774 }, "geometry": { "type": "Polygon", "coordinates": [ [ [ -58.39957, -34.62208 ], [ -58.40138, -34.62231 ], [ -58.40177, -34.62105 ], [ -58.39982, -34.62091 ], [ -58.39957, -34.62208 ] ] ] } },
{ "type": "Feature", "properties": { "indice_acceso": 0.802 }, "geometry": { "type": "Polygon", "coordinates": [ [ [ -58.40138, -34.62231 ], [ -58.40429, -34.62274 ], [ -58.40448, -34.62148 ], [ -58.40177, -34.62105 ], [ -58.40138, -34.62231 ] ] ] } },
{ "type": "Feature", "properties": { "indice_acceso": 0.799 }, "geometry": { "type": "Polygon", "coordinates": [ [ [ -58.40217, -34.62378 ], [ -58.40401, -34.62401 ], [ -58.40429, -34.62274 ], [ -58.40247, -34.62244 ], [ -58.40217, -34.62378 ] ] ] } },
{ "type": "Feature", "properties": { "indice_acceso": 0.782 }, "geometry": { "type": "Polygon", "coordinates": [ [ [ -58.40042, -34.62356 ], [ -58.40217, -34.62378 ], [ -58.40247, -34.62244 ], [ -58.40061, -34.62221 ], [ -58.40042, -34.62356 ] ] ] } },
{ "type": "Feature", "properties": { "indice_acceso": 0.785 }, "geometry": { "type": "Polygon", "coordinates": [ [ [ -58.39928, -34.62342 ], [ -58.40042, -34.62356 ], [ -58.40061, -34.62221 ], [ -58.39957, -34.62208 ], [ -58.39928, -34.62342 ] ] ] } },
{ "type": "Feature", "properties": { "indice_acceso": 0.856 }, "geometry": { "type": "Polygon", "coordinates": [ [ [ -58.41059, -34.6227 ], [ -58.41204, -34.62298 ], [ -58.41255, -34.62064 ], [ -58.41081, -34.62033 ], [ -58.41059, -34.6227 ] ] ] } },
{ "type": "Feature", "properties": { "indice_acceso": 0.857 }, "geometry": { "type": "Polygon", "coordinates": [ [ [ -58.41075, -34.62157 ], [ -58.41081, -34.62033 ], [ -58.40778, -34.61972 ], [ -58.40757, -34.62088 ], [ -58.41075, -34.62157 ] ] ] } },
{ "type": "Feature", "properties": { "indice_acceso": 0.821 }, "geometry": { "type": "Polygon", "coordinates": [ [ [ -58.40478, -34.6202 ], [ -58.40757, -34.62088 ], [ -58.40778, -34.61972 ], [ -58.40503, -34.61916 ], [ -58.40478, -34.6202 ] ] ] } },
{ "type": "Feature", "properties": { "indice_acceso": 0.837 }, "geometry": { "type": "Polygon", "coordinates": [ [ [ -58.40448, -34.62148 ], [ -58.40736, -34.62205 ], [ -58.40757, -34.62088 ], [ -58.40478, -34.6202 ], [ -58.40448, -34.62148 ] ] ] } },
{ "type": "Feature", "properties": { "indice_acceso": 0.885 }, "geometry": { "type": "Polygon", "coordinates": [ [ [ -58.40721, -34.62321 ], [ -58.409, -34.6235 ], [ -58.40911, -34.62241 ], [ -58.41059, -34.6227 ], [ -58.41075, -34.62157 ], [ -58.40757, -34.62088 ], [ -58.40721, -34.62321 ] ] ] } },
{ "type": "Feature", "properties": { "indice_acceso": 0.843 }, "geometry": { "type": "Polygon", "coordinates": [ [ [ -58.40429, -34.62274 ], [ -58.40721, -34.62321 ], [ -58.40736, -34.62205 ], [ -58.40448, -34.62148 ], [ -58.40429, -34.62274 ] ] ] } },
{ "type": "Feature", "properties": { "indice_acceso": 0.816 }, "geometry": { "type": "Polygon", "coordinates": [ [ [ -58.40401, -34.62401 ], [ -58.40581, -34.62423 ], [ -58.40599, -34.62301 ], [ -58.40429, -34.62274 ], [ -58.40401, -34.62401 ] ] ] } },
{ "type": "Feature", "properties": { "indice_acceso": 0.865 }, "geometry": { "type": "Polygon", "coordinates": [ [ [ -58.40581, -34.62423 ], [ -58.40708, -34.62439 ], [ -58.40721, -34.62321 ], [ -58.40599, -34.62301 ], [ -58.40581, -34.62423 ] ] ] } },
{ "type": "Feature", "properties": { "indice_acceso": 0.869 }, "geometry": { "type": "Polygon", "coordinates": [ [ [ -58.40708, -34.62439 ], [ -58.40887, -34.6246 ], [ -58.409, -34.6235 ], [ -58.40721, -34.62321 ], [ -58.40708, -34.62439 ] ] ] } },
{ "type": "Feature", "properties": { "indice_acceso": 0.887 }, "geometry": { "type": "Polygon", "coordinates": [ [ [ -58.40911, -34.62241 ], [ -58.40887, -34.6246 ], [ -58.41037, -34.62477 ], [ -58.41059, -34.6227 ], [ -58.40911, -34.62241 ] ] ] } },
{ "type": "Feature", "properties": { "indice_acceso": 0.849 }, "geometry": { "type": "Polygon", "coordinates": [ [ [ -58.41037, -34.62477 ], [ -58.41209, -34.62497 ], [ -58.41233, -34.62303 ], [ -58.41059, -34.6227 ], [ -58.41037, -34.62477 ] ] ] } },
{ "type": "Feature", "properties": { "indice_acceso": 0.84 }, "geometry": { "type": "Polygon", "coordinates": [ [ [ -58.41037, -34.62477 ], [ -58.41021, -34.6263 ], [ -58.41199, -34.6265 ], [ -58.41209, -34.62497 ], [ -58.41037, -34.62477 ] ] ] } },
{ "type": "Feature", "properties": { "indice_acceso": 0.848 }, "geometry": { "type": "Polygon", "coordinates": [ [ [ -58.40868, -34.62638 ], [ -58.41021, -34.6263 ], [ -58.41037, -34.62477 ], [ -58.40887, -34.6246 ], [ -58.40868, -34.62638 ] ] ] } },
{ "type": "Feature", "properties": { "indice_acceso": 0.835 }, "geometry": { "type": "Polygon", "coordinates": [ [ [ -58.40675, -34.6272 ], [ -58.40769, -34.62728 ], [ -58.40868, -34.62638 ], [ -58.40887, -34.6246 ], [ -58.40708, -34.62439 ], [ -58.40675, -34.6272 ] ] ] } },
{ "type": "Feature", "properties": { "indice_acceso": 0.79 }, "geometry": { "type": "Polygon", "coordinates": [ [ [ -58.40891, -34.62617 ], [ -58.40769, -34.62728 ], [ -58.41193, -34.62759 ], [ -58.41199, -34.6265 ], [ -58.40891, -34.62617 ] ] ] } },
{ "type": "Feature", "properties": { "indice_acceso": 0.778 }, "geometry": { "type": "Polygon", "coordinates": [ [ [ -58.40987, -34.62989 ], [ -58.41178, -34.63035 ], [ -58.41193, -34.62759 ], [ -58.4101, -34.62745 ], [ -58.40987, -34.62989 ] ] ] } },
{ "type": "Feature", "properties": { "indice_acceso": 0.802 }, "geometry": { "type": "Polygon", "coordinates": [ [ [ -58.40663, -34.62828 ], [ -58.40998, -34.62873 ], [ -58.4101, -34.62745 ], [ -58.40675, -34.6272 ], [ -58.40663, -34.62828 ] ] ] } },
{ "type": "Feature", "properties": { "indice_acceso": 0.797 }, "geometry": { "type": "Polygon", "coordinates": [ [ [ -58.40651, -34.6293 ], [ -58.40987, -34.62989 ], [ -58.40998, -34.62873 ], [ -58.40663, -34.62828 ], [ -58.40651, -34.6293 ] ] ] } },
{ "type": "Feature", "properties": { "indice_acceso": 0.826 }, "geometry": { "type": "Polygon", "coordinates": [ [ [ -58.4056, -34.62577 ], [ -58.4069, -34.62592 ], [ -58.40708, -34.62439 ], [ -58.40581, -34.62423 ], [ -58.4056, -34.62577 ] ] ] } },
{ "type": "Feature", "properties": { "indice_acceso": 0.784 }, "geometry": { "type": "Polygon", "coordinates": [ [ [ -58.40185, -34.6252 ], [ -58.4056, -34.62577 ], [ -58.40581, -34.62423 ], [ -58.40217, -34.62378 ], [ -58.40185, -34.6252 ] ] ] } },
{ "type": "Feature", "properties": { "indice_acceso": 0.772 }, "geometry": { "type": "Polygon", "coordinates": [ [ [ -58.39891, -34.62597 ], [ -58.40018, -34.62617 ], [ -58.40026, -34.62488 ], [ -58.40185, -34.6252 ], [ -58.40217, -34.62378 ], [ -58.39928, -34.62342 ], [ -58.39891, -34.62597 ] ] ] } },
{ "type": "Feature", "properties": { "indice_acceso": 0.77 }, "geometry": { "type": "Polygon", "coordinates": [ [ [ -58.40026, -34.62488 ], [ -58.40018, -34.62617 ], [ -58.39891, -34.62597 ], [ -58.39876, -34.62717 ], [ -58.4053, -34.62795 ], [ -58.40543, -34.62699 ], [ -58.40394, -34.62676 ], [ -58.40415, -34.62559 ], [ -58.40026, -34.62488 ] ] ] } },
{ "type": "Feature", "properties": { "indice_acceso": 0.805 }, "geometry": { "type": "Polygon", "coordinates": [ [ [ -58.40394, -34.62676 ], [ -58.40543, -34.62699 ], [ -58.4053, -34.62795 ], [ -58.40665, -34.62812 ], [ -58.4069, -34.62592 ], [ -58.40415, -34.62559 ], [ -58.40394, -34.62676 ] ] ] } },
{ "type": "Feature", "properties": { "indice_acceso": 0.811 }, "geometry": { "type": "Polygon", "coordinates": [ [ [ -58.40354, -34.62897 ], [ -58.40651, -34.6293 ], [ -58.40665, -34.62812 ], [ -58.40376, -34.62776 ], [ -58.40354, -34.62897 ] ] ] } },
{ "type": "Feature", "properties": { "indice_acceso": 0.768 }, "geometry": { "type": "Polygon", "coordinates": [ [ [ -58.39859, -34.62841 ], [ -58.40354, -34.62897 ], [ -58.40376, -34.62776 ], [ -58.39876, -34.62717 ], [ -58.39859, -34.62841 ] ] ] } },
{ "type": "Feature", "properties": { "indice_acceso": 0.695 }, "geometry": { "type": "Polygon", "coordinates": [ [ [ -58.42979, -34.64684 ], [ -58.43082, -34.64771 ], [ -58.43196, -34.64683 ], [ -58.43297, -34.64787 ], [ -58.43492, -34.64624 ], [ -58.43211, -34.64516 ], [ -58.42979, -34.64684 ] ] ] } },
{ "type": "Feature", "properties": { "indice_acceso": 0.715 }, "geometry": { "type": "Polygon", "coordinates": [ [ [ -58.42947, -34.64878 ], [ -58.43059, -34.64976 ], [ -58.43297, -34.64787 ], [ -58.43196, -34.64683 ], [ -58.42947, -34.64878 ] ] ] } },
{ "type": "Feature", "properties": { "indice_acceso": 0.727 }, "geometry": { "type": "Polygon", "coordinates": [ [ [ -58.429, -34.65243 ], [ -58.43126, -34.65081 ], [ -58.42947, -34.64878 ], [ -58.43082, -34.64771 ], [ -58.42979, -34.64684 ], [ -58.42603, -34.64957 ], [ -58.429, -34.65243 ] ] ] } },
{ "type": "Feature", "properties": { "indice_acceso": 0.702 }, "geometry": { "type": "Polygon", "coordinates": [ [ [ -58.43126, -34.65081 ], [ -58.429, -34.65243 ], [ -58.42972, -34.65312 ], [ -58.42948, -34.65339 ], [ -58.43096, -34.65566 ], [ -58.43199, -34.65489 ], [ -58.43108, -34.65434 ], [ -58.43223, -34.65353 ], [ -58.43155, -34.65301 ], [ -58.43298, -34.65197 ], [ -58.43099, -34.65034 ], [ -58.43126, -34.65081 ] ] ] } },
{ "type": "Feature", "properties": { "indice_acceso": 0.699 }, "geometry": { "type": "Polygon", "coordinates": [ [ [ -58.43155, -34.65301 ], [ -58.43308, -34.6541 ], [ -58.43443, -34.65311 ], [ -58.43298, -34.65197 ], [ -58.43155, -34.65301 ] ] ] } },
{ "type": "Feature", "properties": { "indice_acceso": 0.692 }, "geometry": { "type": "Polygon", "coordinates": [ [ [ -58.43108, -34.65434 ], [ -58.43199, -34.65489 ], [ -58.43308, -34.6541 ], [ -58.43223, -34.65353 ], [ -58.43108, -34.65434 ] ] ] } },
{ "type": "Feature", "properties": { "indice_acceso": 0.708 }, "geometry": { "type": "Polygon", "coordinates": [ [ [ -58.42675, -34.65524 ], [ -58.42879, -34.6572 ], [ -58.43096, -34.65566 ], [ -58.42951, -34.65326 ], [ -58.42675, -34.65524 ] ] ] } },
{ "type": "Feature", "properties": { "indice_acceso": 0.73 }, "geometry": { "type": "Polygon", "coordinates": [ [ [ -58.42759, -34.65464 ], [ -58.42972, -34.65312 ], [ -58.42603, -34.64957 ], [ -58.42391, -34.65111 ], [ -58.42759, -34.65464 ] ] ] } },
{ "type": "Feature", "properties": { "indice_acceso": 0.722 }, "geometry": { "type": "Polygon", "coordinates": [ [ [ -58.42224, -34.65232 ], [ -58.42521, -34.65514 ], [ -58.42688, -34.65395 ], [ -58.42391, -34.65111 ], [ -58.42224, -34.65232 ] ] ] } },
{ "type": "Feature", "properties": { "indice_acceso": 0.704 }, "geometry": { "type": "Polygon", "coordinates": [ [ [ -58.41899, -34.65467 ], [ -58.41808, -34.65542 ], [ -58.42149, -34.65668 ], [ -58.42191, -34.65633 ], [ -58.42069, -34.65509 ], [ -58.42323, -34.65326 ], [ -58.42224, -34.65232 ], [ -58.41899, -34.65467 ] ] ] } },
{ "type": "Feature", "properties": { "indice_acceso": 0.714 }, "geometry": { "type": "Polygon", "coordinates": [ [ [ -58.42069, -34.65509 ], [ -58.42191, -34.65633 ], [ -58.42149, -34.65668 ], [ -58.42322, -34.6574 ], [ -58.42347, -34.65717 ], [ -58.42282, -34.65683 ], [ -58.42521, -34.65514 ], [ -58.42323, -34.65326 ], [ -58.42069, -34.65509 ] ] ] } },
{ "type": "Feature", "properties": { "indice_acceso": 0.701 }, "geometry": { "type": "Polygon", "coordinates": [ [ [ -58.42282, -34.65683 ], [ -58.42347, -34.65717 ], [ -58.42322, -34.6574 ], [ -58.42538, -34.65848 ], [ -58.4257, -34.65821 ], [ -58.42496, -34.65769 ], [ -58.42746, -34.65592 ], [ -58.42675, -34.65524 ], [ -58.42759, -34.65464 ], [ -58.42688, -34.65395 ], [ -58.42282, -34.65683 ] ] ] } },
{ "type": "Feature", "properties": { "indice_acceso": 0.688 }, "geometry": { "type": "Polygon", "coordinates": [ [ [ -58.42496, -34.65769 ], [ -58.4257, -34.65821 ], [ -58.42538, -34.65848 ], [ -58.42644, -34.65908 ], [ -58.42879, -34.6572 ], [ -58.42746, -34.65592 ], [ -58.42496, -34.65769 ] ] ] } },
{ "type": "Feature", "properties": { "indice_acceso": 0.649 }, "geometry": { "type": "Polygon", "coordinates": [ [ [ -58.42061, -34.66039 ], [ -58.42401, -34.66208 ], [ -58.42644, -34.65908 ], [ -58.42305, -34.65732 ], [ -58.41808, -34.65542 ], [ -58.41673, -34.65673 ], [ -58.4169, -34.65943 ], [ -58.42061, -34.66039 ] ] ] } },
{ "type": "Feature", "properties": { "indice_acceso": 0.735 }, "geometry": { "type": "Polygon", "coordinates": [ [ [ -58.4178, -34.65185 ], [ -58.42378, -34.6512 ], [ -58.42529, -34.65011 ], [ -58.41842, -34.64979 ], [ -58.4178, -34.65185 ] ] ] } },
{ "type": "Feature", "properties": { "indice_acceso": 0.721 }, "geometry": { "type": "Polygon", "coordinates": [ [ [ -58.4178, -34.65185 ], [ -58.41786, -34.65328 ], [ -58.41892, -34.6535 ], [ -58.41899, -34.65467 ], [ -58.42378, -34.6512 ], [ -58.4178, -34.65185 ] ] ] } },
{ "type": "Feature", "properties": { "indice_acceso": 0.714 }, "geometry": { "type": "Polygon", "coordinates": [ [ [ -58.4164, -34.65473 ], [ -58.41649, -34.65718 ], [ -58.41899, -34.65467 ], [ -58.41892, -34.6535 ], [ -58.41786, -34.65328 ], [ -58.4178, -34.65185 ], [ -58.41842, -34.64979 ], [ -58.41634, -34.6497 ], [ -58.4164, -34.65473 ] ] ] } },
{ "type": "Feature", "properties": { "indice_acceso": 0.708 }, "geometry": { "type": "Polygon", "coordinates": [ [ [ -58.41342, -34.65398 ], [ -58.41479, -34.65432 ], [ -58.41418, -34.65547 ], [ -58.41647, -34.65675 ], [ -58.41639, -34.6534 ], [ -58.41392, -34.65285 ], [ -58.41342, -34.65398 ] ] ] } },
{ "type": "Feature", "properties": { "indice_acceso": 0.728 }, "geometry": { "type": "Polygon", "coordinates": [ [ [ -58.41136, -34.65279 ], [ -58.41187, -34.65301 ], [ -58.41126, -34.65418 ], [ -58.41418, -34.65547 ], [ -58.41479, -34.65432 ], [ -58.41342, -34.65398 ], [ -58.41392, -34.65285 ], [ -58.41146, -34.65229 ], [ -58.41136, -34.65279 ] ] ] } },
{ "type": "Feature", "properties": { "indice_acceso": 0.738 }, "geometry": { "type": "Polygon", "coordinates": [ [ [ -58.41088, -34.65216 ], [ -58.41639, -34.6534 ], [ -58.41622, -34.65183 ], [ -58.41367, -34.65156 ], [ -58.41146, -34.65074 ], [ -58.41088, -34.65216 ] ] ] } },
{ "type": "Feature", "properties": { "indice_acceso": 0.745 }, "geometry": { "type": "Polygon", "coordinates": [ [ [ -58.41146, -34.65074 ], [ -58.41367, -34.65156 ], [ -58.41637, -34.65201 ], [ -58.41632, -34.64908 ], [ -58.41211, -34.64854 ], [ -58.41146, -34.65074 ] ] ] } },
{ "type": "Feature", "properties": { "indice_acceso": 0.755 }, "geometry": { "type": "Polygon", "coordinates": [ [ [ -58.41126, -34.65418 ], [ -58.41187, -34.65301 ], [ -58.41136, -34.65279 ], [ -58.41146, -34.65229 ], [ -58.41088, -34.65216 ], [ -58.41189, -34.6495 ], [ -58.41009, -34.64942 ], [ -58.40879, -34.65273 ], [ -58.41126, -34.65418 ] ] ] } },
{ "type": "Feature", "properties": { "indice_acceso": 0.777 }, "geometry": { "type": "Polygon", "coordinates": [ [ [ -58.40879, -34.65273 ], [ -58.41009, -34.64942 ], [ -58.4073, -34.64928 ], [ -58.40549, -34.6501 ], [ -58.40879, -34.65273 ] ] ] } },
{ "type": "Feature", "properties": { "indice_acceso": 0.78 }, "geometry": { "type": "Polygon", "coordinates": [ [ [ -58.40549, -34.6501 ], [ -58.4073, -34.64928 ], [ -58.41189, -34.6495 ], [ -58.4121, -34.64858 ], [ -58.40274, -34.64706 ], [ -58.40443, -34.64925 ], [ -58.40549, -34.6501 ] ] ] } },
{ "type": "Feature", "properties": { "indice_acceso": 0.699 }, "geometry": { "type": "Polygon", "coordinates": [ [ [ -58.42932, -34.64371 ], [ -58.43217, -34.6442 ], [ -58.43234, -34.64174 ], [ -58.42992, -34.64128 ], [ -58.42932, -34.64371 ] ] ] } },
{ "type": "Feature", "properties": { "indice_acceso": 0.704 }, "geometry": { "type": "Polygon", "coordinates": [ [ [ -58.43041, -34.64508 ], [ -58.42896, -34.64501 ], [ -58.42764, -34.64707 ], [ -58.42843, -34.64783 ], [ -58.43211, -34.64516 ], [ -58.43217, -34.6442 ], [ -58.43065, -34.64394 ], [ -58.43041, -34.64508 ] ] ] } },
{ "type": "Feature", "properties": { "indice_acceso": 0.721 }, "geometry": { "type": "Polygon", "coordinates": [ [ [ -58.42526, -34.64489 ], [ -58.42764, -34.64707 ], [ -58.42896, -34.64501 ], [ -58.42526, -34.64489 ] ] ] } },
{ "type": "Feature", "properties": { "indice_acceso": 0.713 }, "geometry": { "type": "Polygon", "coordinates": [ [ [ -58.42638, -34.64491 ], [ -58.43041, -34.64508 ], [ -58.43065, -34.64394 ], [ -58.4268, -34.64327 ], [ -58.42638, -34.64491 ] ] ] } },
{ "type": "Feature", "properties": { "indice_acceso": 0.699 }, "geometry": { "type": "Polygon", "coordinates": [ [ [ -58.4268, -34.64327 ], [ -58.42932, -34.64371 ], [ -58.42992, -34.64128 ], [ -58.42742, -34.64086 ], [ -58.4268, -34.64327 ] ] ] } },
{ "type": "Feature", "properties": { "indice_acceso": 0.715 }, "geometry": { "type": "Polygon", "coordinates": [ [ [ -58.42593, -34.64155 ], [ -58.42484, -34.64242 ], [ -58.42577, -34.64316 ], [ -58.42459, -34.64415 ], [ -58.42552, -34.6448 ], [ -58.42638, -34.64491 ], [ -58.42742, -34.64086 ], [ -58.42617, -34.64065 ], [ -58.42593, -34.64155 ] ] ] } },
{ "type": "Feature", "properties": { "indice_acceso": 0.71 }, "geometry": { "type": "Polygon", "coordinates": [ [ [ -58.42325, -34.64114 ], [ -58.42393, -34.64169 ], [ -58.42282, -34.64282 ], [ -58.42459, -34.64415 ], [ -58.42577, -34.64316 ], [ -58.42484, -34.64242 ], [ -58.42593, -34.64155 ], [ -58.42617, -34.64065 ], [ -58.42349, -34.6402 ], [ -58.42325, -34.64114 ] ] ] } },
{ "type": "Feature", "properties": { "indice_acceso": 0.71 }, "geometry": { "type": "Polygon", "coordinates": [ [ [ -58.42058, -34.64105 ], [ -58.42282, -34.64282 ], [ -58.42393, -34.64169 ], [ -58.42325, -34.64114 ], [ -58.42349, -34.6402 ], [ -58.42092, -34.63974 ], [ -58.42058, -34.64105 ] ] ] } },
{ "type": "Feature", "properties": { "indice_acceso": 0.723 }, "geometry": { "type": "Polygon", "coordinates": [ [ [ -58.41966, -34.64561 ], [ -58.42216, -34.6423 ], [ -58.42058, -34.64105 ], [ -58.41966, -34.64561 ] ] ] } },
{ "type": "Feature", "properties": { "indice_acceso": 0.725 }, "geometry": { "type": "Polygon", "coordinates": [ [ [ -58.4197, -34.64654 ], [ -58.42013, -34.64603 ], [ -58.42065, -34.64649 ], [ -58.42363, -34.64344 ], [ -58.42216, -34.6423 ], [ -58.41966, -34.64561 ], [ -58.4197, -34.64654 ] ] ] } },
{ "type": "Feature", "properties": { "indice_acceso": 0.726 }, "geometry": { "type": "Polygon", "coordinates": [ [ [ -58.42256, -34.64451 ], [ -58.42483, -34.64668 ], [ -58.42643, -34.64698 ], [ -58.42807, -34.64808 ], [ -58.42843, -34.64783 ], [ -58.42526, -34.64489 ], [ -58.42552, -34.6448 ], [ -58.42363, -34.64344 ], [ -58.42256, -34.64451 ] ] ] } },
{ "type": "Feature", "properties": { "indice_acceso": 0.724 }, "geometry": { "type": "Polygon", "coordinates": [ [ [ -58.42065, -34.64649 ], [ -58.42013, -34.64603 ], [ -58.41917, -34.64713 ], [ -58.42001, -34.64787 ], [ -58.42293, -34.6469 ], [ -58.42483, -34.64668 ], [ -58.42256, -34.64451 ], [ -58.42065, -34.64649 ] ] ] } },
{ "type": "Feature", "properties": { "indice_acceso": 0.724 }, "geometry": { "type": "Polygon", "coordinates": [ [ [ -58.42293, -34.6469 ], [ -58.42001, -34.64787 ], [ -58.41917, -34.64713 ], [ -58.41628, -34.64839 ], [ -58.41618, -34.64969 ], [ -58.42529, -34.65011 ], [ -58.42807, -34.64808 ], [ -58.42643, -34.64698 ], [ -58.42483, -34.64668 ], [ -58.42293, -34.6469 ] ] ] } },
{ "type": "Feature", "properties": { "indice_acceso": 0.711 }, "geometry": { "type": "Polygon", "coordinates": [ [ [ -58.41607, -34.6404 ], [ -58.42053, -34.64121 ], [ -58.42092, -34.63974 ], [ -58.41614, -34.63894 ], [ -58.41607, -34.6404 ] ] ] } },
{ "type": "Feature", "properties": { "indice_acceso": 0.714 }, "geometry": { "type": "Polygon", "coordinates": [ [ [ -58.4142, -34.64005 ], [ -58.41607, -34.6404 ], [ -58.41614, -34.63894 ], [ -58.41455, -34.63867 ], [ -58.4142, -34.64005 ] ] ] } },
{ "type": "Feature", "properties": { "indice_acceso": 0.737 }, "geometry": { "type": "Polygon", "coordinates": [ [ [ -58.41235, -34.64089 ], [ -58.41533, -34.64144 ], [ -58.41556, -34.6403 ], [ -58.4142, -34.64005 ], [ -58.41455, -34.63867 ], [ -58.41126, -34.6381 ], [ -58.41235, -34.64089 ] ] ] } },
{ "type": "Feature", "properties": { "indice_acceso": 0.747 }, "geometry": { "type": "Polygon", "coordinates": [ [ [ -58.41235, -34.64089 ], [ -58.4136, -34.64382 ], [ -58.4161, -34.64328 ], [ -58.41607, -34.6404 ], [ -58.41556, -34.6403 ], [ -58.41527, -34.64131 ], [ -58.41235, -34.64089 ] ] ] } },
{ "type": "Feature", "properties": { "indice_acceso": 0.726 }, "geometry": { "type": "Polygon", "coordinates": [ [ [ -58.4161, -34.64275 ], [ -58.41764, -34.64303 ], [ -58.41795, -34.64192 ], [ -58.42024, -34.64234 ], [ -58.42053, -34.64121 ], [ -58.41607, -34.6404 ], [ -58.4161, -34.64275 ] ] ] } },
{ "type": "Feature", "properties": { "indice_acceso": 0.727 }, "geometry": { "type": "Polygon", "coordinates": [ [ [ -58.41795, -34.64192 ], [ -58.41737, -34.64421 ], [ -58.41965, -34.64458 ], [ -58.42024, -34.64234 ], [ -58.41795, -34.64192 ] ] ] } },
{ "type": "Feature", "properties": { "indice_acceso": 0.729 }, "geometry": { "type": "Polygon", "coordinates": [ [ [ -58.41617, -34.64635 ], [ -58.4174, -34.64633 ], [ -58.41738, -34.64528 ], [ -58.41965, -34.64525 ], [ -58.41965, -34.64458 ], [ -58.41737, -34.64421 ], [ -58.41764, -34.64303 ], [ -58.4161, -34.64275 ], [ -58.41617, -34.64635 ] ] ] } },
{ "type": "Feature", "properties": { "indice_acceso": 0.749 }, "geometry": { "type": "Polygon", "coordinates": [ [ [ -58.41514, -34.64675 ], [ -58.41625, -34.6483 ], [ -58.4161, -34.64328 ], [ -58.4136, -34.64382 ], [ -58.41514, -34.64675 ] ] ] } },
{ "type": "Feature", "properties": { "indice_acceso": 0.765 }, "geometry": { "type": "Polygon", "coordinates": [ [ [ -58.41228, -34.64782 ], [ -58.41364, -34.64805 ], [ -58.41392, -34.64693 ], [ -58.4153, -34.64716 ], [ -58.41343, -34.64346 ], [ -58.41228, -34.64782 ] ] ] } },
{ "type": "Feature", "properties": { "indice_acceso": 0.753 }, "geometry": { "type": "Polygon", "coordinates": [ [ [ -58.41364, -34.64805 ], [ -58.41228, -34.64782 ], [ -58.41211, -34.64854 ], [ -58.41621, -34.64907 ], [ -58.41625, -34.6483 ], [ -58.41534, -34.64703 ], [ -58.41392, -34.64693 ], [ -58.41364, -34.64805 ] ] ] } },
{ "type": "Feature", "properties": { "indice_acceso": 0.726 }, "geometry": { "type": "Polygon", "coordinates": [ [ [ -58.41738, -34.64528 ], [ -58.4174, -34.64633 ], [ -58.41617, -34.64635 ], [ -58.41628, -34.64839 ], [ -58.41913, -34.64718 ], [ -58.4197, -34.64654 ], [ -58.41965, -34.64525 ], [ -58.41738, -34.64528 ] ] ] } },
{ "type": "Feature", "properties": { "indice_acceso": 0.733 }, "geometry": { "type": "Polygon", "coordinates": [ [ [ -58.40927, -34.63545 ], [ -58.40779, -34.63513 ], [ -58.40767, -34.63635 ], [ -58.40914, -34.63667 ], [ -58.40905, -34.63773 ], [ -58.41126, -34.6381 ], [ -58.41056, -34.63509 ], [ -58.40935, -34.63472 ], [ -58.40927, -34.63545 ] ] ] } },
{ "type": "Feature", "properties": { "indice_acceso": 0.762 }, "geometry": { "type": "Polygon", "coordinates": [ [ [ -58.40588, -34.63473 ], [ -58.40927, -34.63545 ], [ -58.40935, -34.63472 ], [ -58.406, -34.63368 ], [ -58.40588, -34.63473 ] ] ] } },
{ "type": "Feature", "properties": { "indice_acceso": 0.748 }, "geometry": { "type": "Polygon", "coordinates": [ [ [ -58.40574, -34.63592 ], [ -58.40767, -34.63635 ], [ -58.40779, -34.63513 ], [ -58.40588, -34.63473 ], [ -58.40574, -34.63592 ] ] ] } },
{ "type": "Feature", "properties": { "indice_acceso": 0.771 }, "geometry": { "type": "Polygon", "coordinates": [ [ [ -58.40405, -34.63554 ], [ -58.40574, -34.63592 ], [ -58.406, -34.63368 ], [ -58.40454, -34.63316 ], [ -58.40405, -34.63554 ] ] ] } },
{ "type": "Feature", "properties": { "indice_acceso": 0.774 }, "geometry": { "type": "Polygon", "coordinates": [ [ [ -58.40378, -34.63679 ], [ -58.40561, -34.63712 ], [ -58.40574, -34.63592 ], [ -58.40405, -34.63554 ], [ -58.40378, -34.63679 ] ] ] } },
{ "type": "Feature", "properties": { "indice_acceso": 0.747 }, "geometry": { "type": "Polygon", "coordinates": [ [ [ -58.40561, -34.63712 ], [ -58.40905, -34.63773 ], [ -58.40914, -34.63667 ], [ -58.40574, -34.63592 ], [ -58.40561, -34.63712 ] ] ] } },
{ "type": "Feature", "properties": { "indice_acceso": 0.767 }, "geometry": { "type": "Polygon", "coordinates": [ [ [ -58.40466, -34.64209 ], [ -58.4093, -34.64273 ], [ -58.40858, -34.63927 ], [ -58.40905, -34.63773 ], [ -58.40561, -34.63712 ], [ -58.40466, -34.64209 ] ] ] } },
{ "type": "Feature", "properties": { "indice_acceso": 0.766 }, "geometry": { "type": "Polygon", "coordinates": [ [ [ -58.41256, -34.6467 ], [ -58.41343, -34.64346 ], [ -58.41126, -34.6381 ], [ -58.40905, -34.63773 ], [ -58.40858, -34.63927 ], [ -58.40971, -34.64505 ], [ -58.4111, -34.64528 ], [ -58.41083, -34.64641 ], [ -58.41256, -34.6467 ] ] ] } },
{ "type": "Feature", "properties": { "indice_acceso": 0.811 }, "geometry": { "type": "Polygon", "coordinates": [ [ [ -58.40403, -34.64527 ], [ -58.4054, -34.64551 ], [ -58.40564, -34.64437 ], [ -58.40971, -34.64505 ], [ -58.4093, -34.64273 ], [ -58.40466, -34.64209 ], [ -58.40403, -34.64527 ] ] ] } },
{ "type": "Feature", "properties": { "indice_acceso": 0.799 }, "geometry": { "type": "Polygon", "coordinates": [ [ [ -58.4054, -34.64551 ], [ -58.40403, -34.64527 ], [ -58.40365, -34.64721 ], [ -58.4121, -34.64858 ], [ -58.41228, -34.64782 ], [ -58.40785, -34.64708 ], [ -58.40837, -34.64483 ], [ -58.40564, -34.64437 ], [ -58.4054, -34.64551 ] ] ] } },
{ "type": "Feature", "properties": { "indice_acceso": 0.788 }, "geometry": { "type": "Polygon", "coordinates": [ [ [ -58.40785, -34.64708 ], [ -58.41228, -34.64782 ], [ -58.41256, -34.6467 ], [ -58.41083, -34.64641 ], [ -58.4111, -34.64528 ], [ -58.40837, -34.64483 ], [ -58.40785, -34.64708 ] ] ] } },
{ "type": "Feature", "properties": { "indice_acceso": 0.773 }, "geometry": { "type": "Polygon", "coordinates": [ [ [ -58.40823, -34.63088 ], [ -58.40974, -34.63124 ], [ -58.40962, -34.63252 ], [ -58.41148, -34.63297 ], [ -58.41178, -34.63035 ], [ -58.40836, -34.62952 ], [ -58.40823, -34.63088 ] ] ] } },
{ "type": "Feature", "properties": { "indice_acceso": 0.777 }, "geometry": { "type": "Polygon", "coordinates": [ [ [ -58.40809, -34.63216 ], [ -58.40962, -34.63252 ], [ -58.40974, -34.63124 ], [ -58.40823, -34.63088 ], [ -58.40809, -34.63216 ] ] ] } },
{ "type": "Feature", "properties": { "indice_acceso": 0.79 }, "geometry": { "type": "Polygon", "coordinates": [ [ [ -58.40622, -34.63185 ], [ -58.40809, -34.63216 ], [ -58.40836, -34.62952 ], [ -58.40651, -34.6293 ], [ -58.40622, -34.63185 ] ] ] } },
{ "type": "Feature", "properties": { "indice_acceso": 0.756 }, "geometry": { "type": "Polygon", "coordinates": [ [ [ -58.40613, -34.63262 ], [ -58.40799, -34.63312 ], [ -58.40788, -34.63427 ], [ -58.41056, -34.63509 ], [ -58.41148, -34.63297 ], [ -58.40622, -34.63185 ], [ -58.40613, -34.63262 ] ] ] } },
{ "type": "Feature", "properties": { "indice_acceso": 0.782 }, "geometry": { "type": "Polygon", "coordinates": [ [ [ -58.40454, -34.63316 ], [ -58.40788, -34.63427 ], [ -58.40799, -34.63312 ], [ -58.40613, -34.63262 ], [ -58.40622, -34.63185 ], [ -58.40478, -34.63164 ], [ -58.40454, -34.63316 ] ] ] } },
{ "type": "Feature", "properties": { "indice_acceso": 0.799 }, "geometry": { "type": "Polygon", "coordinates": [ [ [ -58.40478, -34.63164 ], [ -58.40622, -34.63185 ], [ -58.40633, -34.63087 ], [ -58.40492, -34.63068 ], [ -58.40478, -34.63164 ] ] ] } },
{ "type": "Feature", "properties": { "indice_acceso": 0.812 }, "geometry": { "type": "Polygon", "coordinates": [ [ [ -58.40222, -34.63015 ], [ -58.40497, -34.63038 ], [ -58.40492, -34.63068 ], [ -58.40633, -34.63087 ], [ -58.40651, -34.6293 ], [ -58.40239, -34.62884 ], [ -58.40222, -34.63015 ] ] ] } },
{ "type": "Feature", "properties": { "indice_acceso": 0.798 }, "geometry": { "type": "Polygon", "coordinates": [ [ [ -58.40211, -34.63124 ], [ -58.40326, -34.63142 ], [ -58.40311, -34.63261 ], [ -58.40454, -34.63316 ], [ -58.40497, -34.63038 ], [ -58.40222, -34.63015 ], [ -58.40211, -34.63124 ] ] ] } },
{ "type": "Feature", "properties": { "indice_acceso": 0.777 }, "geometry": { "type": "Polygon", "coordinates": [ [ [ -58.40159, -34.63319 ], [ -58.4043, -34.63437 ], [ -58.40454, -34.63316 ], [ -58.40311, -34.63261 ], [ -58.40326, -34.63142 ], [ -58.40211, -34.63124 ], [ -58.40159, -34.63319 ] ] ] } },
{ "type": "Feature", "properties": { "indice_acceso": 0.802 }, "geometry": { "type": "Polygon", "coordinates": [ [ [ -58.40091, -34.63504 ], [ -58.40244, -34.63518 ], [ -58.40212, -34.63649 ], [ -58.40378, -34.63679 ], [ -58.4043, -34.63437 ], [ -58.40159, -34.63319 ], [ -58.40091, -34.63504 ] ] ] } },
{ "type": "Feature", "properties": { "indice_acceso": 0.798 }, "geometry": { "type": "Polygon", "coordinates": [ [ [ -58.40048, -34.6362 ], [ -58.40212, -34.63649 ], [ -58.40244, -34.63518 ], [ -58.40091, -34.63504 ], [ -58.40048, -34.6362 ] ] ] } },
{ "type": "Feature", "properties": { "indice_acceso": 0.782 }, "geometry": { "type": "Polygon", "coordinates": [ [ [ -58.40086, -34.63001 ], [ -58.39957, -34.62977 ], [ -58.39916, -34.63112 ], [ -58.402, -34.63217 ], [ -58.40239, -34.62884 ], [ -58.4011, -34.62869 ], [ -58.40086, -34.63001 ] ] ] } },
{ "type": "Feature", "properties": { "indice_acceso": 0.77 }, "geometry": { "type": "Polygon", "coordinates": [ [ [ -58.39957, -34.62977 ], [ -58.40086, -34.63001 ], [ -58.4011, -34.62869 ], [ -58.39991, -34.62856 ], [ -58.39957, -34.62977 ] ] ] } },
{ "type": "Feature", "properties": { "indice_acceso": 0.742 }, "geometry": { "type": "Polygon", "coordinates": [ [ [ -58.39626, -34.63037 ], [ -58.39775, -34.63065 ], [ -58.39819, -34.62951 ], [ -58.39957, -34.62977 ], [ -58.39991, -34.62856 ], [ -58.39681, -34.62808 ], [ -58.39626, -34.63037 ] ] ] } },
{ "type": "Feature", "properties": { "indice_acceso": 0.746 }, "geometry": { "type": "Polygon", "coordinates": [ [ [ -58.39819, -34.62951 ], [ -58.39775, -34.63065 ], [ -58.39916, -34.63112 ], [ -58.39957, -34.62977 ], [ -58.39819, -34.62951 ] ] ] } },
{ "type": "Feature", "properties": { "indice_acceso": 0.747 }, "geometry": { "type": "Polygon", "coordinates": [ [ [ -58.39686, -34.63305 ], [ -58.39829, -34.63339 ], [ -58.39873, -34.63225 ], [ -58.40013, -34.63266 ], [ -58.40053, -34.6316 ], [ -58.39775, -34.63065 ], [ -58.39686, -34.63305 ] ] ] } },
{ "type": "Feature", "properties": { "indice_acceso": 0.764 }, "geometry": { "type": "Polygon", "coordinates": [ [ [ -58.40013, -34.63266 ], [ -58.39873, -34.63225 ], [ -58.39829, -34.63339 ], [ -58.40125, -34.63409 ], [ -58.402, -34.63217 ], [ -58.40053, -34.6316 ], [ -58.40013, -34.63266 ] ] ] } },
{ "type": "Feature", "properties": { "indice_acceso": 0.788 }, "geometry": { "type": "Polygon", "coordinates": [ [ [ -58.40048, -34.6362 ], [ -58.40125, -34.63409 ], [ -58.3997, -34.63373 ], [ -58.3989, -34.63591 ], [ -58.40048, -34.6362 ] ] ] } },
{ "type": "Feature", "properties": { "indice_acceso": 0.779 }, "geometry": { "type": "Polygon", "coordinates": [ [ [ -58.3989, -34.63591 ], [ -58.3997, -34.63373 ], [ -58.39829, -34.63339 ], [ -58.39743, -34.63564 ], [ -58.3989, -34.63591 ] ] ] } },
{ "type": "Feature", "properties": { "indice_acceso": 0.768 }, "geometry": { "type": "Polygon", "coordinates": [ [ [ -58.39596, -34.63537 ], [ -58.39743, -34.63564 ], [ -58.39829, -34.63339 ], [ -58.39686, -34.63305 ], [ -58.39596, -34.63537 ] ] ] } },
{ "type": "Feature", "properties": { "indice_acceso": 0.76 }, "geometry": { "type": "Polygon", "coordinates": [ [ [ -58.39561, -34.63275 ], [ -58.39483, -34.63513 ], [ -58.39596, -34.63537 ], [ -58.39686, -34.63305 ], [ -58.39561, -34.63275 ] ] ] } },
{ "type": "Feature", "properties": { "indice_acceso": 0.754 }, "geometry": { "type": "Polygon", "coordinates": [ [ [ -58.3913, -34.63169 ], [ -58.39464, -34.63251 ], [ -58.39385, -34.63492 ], [ -58.39483, -34.63513 ], [ -58.39561, -34.63275 ], [ -58.39686, -34.63305 ], [ -58.39775, -34.63065 ], [ -58.39626, -34.63037 ], [ -58.39681, -34.62808 ], [ -58.39216, -34.62726 ], [ -58.3913, -34.63169 ] ] ] } },
{ "type": "Feature", "properties": { "indice_acceso": 0.804 }, "geometry": { "type": "Polygon", "coordinates": [ [ [ -58.39035, -34.63413 ], [ -58.39385, -34.63492 ], [ -58.39464, -34.63251 ], [ -58.3913, -34.63169 ], [ -58.39216, -34.62726 ], [ -58.39117, -34.62725 ], [ -58.39035, -34.63413 ] ] ] } },
{ "type": "Feature", "properties": { "indice_acceso": 0.793 }, "geometry": { "type": "Polygon", "coordinates": [ [ [ -58.40353, -34.63798 ], [ -58.40332, -34.63887 ], [ -58.40325, -34.63922 ], [ -58.40356, -34.63928 ], [ -58.40478, -34.64108 ], [ -58.40539, -34.63834 ], [ -58.40353, -34.63798 ] ] ] } },
{ "type": "Feature", "properties": { "indice_acceso": 0.782 }, "geometry": { "type": "Polygon", "coordinates": [ [ [ -58.40156, -34.63887 ], [ -58.40325, -34.63922 ], [ -58.40353, -34.63798 ], [ -58.40539, -34.63834 ], [ -58.40561, -34.63712 ], [ -58.40212, -34.63649 ], [ -58.40156, -34.63887 ] ] ] } },
{ "type": "Feature", "properties": { "indice_acceso": 0.79 }, "geometry": { "type": "Polygon", "coordinates": [ [ [ -58.40009, -34.6373 ], [ -58.39849, -34.63699 ], [ -58.398, -34.63818 ], [ -58.40156, -34.63887 ], [ -58.40212, -34.63649 ], [ -58.40048, -34.6362 ], [ -58.40009, -34.6373 ] ] ] } },
{ "type": "Feature", "properties": { "indice_acceso": 0.786 }, "geometry": { "type": "Polygon", "coordinates": [ [ [ -58.39703, -34.63672 ], [ -58.39556, -34.63645 ], [ -58.39512, -34.63766 ], [ -58.398, -34.63818 ], [ -58.39849, -34.63699 ], [ -58.40009, -34.6373 ], [ -58.40048, -34.6362 ], [ -58.39743, -34.63564 ], [ -58.39703, -34.63672 ] ] ] } },
{ "type": "Feature", "properties": { "indice_acceso": 0.78 }, "geometry": { "type": "Polygon", "coordinates": [ [ [ -58.39304, -34.63718 ], [ -58.39512, -34.63766 ], [ -58.39556, -34.63645 ], [ -58.39703, -34.63672 ], [ -58.39743, -34.63564 ], [ -58.39385, -34.63492 ], [ -58.39304, -34.63718 ] ] ] } },
{ "type": "Feature", "properties": { "indice_acceso": 0.806 }, "geometry": { "type": "Polygon", "coordinates": [ [ [ -58.39342, -34.63611 ], [ -58.39385, -34.63492 ], [ -58.39035, -34.63413 ], [ -58.39025, -34.6354 ], [ -58.39342, -34.63611 ] ] ] } },
{ "type": "Feature", "properties": { "indice_acceso": 0.796 }, "geometry": { "type": "Polygon", "coordinates": [ [ [ -58.39261, -34.63835 ], [ -58.39342, -34.63611 ], [ -58.39025, -34.6354 ], [ -58.39006, -34.63782 ], [ -58.39261, -34.63835 ] ] ] } },
{ "type": "Feature", "properties": { "indice_acceso": 0.801 }, "geometry": { "type": "Polygon", "coordinates": [ [ [ -58.39261, -34.63835 ], [ -58.39006, -34.63782 ], [ -58.38988, -34.64021 ], [ -58.39147, -34.64083 ], [ -58.3914, -34.64209 ], [ -58.40049, -34.64591 ], [ -58.40033, -34.64636 ], [ -58.40154, -34.64678 ], [ -58.40265, -34.64187 ], [ -58.3942, -34.64037 ], [ -58.39512, -34.63766 ], [ -58.39304, -34.63718 ], [ -58.39261, -34.63835 ] ] ] } },
{ "type": "Feature", "properties": { "indice_acceso": 0.795 }, "geometry": { "type": "Polygon", "coordinates": [ [ [ -58.3942, -34.64037 ], [ -58.39827, -34.64122 ], [ -58.39851, -34.64019 ], [ -58.39922, -34.63956 ], [ -58.39753, -34.63936 ], [ -58.398, -34.63818 ], [ -58.39512, -34.63766 ], [ -58.3942, -34.64037 ] ] ] } },
{ "type": "Feature", "properties": { "indice_acceso": 0.841 }, "geometry": { "type": "Polygon", "coordinates": [ [ [ -58.39753, -34.63936 ], [ -58.39922, -34.63956 ], [ -58.39851, -34.64019 ], [ -58.39827, -34.64122 ], [ -58.40265, -34.64187 ], [ -58.40325, -34.63922 ], [ -58.398, -34.63818 ], [ -58.39753, -34.63936 ] ] ] } },
{ "type": "Feature", "properties": { "indice_acceso": 0.835 }, "geometry": { "type": "Polygon", "coordinates": [ [ [ -58.40152, -34.64685 ], [ -58.40365, -34.64721 ], [ -58.40486, -34.64109 ], [ -58.40325, -34.63922 ], [ -58.40152, -34.64685 ] ] ] } },
{ "type": "Feature", "properties": { "indice_acceso": 0.682 }, "geometry": { "type": "Polygon", "coordinates": [ [ [ -58.41163, -34.65737 ], [ -58.41289, -34.65783 ], [ -58.41319, -34.65729 ], [ -58.41485, -34.65795 ], [ -58.41446, -34.65874 ], [ -58.41681, -34.65929 ], [ -58.41647, -34.65675 ], [ -58.41298, -34.6548 ], [ -58.41163, -34.65737 ] ] ] } },
{ "type": "Feature", "properties": { "indice_acceso": 0.713 }, "geometry": { "type": "Polygon", "coordinates": [ [ [ -58.40947, -34.65761 ], [ -58.40617, -34.65537 ], [ -58.40557, -34.65722 ], [ -58.40688, -34.65784 ], [ -58.40612, -34.66007 ], [ -58.40827, -34.65988 ], [ -58.40965, -34.65942 ], [ -58.41013, -34.65893 ], [ -58.41194, -34.65856 ], [ -58.41446, -34.65874 ], [ -58.41485, -34.65795 ], [ -58.41319, -34.65729 ], [ -58.41289, -34.65783 ], [ -58.41163, -34.65737 ], [ -58.41298, -34.6548 ], [ -58.41126, -34.65418 ], [ -58.40947, -34.65761 ] ] ] } },
{ "type": "Feature", "properties": { "indice_acceso": 0.72 }, "geometry": { "type": "Polygon", "coordinates": [ [ [ -58.40947, -34.65761 ], [ -58.41126, -34.65418 ], [ -58.41021, -34.6538 ], [ -58.4074, -34.65171 ], [ -58.40617, -34.65537 ], [ -58.40947, -34.65761 ] ] ] } },
{ "type": "Feature", "properties": { "indice_acceso": 0.775 }, "geometry": { "type": "Polygon", "coordinates": [ [ [ -58.40358, -34.65327 ], [ -58.40514, -34.65378 ], [ -58.40475, -34.65491 ], [ -58.40617, -34.65537 ], [ -58.4074, -34.65171 ], [ -58.40504, -34.6498 ], [ -58.40358, -34.65327 ] ] ] } },
{ "type": "Feature", "properties": { "indice_acceso": 0.744 }, "geometry": { "type": "Polygon", "coordinates": [ [ [ -58.40274, -34.65587 ], [ -58.40362, -34.6563 ], [ -58.40424, -34.65529 ], [ -58.40598, -34.65595 ], [ -58.40617, -34.65537 ], [ -58.40475, -34.65491 ], [ -58.40514, -34.65378 ], [ -58.40358, -34.65327 ], [ -58.40274, -34.65587 ] ] ] } },
{ "type": "Feature", "properties": { "indice_acceso": 0.731 }, "geometry": { "type": "Polygon", "coordinates": [ [ [ -58.40557, -34.65722 ], [ -58.40598, -34.65595 ], [ -58.40424, -34.65529 ], [ -58.40362, -34.6563 ], [ -58.40557, -34.65722 ] ] ] } },
{ "type": "Feature", "properties": { "indice_acceso": 0.719 }, "geometry": { "type": "Polygon", "coordinates": [ [ [ -58.40083, -34.6602 ], [ -58.40185, -34.65955 ], [ -58.40339, -34.65939 ], [ -58.40612, -34.66007 ], [ -58.40688, -34.65784 ], [ -58.40274, -34.65587 ], [ -58.40083, -34.6602 ] ] ] } },
{ "type": "Feature", "properties": { "indice_acceso": 0.736 }, "geometry": { "type": "Polygon", "coordinates": [ [ [ -58.38924, -34.64827 ], [ -58.39246, -34.64845 ], [ -58.39255, -34.64732 ], [ -58.3916, -34.64692 ], [ -58.3917, -34.6466 ], [ -58.39567, -34.64804 ], [ -58.39899, -34.64967 ], [ -58.39923, -34.64967 ], [ -58.39992, -34.64743 ], [ -58.40154, -34.64678 ], [ -58.40033, -34.64636 ], [ -58.40049, -34.64591 ], [ -58.3914, -34.64209 ], [ -58.39147, -34.64083 ], [ -58.38988, -34.64021 ], [ -58.38924, -34.64827 ] ] ] } },
{ "type": "Feature", "properties": { "indice_acceso": 0.728 }, "geometry": { "type": "Polygon", "coordinates": [ [ [ -58.39255, -34.64732 ], [ -58.39246, -34.64845 ], [ -58.39559, -34.64862 ], [ -58.39567, -34.64804 ], [ -58.3917, -34.6466 ], [ -58.39165, -34.64695 ], [ -58.39255, -34.64732 ] ] ] } },
{ "type": "Feature", "properties": { "indice_acceso": 0.703 }, "geometry": { "type": "Polygon", "coordinates": [ [ [ -58.39553, -34.65003 ], [ -58.39688, -34.65004 ], [ -58.39697, -34.64979 ], [ -58.39883, -34.65028 ], [ -58.39871, -34.64962 ], [ -58.39575, -34.64811 ], [ -58.39553, -34.65003 ] ] ] } },
{ "type": "Feature", "properties": { "indice_acceso": 0.738 }, "geometry": { "type": "Polygon", "coordinates": [ [ [ -58.39553, -34.65003 ], [ -58.39543, -34.65151 ], [ -58.39663, -34.65143 ], [ -58.39665, -34.65062 ], [ -58.39883, -34.65028 ], [ -58.39697, -34.64979 ], [ -58.39553, -34.65003 ] ] ] } },
{ "type": "Feature", "properties": { "indice_acceso": 0.782 }, "geometry": { "type": "Polygon", "coordinates": [ [ [ -58.39864, -34.64975 ], [ -58.39893, -34.64998 ], [ -58.39878, -34.65044 ], [ -58.39665, -34.65062 ], [ -58.39663, -34.65143 ], [ -58.39975, -34.65097 ], [ -58.40029, -34.65232 ], [ -58.4015, -34.64695 ], [ -58.40062, -34.647 ], [ -58.39992, -34.64743 ], [ -58.39918, -34.64967 ], [ -58.39864, -34.64975 ] ] ] } },
{ "type": "Feature", "properties": { "indice_acceso": 0.743 }, "geometry": { "type": "Polygon", "coordinates": [ [ [ -58.39543, -34.65151 ], [ -58.39528, -34.65327 ], [ -58.39633, -34.65327 ], [ -58.39638, -34.6537 ], [ -58.39678, -34.65374 ], [ -58.39691, -34.65291 ], [ -58.39758, -34.65294 ], [ -58.39776, -34.65136 ], [ -58.39543, -34.65151 ] ] ] } },
{ "type": "Feature", "properties": { "indice_acceso": 0.746 }, "geometry": { "type": "Polygon", "coordinates": [ [ [ -58.39758, -34.65294 ], [ -58.39801, -34.65316 ], [ -58.39819, -34.65256 ], [ -58.39869, -34.65255 ], [ -58.39917, -34.65096 ], [ -58.39776, -34.65136 ], [ -58.39758, -34.65294 ] ] ] } },
{ "type": "Feature", "properties": { "indice_acceso": 0.749 }, "geometry": { "type": "Polygon", "coordinates": [ [ [ -58.39828, -34.65431 ], [ -58.39982, -34.65464 ], [ -58.40029, -34.65232 ], [ -58.39975, -34.65097 ], [ -58.39917, -34.65096 ], [ -58.39828, -34.65431 ] ] ] } },
{ "type": "Feature", "properties": { "indice_acceso": 0.754 }, "geometry": { "type": "Polygon", "coordinates": [ [ [ -58.3975, -34.65617 ], [ -58.39944, -34.6564 ], [ -58.39982, -34.65464 ], [ -58.39828, -34.65431 ], [ -58.39886, -34.65265 ], [ -58.39865, -34.65257 ], [ -58.3975, -34.65617 ] ] ] } },
{ "type": "Feature", "properties": { "indice_acceso": 0.777 }, "geometry": { "type": "Polygon", "coordinates": [ [ [ -58.38654, -34.64668 ], [ -58.38502, -34.64634 ], [ -58.38447, -34.6479 ], [ -58.38924, -34.64827 ], [ -58.38941, -34.6461 ], [ -58.38721, -34.64597 ], [ -58.38654, -34.64668 ] ] ] } },
{ "type": "Feature", "properties": { "indice_acceso": 0.78 }, "geometry": { "type": "Polygon", "coordinates": [ [ [ -58.38368, -34.65014 ], [ -58.38568, -34.65053 ], [ -58.3859, -34.6495 ], [ -58.38748, -34.64959 ], [ -58.38738, -34.65086 ], [ -58.38901, -34.65118 ], [ -58.38924, -34.64827 ], [ -58.38447, -34.6479 ], [ -58.38368, -34.65014 ] ] ] } },
{ "type": "Feature", "properties": { "indice_acceso": 0.737 }, "geometry": { "type": "Polygon", "coordinates": [ [ [ -58.38272, -34.65283 ], [ -58.38716, -34.65375 ], [ -58.38727, -34.65236 ], [ -58.38505, -34.6522 ], [ -58.38568, -34.65053 ], [ -58.38368, -34.65014 ], [ -58.38272, -34.65283 ] ] ] } },
{ "type": "Feature", "properties": { "indice_acceso": 0.773 }, "geometry": { "type": "Polygon", "coordinates": [ [ [ -58.38738, -34.65086 ], [ -58.38748, -34.64959 ], [ -58.3859, -34.6495 ], [ -58.38505, -34.6522 ], [ -58.38891, -34.65244 ], [ -58.38901, -34.65118 ], [ -58.38738, -34.65086 ] ] ] } },
{ "type": "Feature", "properties": { "indice_acceso": 0.741 }, "geometry": { "type": "Polygon", "coordinates": [ [ [ -58.38891, -34.65244 ], [ -58.39214, -34.65262 ], [ -58.39224, -34.65135 ], [ -58.39543, -34.65151 ], [ -58.39564, -34.64863 ], [ -58.38924, -34.64827 ], [ -58.38891, -34.65244 ] ] ] } },
{ "type": "Feature", "properties": { "indice_acceso": 0.725 }, "geometry": { "type": "Polygon", "coordinates": [ [ [ -58.39214, -34.65262 ], [ -58.39364, -34.6527 ], [ -58.39353, -34.6541 ], [ -58.39521, -34.65419 ], [ -58.39543, -34.65151 ], [ -58.39224, -34.65135 ], [ -58.39214, -34.65262 ] ] ] } },
{ "type": "Feature", "properties": { "indice_acceso": 0.722 }, "geometry": { "type": "Polygon", "coordinates": [ [ [ -58.38828, -34.66039 ], [ -58.39052, -34.66112 ], [ -58.39254, -34.66242 ], [ -58.39452, -34.6623 ], [ -58.39521, -34.65419 ], [ -58.39353, -34.6541 ], [ -58.39364, -34.6527 ], [ -58.38891, -34.65244 ], [ -58.38828, -34.66039 ] ] ] } },
{ "type": "Feature", "properties": { "indice_acceso": 0.729 }, "geometry": { "type": "Polygon", "coordinates": [ [ [ -58.38716, -34.65375 ], [ -58.38272, -34.65283 ], [ -58.38227, -34.65403 ], [ -58.38865, -34.65563 ], [ -58.38891, -34.65244 ], [ -58.38727, -34.65236 ], [ -58.38716, -34.65375 ] ] ] } },
{ "type": "Feature", "properties": { "indice_acceso": 0.708 }, "geometry": { "type": "Polygon", "coordinates": [ [ [ -58.38506, -34.65759 ], [ -58.38636, -34.65841 ], [ -58.38828, -34.66039 ], [ -58.38865, -34.65563 ], [ -58.38227, -34.65403 ], [ -58.38115, -34.65743 ], [ -58.38506, -34.65759 ] ] ] } },
{ "type": "Feature", "properties": { "indice_acceso": 0.923 }, "geometry": { "type": "Polygon", "coordinates": [ [ [ -58.3811, -34.63708 ], [ -58.38068, -34.63846 ], [ -58.38135, -34.63844 ], [ -58.3825, -34.6341 ], [ -58.38262, -34.63179 ], [ -58.38132, -34.6309 ], [ -58.3811, -34.63708 ] ] ] } },
{ "type": "Feature", "properties": { "indice_acceso": 0.865 }, "geometry": { "type": "Polygon", "coordinates": [ [ [ -58.38243, -34.6345 ], [ -58.38135, -34.63844 ], [ -58.38666, -34.63953 ], [ -58.38647, -34.63709 ], [ -58.38876, -34.63376 ], [ -58.38339, -34.63222 ], [ -58.38262, -34.63168 ], [ -58.38243, -34.6345 ] ] ] } },
{ "type": "Feature", "properties": { "indice_acceso": 0.824 }, "geometry": { "type": "Polygon", "coordinates": [ [ [ -58.38788, -34.63502 ], [ -58.38887, -34.63528 ], [ -58.38847, -34.63612 ], [ -58.39016, -34.63651 ], [ -58.39035, -34.63413 ], [ -58.38876, -34.63376 ], [ -58.38788, -34.63502 ] ] ] } },
{ "type": "Feature", "properties": { "indice_acceso": 0.808 }, "geometry": { "type": "Polygon", "coordinates": [ [ [ -58.38654, -34.63699 ], [ -58.39006, -34.63782 ], [ -58.39016, -34.63651 ], [ -58.38847, -34.63612 ], [ -58.38887, -34.63528 ], [ -58.38788, -34.63502 ], [ -58.38654, -34.63699 ] ] ] } },
{ "type": "Feature", "properties": { "indice_acceso": 0.799 }, "geometry": { "type": "Polygon", "coordinates": [ [ [ -58.38666, -34.63953 ], [ -58.38857, -34.63948 ], [ -58.38988, -34.64021 ], [ -58.39006, -34.63782 ], [ -58.38654, -34.63699 ], [ -58.38666, -34.63953 ] ] ] } },
{ "type": "Feature", "properties": { "indice_acceso": 0.846 }, "geometry": { "type": "Polygon", "coordinates": [ [ [ -58.38036, -34.63846 ], [ -58.38041, -34.64096 ], [ -58.38086, -34.64026 ], [ -58.38109, -34.64211 ], [ -58.38118, -34.64542 ], [ -58.38643, -34.64667 ], [ -58.38721, -34.64597 ], [ -58.38941, -34.6461 ], [ -58.38988, -34.64021 ], [ -58.38857, -34.63948 ], [ -58.38666, -34.63953 ], [ -58.38036, -34.63846 ] ] ] } },
{ "type": "Feature", "properties": { "indice_acceso": 0.798 }, "geometry": { "type": "Polygon", "coordinates": [ [ [ -58.37584, -34.63953 ], [ -58.37994, -34.64223 ], [ -58.38091, -34.64211 ], [ -58.38086, -34.64026 ], [ -58.38041, -34.64096 ], [ -58.38036, -34.63846 ], [ -58.37627, -34.63801 ], [ -58.37584, -34.63953 ] ] ] } },
{ "type": "Feature", "properties": { "indice_acceso": 0.78 }, "geometry": { "type": "Polygon", "coordinates": [ [ [ -58.37458, -34.63867 ], [ -58.37584, -34.63953 ], [ -58.37627, -34.63801 ], [ -58.37473, -34.63785 ], [ -58.37458, -34.63867 ] ] ] } },
{ "type": "Feature", "properties": { "indice_acceso": 0.811 }, "geometry": { "type": "Polygon", "coordinates": [ [ [ -58.37429, -34.64031 ], [ -58.3757, -34.64062 ], [ -58.37584, -34.63953 ], [ -58.37458, -34.63867 ], [ -58.37429, -34.64031 ] ] ] } },
{ "type": "Feature", "properties": { "indice_acceso": 0.805 }, "geometry": { "type": "Polygon", "coordinates": [ [ [ -58.37549, -34.64252 ], [ -58.37784, -34.64332 ], [ -58.37754, -34.64459 ], [ -58.38118, -34.64542 ], [ -58.38109, -34.64211 ], [ -58.37994, -34.64223 ], [ -58.37584, -34.63953 ], [ -58.37549, -34.64252 ] ] ] } },
{ "type": "Feature", "properties": { "indice_acceso": 0.814 }, "geometry": { "type": "Polygon", "coordinates": [ [ [ -58.37389, -34.64239 ], [ -58.37541, -34.64313 ], [ -58.3757, -34.64062 ], [ -58.37429, -34.64031 ], [ -58.37389, -34.64239 ] ] ] } },
{ "type": "Feature", "properties": { "indice_acceso": 0.799 }, "geometry": { "type": "Polygon", "coordinates": [ [ [ -58.37365, -34.64364 ], [ -58.37524, -34.644 ], [ -58.37514, -34.64442 ], [ -58.37754, -34.64459 ], [ -58.37784, -34.64332 ], [ -58.37601, -34.64254 ], [ -58.37549, -34.64252 ], [ -58.37541, -34.64313 ], [ -58.37389, -34.64239 ], [ -58.37365, -34.64364 ] ] ] } },
{ "type": "Feature", "properties": { "indice_acceso": 0.797 }, "geometry": { "type": "Polygon", "coordinates": [ [ [ -58.37711, -34.62994 ], [ -58.37615, -34.63219 ], [ -58.37777, -34.63253 ], [ -58.37829, -34.63137 ], [ -58.37903, -34.63124 ], [ -58.37858, -34.63052 ], [ -58.37905, -34.62933 ], [ -58.37793, -34.62861 ], [ -58.37711, -34.62994 ] ] ] } },
{ "type": "Feature", "properties": { "indice_acceso": 0.783 }, "geometry": { "type": "Polygon", "coordinates": [ [ [ -58.37579, -34.63326 ], [ -58.37746, -34.63336 ], [ -58.37777, -34.63253 ], [ -58.37615, -34.63219 ], [ -58.37579, -34.63326 ] ] ] } },
{ "type": "Feature", "properties": { "indice_acceso": 0.767 }, "geometry": { "type": "Polygon", "coordinates": [ [ [ -58.37344, -34.63237 ], [ -58.37434, -34.63332 ], [ -58.3752, -34.63276 ], [ -58.37579, -34.63326 ], [ -58.37615, -34.63219 ], [ -58.37514, -34.63125 ], [ -58.37344, -34.63237 ] ] ] } },
{ "type": "Feature", "properties": { "indice_acceso": 0.773 }, "geometry": { "type": "Polygon", "coordinates": [ [ [ -58.3752, -34.63276 ], [ -58.37434, -34.63332 ], [ -58.37539, -34.63441 ], [ -58.37579, -34.63326 ], [ -58.3752, -34.63276 ] ] ] } },
{ "type": "Feature", "properties": { "indice_acceso": 0.783 }, "geometry": { "type": "Polygon", "coordinates": [ [ [ -58.37535, -34.6346 ], [ -58.37714, -34.63471 ], [ -58.37746, -34.63336 ], [ -58.37579, -34.63326 ], [ -58.37535, -34.6346 ] ] ] } },
{ "type": "Feature", "properties": { "indice_acceso": 0.8 }, "geometry": { "type": "Polygon", "coordinates": [ [ [ -58.3786, -34.63112 ], [ -58.37819, -34.63147 ], [ -58.37627, -34.63801 ], [ -58.38068, -34.63846 ], [ -58.3811, -34.63708 ], [ -58.38125, -34.63307 ], [ -58.38014, -34.63303 ], [ -58.37903, -34.63124 ], [ -58.3786, -34.63112 ] ] ] } },
{ "type": "Feature", "properties": { "indice_acceso": 0.768 }, "geometry": { "type": "Polygon", "coordinates": [ [ [ -58.37506, -34.63611 ], [ -58.37678, -34.63623 ], [ -58.37714, -34.63471 ], [ -58.37535, -34.6346 ], [ -58.37506, -34.63611 ] ] ] } },
{ "type": "Feature", "properties": { "indice_acceso": 0.763 }, "geometry": { "type": "Polygon", "coordinates": [ [ [ -58.37407, -34.63511 ], [ -58.37523, -34.63526 ], [ -58.37539, -34.63441 ], [ -58.37441, -34.63338 ], [ -58.37407, -34.63511 ] ] ] } },
{ "type": "Feature", "properties": { "indice_acceso": 0.766 }, "geometry": { "type": "Polygon", "coordinates": [ [ [ -58.37386, -34.63611 ], [ -58.37504, -34.63626 ], [ -58.37523, -34.63526 ], [ -58.37407, -34.63511 ], [ -58.37386, -34.63611 ] ] ] } },
{ "type": "Feature", "properties": { "indice_acceso": 0.786 }, "geometry": { "type": "Polygon", "coordinates": [ [ [ -58.37355, -34.63774 ], [ -58.37473, -34.63785 ], [ -58.37504, -34.63626 ], [ -58.37386, -34.63611 ], [ -58.37355, -34.63774 ] ] ] } },
{ "type": "Feature", "properties": { "indice_acceso": 0.775 }, "geometry": { "type": "Polygon", "coordinates": [ [ [ -58.37473, -34.63785 ], [ -58.37627, -34.63801 ], [ -58.37678, -34.63623 ], [ -58.37506, -34.63611 ], [ -58.37473, -34.63785 ] ] ] } },
{ "type": "Feature", "properties": { "indice_acceso": 0.776 }, "geometry": { "type": "Polygon", "coordinates": [ [ [ -58.37456, -34.62859 ], [ -58.37562, -34.62897 ], [ -58.37479, -34.62992 ], [ -58.37672, -34.63084 ], [ -58.37793, -34.62861 ], [ -58.37557, -34.6273 ], [ -58.37456, -34.62859 ] ] ] } },
{ "type": "Feature", "properties": { "indice_acceso": 0.786 }, "geometry": { "type": "Polygon", "coordinates": [ [ [ -58.3735, -34.62825 ], [ -58.37456, -34.62859 ], [ -58.37557, -34.6273 ], [ -58.37386, -34.62678 ], [ -58.3735, -34.62825 ] ] ] } },
{ "type": "Feature", "properties": { "indice_acceso": 0.786 }, "geometry": { "type": "Polygon", "coordinates": [ [ [ -58.37096, -34.62665 ], [ -58.3708, -34.62812 ], [ -58.37231, -34.62821 ], [ -58.37241, -34.62779 ], [ -58.3735, -34.62825 ], [ -58.37386, -34.62678 ], [ -58.37096, -34.62665 ] ] ] } },
{ "type": "Feature", "properties": { "indice_acceso": 0.786 }, "geometry": { "type": "Polygon", "coordinates": [ [ [ -58.37069, -34.62918 ], [ -58.37203, -34.62927 ], [ -58.37231, -34.62821 ], [ -58.3708, -34.62812 ], [ -58.37069, -34.62918 ] ] ] } },
{ "type": "Feature", "properties": { "indice_acceso": 0.78 }, "geometry": { "type": "Polygon", "coordinates": [ [ [ -58.37066, -34.62949 ], [ -58.37193, -34.6308 ], [ -58.37277, -34.63025 ], [ -58.37203, -34.62927 ], [ -58.37069, -34.62918 ], [ -58.37066, -34.62949 ] ] ] } },
{ "type": "Feature", "properties": { "indice_acceso": 0.771 }, "geometry": { "type": "Polygon", "coordinates": [ [ [ -58.37428, -34.63181 ], [ -58.37277, -34.63025 ], [ -58.37193, -34.6308 ], [ -58.37333, -34.63225 ], [ -58.37428, -34.63181 ] ] ] } },
{ "type": "Feature", "properties": { "indice_acceso": 0.779 }, "geometry": { "type": "Polygon", "coordinates": [ [ [ -58.37428, -34.63181 ], [ -58.37514, -34.63125 ], [ -58.3737, -34.62965 ], [ -58.37319, -34.62946 ], [ -58.3735, -34.62825 ], [ -58.37241, -34.62779 ], [ -58.37198, -34.62943 ], [ -58.37428, -34.63181 ] ] ] } },
{ "type": "Feature", "properties": { "indice_acceso": 0.789 }, "geometry": { "type": "Polygon", "coordinates": [ [ [ -58.37319, -34.62946 ], [ -58.37433, -34.6304 ], [ -58.37562, -34.62897 ], [ -58.3735, -34.62825 ], [ -58.37319, -34.62946 ] ] ] } },
{ "type": "Feature", "properties": { "indice_acceso": 0.788 }, "geometry": { "type": "Polygon", "coordinates": [ [ [ -58.37433, -34.6304 ], [ -58.37615, -34.63219 ], [ -58.37672, -34.63084 ], [ -58.37479, -34.62992 ], [ -58.37433, -34.6304 ] ] ] } },
{ "type": "Feature", "properties": { "indice_acceso": 0.778 }, "geometry": { "type": "Polygon", "coordinates": [ [ [ -58.37036, -34.63269 ], [ -58.37129, -34.63281 ], [ -58.37158, -34.63103 ], [ -58.37193, -34.6308 ], [ -58.37066, -34.62949 ], [ -58.37036, -34.63269 ] ] ] } },
{ "type": "Feature", "properties": { "indice_acceso": 0.77 }, "geometry": { "type": "Polygon", "coordinates": [ [ [ -58.37158, -34.63103 ], [ -58.37129, -34.63281 ], [ -58.37247, -34.63298 ], [ -58.37273, -34.63163 ], [ -58.37193, -34.6308 ], [ -58.37158, -34.63103 ] ] ] } },
{ "type": "Feature", "properties": { "indice_acceso": 0.766 }, "geometry": { "type": "Polygon", "coordinates": [ [ [ -58.37247, -34.63298 ], [ -58.37345, -34.63312 ], [ -58.37327, -34.63405 ], [ -58.37424, -34.63422 ], [ -58.37441, -34.63338 ], [ -58.37273, -34.63163 ], [ -58.37247, -34.63298 ] ] ] } },
{ "type": "Feature", "properties": { "indice_acceso": 0.771 }, "geometry": { "type": "Polygon", "coordinates": [ [ [ -58.37025, -34.63362 ], [ -58.37327, -34.63405 ], [ -58.37345, -34.63312 ], [ -58.37036, -34.63269 ], [ -58.37025, -34.63362 ] ] ] } },
{ "type": "Feature", "properties": { "indice_acceso": 0.766 }, "geometry": { "type": "Polygon", "coordinates": [ [ [ -58.3711, -34.63469 ], [ -58.37407, -34.63511 ], [ -58.37424, -34.63422 ], [ -58.3712, -34.63374 ], [ -58.3711, -34.63469 ] ] ] } },
{ "type": "Feature", "properties": { "indice_acceso": 0.773 }, "geometry": { "type": "Polygon", "coordinates": [ [ [ -58.3698, -34.63651 ], [ -58.37171, -34.63676 ], [ -58.3721, -34.63484 ], [ -58.3711, -34.63469 ], [ -58.3712, -34.63374 ], [ -58.37025, -34.63362 ], [ -58.3698, -34.63651 ] ] ] } },
{ "type": "Feature", "properties": { "indice_acceso": 0.766 }, "geometry": { "type": "Polygon", "coordinates": [ [ [ -58.3719, -34.63583 ], [ -58.37386, -34.63611 ], [ -58.37407, -34.63511 ], [ -58.3721, -34.63484 ], [ -58.3719, -34.63583 ] ] ] } },
{ "type": "Feature", "properties": { "indice_acceso": 0.777 }, "geometry": { "type": "Polygon", "coordinates": [ [ [ -58.37171, -34.63676 ], [ -58.37369, -34.63703 ], [ -58.37386, -34.63611 ], [ -58.3719, -34.63583 ], [ -58.37171, -34.63676 ] ] ] } },
{ "type": "Feature", "properties": { "indice_acceso": 0.803 }, "geometry": { "type": "Polygon", "coordinates": [ [ [ -58.37064, -34.63747 ], [ -58.37155, -34.63755 ], [ -58.3714, -34.63826 ], [ -58.37338, -34.63852 ], [ -58.37369, -34.63703 ], [ -58.37079, -34.63663 ], [ -58.37064, -34.63747 ] ] ] } },
{ "type": "Feature", "properties": { "indice_acceso": 0.803 }, "geometry": { "type": "Polygon", "coordinates": [ [ [ -58.36957, -34.63802 ], [ -58.3714, -34.63826 ], [ -58.37155, -34.63755 ], [ -58.37064, -34.63747 ], [ -58.37079, -34.63663 ], [ -58.3698, -34.63651 ], [ -58.36957, -34.63802 ] ] ] } },
{ "type": "Feature", "properties": { "indice_acceso": 0.79 }, "geometry": { "type": "Polygon", "coordinates": [ [ [ -58.36612, -34.62703 ], [ -58.36737, -34.62764 ], [ -58.36798, -34.62691 ], [ -58.36797, -34.62519 ], [ -58.36649, -34.62519 ], [ -58.36612, -34.62703 ] ] ] } },
{ "type": "Feature", "properties": { "indice_acceso": 0.796 }, "geometry": { "type": "Polygon", "coordinates": [ [ [ -58.36645, -34.6306 ], [ -58.36649, -34.63352 ], [ -58.36624, -34.63418 ], [ -58.36524, -34.63376 ], [ -58.36369, -34.63625 ], [ -58.36515, -34.63681 ], [ -58.3661, -34.63512 ], [ -58.36692, -34.63521 ], [ -58.36839, -34.6306 ], [ -58.36717, -34.63034 ], [ -58.36747, -34.62936 ], [ -58.36872, -34.62956 ], [ -58.36944, -34.62832 ], [ -58.36798, -34.62691 ], [ -58.36698, -34.62807 ], [ -58.36556, -34.62903 ], [ -58.36645, -34.6306 ] ] ] } },
{ "type": "Feature", "properties": { "indice_acceso": 0.815 }, "geometry": { "type": "Polygon", "coordinates": [ [ [ -58.36747, -34.62936 ], [ -58.36717, -34.63034 ], [ -58.36839, -34.6306 ], [ -58.36872, -34.62956 ], [ -58.36747, -34.62936 ] ] ] } },
{ "type": "Feature", "properties": { "indice_acceso": 0.803 }, "geometry": { "type": "Polygon", "coordinates": [ [ [ -58.36872, -34.62956 ], [ -58.3681, -34.63152 ], [ -58.36911, -34.63161 ], [ -58.36937, -34.6307 ], [ -58.37054, -34.63081 ], [ -58.37066, -34.62949 ], [ -58.36944, -34.62832 ], [ -58.36872, -34.62956 ] ] ] } },
{ "type": "Feature", "properties": { "indice_acceso": 0.788 }, "geometry": { "type": "Polygon", "coordinates": [ [ [ -58.36937, -34.6307 ], [ -58.36884, -34.63253 ], [ -58.37036, -34.63269 ], [ -58.37054, -34.63081 ], [ -58.36937, -34.6307 ] ] ] } },
{ "type": "Feature", "properties": { "indice_acceso": 0.789 }, "geometry": { "type": "Polygon", "coordinates": [ [ [ -58.36847, -34.63439 ], [ -58.37011, -34.63456 ], [ -58.37036, -34.63269 ], [ -58.36884, -34.63253 ], [ -58.36847, -34.63439 ] ] ] } },
{ "type": "Feature", "properties": { "indice_acceso": 0.81 }, "geometry": { "type": "Polygon", "coordinates": [ [ [ -58.36722, -34.63428 ], [ -58.36847, -34.63439 ], [ -58.36911, -34.63161 ], [ -58.3681, -34.63152 ], [ -58.36722, -34.63428 ] ] ] } },
{ "type": "Feature", "properties": { "indice_acceso": 0.794 }, "geometry": { "type": "Polygon", "coordinates": [ [ [ -58.36408, -34.62991 ], [ -58.36318, -34.62898 ], [ -58.36145, -34.63012 ], [ -58.36331, -34.63199 ], [ -58.36235, -34.63263 ], [ -58.36624, -34.63418 ], [ -58.36658, -34.63287 ], [ -58.36645, -34.6306 ], [ -58.36552, -34.62897 ], [ -58.36408, -34.62991 ] ] ] } },
{ "type": "Feature", "properties": { "indice_acceso": 0.8 }, "geometry": { "type": "Polygon", "coordinates": [ [ [ -58.36094, -34.63198 ], [ -58.36082, -34.63202 ], [ -58.36235, -34.63263 ], [ -58.36331, -34.63199 ], [ -58.36235, -34.63105 ], [ -58.36094, -34.63198 ] ] ] } },
{ "type": "Feature", "properties": { "indice_acceso": 0.782 }, "geometry": { "type": "Polygon", "coordinates": [ [ [ -58.36094, -34.63198 ], [ -58.36235, -34.63105 ], [ -58.36145, -34.63012 ], [ -58.35943, -34.63145 ], [ -58.36094, -34.63198 ] ] ] } },
{ "type": "Feature", "properties": { "indice_acceso": 0.739 }, "geometry": { "type": "Polygon", "coordinates": [ [ [ -58.35518, -34.62869 ], [ -58.35422, -34.6298 ], [ -58.35359, -34.63118 ], [ -58.35528, -34.62917 ], [ -58.35846, -34.62703 ], [ -58.35968, -34.62828 ], [ -58.36275, -34.62625 ], [ -58.36522, -34.62687 ], [ -58.36567, -34.62734 ], [ -58.3663, -34.62669 ], [ -58.36649, -34.62519 ], [ -58.36309, -34.62511 ], [ -58.3619, -34.62381 ], [ -58.36103, -34.6244 ], [ -58.36127, -34.62468 ], [ -58.35518, -34.62869 ] ] ] } },
{ "type": "Feature", "properties": { "indice_acceso": 0.789 }, "geometry": { "type": "Polygon", "coordinates": [ [ [ -58.36556, -34.62903 ], [ -58.36737, -34.62764 ], [ -58.36696, -34.62725 ], [ -58.36612, -34.62703 ], [ -58.36567, -34.62734 ], [ -58.36522, -34.62687 ], [ -58.36405, -34.62659 ], [ -58.36353, -34.62694 ], [ -58.36556, -34.62903 ] ] ] } },
{ "type": "Feature", "properties": { "indice_acceso": 0.772 }, "geometry": { "type": "Polygon", "coordinates": [ [ [ -58.36318, -34.62898 ], [ -58.36408, -34.62991 ], [ -58.36557, -34.62893 ], [ -58.36456, -34.62806 ], [ -58.36318, -34.62898 ] ] ] } },
{ "type": "Feature", "properties": { "indice_acceso": 0.756 }, "geometry": { "type": "Polygon", "coordinates": [ [ [ -58.36275, -34.62625 ], [ -58.36214, -34.62666 ], [ -58.36418, -34.62832 ], [ -58.36456, -34.62806 ], [ -58.36353, -34.62694 ], [ -58.36405, -34.62659 ], [ -58.36275, -34.62625 ] ] ] } },
{ "type": "Feature", "properties": { "indice_acceso": 0.744 }, "geometry": { "type": "Polygon", "coordinates": [ [ [ -58.36142, -34.62714 ], [ -58.36286, -34.62857 ], [ -58.36368, -34.62803 ], [ -58.36214, -34.62666 ], [ -58.36142, -34.62714 ] ] ] } },
{ "type": "Feature", "properties": { "indice_acceso": 0.738 }, "geometry": { "type": "Polygon", "coordinates": [ [ [ -58.36064, -34.62765 ], [ -58.36131, -34.62839 ], [ -58.36216, -34.62785 ], [ -58.36142, -34.62714 ], [ -58.36064, -34.62765 ] ] ] } },
{ "type": "Feature", "properties": { "indice_acceso": 0.752 }, "geometry": { "type": "Polygon", "coordinates": [ [ [ -58.36245, -34.62946 ], [ -58.36418, -34.62832 ], [ -58.36382, -34.62794 ], [ -58.36286, -34.62857 ], [ -58.36216, -34.62785 ], [ -58.36131, -34.62839 ], [ -58.36245, -34.62946 ] ] ] } },
{ "type": "Feature", "properties": { "indice_acceso": 0.767 }, "geometry": { "type": "Polygon", "coordinates": [ [ [ -58.35802, -34.63087 ], [ -58.35753, -34.63169 ], [ -58.35898, -34.63229 ], [ -58.35943, -34.63145 ], [ -58.36245, -34.62946 ], [ -58.36164, -34.62862 ], [ -58.35802, -34.63087 ] ] ] } },
{ "type": "Feature", "properties": { "indice_acceso": 0.754 }, "geometry": { "type": "Polygon", "coordinates": [ [ [ -58.35968, -34.62828 ], [ -58.36065, -34.62928 ], [ -58.36157, -34.62867 ], [ -58.36064, -34.62765 ], [ -58.35968, -34.62828 ] ] ] } },
{ "type": "Feature", "properties": { "indice_acceso": 0.75 }, "geometry": { "type": "Polygon", "coordinates": [ [ [ -58.35846, -34.62703 ], [ -58.35565, -34.62888 ], [ -58.35426, -34.63034 ], [ -58.35753, -34.63169 ], [ -58.35802, -34.63087 ], [ -58.36065, -34.62928 ], [ -58.35846, -34.62703 ] ] ] } },
{ "type": "Feature", "properties": { "indice_acceso": 0.607 }, "geometry": { "type": "Polygon", "coordinates": [ [ [ -58.356, -34.61764 ], [ -58.35515, -34.61956 ], [ -58.35425, -34.61946 ], [ -58.35408, -34.6197 ], [ -58.35352, -34.6194 ], [ -58.35293, -34.61975 ], [ -58.35192, -34.61962 ], [ -58.35152, -34.61917 ], [ -58.35078, -34.61967 ], [ -58.34958, -34.61979 ], [ -58.34832, -34.61906 ], [ -58.3452, -34.61882 ], [ -58.34453, -34.61905 ], [ -58.34466, -34.61964 ], [ -58.34544, -34.61989 ], [ -58.34633, -34.61921 ], [ -58.34715, -34.61999 ], [ -58.34697, -34.62101 ], [ -58.34593, -34.62295 ], [ -58.34612, -34.62201 ], [ -58.34575, -34.62211 ], [ -58.34548, -34.62152 ], [ -58.34469, -34.62134 ], [ -58.34404, -34.62171 ], [ -58.34434, -34.62045 ], [ -58.34403, -34.61945 ], [ -58.34294, -34.61861 ], [ -58.33921, -34.61855 ], [ -58.3382, -34.61912 ], [ -58.33714, -34.62173 ], [ -58.33719, -34.62264 ], [ -58.3378, -34.62289 ], [ -58.33945, -34.62264 ], [ -58.34167, -34.62285 ], [ -58.34211, -34.62224 ], [ -58.34306, -34.62267 ], [ -58.34222, -34.62358 ], [ -58.34188, -34.62313 ], [ -58.34068, -34.62313 ], [ -58.33849, -34.62466 ], [ -58.33704, -34.62485 ], [ -58.33515, -34.62645 ], [ -58.33514, -34.62712 ], [ -58.33619, -34.62819 ], [ -58.33886, -34.62893 ], [ -58.33945, -34.62861 ], [ -58.33974, -34.62784 ], [ -58.34064, -34.62783 ], [ -58.34243, -34.62618 ], [ -58.34428, -34.62639 ], [ -58.34156, -34.62858 ], [ -58.3414, -34.62897 ], [ -58.3425, -34.62949 ], [ -58.34332, -34.62925 ], [ -58.34457, -34.62801 ], [ -58.345, -34.62837 ], [ -58.34645, -34.62719 ], [ -58.34671, -34.6274 ], [ -58.34536, -34.62867 ], [ -58.34706, -34.62728 ], [ -58.34876, -34.62868 ], [ -58.34844, -34.62896 ], [ -58.34878, -34.62908 ], [ -58.34843, -34.62987 ], [ -58.3479, -34.63007 ], [ -58.34829, -34.63029 ], [ -58.34792, -34.63117 ], [ -58.34774, -34.63088 ], [ -58.34758, -34.63139 ], [ -58.3461, -34.63166 ], [ -58.34779, -34.63212 ], [ -58.34771, -34.63262 ], [ -58.34785, -34.63234 ], [ -58.34907, -34.63256 ], [ -58.35011, -34.63235 ], [ -58.35126, -34.63117 ], [ -58.35185, -34.62927 ], [ -58.35239, -34.62898 ], [ -58.35299, -34.62916 ], [ -58.35393, -34.62809 ], [ -58.35996, -34.62414 ], [ -58.3605, -34.62389 ], [ -58.3609, -34.62425 ], [ -58.36177, -34.62367 ], [ -58.356, -34.61764 ] ] ] } },
{ "type": "Feature", "properties": { "indice_acceso": 0.802 }, "geometry": { "type": "Polygon", "coordinates": [ [ [ -58.36034, -34.63285 ], [ -58.36187, -34.63347 ], [ -58.36235, -34.63263 ], [ -58.36082, -34.63202 ], [ -58.36034, -34.63285 ] ] ] } },
{ "type": "Feature", "properties": { "indice_acceso": 0.802 }, "geometry": { "type": "Polygon", "coordinates": [ [ [ -58.35986, -34.63368 ], [ -58.36137, -34.63428 ], [ -58.36187, -34.63347 ], [ -58.36034, -34.63285 ], [ -58.35986, -34.63368 ] ] ] } },
{ "type": "Feature", "properties": { "indice_acceso": 0.801 }, "geometry": { "type": "Polygon", "coordinates": [ [ [ -58.3585, -34.63312 ], [ -58.35986, -34.63368 ], [ -58.36082, -34.63202 ], [ -58.35943, -34.63145 ], [ -58.3585, -34.63312 ] ] ] } },
{ "type": "Feature", "properties": { "indice_acceso": 0.756 }, "geometry": { "type": "Polygon", "coordinates": [ [ [ -58.3535, -34.63211 ], [ -58.35802, -34.63394 ], [ -58.35898, -34.63229 ], [ -58.35426, -34.63034 ], [ -58.3535, -34.63211 ] ] ] } },
{ "type": "Feature", "properties": { "indice_acceso": 0.784 }, "geometry": { "type": "Polygon", "coordinates": [ [ [ -58.35802, -34.63394 ], [ -58.35937, -34.6345 ], [ -58.35888, -34.63532 ], [ -58.36036, -34.63592 ], [ -58.36137, -34.63428 ], [ -58.3585, -34.63312 ], [ -58.35802, -34.63394 ] ] ] } },
{ "type": "Feature", "properties": { "indice_acceso": 0.781 }, "geometry": { "type": "Polygon", "coordinates": [ [ [ -58.35707, -34.63563 ], [ -58.35987, -34.63673 ], [ -58.36036, -34.63592 ], [ -58.35888, -34.63532 ], [ -58.35937, -34.6345 ], [ -58.35802, -34.63394 ], [ -58.35707, -34.63563 ] ] ] } },
{ "type": "Feature", "properties": { "indice_acceso": 0.77 }, "geometry": { "type": "Polygon", "coordinates": [ [ [ -58.35561, -34.63505 ], [ -58.35707, -34.63563 ], [ -58.35802, -34.63394 ], [ -58.35655, -34.63335 ], [ -58.35561, -34.63505 ] ] ] } },
{ "type": "Feature", "properties": { "indice_acceso": 0.745 }, "geometry": { "type": "Polygon", "coordinates": [ [ [ -58.35276, -34.63358 ], [ -58.3535, -34.63572 ], [ -58.35464, -34.6368 ], [ -58.35655, -34.63335 ], [ -58.3535, -34.63211 ], [ -58.35379, -34.63123 ], [ -58.35359, -34.63118 ], [ -58.35276, -34.63358 ] ] ] } },
{ "type": "Feature", "properties": { "indice_acceso": 0.776 }, "geometry": { "type": "Polygon", "coordinates": [ [ [ -58.35464, -34.6368 ], [ -58.35602, -34.63754 ], [ -58.35662, -34.63644 ], [ -58.35791, -34.63696 ], [ -58.35839, -34.63615 ], [ -58.35561, -34.63505 ], [ -58.35464, -34.6368 ] ] ] } },
{ "type": "Feature", "properties": { "indice_acceso": 0.787 }, "geometry": { "type": "Polygon", "coordinates": [ [ [ -58.35662, -34.63644 ], [ -58.35602, -34.63754 ], [ -58.35694, -34.63858 ], [ -58.35832, -34.63922 ], [ -58.35987, -34.63673 ], [ -58.35839, -34.63615 ], [ -58.35799, -34.63681 ], [ -58.35662, -34.63644 ] ] ] } },
{ "type": "Feature", "properties": { "indice_acceso": 0.795 }, "geometry": { "type": "Polygon", "coordinates": [ [ [ -58.36662, -34.63701 ], [ -58.36804, -34.63718 ], [ -58.36818, -34.6363 ], [ -58.3698, -34.63651 ], [ -58.37011, -34.63456 ], [ -58.36722, -34.63428 ], [ -58.36662, -34.63701 ] ] ] } },
{ "type": "Feature", "properties": { "indice_acceso": 0.811 }, "geometry": { "type": "Polygon", "coordinates": [ [ [ -58.36818, -34.6363 ], [ -58.36776, -34.63896 ], [ -58.36939, -34.63917 ], [ -58.3698, -34.63651 ], [ -58.36818, -34.6363 ] ] ] } },
{ "type": "Feature", "properties": { "indice_acceso": 0.851 }, "geometry": { "type": "Polygon", "coordinates": [ [ [ -58.36647, -34.63793 ], [ -58.36508, -34.63775 ], [ -58.36464, -34.63855 ], [ -58.36776, -34.63896 ], [ -58.36804, -34.63718 ], [ -58.36662, -34.63701 ], [ -58.36647, -34.63793 ] ] ] } },
{ "type": "Feature", "properties": { "indice_acceso": 0.819 }, "geometry": { "type": "Polygon", "coordinates": [ [ [ -58.3661, -34.63512 ], [ -58.36413, -34.63849 ], [ -58.36464, -34.63855 ], [ -58.36508, -34.63775 ], [ -58.36647, -34.63793 ], [ -58.36692, -34.63521 ], [ -58.3661, -34.63512 ] ] ] } },
{ "type": "Feature", "properties": { "indice_acceso": 0.848 }, "geometry": { "type": "Polygon", "coordinates": [ [ [ -58.3627, -34.63788 ], [ -58.36413, -34.63849 ], [ -58.36515, -34.63681 ], [ -58.36369, -34.63625 ], [ -58.3627, -34.63788 ] ] ] } },
{ "type": "Feature", "properties": { "indice_acceso": 0.802 }, "geometry": { "type": "Polygon", "coordinates": [ [ [ -58.36277, -34.63485 ], [ -58.36348, -34.63514 ], [ -58.36297, -34.63596 ], [ -58.36369, -34.63625 ], [ -58.36524, -34.63376 ], [ -58.36379, -34.63319 ], [ -58.36277, -34.63485 ] ] ] } },
{ "type": "Feature", "properties": { "indice_acceso": 0.802 }, "geometry": { "type": "Polygon", "coordinates": [ [ [ -58.36137, -34.63428 ], [ -58.36277, -34.63485 ], [ -58.36379, -34.63319 ], [ -58.36235, -34.63263 ], [ -58.36137, -34.63428 ] ] ] } },
{ "type": "Feature", "properties": { "indice_acceso": 0.802 }, "geometry": { "type": "Polygon", "coordinates": [ [ [ -58.36087, -34.6351 ], [ -58.36297, -34.63596 ], [ -58.36348, -34.63514 ], [ -58.36137, -34.63428 ], [ -58.36087, -34.6351 ] ] ] } },
{ "type": "Feature", "properties": { "indice_acceso": 0.83 }, "geometry": { "type": "Polygon", "coordinates": [ [ [ -58.35987, -34.63673 ], [ -58.36129, -34.63731 ], [ -58.36227, -34.63568 ], [ -58.36087, -34.6351 ], [ -58.35987, -34.63673 ] ] ] } },
{ "type": "Feature", "properties": { "indice_acceso": 0.835 }, "geometry": { "type": "Polygon", "coordinates": [ [ [ -58.36129, -34.63731 ], [ -58.3627, -34.63788 ], [ -58.36369, -34.63625 ], [ -58.36227, -34.63568 ], [ -58.36129, -34.63731 ] ] ] } },
{ "type": "Feature", "properties": { "indice_acceso": 0.87 }, "geometry": { "type": "Polygon", "coordinates": [ [ [ -58.35939, -34.63755 ], [ -58.36081, -34.63811 ], [ -58.36017, -34.63921 ], [ -58.36111, -34.63942 ], [ -58.36142, -34.63989 ], [ -58.3627, -34.63788 ], [ -58.35987, -34.63673 ], [ -58.35939, -34.63755 ] ] ] } },
{ "type": "Feature", "properties": { "indice_acceso": 0.804 }, "geometry": { "type": "Polygon", "coordinates": [ [ [ -58.35847, -34.63895 ], [ -58.35832, -34.63922 ], [ -58.36017, -34.63921 ], [ -58.36081, -34.63811 ], [ -58.35939, -34.63755 ], [ -58.35847, -34.63895 ] ] ] } },
{ "type": "Feature", "properties": { "indice_acceso": 0.842 }, "geometry": { "type": "Polygon", "coordinates": [ [ [ -58.36909, -34.64112 ], [ -58.36939, -34.63917 ], [ -58.36634, -34.63878 ], [ -58.36607, -34.64052 ], [ -58.36909, -34.64112 ] ] ] } },
{ "type": "Feature", "properties": { "indice_acceso": 0.873 }, "geometry": { "type": "Polygon", "coordinates": [ [ [ -58.36515, -34.63954 ], [ -58.36368, -34.63931 ], [ -58.3633, -34.63996 ], [ -58.36607, -34.64052 ], [ -58.36634, -34.63878 ], [ -58.36564, -34.63868 ], [ -58.36515, -34.63954 ] ] ] } },
{ "type": "Feature", "properties": { "indice_acceso": 0.872 }, "geometry": { "type": "Polygon", "coordinates": [ [ [ -58.36182, -34.63939 ], [ -58.3633, -34.63996 ], [ -58.36368, -34.63931 ], [ -58.36515, -34.63954 ], [ -58.36564, -34.63868 ], [ -58.36413, -34.63849 ], [ -58.3627, -34.63788 ], [ -58.36182, -34.63939 ] ] ] } },
{ "type": "Feature", "properties": { "indice_acceso": 0.816 }, "geometry": { "type": "Polygon", "coordinates": [ [ [ -58.36182, -34.63939 ], [ -58.3609, -34.64072 ], [ -58.35848, -34.64155 ], [ -58.36041, -34.64256 ], [ -58.36075, -34.64212 ], [ -58.36177, -34.64264 ], [ -58.36197, -34.64227 ], [ -58.36248, -34.64254 ], [ -58.36252, -34.64171 ], [ -58.36522, -34.64241 ], [ -58.36575, -34.6414 ], [ -58.36426, -34.64115 ], [ -58.36476, -34.64025 ], [ -58.36182, -34.63939 ] ] ] } },
{ "type": "Feature", "properties": { "indice_acceso": 0.857 }, "geometry": { "type": "Polygon", "coordinates": [ [ [ -58.36735, -34.64168 ], [ -58.36749, -34.6408 ], [ -58.36476, -34.64025 ], [ -58.36426, -34.64115 ], [ -58.36735, -34.64168 ] ] ] } },
{ "type": "Feature", "properties": { "indice_acceso": 0.839 }, "geometry": { "type": "Polygon", "coordinates": [ [ [ -58.36735, -34.64168 ], [ -58.36575, -34.6414 ], [ -58.36522, -34.64241 ], [ -58.36882, -34.64292 ], [ -58.36909, -34.64112 ], [ -58.36749, -34.6408 ], [ -58.36735, -34.64168 ] ] ] } },
{ "type": "Feature", "properties": { "indice_acceso": 0.785 }, "geometry": { "type": "Polygon", "coordinates": [ [ [ -58.36855, -34.64473 ], [ -58.36882, -34.64292 ], [ -58.36522, -34.64241 ], [ -58.36466, -34.64344 ], [ -58.3656, -34.64355 ], [ -58.36546, -34.64445 ], [ -58.36855, -34.64473 ] ] ] } },
{ "type": "Feature", "properties": { "indice_acceso": 0.804 }, "geometry": { "type": "Polygon", "coordinates": [ [ [ -58.36252, -34.64171 ], [ -58.36262, -34.6436 ], [ -58.3642, -34.64433 ], [ -58.36546, -34.64445 ], [ -58.3656, -34.64355 ], [ -58.36466, -34.64344 ], [ -58.36522, -34.64241 ], [ -58.36252, -34.64171 ] ] ] } },
{ "type": "Feature", "properties": { "indice_acceso": 0.747 }, "geometry": { "type": "Polygon", "coordinates": [ [ [ -58.35732, -34.64404 ], [ -58.35759, -34.64498 ], [ -58.35985, -34.64603 ], [ -58.36001, -34.64581 ], [ -58.35782, -34.6447 ], [ -58.35764, -34.64401 ], [ -58.35806, -34.64256 ], [ -58.36165, -34.64436 ], [ -58.3622, -34.64341 ], [ -58.36262, -34.6436 ], [ -58.36248, -34.64254 ], [ -58.36197, -34.64227 ], [ -58.36177, -34.64264 ], [ -58.36075, -34.64212 ], [ -58.36041, -34.64256 ], [ -58.35848, -34.64155 ], [ -58.35732, -34.64404 ] ] ] } },
{ "type": "Feature", "properties": { "indice_acceso": 0.721 }, "geometry": { "type": "Polygon", "coordinates": [ [ [ -58.35794, -34.64484 ], [ -58.36001, -34.64581 ], [ -58.35985, -34.64603 ], [ -58.36171, -34.64794 ], [ -58.36426, -34.64828 ], [ -58.36452, -34.64804 ], [ -58.36379, -34.64706 ], [ -58.36282, -34.64369 ], [ -58.3622, -34.64341 ], [ -58.36165, -34.64436 ], [ -58.35806, -34.64256 ], [ -58.35766, -34.64416 ], [ -58.35794, -34.64484 ] ] ] } },
{ "type": "Feature", "properties": { "indice_acceso": 0.774 }, "geometry": { "type": "Polygon", "coordinates": [ [ [ -58.3667, -34.64627 ], [ -58.36695, -34.64457 ], [ -58.3642, -34.64433 ], [ -58.36282, -34.64369 ], [ -58.36337, -34.64594 ], [ -58.3667, -34.64627 ] ] ] } },
{ "type": "Feature", "properties": { "indice_acceso": 0.702 }, "geometry": { "type": "Polygon", "coordinates": [ [ [ -58.3667, -34.64627 ], [ -58.36337, -34.64594 ], [ -58.36452, -34.64804 ], [ -58.36426, -34.64828 ], [ -58.36765, -34.65014 ], [ -58.36855, -34.64473 ], [ -58.36695, -34.64457 ], [ -58.3667, -34.64627 ] ] ] } },
{ "type": "Feature", "properties": { "indice_acceso": 0.819 }, "geometry": { "type": "Polygon", "coordinates": [ [ [ -58.37338, -34.63852 ], [ -58.3724, -34.63839 ], [ -58.3722, -34.6394 ], [ -58.37441, -34.63967 ], [ -58.37473, -34.63785 ], [ -58.37355, -34.63774 ], [ -58.37338, -34.63852 ] ] ] } },
{ "type": "Feature", "properties": { "indice_acceso": 0.83 }, "geometry": { "type": "Polygon", "coordinates": [ [ [ -58.36909, -34.64112 ], [ -58.37181, -34.6414 ], [ -58.37201, -34.64037 ], [ -58.37299, -34.64046 ], [ -58.37317, -34.63952 ], [ -58.3722, -34.6394 ], [ -58.3724, -34.63839 ], [ -58.36957, -34.63802 ], [ -58.36909, -34.64112 ] ] ] } },
{ "type": "Feature", "properties": { "indice_acceso": 0.845 }, "geometry": { "type": "Polygon", "coordinates": [ [ [ -58.37279, -34.64148 ], [ -58.37404, -34.6416 ], [ -58.37441, -34.63967 ], [ -58.37317, -34.63952 ], [ -58.37279, -34.64148 ] ] ] } },
{ "type": "Feature", "properties": { "indice_acceso": 0.84 }, "geometry": { "type": "Polygon", "coordinates": [ [ [ -58.37264, -34.64233 ], [ -58.37389, -34.64239 ], [ -58.37404, -34.6416 ], [ -58.37279, -34.64148 ], [ -58.37264, -34.64233 ] ] ] } },
{ "type": "Feature", "properties": { "indice_acceso": 0.825 }, "geometry": { "type": "Polygon", "coordinates": [ [ [ -58.36882, -34.64292 ], [ -58.37244, -34.64341 ], [ -58.37299, -34.64046 ], [ -58.37201, -34.64037 ], [ -58.37181, -34.6414 ], [ -58.36909, -34.64112 ], [ -58.36882, -34.64292 ] ] ] } },
{ "type": "Feature", "properties": { "indice_acceso": 0.81 }, "geometry": { "type": "Polygon", "coordinates": [ [ [ -58.37244, -34.64341 ], [ -58.37365, -34.64364 ], [ -58.37389, -34.64239 ], [ -58.37264, -34.64233 ], [ -58.37244, -34.64341 ] ] ] } },
{ "type": "Feature", "properties": { "indice_acceso": 0.795 }, "geometry": { "type": "Polygon", "coordinates": [ [ [ -58.3719, -34.64639 ], [ -58.37309, -34.64667 ], [ -58.37365, -34.64364 ], [ -58.37244, -34.64341 ], [ -58.3719, -34.64639 ] ] ] } },
{ "type": "Feature", "properties": { "indice_acceso": 0.797 }, "geometry": { "type": "Polygon", "coordinates": [ [ [ -58.36855, -34.64473 ], [ -58.37002, -34.64502 ], [ -58.36983, -34.64594 ], [ -58.3719, -34.64639 ], [ -58.37244, -34.64341 ], [ -58.36882, -34.64292 ], [ -58.36855, -34.64473 ] ] ] } },
{ "type": "Feature", "properties": { "indice_acceso": 0.762 }, "geometry": { "type": "Polygon", "coordinates": [ [ [ -58.3683, -34.64643 ], [ -58.36967, -34.64672 ], [ -58.37002, -34.64502 ], [ -58.36855, -34.64473 ], [ -58.3683, -34.64643 ] ] ] } },
{ "type": "Feature", "properties": { "indice_acceso": 0.771 }, "geometry": { "type": "Polygon", "coordinates": [ [ [ -58.36967, -34.64672 ], [ -58.37296, -34.64742 ], [ -58.37309, -34.64667 ], [ -58.36983, -34.64594 ], [ -58.36967, -34.64672 ] ] ] } },
{ "type": "Feature", "properties": { "indice_acceso": 0.751 }, "geometry": { "type": "Polygon", "coordinates": [ [ [ -58.37282, -34.64817 ], [ -58.37296, -34.64742 ], [ -58.3683, -34.64643 ], [ -58.36817, -34.64733 ], [ -58.37282, -34.64817 ] ] ] } },
{ "type": "Feature", "properties": { "indice_acceso": 0.686 }, "geometry": { "type": "Polygon", "coordinates": [ [ [ -58.36941, -34.65117 ], [ -58.36953, -34.65083 ], [ -58.37153, -34.65114 ], [ -58.37282, -34.64817 ], [ -58.36817, -34.64733 ], [ -58.36765, -34.65014 ], [ -58.36941, -34.65117 ] ] ] } },
{ "type": "Feature", "properties": { "indice_acceso": 0.828 }, "geometry": { "type": "Polygon", "coordinates": [ [ [ -58.37908, -34.64661 ], [ -58.38447, -34.6479 ], [ -58.38502, -34.64634 ], [ -58.37961, -34.6451 ], [ -58.37908, -34.64661 ] ] ] } },
{ "type": "Feature", "properties": { "indice_acceso": 0.823 }, "geometry": { "type": "Polygon", "coordinates": [ [ [ -58.37975, -34.64943 ], [ -58.38257, -34.64993 ], [ -58.38338, -34.64764 ], [ -58.3804, -34.64692 ], [ -58.37975, -34.64943 ] ] ] } },
{ "type": "Feature", "properties": { "indice_acceso": 0.832 }, "geometry": { "type": "Polygon", "coordinates": [ [ [ -58.37756, -34.64785 ], [ -58.37857, -34.6481 ], [ -58.37818, -34.64921 ], [ -58.37979, -34.64948 ], [ -58.3804, -34.64692 ], [ -58.37908, -34.64661 ], [ -58.37961, -34.6451 ], [ -58.37888, -34.64492 ], [ -58.37756, -34.64785 ] ] ] } },
{ "type": "Feature", "properties": { "indice_acceso": 0.814 }, "geometry": { "type": "Polygon", "coordinates": [ [ [ -58.37493, -34.64855 ], [ -58.37713, -34.64895 ], [ -58.37888, -34.64492 ], [ -58.37686, -34.64442 ], [ -58.37677, -34.64467 ], [ -58.376, -34.64455 ], [ -58.37493, -34.64855 ] ] ] } },
{ "type": "Feature", "properties": { "indice_acceso": 0.799 }, "geometry": { "type": "Polygon", "coordinates": [ [ [ -58.37309, -34.64667 ], [ -58.37531, -34.64725 ], [ -58.376, -34.64455 ], [ -58.37514, -34.64442 ], [ -58.37524, -34.644 ], [ -58.37365, -34.64364 ], [ -58.37309, -34.64667 ] ] ] } },
{ "type": "Feature", "properties": { "indice_acceso": 0.782 }, "geometry": { "type": "Polygon", "coordinates": [ [ [ -58.37278, -34.64921 ], [ -58.37657, -34.65047 ], [ -58.37713, -34.64895 ], [ -58.37493, -34.64855 ], [ -58.37531, -34.64725 ], [ -58.37309, -34.64667 ], [ -58.37278, -34.64921 ] ] ] } },
{ "type": "Feature", "properties": { "indice_acceso": 0.807 }, "geometry": { "type": "Polygon", "coordinates": [ [ [ -58.37667, -34.65019 ], [ -58.37948, -34.6508 ], [ -58.37979, -34.64948 ], [ -58.37818, -34.64921 ], [ -58.37857, -34.6481 ], [ -58.37756, -34.64785 ], [ -58.37667, -34.65019 ] ] ] } },
{ "type": "Feature", "properties": { "indice_acceso": 0.791 }, "geometry": { "type": "Polygon", "coordinates": [ [ [ -58.38257, -34.64993 ], [ -58.37979, -34.64948 ], [ -58.37948, -34.6508 ], [ -58.38313, -34.65173 ], [ -58.38447, -34.6479 ], [ -58.38338, -34.64764 ], [ -58.38257, -34.64993 ] ] ] } },
{ "type": "Feature", "properties": { "indice_acceso": 0.724 }, "geometry": { "type": "Polygon", "coordinates": [ [ [ -58.37904, -34.65422 ], [ -58.3782, -34.65637 ], [ -58.37834, -34.65729 ], [ -58.38115, -34.65743 ], [ -58.38313, -34.65173 ], [ -58.37948, -34.6508 ], [ -58.37857, -34.6541 ], [ -58.37904, -34.65422 ] ] ] } },
{ "type": "Feature", "properties": { "indice_acceso": 0.761 }, "geometry": { "type": "Polygon", "coordinates": [ [ [ -58.37582, -34.65237 ], [ -58.37689, -34.65265 ], [ -58.37654, -34.65359 ], [ -58.37857, -34.6541 ], [ -58.37948, -34.6508 ], [ -58.37667, -34.65019 ], [ -58.37582, -34.65237 ] ] ] } },
{ "type": "Feature", "properties": { "indice_acceso": 0.717 }, "geometry": { "type": "Polygon", "coordinates": [ [ [ -58.36953, -34.65083 ], [ -58.36941, -34.65117 ], [ -58.37002, -34.6521 ], [ -58.36979, -34.65358 ], [ -58.37254, -34.65499 ], [ -58.37385, -34.65668 ], [ -58.3742, -34.65658 ], [ -58.37657, -34.65047 ], [ -58.37282, -34.64925 ], [ -58.37268, -34.64881 ], [ -58.37142, -34.6512 ], [ -58.36953, -34.65083 ] ] ] } },
{ "type": "Feature", "properties": { "indice_acceso": 0.737 }, "geometry": { "type": "Polygon", "coordinates": [ [ [ -58.3742, -34.65658 ], [ -58.37385, -34.65668 ], [ -58.37406, -34.65689 ], [ -58.3773, -34.65698 ], [ -58.37834, -34.65729 ], [ -58.3782, -34.65637 ], [ -58.37904, -34.65422 ], [ -58.37654, -34.65359 ], [ -58.37689, -34.65265 ], [ -58.37582, -34.65237 ], [ -58.3742, -34.65658 ] ] ] } },
{ "type": "Feature", "properties": { "indice_acceso": 0.743 }, "geometry": { "type": "Polygon", "coordinates": [ [ [ -58.39528, -34.65327 ], [ -58.39515, -34.65488 ], [ -58.39659, -34.65507 ], [ -58.39678, -34.65374 ], [ -58.39638, -34.6537 ], [ -58.39633, -34.65327 ], [ -58.39528, -34.65327 ] ] ] } },
{ "type": "Feature", "properties": { "indice_acceso": 0.744 }, "geometry": { "type": "Polygon", "coordinates": [ [ [ -58.39691, -34.65291 ], [ -58.39666, -34.65483 ], [ -58.39796, -34.65471 ], [ -58.39865, -34.65257 ], [ -58.39819, -34.65256 ], [ -58.39803, -34.65311 ], [ -58.39691, -34.65291 ] ] ] } },
{ "type": "Feature", "properties": { "indice_acceso": 0.744 }, "geometry": { "type": "Polygon", "coordinates": [ [ [ -58.39659, -34.65507 ], [ -58.39515, -34.65488 ], [ -58.39506, -34.65597 ], [ -58.3975, -34.65617 ], [ -58.39796, -34.65471 ], [ -58.39666, -34.65483 ], [ -58.39659, -34.65507 ] ] ] } },
{ "type": "Feature", "properties": { "indice_acceso": 0.717 }, "geometry": { "type": "Polygon", "coordinates": [ [ [ -58.39462, -34.66111 ], [ -58.39536, -34.66117 ], [ -58.39539, -34.65919 ], [ -58.3961, -34.6579 ], [ -58.39683, -34.65818 ], [ -58.39738, -34.65624 ], [ -58.39506, -34.65597 ], [ -58.39462, -34.66111 ] ] ] } },
{ "type": "Feature", "properties": { "indice_acceso": 0.735 }, "geometry": { "type": "Polygon", "coordinates": [ [ [ -58.39667, -34.65886 ], [ -58.39808, -34.65829 ], [ -58.39902, -34.65843 ], [ -58.39944, -34.6564 ], [ -58.39737, -34.65615 ], [ -58.39667, -34.65886 ] ] ] } },
{ "type": "Feature", "properties": { "indice_acceso": 0.656 }, "geometry": { "type": "Polygon", "coordinates": [ [ [ -58.39535, -34.65931 ], [ -58.39536, -34.66117 ], [ -58.39462, -34.66111 ], [ -58.39452, -34.6623 ], [ -58.39568, -34.66187 ], [ -58.39728, -34.66186 ], [ -58.39765, -34.66173 ], [ -58.39773, -34.66127 ], [ -58.39924, -34.66087 ], [ -58.3996, -34.65924 ], [ -58.39932, -34.65865 ], [ -58.39872, -34.65823 ], [ -58.39667, -34.65886 ], [ -58.39683, -34.65818 ], [ -58.3961, -34.6579 ], [ -58.39535, -34.65931 ] ] ] } },
{ "type": "Feature", "properties": { "indice_acceso": 0.724 }, "geometry": { "type": "Polygon", "coordinates": [ [ [ -58.3996, -34.65913 ], [ -58.39915, -34.6607 ], [ -58.39991, -34.66099 ], [ -58.40083, -34.6602 ], [ -58.40201, -34.65761 ], [ -58.39924, -34.6574 ], [ -58.39902, -34.65843 ], [ -58.3996, -34.65913 ] ] ] } },
{ "type": "Feature", "properties": { "indice_acceso": 0.754 }, "geometry": { "type": "Polygon", "coordinates": [ [ [ -58.39924, -34.6574 ], [ -58.40201, -34.65761 ], [ -58.40274, -34.65587 ], [ -58.40104, -34.65616 ], [ -58.40159, -34.65441 ], [ -58.39982, -34.65464 ], [ -58.39924, -34.6574 ] ] ] } },
{ "type": "Feature", "properties": { "indice_acceso": 0.757 }, "geometry": { "type": "Polygon", "coordinates": [ [ [ -58.40323, -34.65074 ], [ -58.40352, -34.65131 ], [ -58.40242, -34.65212 ], [ -58.40268, -34.65244 ], [ -58.40104, -34.65616 ], [ -58.40274, -34.65587 ], [ -58.40466, -34.65046 ], [ -58.40323, -34.65074 ] ] ] } },
{ "type": "Feature", "properties": { "indice_acceso": 0.76 }, "geometry": { "type": "Polygon", "coordinates": [ [ [ -58.40027, -34.65252 ], [ -58.39982, -34.65464 ], [ -58.40173, -34.65441 ], [ -58.40268, -34.65244 ], [ -58.40242, -34.65212 ], [ -58.40027, -34.65252 ] ] ] } },
{ "type": "Feature", "properties": { "indice_acceso": 0.767 }, "geometry": { "type": "Polygon", "coordinates": [ [ [ -58.4004, -34.65256 ], [ -58.40228, -34.65222 ], [ -58.40352, -34.65131 ], [ -58.40323, -34.65074 ], [ -58.40056, -34.65107 ], [ -58.4004, -34.65256 ] ] ] } },
{ "type": "Feature", "properties": { "indice_acceso": 0.784 }, "geometry": { "type": "Polygon", "coordinates": [ [ [ -58.40343, -34.6507 ], [ -58.40352, -34.65024 ], [ -58.40086, -34.64979 ], [ -58.40058, -34.65102 ], [ -58.40343, -34.6507 ] ] ] } },
{ "type": "Feature", "properties": { "indice_acceso": 0.803 }, "geometry": { "type": "Polygon", "coordinates": [ [ [ -58.40086, -34.64979 ], [ -58.40352, -34.65024 ], [ -58.40343, -34.6507 ], [ -58.40466, -34.65046 ], [ -58.40504, -34.6498 ], [ -58.40274, -34.64706 ], [ -58.4015, -34.64695 ], [ -58.40086, -34.64979 ] ] ] } },
{ "type": "Feature", "properties": { "indice_acceso": 0.754 }, "geometry": { "type": "Polygon", "coordinates": [ [ [ -58.42663, -34.5992 ], [ -58.42675, -34.6001 ], [ -58.43015, -34.59977 ], [ -58.42799, -34.59843 ], [ -58.42808, -34.59906 ], [ -58.42663, -34.5992 ] ] ] } },
{ "type": "Feature", "properties": { "indice_acceso": 0.74 }, "geometry": { "type": "Polygon", "coordinates": [ [ [ -58.42663, -34.5992 ], [ -58.42808, -34.59906 ], [ -58.42799, -34.59843 ], [ -58.42643, -34.5979 ], [ -58.42663, -34.5992 ] ] ] } },
{ "type": "Feature", "properties": { "indice_acceso": 0.731 }, "geometry": { "type": "Polygon", "coordinates": [ [ [ -58.42529, -34.60024 ], [ -58.42675, -34.6001 ], [ -58.42643, -34.5979 ], [ -58.42495, -34.59785 ], [ -58.42529, -34.60024 ] ] ] } },
{ "type": "Feature", "properties": { "indice_acceso": 0.728 }, "geometry": { "type": "Polygon", "coordinates": [ [ [ -58.42375, -34.60039 ], [ -58.42529, -34.60024 ], [ -58.42495, -34.59785 ], [ -58.42336, -34.59775 ], [ -58.42375, -34.60039 ] ] ] } },
{ "type": "Feature", "properties": { "indice_acceso": 0.749 }, "geometry": { "type": "Polygon", "coordinates": [ [ [ -58.42221, -34.60054 ], [ -58.42375, -34.60039 ], [ -58.42336, -34.59775 ], [ -58.42186, -34.59821 ], [ -58.42221, -34.60054 ] ] ] } },
{ "type": "Feature", "properties": { "indice_acceso": 0.767 }, "geometry": { "type": "Polygon", "coordinates": [ [ [ -58.41893, -34.59779 ], [ -58.41901, -34.59954 ], [ -58.42336, -34.59775 ], [ -58.41893, -34.59779 ] ] ] } },
{ "type": "Feature", "properties": { "indice_acceso": 0.757 }, "geometry": { "type": "Polygon", "coordinates": [ [ [ -58.42043, -34.59952 ], [ -58.42204, -34.59936 ], [ -58.42186, -34.59821 ], [ -58.42034, -34.59892 ], [ -58.42043, -34.59952 ] ] ] } },
{ "type": "Feature", "properties": { "indice_acceso": 0.742 }, "geometry": { "type": "Polygon", "coordinates": [ [ [ -58.42061, -34.6007 ], [ -58.42221, -34.60054 ], [ -58.42204, -34.59936 ], [ -58.42043, -34.59952 ], [ -58.42061, -34.6007 ] ] ] } },
{ "type": "Feature", "properties": { "indice_acceso": 0.752 }, "geometry": { "type": "Polygon", "coordinates": [ [ [ -58.42034, -34.59892 ], [ -58.41901, -34.59954 ], [ -58.41908, -34.60015 ], [ -58.42051, -34.60002 ], [ -58.42034, -34.59892 ] ] ] } },
{ "type": "Feature", "properties": { "indice_acceso": 0.742 }, "geometry": { "type": "Polygon", "coordinates": [ [ [ -58.41917, -34.60083 ], [ -58.42061, -34.6007 ], [ -58.42051, -34.60002 ], [ -58.41908, -34.60015 ], [ -58.41917, -34.60083 ] ] ] } },
{ "type": "Feature", "properties": { "indice_acceso": 0.791 }, "geometry": { "type": "Polygon", "coordinates": [ [ [ -58.41601, -34.59785 ], [ -58.41608, -34.59927 ], [ -58.4175, -34.59888 ], [ -58.41792, -34.5999 ], [ -58.41901, -34.59954 ], [ -58.41893, -34.59779 ], [ -58.41601, -34.59785 ] ] ] } },
{ "type": "Feature", "properties": { "indice_acceso": 0.8 }, "geometry": { "type": "Polygon", "coordinates": [ [ [ -58.41514, -34.60077 ], [ -58.41792, -34.5999 ], [ -58.4175, -34.59888 ], [ -58.41493, -34.5996 ], [ -58.41514, -34.60077 ] ] ] } },
{ "type": "Feature", "properties": { "indice_acceso": 0.828 }, "geometry": { "type": "Polygon", "coordinates": [ [ [ -58.41493, -34.5996 ], [ -58.41608, -34.59927 ], [ -58.41601, -34.59785 ], [ -58.41463, -34.5979 ], [ -58.41493, -34.5996 ] ] ] } },
{ "type": "Feature", "properties": { "indice_acceso": 0.86 }, "geometry": { "type": "Polygon", "coordinates": [ [ [ -58.41354, -34.59918 ], [ -58.4149, -34.59945 ], [ -58.41463, -34.5979 ], [ -58.41326, -34.59795 ], [ -58.41354, -34.59918 ] ] ] } },
{ "type": "Feature", "properties": { "indice_acceso": 0.884 }, "geometry": { "type": "Polygon", "coordinates": [ [ [ -58.41212, -34.5993 ], [ -58.41354, -34.59918 ], [ -58.41326, -34.59795 ], [ -58.41192, -34.598 ], [ -58.41212, -34.5993 ] ] ] } },
{ "type": "Feature", "properties": { "indice_acceso": 0.861 }, "geometry": { "type": "Polygon", "coordinates": [ [ [ -58.41212, -34.5993 ], [ -58.41228, -34.60024 ], [ -58.41493, -34.5996 ], [ -58.41354, -34.59918 ], [ -58.41212, -34.5993 ] ] ] } },
{ "type": "Feature", "properties": { "indice_acceso": 0.834 }, "geometry": { "type": "Polygon", "coordinates": [ [ [ -58.41259, -34.6016 ], [ -58.41398, -34.60113 ], [ -58.41372, -34.59994 ], [ -58.41228, -34.60024 ], [ -58.41259, -34.6016 ] ] ] } },
{ "type": "Feature", "properties": { "indice_acceso": 0.8 }, "geometry": { "type": "Polygon", "coordinates": [ [ [ -58.4128, -34.60251 ], [ -58.41417, -34.60213 ], [ -58.41398, -34.60113 ], [ -58.41259, -34.6016 ], [ -58.4128, -34.60251 ] ] ] } },
{ "type": "Feature", "properties": { "indice_acceso": 0.808 }, "geometry": { "type": "Polygon", "coordinates": [ [ [ -58.41417, -34.60213 ], [ -58.41531, -34.60176 ], [ -58.41493, -34.5996 ], [ -58.41372, -34.59994 ], [ -58.41417, -34.60213 ] ] ] } },
{ "type": "Feature", "properties": { "indice_acceso": 0.784 }, "geometry": { "type": "Polygon", "coordinates": [ [ [ -58.41531, -34.60176 ], [ -58.41779, -34.60096 ], [ -58.4177, -34.59997 ], [ -58.41514, -34.60077 ], [ -58.41531, -34.60176 ] ] ] } },
{ "type": "Feature", "properties": { "indice_acceso": 0.752 }, "geometry": { "type": "Polygon", "coordinates": [ [ [ -58.4177, -34.59997 ], [ -58.41779, -34.60096 ], [ -58.41917, -34.60083 ], [ -58.41901, -34.59954 ], [ -58.4177, -34.59997 ] ] ] } },
{ "type": "Feature", "properties": { "indice_acceso": 0.775 }, "geometry": { "type": "Polygon", "coordinates": [ [ [ -58.41566, -34.60381 ], [ -58.41675, -34.6036 ], [ -58.41634, -34.60143 ], [ -58.41531, -34.60176 ], [ -58.41566, -34.60381 ] ] ] } },
{ "type": "Feature", "properties": { "indice_acceso": 0.781 }, "geometry": { "type": "Polygon", "coordinates": [ [ [ -58.4128, -34.60251 ], [ -58.41298, -34.60323 ], [ -58.41431, -34.60292 ], [ -58.41451, -34.60402 ], [ -58.41566, -34.60381 ], [ -58.41531, -34.60176 ], [ -58.4128, -34.60251 ] ] ] } },
{ "type": "Feature", "properties": { "indice_acceso": 0.775 }, "geometry": { "type": "Polygon", "coordinates": [ [ [ -58.41319, -34.60414 ], [ -58.41451, -34.60402 ], [ -58.41431, -34.60292 ], [ -58.41298, -34.60323 ], [ -58.41319, -34.60414 ] ] ] } },
{ "type": "Feature", "properties": { "indice_acceso": 0.761 }, "geometry": { "type": "Polygon", "coordinates": [ [ [ -58.41341, -34.60512 ], [ -58.41473, -34.60497 ], [ -58.41451, -34.60402 ], [ -58.41319, -34.60414 ], [ -58.41341, -34.60512 ] ] ] } },
{ "type": "Feature", "properties": { "indice_acceso": 0.756 }, "geometry": { "type": "Polygon", "coordinates": [ [ [ -58.41473, -34.60497 ], [ -58.41586, -34.60483 ], [ -58.41566, -34.60381 ], [ -58.41451, -34.60402 ], [ -58.41473, -34.60497 ] ] ] } },
{ "type": "Feature", "properties": { "indice_acceso": 0.746 }, "geometry": { "type": "Polygon", "coordinates": [ [ [ -58.41603, -34.60567 ], [ -58.41705, -34.6055 ], [ -58.41675, -34.6036 ], [ -58.41566, -34.60381 ], [ -58.41603, -34.60567 ] ] ] } },
{ "type": "Feature", "properties": { "indice_acceso": 0.742 }, "geometry": { "type": "Polygon", "coordinates": [ [ [ -58.41495, -34.60585 ], [ -58.41603, -34.60567 ], [ -58.41586, -34.60483 ], [ -58.41473, -34.60497 ], [ -58.41495, -34.60585 ] ] ] } },
{ "type": "Feature", "properties": { "indice_acceso": 0.745 }, "geometry": { "type": "Polygon", "coordinates": [ [ [ -58.41365, -34.60612 ], [ -58.41495, -34.60585 ], [ -58.41473, -34.60497 ], [ -58.41341, -34.60512 ], [ -58.41365, -34.60612 ] ] ] } },
{ "type": "Feature", "properties": { "indice_acceso": 0.738 }, "geometry": { "type": "Polygon", "coordinates": [ [ [ -58.4141, -34.60791 ], [ -58.41466, -34.60819 ], [ -58.41495, -34.60585 ], [ -58.41365, -34.60612 ], [ -58.4141, -34.60791 ] ] ] } },
{ "type": "Feature", "properties": { "indice_acceso": 0.732 }, "geometry": { "type": "Polygon", "coordinates": [ [ [ -58.41474, -34.60715 ], [ -58.41629, -34.60696 ], [ -58.41603, -34.60567 ], [ -58.41495, -34.60585 ], [ -58.41474, -34.60715 ] ] ] } },
{ "type": "Feature", "properties": { "indice_acceso": 0.719 }, "geometry": { "type": "Polygon", "coordinates": [ [ [ -58.41466, -34.60819 ], [ -58.41606, -34.60854 ], [ -58.41629, -34.60696 ], [ -58.41474, -34.60715 ], [ -58.41466, -34.60819 ] ] ] } },
{ "type": "Feature", "properties": { "indice_acceso": 0.725 }, "geometry": { "type": "Polygon", "coordinates": [ [ [ -58.42061, -34.6007 ], [ -58.42078, -34.60191 ], [ -58.42392, -34.6016 ], [ -58.42375, -34.60039 ], [ -58.42061, -34.6007 ] ] ] } },
{ "type": "Feature", "properties": { "indice_acceso": 0.736 }, "geometry": { "type": "Polygon", "coordinates": [ [ [ -58.41933, -34.60204 ], [ -58.42078, -34.60191 ], [ -58.42061, -34.6007 ], [ -58.41917, -34.60083 ], [ -58.41933, -34.60204 ] ] ] } },
{ "type": "Feature", "properties": { "indice_acceso": 0.748 }, "geometry": { "type": "Polygon", "coordinates": [ [ [ -58.41791, -34.60219 ], [ -58.41933, -34.60204 ], [ -58.41917, -34.60083 ], [ -58.41779, -34.60096 ], [ -58.41791, -34.60219 ] ] ] } },
{ "type": "Feature", "properties": { "indice_acceso": 0.764 }, "geometry": { "type": "Polygon", "coordinates": [ [ [ -58.41652, -34.60241 ], [ -58.41791, -34.60219 ], [ -58.41779, -34.60096 ], [ -58.41634, -34.60143 ], [ -58.41652, -34.60241 ] ] ] } },
{ "type": "Feature", "properties": { "indice_acceso": 0.745 }, "geometry": { "type": "Polygon", "coordinates": [ [ [ -58.41675, -34.6036 ], [ -58.41804, -34.60347 ], [ -58.41791, -34.60219 ], [ -58.41652, -34.60241 ], [ -58.41675, -34.6036 ] ] ] } },
{ "type": "Feature", "properties": { "indice_acceso": 0.732 }, "geometry": { "type": "Polygon", "coordinates": [ [ [ -58.41804, -34.60347 ], [ -58.41951, -34.60332 ], [ -58.41933, -34.60204 ], [ -58.41791, -34.60219 ], [ -58.41804, -34.60347 ] ] ] } },
{ "type": "Feature", "properties": { "indice_acceso": 0.719 }, "geometry": { "type": "Polygon", "coordinates": [ [ [ -58.41951, -34.60332 ], [ -58.42095, -34.60317 ], [ -58.42078, -34.60191 ], [ -58.41933, -34.60204 ], [ -58.41951, -34.60332 ] ] ] } },
{ "type": "Feature", "properties": { "indice_acceso": 0.718 }, "geometry": { "type": "Polygon", "coordinates": [ [ [ -58.42095, -34.60317 ], [ -58.42255, -34.60302 ], [ -58.42238, -34.60175 ], [ -58.42078, -34.60191 ], [ -58.42095, -34.60317 ] ] ] } },
{ "type": "Feature", "properties": { "indice_acceso": 0.724 }, "geometry": { "type": "Polygon", "coordinates": [ [ [ -58.42255, -34.60302 ], [ -58.4241, -34.60286 ], [ -58.42392, -34.6016 ], [ -58.42238, -34.60175 ], [ -58.42255, -34.60302 ] ] ] } },
{ "type": "Feature", "properties": { "indice_acceso": 0.765 }, "geometry": { "type": "Polygon", "coordinates": [ [ [ -58.42973, -34.59981 ], [ -58.42995, -34.601 ], [ -58.43115, -34.60088 ], [ -58.43015, -34.59977 ], [ -58.42973, -34.59981 ] ] ] } },
{ "type": "Feature", "properties": { "indice_acceso": 0.763 }, "geometry": { "type": "Polygon", "coordinates": [ [ [ -58.43017, -34.60225 ], [ -58.4322, -34.60207 ], [ -58.43115, -34.60088 ], [ -58.42995, -34.601 ], [ -58.43017, -34.60225 ] ] ] } },
{ "type": "Feature", "properties": { "indice_acceso": 0.756 }, "geometry": { "type": "Polygon", "coordinates": [ [ [ -58.42995, -34.601 ], [ -58.42839, -34.60116 ], [ -58.42857, -34.60242 ], [ -58.43017, -34.60225 ], [ -58.42995, -34.601 ] ] ] } },
{ "type": "Feature", "properties": { "indice_acceso": 0.747 }, "geometry": { "type": "Polygon", "coordinates": [ [ [ -58.4271, -34.60257 ], [ -58.42857, -34.60242 ], [ -58.42839, -34.60116 ], [ -58.42995, -34.601 ], [ -58.42973, -34.59981 ], [ -58.42675, -34.6001 ], [ -58.4271, -34.60257 ] ] ] } },
{ "type": "Feature", "properties": { "indice_acceso": 0.735 }, "geometry": { "type": "Polygon", "coordinates": [ [ [ -58.42565, -34.60271 ], [ -58.4271, -34.60257 ], [ -58.42693, -34.6013 ], [ -58.42546, -34.60145 ], [ -58.42565, -34.60271 ] ] ] } },
{ "type": "Feature", "properties": { "indice_acceso": 0.736 }, "geometry": { "type": "Polygon", "coordinates": [ [ [ -58.42546, -34.60145 ], [ -58.42693, -34.6013 ], [ -58.42675, -34.6001 ], [ -58.42529, -34.60024 ], [ -58.42546, -34.60145 ] ] ] } },
{ "type": "Feature", "properties": { "indice_acceso": 0.723 }, "geometry": { "type": "Polygon", "coordinates": [ [ [ -58.42392, -34.6016 ], [ -58.42546, -34.60145 ], [ -58.42529, -34.60024 ], [ -58.42375, -34.60039 ], [ -58.42392, -34.6016 ] ] ] } },
{ "type": "Feature", "properties": { "indice_acceso": 0.731 }, "geometry": { "type": "Polygon", "coordinates": [ [ [ -58.4241, -34.60286 ], [ -58.42565, -34.60271 ], [ -58.42546, -34.60145 ], [ -58.42392, -34.6016 ], [ -58.4241, -34.60286 ] ] ] } },
{ "type": "Feature", "properties": { "indice_acceso": 0.761 }, "geometry": { "type": "Polygon", "coordinates": [ [ [ -58.4319, -34.60208 ], [ -58.43215, -34.60394 ], [ -58.43333, -34.60267 ], [ -58.4319, -34.60208 ] ] ] } },
{ "type": "Feature", "properties": { "indice_acceso": 0.762 }, "geometry": { "type": "Polygon", "coordinates": [ [ [ -58.43107, -34.60216 ], [ -58.43131, -34.60398 ], [ -58.43215, -34.60394 ], [ -58.4319, -34.60208 ], [ -58.43107, -34.60216 ] ] ] } },
{ "type": "Feature", "properties": { "indice_acceso": 0.765 }, "geometry": { "type": "Polygon", "coordinates": [ [ [ -58.43017, -34.60225 ], [ -58.43041, -34.60404 ], [ -58.43131, -34.60398 ], [ -58.43107, -34.60216 ], [ -58.43017, -34.60225 ] ] ] } },
{ "type": "Feature", "properties": { "indice_acceso": 0.761 }, "geometry": { "type": "Polygon", "coordinates": [ [ [ -58.42857, -34.60242 ], [ -58.42882, -34.60412 ], [ -58.43041, -34.60404 ], [ -58.43017, -34.60225 ], [ -58.42857, -34.60242 ] ] ] } },
{ "type": "Feature", "properties": { "indice_acceso": 0.757 }, "geometry": { "type": "Polygon", "coordinates": [ [ [ -58.4271, -34.60257 ], [ -58.42734, -34.60421 ], [ -58.42882, -34.60412 ], [ -58.42857, -34.60242 ], [ -58.4271, -34.60257 ] ] ] } },
{ "type": "Feature", "properties": { "indice_acceso": 0.785 }, "geometry": { "type": "Polygon", "coordinates": [ [ [ -58.42734, -34.60421 ], [ -58.42747, -34.60511 ], [ -58.43053, -34.60492 ], [ -58.43041, -34.60404 ], [ -58.42734, -34.60421 ] ] ] } },
{ "type": "Feature", "properties": { "indice_acceso": 0.806 }, "geometry": { "type": "Polygon", "coordinates": [ [ [ -58.42757, -34.60595 ], [ -58.43067, -34.60594 ], [ -58.43053, -34.60492 ], [ -58.42747, -34.60511 ], [ -58.42757, -34.60595 ] ] ] } },
{ "type": "Feature", "properties": { "indice_acceso": 0.782 }, "geometry": { "type": "Polygon", "coordinates": [ [ [ -58.43041, -34.60404 ], [ -58.43067, -34.60594 ], [ -58.43233, -34.60392 ], [ -58.43041, -34.60404 ] ] ] } },
{ "type": "Feature", "properties": { "indice_acceso": 0.739 }, "geometry": { "type": "Polygon", "coordinates": [ [ [ -58.42434, -34.6045 ], [ -58.42588, -34.60431 ], [ -58.42565, -34.60271 ], [ -58.4241, -34.60286 ], [ -58.42434, -34.6045 ] ] ] } },
{ "type": "Feature", "properties": { "indice_acceso": 0.752 }, "geometry": { "type": "Polygon", "coordinates": [ [ [ -58.42576, -34.60357 ], [ -58.42722, -34.60342 ], [ -58.4271, -34.60257 ], [ -58.42565, -34.60271 ], [ -58.42576, -34.60357 ] ] ] } },
{ "type": "Feature", "properties": { "indice_acceso": 0.766 }, "geometry": { "type": "Polygon", "coordinates": [ [ [ -58.42588, -34.60431 ], [ -58.42734, -34.60421 ], [ -58.42722, -34.60342 ], [ -58.42576, -34.60357 ], [ -58.42588, -34.60431 ] ] ] } },
{ "type": "Feature", "properties": { "indice_acceso": 0.778 }, "geometry": { "type": "Polygon", "coordinates": [ [ [ -58.42611, -34.60595 ], [ -58.42757, -34.60595 ], [ -58.42734, -34.60421 ], [ -58.42588, -34.60431 ], [ -58.42611, -34.60595 ] ] ] } },
{ "type": "Feature", "properties": { "indice_acceso": 0.771 }, "geometry": { "type": "Polygon", "coordinates": [ [ [ -58.42456, -34.60596 ], [ -58.42611, -34.60595 ], [ -58.42588, -34.60431 ], [ -58.42434, -34.6045 ], [ -58.42456, -34.60596 ] ] ] } },
{ "type": "Feature", "properties": { "indice_acceso": 0.749 }, "geometry": { "type": "Polygon", "coordinates": [ [ [ -58.42281, -34.60601 ], [ -58.42456, -34.60596 ], [ -58.42434, -34.6045 ], [ -58.4228, -34.60469 ], [ -58.42281, -34.60601 ] ] ] } },
{ "type": "Feature", "properties": { "indice_acceso": 0.783 }, "geometry": { "type": "Polygon", "coordinates": [ [ [ -58.42281, -34.60601 ], [ -58.42304, -34.6086 ], [ -58.42468, -34.60863 ], [ -58.42462, -34.60727 ], [ -58.42766, -34.60727 ], [ -58.42757, -34.60595 ], [ -58.42281, -34.60601 ] ] ] } },
{ "type": "Feature", "properties": { "indice_acceso": 0.791 }, "geometry": { "type": "Polygon", "coordinates": [ [ [ -58.42468, -34.60863 ], [ -58.42774, -34.6087 ], [ -58.42766, -34.60727 ], [ -58.42462, -34.60727 ], [ -58.42468, -34.60863 ] ] ] } },
{ "type": "Feature", "properties": { "indice_acceso": 0.735 }, "geometry": { "type": "Polygon", "coordinates": [ [ [ -58.4228, -34.60469 ], [ -58.42434, -34.6045 ], [ -58.4241, -34.60286 ], [ -58.42255, -34.60302 ], [ -58.4228, -34.60469 ] ] ] } },
{ "type": "Feature", "properties": { "indice_acceso": 0.719 }, "geometry": { "type": "Polygon", "coordinates": [ [ [ -58.42118, -34.60489 ], [ -58.4228, -34.60469 ], [ -58.42255, -34.60302 ], [ -58.42095, -34.60317 ], [ -58.42118, -34.60489 ] ] ] } },
{ "type": "Feature", "properties": { "indice_acceso": 0.712 }, "geometry": { "type": "Polygon", "coordinates": [ [ [ -58.41973, -34.60509 ], [ -58.42118, -34.60489 ], [ -58.42095, -34.60317 ], [ -58.41951, -34.60332 ], [ -58.41973, -34.60509 ] ] ] } },
{ "type": "Feature", "properties": { "indice_acceso": 0.723 }, "geometry": { "type": "Polygon", "coordinates": [ [ [ -58.41985, -34.60601 ], [ -58.42129, -34.60601 ], [ -58.42118, -34.60489 ], [ -58.41973, -34.60509 ], [ -58.41985, -34.60601 ] ] ] } },
{ "type": "Feature", "properties": { "indice_acceso": 0.725 }, "geometry": { "type": "Polygon", "coordinates": [ [ [ -58.42129, -34.60601 ], [ -58.42281, -34.60601 ], [ -58.4228, -34.60469 ], [ -58.42118, -34.60489 ], [ -58.42129, -34.60601 ] ] ] } },
{ "type": "Feature", "properties": { "indice_acceso": 0.743 }, "geometry": { "type": "Polygon", "coordinates": [ [ [ -58.42141, -34.60726 ], [ -58.42292, -34.60727 ], [ -58.42281, -34.60601 ], [ -58.42129, -34.60601 ], [ -58.42141, -34.60726 ] ] ] } },
{ "type": "Feature", "properties": { "indice_acceso": 0.729 }, "geometry": { "type": "Polygon", "coordinates": [ [ [ -58.41996, -34.60728 ], [ -58.42141, -34.60726 ], [ -58.42129, -34.60601 ], [ -58.41985, -34.60601 ], [ -58.41996, -34.60728 ] ] ] } },
{ "type": "Feature", "properties": { "indice_acceso": 0.737 }, "geometry": { "type": "Polygon", "coordinates": [ [ [ -58.42007, -34.60854 ], [ -58.42154, -34.60857 ], [ -58.42141, -34.60726 ], [ -58.41996, -34.60728 ], [ -58.42007, -34.60854 ] ] ] } },
{ "type": "Feature", "properties": { "indice_acceso": 0.756 }, "geometry": { "type": "Polygon", "coordinates": [ [ [ -58.42154, -34.60857 ], [ -58.42304, -34.6086 ], [ -58.42292, -34.60727 ], [ -58.42141, -34.60726 ], [ -58.42154, -34.60857 ] ] ] } },
{ "type": "Feature", "properties": { "indice_acceso": 0.724 }, "geometry": { "type": "Polygon", "coordinates": [ [ [ -58.41821, -34.60454 ], [ -58.41964, -34.60436 ], [ -58.41951, -34.60332 ], [ -58.41804, -34.60347 ], [ -58.41821, -34.60454 ] ] ] } },
{ "type": "Feature", "properties": { "indice_acceso": 0.733 }, "geometry": { "type": "Polygon", "coordinates": [ [ [ -58.41693, -34.6047 ], [ -58.41821, -34.60454 ], [ -58.41804, -34.60347 ], [ -58.41675, -34.6036 ], [ -58.41693, -34.6047 ] ] ] } },
{ "type": "Feature", "properties": { "indice_acceso": 0.724 }, "geometry": { "type": "Polygon", "coordinates": [ [ [ -58.41705, -34.6055 ], [ -58.41835, -34.60528 ], [ -58.41821, -34.60454 ], [ -58.41693, -34.6047 ], [ -58.41705, -34.6055 ] ] ] } },
{ "type": "Feature", "properties": { "indice_acceso": 0.714 }, "geometry": { "type": "Polygon", "coordinates": [ [ [ -58.41835, -34.60528 ], [ -58.41973, -34.60509 ], [ -58.41964, -34.60436 ], [ -58.41821, -34.60454 ], [ -58.41835, -34.60528 ] ] ] } },
{ "type": "Feature", "properties": { "indice_acceso": 0.717 }, "geometry": { "type": "Polygon", "coordinates": [ [ [ -58.41866, -34.60728 ], [ -58.41996, -34.60728 ], [ -58.41973, -34.60509 ], [ -58.41835, -34.60528 ], [ -58.41866, -34.60728 ] ] ] } },
{ "type": "Feature", "properties": { "indice_acceso": 0.715 }, "geometry": { "type": "Polygon", "coordinates": [ [ [ -58.41728, -34.60689 ], [ -58.41861, -34.60678 ], [ -58.41835, -34.60528 ], [ -58.41705, -34.6055 ], [ -58.41728, -34.60689 ] ] ] } },
{ "type": "Feature", "properties": { "indice_acceso": 0.728 }, "geometry": { "type": "Polygon", "coordinates": [ [ [ -58.41629, -34.60696 ], [ -58.41728, -34.60689 ], [ -58.41705, -34.6055 ], [ -58.41603, -34.60567 ], [ -58.41629, -34.60696 ] ] ] } },
{ "type": "Feature", "properties": { "indice_acceso": 0.712 }, "geometry": { "type": "Polygon", "coordinates": [ [ [ -58.41606, -34.60854 ], [ -58.41751, -34.60854 ], [ -58.41728, -34.60689 ], [ -58.41629, -34.60696 ], [ -58.41606, -34.60854 ] ] ] } },
{ "type": "Feature", "properties": { "indice_acceso": 0.725 }, "geometry": { "type": "Polygon", "coordinates": [ [ [ -58.41751, -34.60854 ], [ -58.41879, -34.60854 ], [ -58.41861, -34.60678 ], [ -58.41728, -34.60689 ], [ -58.41751, -34.60854 ] ] ] } },
{ "type": "Feature", "properties": { "indice_acceso": 0.732 }, "geometry": { "type": "Polygon", "coordinates": [ [ [ -58.41879, -34.60854 ], [ -58.42007, -34.60854 ], [ -58.41996, -34.60728 ], [ -58.41866, -34.60728 ], [ -58.41879, -34.60854 ] ] ] } },
{ "type": "Feature", "properties": { "indice_acceso": 0.784 }, "geometry": { "type": "Polygon", "coordinates": [ [ [ -58.4228, -34.6099 ], [ -58.42456, -34.61011 ], [ -58.42468, -34.60863 ], [ -58.42304, -34.6086 ], [ -58.4228, -34.6099 ] ] ] } },
{ "type": "Feature", "properties": { "indice_acceso": 0.773 }, "geometry": { "type": "Polygon", "coordinates": [ [ [ -58.42131, -34.6098 ], [ -58.4228, -34.6099 ], [ -58.42304, -34.6086 ], [ -58.42154, -34.60857 ], [ -58.42131, -34.6098 ] ] ] } },
{ "type": "Feature", "properties": { "indice_acceso": 0.759 }, "geometry": { "type": "Polygon", "coordinates": [ [ [ -58.41991, -34.60971 ], [ -58.42128, -34.60996 ], [ -58.42154, -34.60857 ], [ -58.42007, -34.60854 ], [ -58.41991, -34.60971 ] ] ] } },
{ "type": "Feature", "properties": { "indice_acceso": 0.747 }, "geometry": { "type": "Polygon", "coordinates": [ [ [ -58.41876, -34.60922 ], [ -58.41994, -34.6095 ], [ -58.42007, -34.60854 ], [ -58.41879, -34.60854 ], [ -58.41876, -34.60922 ] ] ] } },
{ "type": "Feature", "properties": { "indice_acceso": 0.741 }, "geometry": { "type": "Polygon", "coordinates": [ [ [ -58.41606, -34.60854 ], [ -58.41595, -34.60946 ], [ -58.41991, -34.60971 ], [ -58.41994, -34.6095 ], [ -58.41871, -34.60918 ], [ -58.41879, -34.60854 ], [ -58.41606, -34.60854 ] ] ] } },
{ "type": "Feature", "properties": { "indice_acceso": 0.721 }, "geometry": { "type": "Polygon", "coordinates": [ [ [ -58.41447, -34.61074 ], [ -58.41582, -34.61083 ], [ -58.41606, -34.60854 ], [ -58.41466, -34.60819 ], [ -58.41447, -34.61074 ] ] ] } },
{ "type": "Feature", "properties": { "indice_acceso": 0.726 }, "geometry": { "type": "Polygon", "coordinates": [ [ [ -58.41582, -34.61083 ], [ -58.41734, -34.61094 ], [ -58.41741, -34.60956 ], [ -58.41595, -34.60946 ], [ -58.41582, -34.61083 ] ] ] } },
{ "type": "Feature", "properties": { "indice_acceso": 0.738 }, "geometry": { "type": "Polygon", "coordinates": [ [ [ -58.41734, -34.61094 ], [ -58.41847, -34.61102 ], [ -58.41865, -34.60964 ], [ -58.41741, -34.60956 ], [ -58.41734, -34.61094 ] ] ] } },
{ "type": "Feature", "properties": { "indice_acceso": 0.753 }, "geometry": { "type": "Polygon", "coordinates": [ [ [ -58.41847, -34.61102 ], [ -58.41972, -34.61112 ], [ -58.41991, -34.60971 ], [ -58.41865, -34.60964 ], [ -58.41847, -34.61102 ] ] ] } },
{ "type": "Feature", "properties": { "indice_acceso": 0.769 }, "geometry": { "type": "Polygon", "coordinates": [ [ [ -58.41972, -34.61112 ], [ -58.421, -34.61148 ], [ -58.42128, -34.60996 ], [ -58.41991, -34.60971 ], [ -58.41972, -34.61112 ] ] ] } },
{ "type": "Feature", "properties": { "indice_acceso": 0.816 }, "geometry": { "type": "Polygon", "coordinates": [ [ [ -58.42919, -34.60874 ], [ -58.4291, -34.60594 ], [ -58.42757, -34.60595 ], [ -58.42791, -34.60871 ], [ -58.42919, -34.60874 ] ] ] } },
{ "type": "Feature", "properties": { "indice_acceso": 0.812 }, "geometry": { "type": "Polygon", "coordinates": [ [ [ -58.42915, -34.60716 ], [ -58.4306, -34.60704 ], [ -58.43067, -34.60594 ], [ -58.4291, -34.60594 ], [ -58.42915, -34.60716 ] ] ] } },
{ "type": "Feature", "properties": { "indice_acceso": 0.818 }, "geometry": { "type": "Polygon", "coordinates": [ [ [ -58.42919, -34.60874 ], [ -58.43048, -34.60873 ], [ -58.4306, -34.60704 ], [ -58.42915, -34.60716 ], [ -58.42919, -34.60874 ] ] ] } },
{ "type": "Feature", "properties": { "indice_acceso": 0.824 }, "geometry": { "type": "Polygon", "coordinates": [ [ [ -58.42891, -34.61072 ], [ -58.43033, -34.61091 ], [ -58.43048, -34.60873 ], [ -58.42919, -34.60874 ], [ -58.42891, -34.61072 ] ] ] } },
{ "type": "Feature", "properties": { "indice_acceso": 0.836 }, "geometry": { "type": "Polygon", "coordinates": [ [ [ -58.42746, -34.61051 ], [ -58.42891, -34.61072 ], [ -58.42919, -34.60874 ], [ -58.42774, -34.6087 ], [ -58.42746, -34.61051 ] ] ] } },
{ "type": "Feature", "properties": { "indice_acceso": 0.844 }, "geometry": { "type": "Polygon", "coordinates": [ [ [ -58.42592, -34.611 ], [ -58.42735, -34.61129 ], [ -58.42774, -34.6087 ], [ -58.42625, -34.60867 ], [ -58.42592, -34.611 ] ] ] } },
{ "type": "Feature", "properties": { "indice_acceso": 0.811 }, "geometry": { "type": "Polygon", "coordinates": [ [ [ -58.42456, -34.61011 ], [ -58.42602, -34.61031 ], [ -58.42625, -34.60867 ], [ -58.42468, -34.60863 ], [ -58.42456, -34.61011 ] ] ] } },
{ "type": "Feature", "properties": { "indice_acceso": 0.878 }, "geometry": { "type": "Polygon", "coordinates": [ [ [ -58.42448, -34.61099 ], [ -58.42859, -34.61274 ], [ -58.42878, -34.61159 ], [ -58.42592, -34.611 ], [ -58.42602, -34.61031 ], [ -58.42456, -34.61011 ], [ -58.42448, -34.61099 ] ] ] } },
{ "type": "Feature", "properties": { "indice_acceso": 0.881 }, "geometry": { "type": "Polygon", "coordinates": [ [ [ -58.42735, -34.61129 ], [ -58.43023, -34.6119 ], [ -58.43033, -34.61091 ], [ -58.42754, -34.61053 ], [ -58.42735, -34.61129 ] ] ] } },
{ "type": "Feature", "properties": { "indice_acceso": 0.866 }, "geometry": { "type": "Polygon", "coordinates": [ [ [ -58.42859, -34.61274 ], [ -58.43012, -34.61339 ], [ -58.43023, -34.6119 ], [ -58.42878, -34.61159 ], [ -58.42859, -34.61274 ] ] ] } },
{ "type": "Feature", "properties": { "indice_acceso": 0.873 }, "geometry": { "type": "Polygon", "coordinates": [ [ [ -58.42423, -34.61157 ], [ -58.43009, -34.61402 ], [ -58.43003, -34.61332 ], [ -58.42448, -34.61099 ], [ -58.42423, -34.61157 ] ] ] } },
{ "type": "Feature", "properties": { "indice_acceso": 0.862 }, "geometry": { "type": "Polygon", "coordinates": [ [ [ -58.4276, -34.61437 ], [ -58.43003, -34.61545 ], [ -58.43009, -34.61402 ], [ -58.42827, -34.61326 ], [ -58.4276, -34.61437 ] ] ] } },
{ "type": "Feature", "properties": { "indice_acceso": 0.904 }, "geometry": { "type": "Polygon", "coordinates": [ [ [ -58.4261, -34.61371 ], [ -58.4276, -34.61437 ], [ -58.42827, -34.61326 ], [ -58.42683, -34.61266 ], [ -58.4261, -34.61371 ] ] ] } },
{ "type": "Feature", "properties": { "indice_acceso": 0.891 }, "geometry": { "type": "Polygon", "coordinates": [ [ [ -58.42494, -34.6132 ], [ -58.42618, -34.61369 ], [ -58.42683, -34.61266 ], [ -58.42557, -34.61213 ], [ -58.42494, -34.6132 ] ] ] } },
{ "type": "Feature", "properties": { "indice_acceso": 0.845 }, "geometry": { "type": "Polygon", "coordinates": [ [ [ -58.42358, -34.6126 ], [ -58.42494, -34.6132 ], [ -58.42557, -34.61213 ], [ -58.42423, -34.61157 ], [ -58.42358, -34.6126 ] ] ] } },
{ "type": "Feature", "properties": { "indice_acceso": 0.799 }, "geometry": { "type": "Polygon", "coordinates": [ [ [ -58.421, -34.61148 ], [ -58.42358, -34.6126 ], [ -58.42441, -34.6113 ], [ -58.42113, -34.61083 ], [ -58.421, -34.61148 ] ] ] } },
{ "type": "Feature", "properties": { "indice_acceso": 0.79 }, "geometry": { "type": "Polygon", "coordinates": [ [ [ -58.42113, -34.61083 ], [ -58.42446, -34.6112 ], [ -58.42456, -34.61011 ], [ -58.42131, -34.6098 ], [ -58.42113, -34.61083 ] ] ] } },
{ "type": "Feature", "properties": { "indice_acceso": 0.887 }, "geometry": { "type": "Polygon", "coordinates": [ [ [ -58.42597, -34.6149 ], [ -58.42922, -34.61526 ], [ -58.42925, -34.61511 ], [ -58.4261, -34.61371 ], [ -58.42597, -34.6149 ] ] ] } },
{ "type": "Feature", "properties": { "indice_acceso": 0.864 }, "geometry": { "type": "Polygon", "coordinates": [ [ [ -58.42456, -34.61483 ], [ -58.42597, -34.6149 ], [ -58.4261, -34.61371 ], [ -58.42494, -34.6132 ], [ -58.42456, -34.61483 ] ] ] } },
{ "type": "Feature", "properties": { "indice_acceso": 0.844 }, "geometry": { "type": "Polygon", "coordinates": [ [ [ -58.42333, -34.61361 ], [ -58.42479, -34.61384 ], [ -58.42494, -34.6132 ], [ -58.42358, -34.6126 ], [ -58.42333, -34.61361 ] ] ] } },
{ "type": "Feature", "properties": { "indice_acceso": 0.804 }, "geometry": { "type": "Polygon", "coordinates": [ [ [ -58.42289, -34.6158 ], [ -58.42449, -34.6159 ], [ -58.42479, -34.61384 ], [ -58.42333, -34.61361 ], [ -58.42289, -34.6158 ] ] ] } },
{ "type": "Feature", "properties": { "indice_acceso": 0.779 }, "geometry": { "type": "Polygon", "coordinates": [ [ [ -58.42258, -34.61778 ], [ -58.42438, -34.61793 ], [ -58.42449, -34.6159 ], [ -58.42289, -34.6158 ], [ -58.42258, -34.61778 ] ] ] } },
{ "type": "Feature", "properties": { "indice_acceso": 0.809 }, "geometry": { "type": "Polygon", "coordinates": [ [ [ -58.42438, -34.61793 ], [ -58.42581, -34.61805 ], [ -58.42597, -34.6149 ], [ -58.42456, -34.61483 ], [ -58.42438, -34.61793 ] ] ] } },
{ "type": "Feature", "properties": { "indice_acceso": 0.855 }, "geometry": { "type": "Polygon", "coordinates": [ [ [ -58.42587, -34.61701 ], [ -58.42735, -34.6171 ], [ -58.42744, -34.61497 ], [ -58.42597, -34.6149 ], [ -58.42587, -34.61701 ] ] ] } },
{ "type": "Feature", "properties": { "indice_acceso": 0.821 }, "geometry": { "type": "Polygon", "coordinates": [ [ [ -58.42735, -34.6171 ], [ -58.4288, -34.61718 ], [ -58.42922, -34.61526 ], [ -58.42744, -34.61497 ], [ -58.42735, -34.6171 ] ] ] } },
{ "type": "Feature", "properties": { "indice_acceso": 0.799 }, "geometry": { "type": "Polygon", "coordinates": [ [ [ -58.42587, -34.61701 ], [ -58.42581, -34.61805 ], [ -58.42854, -34.6183 ], [ -58.4288, -34.61718 ], [ -58.42587, -34.61701 ] ] ] } },
{ "type": "Feature", "properties": { "indice_acceso": 0.81 }, "geometry": { "type": "Polygon", "coordinates": [ [ [ -58.42198, -34.61339 ], [ -58.42333, -34.61361 ], [ -58.42358, -34.6126 ], [ -58.42241, -34.61208 ], [ -58.42198, -34.61339 ] ] ] } },
{ "type": "Feature", "properties": { "indice_acceso": 0.788 }, "geometry": { "type": "Polygon", "coordinates": [ [ [ -58.42063, -34.61317 ], [ -58.42198, -34.61339 ], [ -58.42241, -34.61208 ], [ -58.421, -34.61148 ], [ -58.42063, -34.61317 ] ] ] } },
{ "type": "Feature", "properties": { "indice_acceso": 0.762 }, "geometry": { "type": "Polygon", "coordinates": [ [ [ -58.41914, -34.61282 ], [ -58.42063, -34.61317 ], [ -58.421, -34.61148 ], [ -58.41972, -34.61112 ], [ -58.41914, -34.61282 ] ] ] } },
{ "type": "Feature", "properties": { "indice_acceso": 0.746 }, "geometry": { "type": "Polygon", "coordinates": [ [ [ -58.41783, -34.61249 ], [ -58.41914, -34.61282 ], [ -58.41972, -34.61112 ], [ -58.41847, -34.61102 ], [ -58.41783, -34.61249 ] ] ] } },
{ "type": "Feature", "properties": { "indice_acceso": 0.742 }, "geometry": { "type": "Polygon", "coordinates": [ [ [ -58.41725, -34.61387 ], [ -58.41865, -34.61428 ], [ -58.41914, -34.61282 ], [ -58.41783, -34.61249 ], [ -58.41725, -34.61387 ] ] ] } },
{ "type": "Feature", "properties": { "indice_acceso": 0.768 }, "geometry": { "type": "Polygon", "coordinates": [ [ [ -58.41865, -34.61428 ], [ -58.42034, -34.61462 ], [ -58.42063, -34.61317 ], [ -58.41914, -34.61282 ], [ -58.41865, -34.61428 ] ] ] } },
{ "type": "Feature", "properties": { "indice_acceso": 0.777 }, "geometry": { "type": "Polygon", "coordinates": [ [ [ -58.42008, -34.61584 ], [ -58.42289, -34.6158 ], [ -58.42333, -34.61361 ], [ -58.42063, -34.61317 ], [ -58.42008, -34.61584 ] ] ] } },
{ "type": "Feature", "properties": { "indice_acceso": 0.757 }, "geometry": { "type": "Polygon", "coordinates": [ [ [ -58.41847, -34.61578 ], [ -58.42008, -34.61584 ], [ -58.42034, -34.61462 ], [ -58.41865, -34.61428 ], [ -58.41847, -34.61578 ] ] ] } },
{ "type": "Feature", "properties": { "indice_acceso": 0.733 }, "geometry": { "type": "Polygon", "coordinates": [ [ [ -58.41701, -34.6157 ], [ -58.41847, -34.61578 ], [ -58.41865, -34.61428 ], [ -58.41725, -34.61387 ], [ -58.41701, -34.6157 ] ] ] } },
{ "type": "Feature", "properties": { "indice_acceso": 0.726 }, "geometry": { "type": "Polygon", "coordinates": [ [ [ -58.41401, -34.61155 ], [ -58.41533, -34.61188 ], [ -58.41582, -34.61083 ], [ -58.41447, -34.61074 ], [ -58.41401, -34.61155 ] ] ] } },
{ "type": "Feature", "properties": { "indice_acceso": 0.726 }, "geometry": { "type": "Polygon", "coordinates": [ [ [ -58.41533, -34.61188 ], [ -58.41677, -34.61224 ], [ -58.41734, -34.61094 ], [ -58.41582, -34.61083 ], [ -58.41533, -34.61188 ] ] ] } },
{ "type": "Feature", "properties": { "indice_acceso": 0.733 }, "geometry": { "type": "Polygon", "coordinates": [ [ [ -58.41622, -34.61353 ], [ -58.41725, -34.61387 ], [ -58.41847, -34.61102 ], [ -58.41734, -34.61094 ], [ -58.41622, -34.61353 ] ] ] } },
{ "type": "Feature", "properties": { "indice_acceso": 0.73 }, "geometry": { "type": "Polygon", "coordinates": [ [ [ -58.41478, -34.61305 ], [ -58.41622, -34.61353 ], [ -58.41677, -34.61224 ], [ -58.41533, -34.61188 ], [ -58.41478, -34.61305 ] ] ] } },
{ "type": "Feature", "properties": { "indice_acceso": 0.728 }, "geometry": { "type": "Polygon", "coordinates": [ [ [ -58.41343, -34.61262 ], [ -58.41478, -34.61305 ], [ -58.41533, -34.61188 ], [ -58.41401, -34.61155 ], [ -58.41343, -34.61262 ] ] ] } },
{ "type": "Feature", "properties": { "indice_acceso": 0.735 }, "geometry": { "type": "Polygon", "coordinates": [ [ [ -58.41287, -34.61411 ], [ -58.41529, -34.61437 ], [ -58.41562, -34.61333 ], [ -58.41343, -34.61262 ], [ -58.41287, -34.61411 ] ] ] } },
{ "type": "Feature", "properties": { "indice_acceso": 0.731 }, "geometry": { "type": "Polygon", "coordinates": [ [ [ -58.41529, -34.61437 ], [ -58.41715, -34.61455 ], [ -58.41725, -34.61387 ], [ -58.41562, -34.61333 ], [ -58.41529, -34.61437 ] ] ] } },
{ "type": "Feature", "properties": { "indice_acceso": 0.737 }, "geometry": { "type": "Polygon", "coordinates": [ [ [ -58.41437, -34.61554 ], [ -58.41701, -34.6157 ], [ -58.41715, -34.61455 ], [ -58.41453, -34.61429 ], [ -58.41437, -34.61554 ] ] ] } },
{ "type": "Feature", "properties": { "indice_acceso": 0.761 }, "geometry": { "type": "Polygon", "coordinates": [ [ [ -58.41282, -34.61544 ], [ -58.41437, -34.61554 ], [ -58.41453, -34.61429 ], [ -58.41287, -34.61411 ], [ -58.41282, -34.61544 ] ] ] } },
{ "type": "Feature", "properties": { "indice_acceso": 0.736 }, "geometry": { "type": "Polygon", "coordinates": [ [ [ -58.4199, -34.61667 ], [ -58.42008, -34.61584 ], [ -58.41701, -34.6157 ], [ -58.41692, -34.61665 ], [ -58.4199, -34.61667 ] ] ] } },
{ "type": "Feature", "properties": { "indice_acceso": 0.742 }, "geometry": { "type": "Polygon", "coordinates": [ [ [ -58.41552, -34.61725 ], [ -58.41685, -34.61734 ], [ -58.41701, -34.6157 ], [ -58.41578, -34.61562 ], [ -58.41552, -34.61725 ] ] ] } },
{ "type": "Feature", "properties": { "indice_acceso": 0.758 }, "geometry": { "type": "Polygon", "coordinates": [ [ [ -58.4142, -34.61715 ], [ -58.41552, -34.61725 ], [ -58.41578, -34.61562 ], [ -58.41437, -34.61554 ], [ -58.4142, -34.61715 ] ] ] } },
{ "type": "Feature", "properties": { "indice_acceso": 0.783 }, "geometry": { "type": "Polygon", "coordinates": [ [ [ -58.41269, -34.61807 ], [ -58.41409, -34.61824 ], [ -58.41437, -34.61554 ], [ -58.41282, -34.61544 ], [ -58.41269, -34.61807 ] ] ] } },
{ "type": "Feature", "properties": { "indice_acceso": 0.762 }, "geometry": { "type": "Polygon", "coordinates": [ [ [ -58.41409, -34.61824 ], [ -58.41673, -34.61855 ], [ -58.41685, -34.61734 ], [ -58.4142, -34.61715 ], [ -58.41409, -34.61824 ] ] ] } },
{ "type": "Feature", "properties": { "indice_acceso": 0.737 }, "geometry": { "type": "Polygon", "coordinates": [ [ [ -58.41673, -34.61855 ], [ -58.41898, -34.61872 ], [ -58.41899, -34.61752 ], [ -58.41685, -34.61734 ], [ -58.41673, -34.61855 ] ] ] } },
{ "type": "Feature", "properties": { "indice_acceso": 0.728 }, "geometry": { "type": "Polygon", "coordinates": [ [ [ -58.41898, -34.61872 ], [ -58.41963, -34.61877 ], [ -58.4199, -34.61667 ], [ -58.41692, -34.61665 ], [ -58.41685, -34.61734 ], [ -58.41899, -34.61752 ], [ -58.41898, -34.61872 ] ] ] } },
{ "type": "Feature", "properties": { "indice_acceso": 0.728 }, "geometry": { "type": "Polygon", "coordinates": [ [ [ -58.41806, -34.62109 ], [ -58.41943, -34.62119 ], [ -58.41963, -34.61877 ], [ -58.41823, -34.61867 ], [ -58.41806, -34.62109 ] ] ] } },
{ "type": "Feature", "properties": { "indice_acceso": 0.754 }, "geometry": { "type": "Polygon", "coordinates": [ [ [ -58.41816, -34.61991 ], [ -58.41823, -34.61867 ], [ -58.41534, -34.61838 ], [ -58.41521, -34.61973 ], [ -58.41816, -34.61991 ] ] ] } },
{ "type": "Feature", "properties": { "indice_acceso": 0.795 }, "geometry": { "type": "Polygon", "coordinates": [ [ [ -58.41255, -34.62064 ], [ -58.41382, -34.62076 ], [ -58.41394, -34.61967 ], [ -58.41521, -34.61973 ], [ -58.41534, -34.61838 ], [ -58.41269, -34.61807 ], [ -58.41255, -34.62064 ] ] ] } },
{ "type": "Feature", "properties": { "indice_acceso": 0.759 }, "geometry": { "type": "Polygon", "coordinates": [ [ [ -58.41806, -34.62109 ], [ -58.41816, -34.61991 ], [ -58.41394, -34.61967 ], [ -58.41382, -34.62076 ], [ -58.41806, -34.62109 ] ] ] } },
{ "type": "Feature", "properties": { "indice_acceso": 0.765 }, "geometry": { "type": "Polygon", "coordinates": [ [ [ -58.4199, -34.61667 ], [ -58.42156, -34.61676 ], [ -58.42155, -34.61769 ], [ -58.42258, -34.61778 ], [ -58.42289, -34.6158 ], [ -58.42008, -34.61584 ], [ -58.4199, -34.61667 ] ] ] } },
{ "type": "Feature", "properties": { "indice_acceso": 0.74 }, "geometry": { "type": "Polygon", "coordinates": [ [ [ -58.41963, -34.61877 ], [ -58.42053, -34.61883 ], [ -58.42055, -34.61764 ], [ -58.42155, -34.61769 ], [ -58.42156, -34.61676 ], [ -58.4199, -34.61667 ], [ -58.41963, -34.61877 ] ] ] } },
{ "type": "Feature", "properties": { "indice_acceso": 0.744 }, "geometry": { "type": "Polygon", "coordinates": [ [ [ -58.42055, -34.61764 ], [ -58.42053, -34.61883 ], [ -58.42245, -34.61898 ], [ -58.42258, -34.61778 ], [ -58.42055, -34.61764 ] ] ] } },
{ "type": "Feature", "properties": { "indice_acceso": 0.775 }, "geometry": { "type": "Polygon", "coordinates": [ [ [ -58.42245, -34.61898 ], [ -58.42635, -34.61927 ], [ -58.42656, -34.61812 ], [ -58.42258, -34.61778 ], [ -58.42245, -34.61898 ] ] ] } },
{ "type": "Feature", "properties": { "indice_acceso": 0.779 }, "geometry": { "type": "Polygon", "coordinates": [ [ [ -58.42635, -34.61927 ], [ -58.42832, -34.61942 ], [ -58.42854, -34.6183 ], [ -58.42656, -34.61812 ], [ -58.42635, -34.61927 ] ] ] } },
{ "type": "Feature", "properties": { "indice_acceso": 0.761 }, "geometry": { "type": "Polygon", "coordinates": [ [ [ -58.42612, -34.62052 ], [ -58.42807, -34.62068 ], [ -58.42832, -34.61942 ], [ -58.42635, -34.61927 ], [ -58.42612, -34.62052 ] ] ] } },
{ "type": "Feature", "properties": { "indice_acceso": 0.76 }, "geometry": { "type": "Polygon", "coordinates": [ [ [ -58.42233, -34.62019 ], [ -58.42612, -34.62052 ], [ -58.42635, -34.61927 ], [ -58.42245, -34.61898 ], [ -58.42233, -34.62019 ] ] ] } },
{ "type": "Feature", "properties": { "indice_acceso": 0.728 }, "geometry": { "type": "Polygon", "coordinates": [ [ [ -58.41943, -34.62119 ], [ -58.4205, -34.62127 ], [ -58.42051, -34.62006 ], [ -58.42233, -34.62019 ], [ -58.42245, -34.61898 ], [ -58.41963, -34.61877 ], [ -58.41943, -34.62119 ] ] ] } },
{ "type": "Feature", "properties": { "indice_acceso": 0.724 }, "geometry": { "type": "Polygon", "coordinates": [ [ [ -58.42051, -34.62006 ], [ -58.4205, -34.62127 ], [ -58.42221, -34.6214 ], [ -58.42233, -34.62019 ], [ -58.42051, -34.62006 ] ] ] } },
{ "type": "Feature", "properties": { "indice_acceso": 0.736 }, "geometry": { "type": "Polygon", "coordinates": [ [ [ -58.42221, -34.6214 ], [ -58.42516, -34.62169 ], [ -58.42537, -34.62045 ], [ -58.42233, -34.62019 ], [ -58.42221, -34.6214 ] ] ] } },
{ "type": "Feature", "properties": { "indice_acceso": 0.742 }, "geometry": { "type": "Polygon", "coordinates": [ [ [ -58.42516, -34.62169 ], [ -58.42779, -34.62207 ], [ -58.42807, -34.62068 ], [ -58.42537, -34.62045 ], [ -58.42516, -34.62169 ] ] ] } },
{ "type": "Feature", "properties": { "indice_acceso": 0.736 }, "geometry": { "type": "Polygon", "coordinates": [ [ [ -58.42485, -34.6233 ], [ -58.42749, -34.62361 ], [ -58.42779, -34.62207 ], [ -58.42516, -34.62169 ], [ -58.42485, -34.6233 ] ] ] } },
{ "type": "Feature", "properties": { "indice_acceso": 0.736 }, "geometry": { "type": "Polygon", "coordinates": [ [ [ -58.42452, -34.62496 ], [ -58.42717, -34.62513 ], [ -58.42749, -34.62361 ], [ -58.42485, -34.6233 ], [ -58.42452, -34.62496 ] ] ] } },
{ "type": "Feature", "properties": { "indice_acceso": 0.732 }, "geometry": { "type": "Polygon", "coordinates": [ [ [ -58.42322, -34.62488 ], [ -58.42452, -34.62496 ], [ -58.42516, -34.62169 ], [ -58.42372, -34.62151 ], [ -58.42322, -34.62488 ] ] ] } },
{ "type": "Feature", "properties": { "indice_acceso": 0.731 }, "geometry": { "type": "Polygon", "coordinates": [ [ [ -58.42112, -34.62473 ], [ -58.42323, -34.6248 ], [ -58.42348, -34.62315 ], [ -58.4213, -34.62291 ], [ -58.42112, -34.62473 ] ] ] } },
{ "type": "Feature", "properties": { "indice_acceso": 0.717 }, "geometry": { "type": "Polygon", "coordinates": [ [ [ -58.4213, -34.62291 ], [ -58.42348, -34.62315 ], [ -58.42372, -34.62151 ], [ -58.42145, -34.62134 ], [ -58.4213, -34.62291 ] ] ] } },
{ "type": "Feature", "properties": { "indice_acceso": 0.731 }, "geometry": { "type": "Polygon", "coordinates": [ [ [ -58.42056, -34.6247 ], [ -58.42112, -34.62473 ], [ -58.42145, -34.62134 ], [ -58.4205, -34.62127 ], [ -58.42056, -34.6247 ] ] ] } },
{ "type": "Feature", "properties": { "indice_acceso": 0.74 }, "geometry": { "type": "Polygon", "coordinates": [ [ [ -58.42025, -34.62604 ], [ -58.42151, -34.62623 ], [ -58.42186, -34.62478 ], [ -58.42056, -34.6247 ], [ -58.42025, -34.62604 ] ] ] } },
{ "type": "Feature", "properties": { "indice_acceso": 0.736 }, "geometry": { "type": "Polygon", "coordinates": [ [ [ -58.42151, -34.62623 ], [ -58.42284, -34.62642 ], [ -58.42323, -34.6248 ], [ -58.42186, -34.62478 ], [ -58.42151, -34.62623 ] ] ] } },
{ "type": "Feature", "properties": { "indice_acceso": 0.741 }, "geometry": { "type": "Polygon", "coordinates": [ [ [ -58.42284, -34.62642 ], [ -58.42414, -34.62662 ], [ -58.42452, -34.62496 ], [ -58.42322, -34.62488 ], [ -58.42284, -34.62642 ] ] ] } },
{ "type": "Feature", "properties": { "indice_acceso": 0.732 }, "geometry": { "type": "Polygon", "coordinates": [ [ [ -58.42433, -34.62578 ], [ -58.42697, -34.62605 ], [ -58.42717, -34.62513 ], [ -58.42452, -34.62496 ], [ -58.42433, -34.62578 ] ] ] } },
{ "type": "Feature", "properties": { "indice_acceso": 0.731 }, "geometry": { "type": "Polygon", "coordinates": [ [ [ -58.42414, -34.62662 ], [ -58.42676, -34.627 ], [ -58.42697, -34.62605 ], [ -58.42433, -34.62578 ], [ -58.42414, -34.62662 ] ] ] } },
{ "type": "Feature", "properties": { "indice_acceso": 0.729 }, "geometry": { "type": "Polygon", "coordinates": [ [ [ -58.41794, -34.62259 ], [ -58.42052, -34.62282 ], [ -58.4205, -34.62127 ], [ -58.41806, -34.62109 ], [ -58.41794, -34.62259 ] ] ] } },
{ "type": "Feature", "properties": { "indice_acceso": 0.731 }, "geometry": { "type": "Polygon", "coordinates": [ [ [ -58.41777, -34.62451 ], [ -58.4191, -34.6246 ], [ -58.41927, -34.62271 ], [ -58.41794, -34.62259 ], [ -58.41777, -34.62451 ] ] ] } },
{ "type": "Feature", "properties": { "indice_acceso": 0.754 }, "geometry": { "type": "Polygon", "coordinates": [ [ [ -58.41621, -34.62406 ], [ -58.41777, -34.62451 ], [ -58.41806, -34.62109 ], [ -58.41651, -34.62098 ], [ -58.41621, -34.62406 ] ] ] } },
{ "type": "Feature", "properties": { "indice_acceso": 0.776 }, "geometry": { "type": "Polygon", "coordinates": [ [ [ -58.41368, -34.62209 ], [ -58.41636, -34.62245 ], [ -58.41651, -34.62098 ], [ -58.41382, -34.62076 ], [ -58.41368, -34.62209 ] ] ] } },
{ "type": "Feature", "properties": { "indice_acceso": 0.773 }, "geometry": { "type": "Polygon", "coordinates": [ [ [ -58.41373, -34.62333 ], [ -58.41622, -34.62392 ], [ -58.41636, -34.62245 ], [ -58.41368, -34.62209 ], [ -58.41373, -34.62333 ] ] ] } },
{ "type": "Feature", "properties": { "indice_acceso": 0.821 }, "geometry": { "type": "Polygon", "coordinates": [ [ [ -58.41204, -34.62298 ], [ -58.41233, -34.62303 ], [ -58.41222, -34.62399 ], [ -58.41365, -34.62421 ], [ -58.41382, -34.62076 ], [ -58.41255, -34.62064 ], [ -58.41204, -34.62298 ] ] ] } },
{ "type": "Feature", "properties": { "indice_acceso": 0.817 }, "geometry": { "type": "Polygon", "coordinates": [ [ [ -58.41209, -34.62497 ], [ -58.41357, -34.62514 ], [ -58.41365, -34.62421 ], [ -58.41222, -34.62399 ], [ -58.41209, -34.62497 ] ] ] } },
{ "type": "Feature", "properties": { "indice_acceso": 0.783 }, "geometry": { "type": "Polygon", "coordinates": [ [ [ -58.41357, -34.62514 ], [ -58.4161, -34.62544 ], [ -58.41616, -34.62458 ], [ -58.41365, -34.62421 ], [ -58.41357, -34.62514 ] ] ] } },
{ "type": "Feature", "properties": { "indice_acceso": 0.798 }, "geometry": { "type": "Polygon", "coordinates": [ [ [ -58.41365, -34.62421 ], [ -58.41616, -34.62458 ], [ -58.41622, -34.62392 ], [ -58.41373, -34.62333 ], [ -58.41365, -34.62421 ] ] ] } },
{ "type": "Feature", "properties": { "indice_acceso": 0.759 }, "geometry": { "type": "Polygon", "coordinates": [ [ [ -58.4161, -34.62544 ], [ -58.41883, -34.62584 ], [ -58.4191, -34.6246 ], [ -58.41706, -34.62445 ], [ -58.41621, -34.62406 ], [ -58.4161, -34.62544 ] ] ] } },
{ "type": "Feature", "properties": { "indice_acceso": 0.732 }, "geometry": { "type": "Polygon", "coordinates": [ [ [ -58.41883, -34.62584 ], [ -58.42025, -34.62604 ], [ -58.42052, -34.62282 ], [ -58.41927, -34.62271 ], [ -58.41883, -34.62584 ] ] ] } },
{ "type": "Feature", "properties": { "indice_acceso": 0.75 }, "geometry": { "type": "Polygon", "coordinates": [ [ [ -58.41456, -34.62884 ], [ -58.41591, -34.62895 ], [ -58.4161, -34.62544 ], [ -58.41469, -34.62527 ], [ -58.41456, -34.62884 ] ] ] } },
{ "type": "Feature", "properties": { "indice_acceso": 0.792 }, "geometry": { "type": "Polygon", "coordinates": [ [ [ -58.41199, -34.6265 ], [ -58.41459, -34.62679 ], [ -58.41469, -34.62527 ], [ -58.41209, -34.62497 ], [ -58.41199, -34.6265 ] ] ] } },
{ "type": "Feature", "properties": { "indice_acceso": 0.761 }, "geometry": { "type": "Polygon", "coordinates": [ [ [ -58.41184, -34.6292 ], [ -58.41318, -34.62953 ], [ -58.41325, -34.62874 ], [ -58.41456, -34.62884 ], [ -58.41459, -34.62679 ], [ -58.41199, -34.6265 ], [ -58.41184, -34.6292 ] ] ] } },
{ "type": "Feature", "properties": { "indice_acceso": 0.733 }, "geometry": { "type": "Polygon", "coordinates": [ [ [ -58.41325, -34.62874 ], [ -58.41318, -34.62953 ], [ -58.41453, -34.62985 ], [ -58.41452, -34.6304 ], [ -58.41592, -34.63076 ], [ -58.41591, -34.62895 ], [ -58.41325, -34.62874 ] ] ] } },
{ "type": "Feature", "properties": { "indice_acceso": 0.73 }, "geometry": { "type": "Polygon", "coordinates": [ [ [ -58.4145, -34.63102 ], [ -58.41307, -34.63067 ], [ -58.41296, -34.63202 ], [ -58.41603, -34.63276 ], [ -58.41592, -34.63076 ], [ -58.41452, -34.6304 ], [ -58.4145, -34.63102 ] ] ] } },
{ "type": "Feature", "properties": { "indice_acceso": 0.75 }, "geometry": { "type": "Polygon", "coordinates": [ [ [ -58.41164, -34.63169 ], [ -58.41296, -34.63202 ], [ -58.41307, -34.63067 ], [ -58.4145, -34.63102 ], [ -58.41453, -34.62985 ], [ -58.41184, -34.6292 ], [ -58.41164, -34.63169 ] ] ] } },
{ "type": "Feature", "properties": { "indice_acceso": 0.725 }, "geometry": { "type": "Polygon", "coordinates": [ [ [ -58.41148, -34.63297 ], [ -58.41611, -34.63406 ], [ -58.41603, -34.63276 ], [ -58.41164, -34.63169 ], [ -58.41148, -34.63297 ] ] ] } },
{ "type": "Feature", "properties": { "indice_acceso": 0.722 }, "geometry": { "type": "Polygon", "coordinates": [ [ [ -58.41099, -34.63423 ], [ -58.41241, -34.63522 ], [ -58.41274, -34.63428 ], [ -58.41618, -34.63532 ], [ -58.41611, -34.63406 ], [ -58.41148, -34.63297 ], [ -58.41099, -34.63423 ] ] ] } },
{ "type": "Feature", "properties": { "indice_acceso": 0.72 }, "geometry": { "type": "Polygon", "coordinates": [ [ [ -58.41463, -34.63654 ], [ -58.41616, -34.6375 ], [ -58.41618, -34.63532 ], [ -58.41274, -34.63428 ], [ -58.41241, -34.63522 ], [ -58.41463, -34.63654 ] ] ] } },
{ "type": "Feature", "properties": { "indice_acceso": 0.707 }, "geometry": { "type": "Polygon", "coordinates": [ [ [ -58.41709, -34.63911 ], [ -58.41791, -34.63553 ], [ -58.41618, -34.63532 ], [ -58.41584, -34.63889 ], [ -58.41709, -34.63911 ] ] ] } },
{ "type": "Feature", "properties": { "indice_acceso": 0.719 }, "geometry": { "type": "Polygon", "coordinates": [ [ [ -58.41319, -34.63843 ], [ -58.41584, -34.63889 ], [ -58.41616, -34.6375 ], [ -58.41381, -34.63605 ], [ -58.41319, -34.63843 ] ] ] } },
{ "type": "Feature", "properties": { "indice_acceso": 0.729 }, "geometry": { "type": "Polygon", "coordinates": [ [ [ -58.41051, -34.63571 ], [ -58.41126, -34.6381 ], [ -58.41319, -34.63843 ], [ -58.41381, -34.63605 ], [ -58.41099, -34.63423 ], [ -58.41051, -34.63571 ] ] ] } },
{ "type": "Feature", "properties": { "indice_acceso": 0.727 }, "geometry": { "type": "Polygon", "coordinates": [ [ [ -58.42383, -34.62793 ], [ -58.42645, -34.62831 ], [ -58.42676, -34.627 ], [ -58.42414, -34.62662 ], [ -58.42383, -34.62793 ] ] ] } },
{ "type": "Feature", "properties": { "indice_acceso": 0.73 }, "geometry": { "type": "Polygon", "coordinates": [ [ [ -58.42119, -34.62756 ], [ -58.42383, -34.62793 ], [ -58.42414, -34.62662 ], [ -58.42151, -34.62623 ], [ -58.42119, -34.62756 ] ] ] } },
{ "type": "Feature", "properties": { "indice_acceso": 0.724 }, "geometry": { "type": "Polygon", "coordinates": [ [ [ -58.41972, -34.62847 ], [ -58.42093, -34.62865 ], [ -58.42151, -34.62623 ], [ -58.42025, -34.62604 ], [ -58.41972, -34.62847 ] ] ] } },
{ "type": "Feature", "properties": { "indice_acceso": 0.734 }, "geometry": { "type": "Polygon", "coordinates": [ [ [ -58.41743, -34.62712 ], [ -58.41995, -34.62741 ], [ -58.42025, -34.62604 ], [ -58.41768, -34.62566 ], [ -58.41743, -34.62712 ] ] ] } },
{ "type": "Feature", "properties": { "indice_acceso": 0.747 }, "geometry": { "type": "Polygon", "coordinates": [ [ [ -58.41599, -34.62695 ], [ -58.41743, -34.62712 ], [ -58.41768, -34.62566 ], [ -58.4161, -34.62544 ], [ -58.41599, -34.62695 ] ] ] } },
{ "type": "Feature", "properties": { "indice_acceso": 0.724 }, "geometry": { "type": "Polygon", "coordinates": [ [ [ -58.41589, -34.63018 ], [ -58.41776, -34.63039 ], [ -58.41805, -34.62913 ], [ -58.41686, -34.62902 ], [ -58.41743, -34.62712 ], [ -58.41599, -34.62695 ], [ -58.41589, -34.63018 ] ] ] } },
{ "type": "Feature", "properties": { "indice_acceso": 0.714 }, "geometry": { "type": "Polygon", "coordinates": [ [ [ -58.41686, -34.62902 ], [ -58.41805, -34.62913 ], [ -58.41776, -34.63039 ], [ -58.41914, -34.63054 ], [ -58.41995, -34.62741 ], [ -58.41743, -34.62712 ], [ -58.41686, -34.62902 ] ] ] } },
{ "type": "Feature", "properties": { "indice_acceso": 0.704 }, "geometry": { "type": "Polygon", "coordinates": [ [ [ -58.41914, -34.63054 ], [ -58.42311, -34.6311 ], [ -58.42338, -34.62993 ], [ -58.41949, -34.62928 ], [ -58.41914, -34.63054 ] ] ] } },
{ "type": "Feature", "properties": { "indice_acceso": 0.717 }, "geometry": { "type": "Polygon", "coordinates": [ [ [ -58.42093, -34.62865 ], [ -58.41972, -34.62847 ], [ -58.41949, -34.62928 ], [ -58.42338, -34.62993 ], [ -58.42383, -34.62793 ], [ -58.42119, -34.62756 ], [ -58.42093, -34.62865 ] ] ] } },
{ "type": "Feature", "properties": { "indice_acceso": 0.712 }, "geometry": { "type": "Polygon", "coordinates": [ [ [ -58.42358, -34.62903 ], [ -58.42501, -34.62923 ], [ -58.42479, -34.63021 ], [ -58.42598, -34.63045 ], [ -58.42645, -34.62831 ], [ -58.42383, -34.62793 ], [ -58.42358, -34.62903 ] ] ] } },
{ "type": "Feature", "properties": { "indice_acceso": 0.702 }, "geometry": { "type": "Polygon", "coordinates": [ [ [ -58.42311, -34.6311 ], [ -58.42575, -34.63148 ], [ -58.42598, -34.63045 ], [ -58.42479, -34.63021 ], [ -58.42501, -34.62923 ], [ -58.42358, -34.62903 ], [ -58.42311, -34.6311 ] ] ] } },
{ "type": "Feature", "properties": { "indice_acceso": 0.692 }, "geometry": { "type": "Polygon", "coordinates": [ [ [ -58.42252, -34.63344 ], [ -58.42518, -34.6337 ], [ -58.42575, -34.63148 ], [ -58.42311, -34.6311 ], [ -58.42252, -34.63344 ] ] ] } },
{ "type": "Feature", "properties": { "indice_acceso": 0.693 }, "geometry": { "type": "Polygon", "coordinates": [ [ [ -58.41924, -34.6331 ], [ -58.42054, -34.63324 ], [ -58.42049, -34.63187 ], [ -58.42287, -34.63211 ], [ -58.42311, -34.6311 ], [ -58.41914, -34.63054 ], [ -58.41924, -34.6331 ] ] ] } },
{ "type": "Feature", "properties": { "indice_acceso": 0.699 }, "geometry": { "type": "Polygon", "coordinates": [ [ [ -58.41783, -34.63296 ], [ -58.41924, -34.6331 ], [ -58.41914, -34.63054 ], [ -58.41776, -34.63039 ], [ -58.41783, -34.63296 ] ] ] } },
{ "type": "Feature", "properties": { "indice_acceso": 0.708 }, "geometry": { "type": "Polygon", "coordinates": [ [ [ -58.41611, -34.63406 ], [ -58.4167, -34.63414 ], [ -58.41663, -34.63283 ], [ -58.41783, -34.63296 ], [ -58.41776, -34.63039 ], [ -58.41589, -34.63018 ], [ -58.41611, -34.63406 ] ] ] } },
{ "type": "Feature", "properties": { "indice_acceso": 0.692 }, "geometry": { "type": "Polygon", "coordinates": [ [ [ -58.41663, -34.63283 ], [ -58.4167, -34.63414 ], [ -58.42058, -34.63454 ], [ -58.42054, -34.63324 ], [ -58.41663, -34.63283 ] ] ] } },
{ "type": "Feature", "properties": { "indice_acceso": 0.689 }, "geometry": { "type": "Polygon", "coordinates": [ [ [ -58.42049, -34.63187 ], [ -58.42058, -34.63454 ], [ -58.42221, -34.63471 ], [ -58.42287, -34.63211 ], [ -58.42049, -34.63187 ] ] ] } },
{ "type": "Feature", "properties": { "indice_acceso": 0.68 }, "geometry": { "type": "Polygon", "coordinates": [ [ [ -58.42189, -34.63595 ], [ -58.42452, -34.63623 ], [ -58.42518, -34.6337 ], [ -58.42252, -34.63344 ], [ -58.42189, -34.63595 ] ] ] } },
{ "type": "Feature", "properties": { "indice_acceso": 0.685 }, "geometry": { "type": "Polygon", "coordinates": [ [ [ -58.42118, -34.6387 ], [ -58.42257, -34.63895 ], [ -58.42309, -34.63696 ], [ -58.42428, -34.63717 ], [ -58.42452, -34.63623 ], [ -58.42189, -34.63595 ], [ -58.42118, -34.6387 ] ] ] } },
{ "type": "Feature", "properties": { "indice_acceso": 0.687 }, "geometry": { "type": "Polygon", "coordinates": [ [ [ -58.41932, -34.63631 ], [ -58.42066, -34.63653 ], [ -58.42032, -34.63745 ], [ -58.42145, -34.63765 ], [ -58.42221, -34.63471 ], [ -58.41929, -34.63441 ], [ -58.41932, -34.63631 ] ] ] } },
{ "type": "Feature", "properties": { "indice_acceso": 0.703 }, "geometry": { "type": "Polygon", "coordinates": [ [ [ -58.41618, -34.63532 ], [ -58.41791, -34.63553 ], [ -58.41792, -34.63622 ], [ -58.41932, -34.63631 ], [ -58.41929, -34.63441 ], [ -58.41611, -34.63406 ], [ -58.41618, -34.63532 ] ] ] } },
{ "type": "Feature", "properties": { "indice_acceso": 0.698 }, "geometry": { "type": "Polygon", "coordinates": [ [ [ -58.41911, -34.63722 ], [ -58.41886, -34.63831 ], [ -58.42118, -34.6387 ], [ -58.42145, -34.63765 ], [ -58.42032, -34.63745 ], [ -58.42066, -34.63653 ], [ -58.41792, -34.63622 ], [ -58.41761, -34.63721 ], [ -58.41911, -34.63722 ] ] ] } },
{ "type": "Feature", "properties": { "indice_acceso": 0.7 }, "geometry": { "type": "Polygon", "coordinates": [ [ [ -58.41709, -34.63911 ], [ -58.42092, -34.63974 ], [ -58.42118, -34.6387 ], [ -58.41886, -34.63831 ], [ -58.41911, -34.63722 ], [ -58.41761, -34.63721 ], [ -58.41709, -34.63911 ] ] ] } },
{ "type": "Feature", "properties": { "indice_acceso": 0.692 }, "geometry": { "type": "Polygon", "coordinates": [ [ [ -58.42257, -34.63895 ], [ -58.42118, -34.6387 ], [ -58.42092, -34.63974 ], [ -58.42349, -34.6402 ], [ -58.42428, -34.63717 ], [ -58.42309, -34.63696 ], [ -58.42257, -34.63895 ] ] ] } },
{ "type": "Feature", "properties": { "indice_acceso": 0.829 }, "geometry": { "type": "Polygon", "coordinates": [ [ [ -58.46086, -34.60762 ], [ -58.46148, -34.60798 ], [ -58.45994, -34.61027 ], [ -58.46107, -34.61067 ], [ -58.46271, -34.60737 ], [ -58.46153, -34.60658 ], [ -58.46086, -34.60762 ] ] ] } },
{ "type": "Feature", "properties": { "indice_acceso": 0.843 }, "geometry": { "type": "Polygon", "coordinates": [ [ [ -58.45856, -34.60656 ], [ -58.46086, -34.60762 ], [ -58.46153, -34.60658 ], [ -58.45951, -34.60521 ], [ -58.45856, -34.60656 ] ] ] } },
{ "type": "Feature", "properties": { "indice_acceso": 0.826 }, "geometry": { "type": "Polygon", "coordinates": [ [ [ -58.45739, -34.606 ], [ -58.45856, -34.60656 ], [ -58.45951, -34.60521 ], [ -58.45847, -34.60449 ], [ -58.45739, -34.606 ] ] ] } },
{ "type": "Feature", "properties": { "indice_acceso": 0.783 }, "geometry": { "type": "Polygon", "coordinates": [ [ [ -58.4558, -34.60518 ], [ -58.45621, -34.60545 ], [ -58.45544, -34.60648 ], [ -58.45664, -34.60704 ], [ -58.45847, -34.60449 ], [ -58.4558, -34.60518 ] ] ] } },
{ "type": "Feature", "properties": { "indice_acceso": 0.756 }, "geometry": { "type": "Polygon", "coordinates": [ [ [ -58.45202, -34.60617 ], [ -58.45333, -34.60705 ], [ -58.45447, -34.60592 ], [ -58.45544, -34.60648 ], [ -58.45621, -34.60545 ], [ -58.4558, -34.60518 ], [ -58.45202, -34.60617 ] ] ] } },
{ "type": "Feature", "properties": { "indice_acceso": 0.757 }, "geometry": { "type": "Polygon", "coordinates": [ [ [ -58.45447, -34.60592 ], [ -58.45333, -34.60705 ], [ -58.45567, -34.60838 ], [ -58.45664, -34.60704 ], [ -58.45447, -34.60592 ] ] ] } },
{ "type": "Feature", "properties": { "indice_acceso": 0.775 }, "geometry": { "type": "Polygon", "coordinates": [ [ [ -58.45567, -34.60838 ], [ -58.45689, -34.60894 ], [ -58.45856, -34.60656 ], [ -58.45739, -34.606 ], [ -58.45567, -34.60838 ] ] ] } },
{ "type": "Feature", "properties": { "indice_acceso": 0.82 }, "geometry": { "type": "Polygon", "coordinates": [ [ [ -58.45783, -34.60759 ], [ -58.46077, -34.60904 ], [ -58.46148, -34.60798 ], [ -58.45856, -34.60656 ], [ -58.45783, -34.60759 ] ] ] } },
{ "type": "Feature", "properties": { "indice_acceso": 0.791 }, "geometry": { "type": "Polygon", "coordinates": [ [ [ -58.45689, -34.60894 ], [ -58.45994, -34.61027 ], [ -58.46077, -34.60904 ], [ -58.45783, -34.60759 ], [ -58.45689, -34.60894 ] ] ] } },
{ "type": "Feature", "properties": { "indice_acceso": 0.751 }, "geometry": { "type": "Polygon", "coordinates": [ [ [ -58.45954, -34.61374 ], [ -58.46107, -34.61067 ], [ -58.458, -34.60946 ], [ -58.45677, -34.61122 ], [ -58.45791, -34.61177 ], [ -58.45707, -34.61293 ], [ -58.45954, -34.61374 ] ] ] } },
{ "type": "Feature", "properties": { "indice_acceso": 0.741 }, "geometry": { "type": "Polygon", "coordinates": [ [ [ -58.45566, -34.61067 ], [ -58.45475, -34.61196 ], [ -58.4559, -34.61245 ], [ -58.458, -34.60946 ], [ -58.45689, -34.60894 ], [ -58.45566, -34.61067 ] ] ] } },
{ "type": "Feature", "properties": { "indice_acceso": 0.748 }, "geometry": { "type": "Polygon", "coordinates": [ [ [ -58.45707, -34.61293 ], [ -58.45791, -34.61177 ], [ -58.45677, -34.61122 ], [ -58.4559, -34.61245 ], [ -58.45707, -34.61293 ] ] ] } },
{ "type": "Feature", "properties": { "indice_acceso": 0.686 }, "geometry": { "type": "Polygon", "coordinates": [ [ [ -58.4477, -34.61592 ], [ -58.45137, -34.61574 ], [ -58.45216, -34.61457 ], [ -58.44913, -34.6133 ], [ -58.4477, -34.61592 ] ] ] } },
{ "type": "Feature", "properties": { "indice_acceso": 0.694 }, "geometry": { "type": "Polygon", "coordinates": [ [ [ -58.45037, -34.61382 ], [ -58.45216, -34.61457 ], [ -58.45285, -34.61355 ], [ -58.45343, -34.6138 ], [ -58.45414, -34.61281 ], [ -58.4516, -34.61176 ], [ -58.45037, -34.61382 ] ] ] } },
{ "type": "Feature", "properties": { "indice_acceso": 0.719 }, "geometry": { "type": "Polygon", "coordinates": [ [ [ -58.4516, -34.61176 ], [ -58.4548, -34.61308 ], [ -58.45416, -34.61411 ], [ -58.45477, -34.61437 ], [ -58.45519, -34.61371 ], [ -58.45535, -34.61223 ], [ -58.45228, -34.61068 ], [ -58.4516, -34.61176 ] ] ] } },
{ "type": "Feature", "properties": { "indice_acceso": 0.706 }, "geometry": { "type": "Polygon", "coordinates": [ [ [ -58.45343, -34.6138 ], [ -58.45285, -34.61355 ], [ -58.45137, -34.61574 ], [ -58.45318, -34.61568 ], [ -58.4548, -34.61308 ], [ -58.45414, -34.61281 ], [ -58.45343, -34.6138 ] ] ] } },
{ "type": "Feature", "properties": { "indice_acceso": 0.718 }, "geometry": { "type": "Polygon", "coordinates": [ [ [ -58.45477, -34.61437 ], [ -58.45416, -34.61411 ], [ -58.45318, -34.61568 ], [ -58.4585, -34.6159 ], [ -58.45944, -34.61389 ], [ -58.45535, -34.61223 ], [ -58.45519, -34.61371 ], [ -58.45477, -34.61437 ] ] ] } },
{ "type": "Feature", "properties": { "indice_acceso": 0.701 }, "geometry": { "type": "Polygon", "coordinates": [ [ [ -58.4531, -34.61602 ], [ -58.45669, -34.61715 ], [ -58.4573, -34.61583 ], [ -58.45326, -34.61568 ], [ -58.4531, -34.61602 ] ] ] } },
{ "type": "Feature", "properties": { "indice_acceso": 0.708 }, "geometry": { "type": "Polygon", "coordinates": [ [ [ -58.45669, -34.61715 ], [ -58.45776, -34.61751 ], [ -58.4585, -34.6159 ], [ -58.4573, -34.61583 ], [ -58.45669, -34.61715 ] ] ] } },
{ "type": "Feature", "properties": { "indice_acceso": 0.691 }, "geometry": { "type": "Polygon", "coordinates": [ [ [ -58.45453, -34.61929 ], [ -58.45662, -34.62001 ], [ -58.45776, -34.61751 ], [ -58.45566, -34.61682 ], [ -58.45453, -34.61929 ] ] ] } },
{ "type": "Feature", "properties": { "indice_acceso": 0.689 }, "geometry": { "type": "Polygon", "coordinates": [ [ [ -58.45518, -34.6179 ], [ -58.45566, -34.61682 ], [ -58.4531, -34.61602 ], [ -58.45326, -34.61568 ], [ -58.45203, -34.61572 ], [ -58.45144, -34.61677 ], [ -58.45518, -34.6179 ] ] ] } },
{ "type": "Feature", "properties": { "indice_acceso": 0.675 }, "geometry": { "type": "Polygon", "coordinates": [ [ [ -58.45022, -34.61887 ], [ -58.4527, -34.61995 ], [ -58.45386, -34.61751 ], [ -58.45144, -34.61677 ], [ -58.45022, -34.61887 ] ] ] } },
{ "type": "Feature", "properties": { "indice_acceso": 0.684 }, "geometry": { "type": "Polygon", "coordinates": [ [ [ -58.4527, -34.61995 ], [ -58.45607, -34.62121 ], [ -58.45662, -34.62001 ], [ -58.45453, -34.61929 ], [ -58.45518, -34.6179 ], [ -58.45386, -34.61751 ], [ -58.4527, -34.61995 ] ] ] } },
{ "type": "Feature", "properties": { "indice_acceso": 0.744 }, "geometry": { "type": "Polygon", "coordinates": [ [ [ -58.45351, -34.61136 ], [ -58.45475, -34.61196 ], [ -58.45689, -34.60894 ], [ -58.45567, -34.60838 ], [ -58.45351, -34.61136 ] ] ] } },
{ "type": "Feature", "properties": { "indice_acceso": 0.728 }, "geometry": { "type": "Polygon", "coordinates": [ [ [ -58.45169, -34.60709 ], [ -58.45267, -34.60771 ], [ -58.45195, -34.60867 ], [ -58.45437, -34.61017 ], [ -58.45567, -34.60838 ], [ -58.45241, -34.60642 ], [ -58.45169, -34.60709 ] ] ] } },
{ "type": "Feature", "properties": { "indice_acceso": 0.714 }, "geometry": { "type": "Polygon", "coordinates": [ [ [ -58.45095, -34.60996 ], [ -58.45351, -34.61136 ], [ -58.45437, -34.61017 ], [ -58.45195, -34.60867 ], [ -58.45095, -34.60996 ] ] ] } },
{ "type": "Feature", "properties": { "indice_acceso": 0.698 }, "geometry": { "type": "Polygon", "coordinates": [ [ [ -58.44917, -34.61081 ], [ -58.4516, -34.61176 ], [ -58.45228, -34.61068 ], [ -58.44992, -34.6094 ], [ -58.44917, -34.61081 ] ] ] } },
{ "type": "Feature", "properties": { "indice_acceso": 0.702 }, "geometry": { "type": "Polygon", "coordinates": [ [ [ -58.44803, -34.61035 ], [ -58.44917, -34.61081 ], [ -58.44992, -34.6094 ], [ -58.44889, -34.60885 ], [ -58.44803, -34.61035 ] ] ] } },
{ "type": "Feature", "properties": { "indice_acceso": 0.703 }, "geometry": { "type": "Polygon", "coordinates": [ [ [ -58.44889, -34.60885 ], [ -58.45095, -34.60996 ], [ -58.45195, -34.60867 ], [ -58.45002, -34.60735 ], [ -58.44889, -34.60885 ] ] ] } },
{ "type": "Feature", "properties": { "indice_acceso": 0.717 }, "geometry": { "type": "Polygon", "coordinates": [ [ [ -58.45066, -34.60651 ], [ -58.45002, -34.60735 ], [ -58.45195, -34.60867 ], [ -58.45267, -34.60771 ], [ -58.45169, -34.60709 ], [ -58.45241, -34.60642 ], [ -58.45202, -34.60617 ], [ -58.45066, -34.60651 ] ] ] } },
{ "type": "Feature", "properties": { "indice_acceso": 0.693 }, "geometry": { "type": "Polygon", "coordinates": [ [ [ -58.44781, -34.6083 ], [ -58.44889, -34.60885 ], [ -58.45066, -34.60651 ], [ -58.44906, -34.60692 ], [ -58.44781, -34.6083 ] ] ] } },
{ "type": "Feature", "properties": { "indice_acceso": 0.697 }, "geometry": { "type": "Polygon", "coordinates": [ [ [ -58.44651, -34.60773 ], [ -58.44657, -34.60978 ], [ -58.44803, -34.61035 ], [ -58.44889, -34.60885 ], [ -58.44781, -34.6083 ], [ -58.44906, -34.60692 ], [ -58.44624, -34.60762 ], [ -58.44651, -34.60773 ] ] ] } },
{ "type": "Feature", "properties": { "indice_acceso": 0.699 }, "geometry": { "type": "Polygon", "coordinates": [ [ [ -58.44443, -34.60899 ], [ -58.44657, -34.60978 ], [ -58.44651, -34.60773 ], [ -58.44568, -34.60735 ], [ -58.44443, -34.60899 ] ] ] } },
{ "type": "Feature", "properties": { "indice_acceso": 0.689 }, "geometry": { "type": "Polygon", "coordinates": [ [ [ -58.4516, -34.61176 ], [ -58.45026, -34.61123 ], [ -58.44913, -34.6133 ], [ -58.45023, -34.61376 ], [ -58.4516, -34.61176 ] ] ] } },
{ "type": "Feature", "properties": { "indice_acceso": 0.692 }, "geometry": { "type": "Polygon", "coordinates": [ [ [ -58.44862, -34.61184 ], [ -58.4466, -34.61106 ], [ -58.44663, -34.61232 ], [ -58.44806, -34.61288 ], [ -58.44744, -34.61389 ], [ -58.44855, -34.61435 ], [ -58.45026, -34.61123 ], [ -58.44917, -34.61081 ], [ -58.44862, -34.61184 ] ] ] } },
{ "type": "Feature", "properties": { "indice_acceso": 0.695 }, "geometry": { "type": "Polygon", "coordinates": [ [ [ -58.4466, -34.61106 ], [ -58.44862, -34.61184 ], [ -58.44917, -34.61081 ], [ -58.44657, -34.60978 ], [ -58.4466, -34.61106 ] ] ] } },
{ "type": "Feature", "properties": { "indice_acceso": 0.698 }, "geometry": { "type": "Polygon", "coordinates": [ [ [ -58.44368, -34.60996 ], [ -58.4466, -34.61106 ], [ -58.44657, -34.60978 ], [ -58.44443, -34.60899 ], [ -58.44368, -34.60996 ] ] ] } },
{ "type": "Feature", "properties": { "indice_acceso": 0.715 }, "geometry": { "type": "Polygon", "coordinates": [ [ [ -58.4437, -34.61119 ], [ -58.44663, -34.61232 ], [ -58.4466, -34.61106 ], [ -58.4441, -34.61012 ], [ -58.4437, -34.61119 ] ] ] } },
{ "type": "Feature", "properties": { "indice_acceso": 0.714 }, "geometry": { "type": "Polygon", "coordinates": [ [ [ -58.44646, -34.61349 ], [ -58.44663, -34.61232 ], [ -58.4437, -34.61119 ], [ -58.4441, -34.61012 ], [ -58.44368, -34.60996 ], [ -58.44222, -34.61189 ], [ -58.44646, -34.61349 ] ] ] } },
{ "type": "Feature", "properties": { "indice_acceso": 0.693 }, "geometry": { "type": "Polygon", "coordinates": [ [ [ -58.44669, -34.61599 ], [ -58.4477, -34.61592 ], [ -58.44855, -34.61435 ], [ -58.44744, -34.61389 ], [ -58.44806, -34.61288 ], [ -58.44663, -34.61232 ], [ -58.44669, -34.61599 ] ] ] } },
{ "type": "Feature", "properties": { "indice_acceso": 0.711 }, "geometry": { "type": "Polygon", "coordinates": [ [ [ -58.44659, -34.615 ], [ -58.44646, -34.61349 ], [ -58.44222, -34.61189 ], [ -58.44146, -34.61297 ], [ -58.44659, -34.615 ] ] ] } },
{ "type": "Feature", "properties": { "indice_acceso": 0.705 }, "geometry": { "type": "Polygon", "coordinates": [ [ [ -58.44669, -34.61599 ], [ -58.44659, -34.615 ], [ -58.44136, -34.61312 ], [ -58.44099, -34.61395 ], [ -58.44669, -34.61599 ] ] ] } },
{ "type": "Feature", "properties": { "indice_acceso": 0.708 }, "geometry": { "type": "Polygon", "coordinates": [ [ [ -58.44185, -34.61595 ], [ -58.44618, -34.616 ], [ -58.4424, -34.61451 ], [ -58.44185, -34.61595 ] ] ] } },
{ "type": "Feature", "properties": { "indice_acceso": 0.727 }, "geometry": { "type": "Polygon", "coordinates": [ [ [ -58.44056, -34.61594 ], [ -58.44185, -34.61595 ], [ -58.4424, -34.61451 ], [ -58.44099, -34.61395 ], [ -58.44056, -34.61594 ] ] ] } },
{ "type": "Feature", "properties": { "indice_acceso": 0.716 }, "geometry": { "type": "Polygon", "coordinates": [ [ [ -58.44443, -34.60899 ], [ -58.44536, -34.60777 ], [ -58.44374, -34.60803 ], [ -58.44335, -34.60859 ], [ -58.44443, -34.60899 ] ] ] } },
{ "type": "Feature", "properties": { "indice_acceso": 0.717 }, "geometry": { "type": "Polygon", "coordinates": [ [ [ -58.44241, -34.60825 ], [ -58.44335, -34.60859 ], [ -58.44374, -34.60803 ], [ -58.44536, -34.60777 ], [ -58.44568, -34.60735 ], [ -58.44298, -34.60662 ], [ -58.44241, -34.60825 ] ] ] } },
{ "type": "Feature", "properties": { "indice_acceso": 0.729 }, "geometry": { "type": "Polygon", "coordinates": [ [ [ -58.44159, -34.60838 ], [ -58.44241, -34.60825 ], [ -58.44298, -34.60662 ], [ -58.4416, -34.60624 ], [ -58.44159, -34.60838 ] ] ] } },
{ "type": "Feature", "properties": { "indice_acceso": 0.745 }, "geometry": { "type": "Polygon", "coordinates": [ [ [ -58.4416, -34.6065 ], [ -58.44013, -34.6065 ], [ -58.44012, -34.60774 ], [ -58.44159, -34.60774 ], [ -58.4416, -34.6065 ] ] ] } },
{ "type": "Feature", "properties": { "indice_acceso": 0.74 }, "geometry": { "type": "Polygon", "coordinates": [ [ [ -58.43873, -34.60635 ], [ -58.43871, -34.60774 ], [ -58.44012, -34.60774 ], [ -58.44013, -34.6065 ], [ -58.4416, -34.6065 ], [ -58.4416, -34.60624 ], [ -58.43928, -34.60561 ], [ -58.43873, -34.60635 ] ] ] } },
{ "type": "Feature", "properties": { "indice_acceso": 0.774 }, "geometry": { "type": "Polygon", "coordinates": [ [ [ -58.4387, -34.6088 ], [ -58.44012, -34.6088 ], [ -58.44012, -34.60774 ], [ -58.43871, -34.60774 ], [ -58.4387, -34.6088 ] ] ] } },
{ "type": "Feature", "properties": { "indice_acceso": 0.742 }, "geometry": { "type": "Polygon", "coordinates": [ [ [ -58.44012, -34.6088 ], [ -58.44145, -34.60881 ], [ -58.44137, -34.60909 ], [ -58.4426, -34.60956 ], [ -58.44335, -34.60859 ], [ -58.44241, -34.60825 ], [ -58.44159, -34.60838 ], [ -58.44159, -34.60774 ], [ -58.44012, -34.60774 ], [ -58.44012, -34.6088 ] ] ] } },
{ "type": "Feature", "properties": { "indice_acceso": 0.734 }, "geometry": { "type": "Polygon", "coordinates": [ [ [ -58.4426, -34.60956 ], [ -58.44368, -34.60996 ], [ -58.44443, -34.60899 ], [ -58.44335, -34.60859 ], [ -58.4426, -34.60956 ] ] ] } },
{ "type": "Feature", "properties": { "indice_acceso": 0.732 }, "geometry": { "type": "Polygon", "coordinates": [ [ [ -58.44188, -34.6105 ], [ -58.44296, -34.61091 ], [ -58.44368, -34.60996 ], [ -58.4426, -34.60956 ], [ -58.44188, -34.6105 ] ] ] } },
{ "type": "Feature", "properties": { "indice_acceso": 0.737 }, "geometry": { "type": "Polygon", "coordinates": [ [ [ -58.44085, -34.61135 ], [ -58.44222, -34.61189 ], [ -58.44296, -34.61091 ], [ -58.44188, -34.6105 ], [ -58.4426, -34.60956 ], [ -58.44137, -34.60909 ], [ -58.44085, -34.61135 ] ] ] } },
{ "type": "Feature", "properties": { "indice_acceso": 0.751 }, "geometry": { "type": "Polygon", "coordinates": [ [ [ -58.44085, -34.61135 ], [ -58.44145, -34.60881 ], [ -58.44012, -34.6088 ], [ -58.4393, -34.6108 ], [ -58.44085, -34.61135 ] ] ] } },
{ "type": "Feature", "properties": { "indice_acceso": 0.776 }, "geometry": { "type": "Polygon", "coordinates": [ [ [ -58.43836, -34.61044 ], [ -58.4393, -34.6108 ], [ -58.44012, -34.6088 ], [ -58.43886, -34.6088 ], [ -58.43836, -34.61044 ] ] ] } },
{ "type": "Feature", "properties": { "indice_acceso": 0.74 }, "geometry": { "type": "Polygon", "coordinates": [ [ [ -58.44049, -34.61259 ], [ -58.44146, -34.61297 ], [ -58.44222, -34.61189 ], [ -58.44085, -34.61135 ], [ -58.44049, -34.61259 ] ] ] } },
{ "type": "Feature", "properties": { "indice_acceso": 0.749 }, "geometry": { "type": "Polygon", "coordinates": [ [ [ -58.4384, -34.61279 ], [ -58.44006, -34.61358 ], [ -58.44085, -34.61135 ], [ -58.4393, -34.6108 ], [ -58.4384, -34.61279 ] ] ] } },
{ "type": "Feature", "properties": { "indice_acceso": 0.767 }, "geometry": { "type": "Polygon", "coordinates": [ [ [ -58.43773, -34.61247 ], [ -58.4384, -34.61279 ], [ -58.4393, -34.6108 ], [ -58.43836, -34.61044 ], [ -58.43773, -34.61247 ] ] ] } },
{ "type": "Feature", "properties": { "indice_acceso": 0.765 }, "geometry": { "type": "Polygon", "coordinates": [ [ [ -58.43695, -34.61433 ], [ -58.43774, -34.61462 ], [ -58.4384, -34.61279 ], [ -58.43773, -34.61247 ], [ -58.43695, -34.61433 ] ] ] } },
{ "type": "Feature", "properties": { "indice_acceso": 0.755 }, "geometry": { "type": "Polygon", "coordinates": [ [ [ -58.43781, -34.61408 ], [ -58.43957, -34.61472 ], [ -58.44006, -34.61358 ], [ -58.4384, -34.61279 ], [ -58.43781, -34.61408 ] ] ] } },
{ "type": "Feature", "properties": { "indice_acceso": 0.741 }, "geometry": { "type": "Polygon", "coordinates": [ [ [ -58.43964, -34.61454 ], [ -58.43957, -34.61472 ], [ -58.44069, -34.61476 ], [ -58.44146, -34.61297 ], [ -58.44049, -34.61259 ], [ -58.43964, -34.61454 ] ] ] } },
{ "type": "Feature", "properties": { "indice_acceso": 0.731 }, "geometry": { "type": "Polygon", "coordinates": [ [ [ -58.43906, -34.61594 ], [ -58.44056, -34.61594 ], [ -58.44069, -34.61476 ], [ -58.43957, -34.61472 ], [ -58.43906, -34.61594 ] ] ] } },
{ "type": "Feature", "properties": { "indice_acceso": 0.75 }, "geometry": { "type": "Polygon", "coordinates": [ [ [ -58.43757, -34.61594 ], [ -58.43906, -34.61594 ], [ -58.43957, -34.61472 ], [ -58.43781, -34.61408 ], [ -58.43757, -34.61594 ] ] ] } },
{ "type": "Feature", "properties": { "indice_acceso": 0.753 }, "geometry": { "type": "Polygon", "coordinates": [ [ [ -58.43637, -34.61554 ], [ -58.43758, -34.61589 ], [ -58.43774, -34.61462 ], [ -58.43695, -34.61433 ], [ -58.43637, -34.61554 ] ] ] } },
{ "type": "Feature", "properties": { "indice_acceso": 0.763 }, "geometry": { "type": "Polygon", "coordinates": [ [ [ -58.43233, -34.60392 ], [ -58.43322, -34.6043 ], [ -58.43392, -34.60295 ], [ -58.43333, -34.60267 ], [ -58.43233, -34.60392 ] ] ] } },
{ "type": "Feature", "properties": { "indice_acceso": 0.79 }, "geometry": { "type": "Polygon", "coordinates": [ [ [ -58.43153, -34.60494 ], [ -58.43067, -34.60594 ], [ -58.43207, -34.60651 ], [ -58.43322, -34.6043 ], [ -58.43233, -34.60392 ], [ -58.43153, -34.60494 ] ] ] } },
{ "type": "Feature", "properties": { "indice_acceso": 0.773 }, "geometry": { "type": "Polygon", "coordinates": [ [ [ -58.43263, -34.60544 ], [ -58.43207, -34.60651 ], [ -58.43291, -34.60636 ], [ -58.43336, -34.6055 ], [ -58.43427, -34.6048 ], [ -58.43662, -34.60428 ], [ -58.43392, -34.60295 ], [ -58.43263, -34.60544 ] ] ] } },
{ "type": "Feature", "properties": { "indice_acceso": 0.815 }, "geometry": { "type": "Polygon", "coordinates": [ [ [ -58.4306, -34.60704 ], [ -58.43323, -34.60813 ], [ -58.43291, -34.60636 ], [ -58.43207, -34.60651 ], [ -58.43067, -34.60594 ], [ -58.4306, -34.60704 ] ] ] } },
{ "type": "Feature", "properties": { "indice_acceso": 0.818 }, "geometry": { "type": "Polygon", "coordinates": [ [ [ -58.43048, -34.60873 ], [ -58.43473, -34.60874 ], [ -58.4331, -34.60762 ], [ -58.43323, -34.60813 ], [ -58.4306, -34.60704 ], [ -58.43048, -34.60873 ] ] ] } },
{ "type": "Feature", "properties": { "indice_acceso": 0.768 }, "geometry": { "type": "Polygon", "coordinates": [ [ [ -58.43464, -34.60464 ], [ -58.43366, -34.6052 ], [ -58.43294, -34.60621 ], [ -58.43296, -34.60737 ], [ -58.43361, -34.60817 ], [ -58.43481, -34.60877 ], [ -58.4387, -34.6088 ], [ -58.43873, -34.60635 ], [ -58.43928, -34.60561 ], [ -58.43662, -34.60428 ], [ -58.43464, -34.60464 ] ] ] } },
{ "type": "Feature", "properties": { "indice_acceso": 0.774 }, "geometry": { "type": "Polygon", "coordinates": [ [ [ -58.43473, -34.60874 ], [ -58.43427, -34.6097 ], [ -58.43809, -34.61129 ], [ -58.4387, -34.6088 ], [ -58.43473, -34.60874 ] ] ] } },
{ "type": "Feature", "properties": { "indice_acceso": 0.779 }, "geometry": { "type": "Polygon", "coordinates": [ [ [ -58.43535, -34.61151 ], [ -58.43773, -34.61247 ], [ -58.43809, -34.61129 ], [ -58.43569, -34.6103 ], [ -58.43535, -34.61151 ] ] ] } },
{ "type": "Feature", "properties": { "indice_acceso": 0.791 }, "geometry": { "type": "Polygon", "coordinates": [ [ [ -58.43326, -34.60928 ], [ -58.433, -34.61053 ], [ -58.43535, -34.61151 ], [ -58.43569, -34.6103 ], [ -58.43326, -34.60928 ] ] ] } },
{ "type": "Feature", "properties": { "indice_acceso": 0.815 }, "geometry": { "type": "Polygon", "coordinates": [ [ [ -58.43168, -34.61151 ], [ -58.43241, -34.61182 ], [ -58.43326, -34.60928 ], [ -58.43427, -34.6097 ], [ -58.43473, -34.60874 ], [ -58.43292, -34.60875 ], [ -58.43168, -34.61151 ] ] ] } },
{ "type": "Feature", "properties": { "indice_acceso": 0.822 }, "geometry": { "type": "Polygon", "coordinates": [ [ [ -58.43119, -34.60978 ], [ -58.43226, -34.61022 ], [ -58.43292, -34.60875 ], [ -58.43181, -34.60874 ], [ -58.43119, -34.60978 ] ] ] } },
{ "type": "Feature", "properties": { "indice_acceso": 0.821 }, "geometry": { "type": "Polygon", "coordinates": [ [ [ -58.43037, -34.61017 ], [ -58.43199, -34.61084 ], [ -58.43226, -34.61022 ], [ -58.43119, -34.60978 ], [ -58.43181, -34.60874 ], [ -58.43048, -34.60873 ], [ -58.43037, -34.61017 ] ] ] } },
{ "type": "Feature", "properties": { "indice_acceso": 0.823 }, "geometry": { "type": "Polygon", "coordinates": [ [ [ -58.43033, -34.61091 ], [ -58.43168, -34.61151 ], [ -58.43199, -34.61084 ], [ -58.43037, -34.61017 ], [ -58.43033, -34.61091 ] ] ] } },
{ "type": "Feature", "properties": { "indice_acceso": 0.801 }, "geometry": { "type": "Polygon", "coordinates": [ [ [ -58.43241, -34.61182 ], [ -58.43411, -34.61253 ], [ -58.4346, -34.61119 ], [ -58.433, -34.61053 ], [ -58.43241, -34.61182 ] ] ] } },
{ "type": "Feature", "properties": { "indice_acceso": 0.782 }, "geometry": { "type": "Polygon", "coordinates": [ [ [ -58.43411, -34.61253 ], [ -58.43316, -34.61213 ], [ -58.43279, -34.61299 ], [ -58.43443, -34.61336 ], [ -58.43471, -34.61278 ], [ -58.43612, -34.61337 ], [ -58.43675, -34.61208 ], [ -58.4346, -34.61119 ], [ -58.43411, -34.61253 ] ] ] } },
{ "type": "Feature", "properties": { "indice_acceso": 0.772 }, "geometry": { "type": "Polygon", "coordinates": [ [ [ -58.43612, -34.61337 ], [ -58.43729, -34.61386 ], [ -58.43773, -34.61247 ], [ -58.43675, -34.61208 ], [ -58.43612, -34.61337 ] ] ] } },
{ "type": "Feature", "properties": { "indice_acceso": 0.778 }, "geometry": { "type": "Polygon", "coordinates": [ [ [ -58.43695, -34.61433 ], [ -58.43729, -34.61386 ], [ -58.43471, -34.61278 ], [ -58.43443, -34.61336 ], [ -58.43695, -34.61433 ] ] ] } },
{ "type": "Feature", "properties": { "indice_acceso": 0.762 }, "geometry": { "type": "Polygon", "coordinates": [ [ [ -58.43525, -34.61522 ], [ -58.43637, -34.61554 ], [ -58.43695, -34.61433 ], [ -58.43586, -34.61391 ], [ -58.43525, -34.61522 ] ] ] } },
{ "type": "Feature", "properties": { "indice_acceso": 0.772 }, "geometry": { "type": "Polygon", "coordinates": [ [ [ -58.4338, -34.61469 ], [ -58.43527, -34.61517 ], [ -58.43586, -34.61391 ], [ -58.43443, -34.61336 ], [ -58.4338, -34.61469 ] ] ] } },
{ "type": "Feature", "properties": { "indice_acceso": 0.775 }, "geometry": { "type": "Polygon", "coordinates": [ [ [ -58.43237, -34.61428 ], [ -58.43608, -34.61613 ], [ -58.43637, -34.61554 ], [ -58.4338, -34.61469 ], [ -58.43443, -34.61336 ], [ -58.43279, -34.61299 ], [ -58.43237, -34.61428 ] ] ] } },
{ "type": "Feature", "properties": { "indice_acceso": 0.805 }, "geometry": { "type": "Polygon", "coordinates": [ [ [ -58.43088, -34.61365 ], [ -58.43237, -34.61428 ], [ -58.43316, -34.61213 ], [ -58.43168, -34.61151 ], [ -58.43088, -34.61365 ] ] ] } },
{ "type": "Feature", "properties": { "indice_acceso": 0.829 }, "geometry": { "type": "Polygon", "coordinates": [ [ [ -58.43023, -34.6119 ], [ -58.43133, -34.61236 ], [ -58.43168, -34.61151 ], [ -58.43033, -34.61091 ], [ -58.43023, -34.6119 ] ] ] } },
{ "type": "Feature", "properties": { "indice_acceso": 0.836 }, "geometry": { "type": "Polygon", "coordinates": [ [ [ -58.43012, -34.61333 ], [ -58.43088, -34.61365 ], [ -58.43133, -34.61236 ], [ -58.43023, -34.6119 ], [ -58.43012, -34.61333 ] ] ] } },
{ "type": "Feature", "properties": { "indice_acceso": 0.733 }, "geometry": { "type": "Polygon", "coordinates": [ [ [ -58.43737, -34.61644 ], [ -58.43861, -34.61694 ], [ -58.43906, -34.61594 ], [ -58.43757, -34.61594 ], [ -58.43737, -34.61644 ] ] ] } },
{ "type": "Feature", "properties": { "indice_acceso": 0.73 }, "geometry": { "type": "Polygon", "coordinates": [ [ [ -58.43709, -34.61708 ], [ -58.43831, -34.61764 ], [ -58.43861, -34.61694 ], [ -58.43737, -34.61644 ], [ -58.43709, -34.61708 ] ] ] } },
{ "type": "Feature", "properties": { "indice_acceso": 0.719 }, "geometry": { "type": "Polygon", "coordinates": [ [ [ -58.43646, -34.6183 ], [ -58.43774, -34.61888 ], [ -58.43831, -34.61764 ], [ -58.43709, -34.61708 ], [ -58.43646, -34.6183 ] ] ] } },
{ "type": "Feature", "properties": { "indice_acceso": 0.737 }, "geometry": { "type": "Polygon", "coordinates": [ [ [ -58.43608, -34.61613 ], [ -58.43528, -34.61778 ], [ -58.43646, -34.6183 ], [ -58.43728, -34.61671 ], [ -58.43608, -34.61613 ] ] ] } },
{ "type": "Feature", "properties": { "indice_acceso": 0.743 }, "geometry": { "type": "Polygon", "coordinates": [ [ [ -58.43608, -34.61613 ], [ -58.43728, -34.61671 ], [ -58.43758, -34.61589 ], [ -58.43637, -34.61554 ], [ -58.43608, -34.61613 ] ] ] } },
{ "type": "Feature", "properties": { "indice_acceso": 0.763 }, "geometry": { "type": "Polygon", "coordinates": [ [ [ -58.43286, -34.61671 ], [ -58.43528, -34.61778 ], [ -58.43608, -34.61613 ], [ -58.43362, -34.61506 ], [ -58.43286, -34.61671 ] ] ] } },
{ "type": "Feature", "properties": { "indice_acceso": 0.786 }, "geometry": { "type": "Polygon", "coordinates": [ [ [ -58.4321, -34.61497 ], [ -58.43339, -34.61554 ], [ -58.43373, -34.61485 ], [ -58.43237, -34.61428 ], [ -58.4321, -34.61497 ] ] ] } },
{ "type": "Feature", "properties": { "indice_acceso": 0.784 }, "geometry": { "type": "Polygon", "coordinates": [ [ [ -58.43163, -34.61616 ], [ -58.43286, -34.61671 ], [ -58.43339, -34.61554 ], [ -58.4321, -34.61497 ], [ -58.43163, -34.61616 ] ] ] } },
{ "type": "Feature", "properties": { "indice_acceso": 0.806 }, "geometry": { "type": "Polygon", "coordinates": [ [ [ -58.43163, -34.61616 ], [ -58.4321, -34.61497 ], [ -58.43084, -34.61438 ], [ -58.43077, -34.61578 ], [ -58.43163, -34.61616 ] ] ] } },
{ "type": "Feature", "properties": { "indice_acceso": 0.814 }, "geometry": { "type": "Polygon", "coordinates": [ [ [ -58.43003, -34.61545 ], [ -58.43077, -34.61578 ], [ -58.43084, -34.61438 ], [ -58.4321, -34.61497 ], [ -58.43237, -34.61428 ], [ -58.43012, -34.61339 ], [ -58.43003, -34.61545 ] ] ] } },
{ "type": "Feature", "properties": { "indice_acceso": 0.688 }, "geometry": { "type": "Polygon", "coordinates": [ [ [ -58.44196, -34.61928 ], [ -58.44488, -34.62054 ], [ -58.44515, -34.61943 ], [ -58.4424, -34.61823 ], [ -58.44196, -34.61928 ] ] ] } },
{ "type": "Feature", "properties": { "indice_acceso": 0.698 }, "geometry": { "type": "Polygon", "coordinates": [ [ [ -58.44095, -34.61822 ], [ -58.44074, -34.61873 ], [ -58.44196, -34.61928 ], [ -58.44219, -34.61872 ], [ -58.44095, -34.61822 ] ] ] } },
{ "type": "Feature", "properties": { "indice_acceso": 0.716 }, "geometry": { "type": "Polygon", "coordinates": [ [ [ -58.43906, -34.61594 ], [ -58.43849, -34.61721 ], [ -58.44219, -34.61872 ], [ -58.4424, -34.61823 ], [ -58.44188, -34.618 ], [ -58.44056, -34.61594 ], [ -58.43906, -34.61594 ] ] ] } },
{ "type": "Feature", "properties": { "indice_acceso": 0.709 }, "geometry": { "type": "Polygon", "coordinates": [ [ [ -58.44074, -34.61873 ], [ -58.44095, -34.61822 ], [ -58.43858, -34.61718 ], [ -58.43831, -34.61764 ], [ -58.44074, -34.61873 ] ] ] } },
{ "type": "Feature", "properties": { "indice_acceso": 0.714 }, "geometry": { "type": "Polygon", "coordinates": [ [ [ -58.43774, -34.61888 ], [ -58.43901, -34.61944 ], [ -58.43952, -34.61819 ], [ -58.43831, -34.61764 ], [ -58.43774, -34.61888 ] ] ] } },
{ "type": "Feature", "properties": { "indice_acceso": 0.705 }, "geometry": { "type": "Polygon", "coordinates": [ [ [ -58.43901, -34.61944 ], [ -58.44025, -34.61998 ], [ -58.44074, -34.61873 ], [ -58.43952, -34.61819 ], [ -58.43901, -34.61944 ] ] ] } },
{ "type": "Feature", "properties": { "indice_acceso": 0.695 }, "geometry": { "type": "Polygon", "coordinates": [ [ [ -58.44025, -34.61998 ], [ -58.44146, -34.62052 ], [ -58.44196, -34.61928 ], [ -58.44074, -34.61873 ], [ -58.44025, -34.61998 ] ] ] } },
{ "type": "Feature", "properties": { "indice_acceso": 0.691 }, "geometry": { "type": "Polygon", "coordinates": [ [ [ -58.44146, -34.62052 ], [ -58.44289, -34.62112 ], [ -58.44332, -34.6199 ], [ -58.44196, -34.61928 ], [ -58.44146, -34.62052 ] ] ] } },
{ "type": "Feature", "properties": { "indice_acceso": 0.686 }, "geometry": { "type": "Polygon", "coordinates": [ [ [ -58.44289, -34.62112 ], [ -58.44353, -34.62138 ], [ -58.44397, -34.62018 ], [ -58.44332, -34.6199 ], [ -58.44289, -34.62112 ] ] ] } },
{ "type": "Feature", "properties": { "indice_acceso": 0.681 }, "geometry": { "type": "Polygon", "coordinates": [ [ [ -58.44353, -34.62138 ], [ -58.44435, -34.62173 ], [ -58.44488, -34.62054 ], [ -58.44397, -34.62018 ], [ -58.44353, -34.62138 ] ] ] } },
{ "type": "Feature", "properties": { "indice_acceso": 0.674 }, "geometry": { "type": "Polygon", "coordinates": [ [ [ -58.45027, -34.61578 ], [ -58.44896, -34.61831 ], [ -58.45022, -34.61887 ], [ -58.45203, -34.61572 ], [ -58.45027, -34.61578 ] ] ] } },
{ "type": "Feature", "properties": { "indice_acceso": 0.678 }, "geometry": { "type": "Polygon", "coordinates": [ [ [ -58.44801, -34.6179 ], [ -58.44896, -34.61831 ], [ -58.45027, -34.61578 ], [ -58.44916, -34.61591 ], [ -58.44801, -34.6179 ] ] ] } },
{ "type": "Feature", "properties": { "indice_acceso": 0.68 }, "geometry": { "type": "Polygon", "coordinates": [ [ [ -58.44669, -34.61599 ], [ -58.44668, -34.6166 ], [ -58.44852, -34.61703 ], [ -58.44916, -34.61591 ], [ -58.44669, -34.61599 ] ] ] } },
{ "type": "Feature", "properties": { "indice_acceso": 0.673 }, "geometry": { "type": "Polygon", "coordinates": [ [ [ -58.44659, -34.61755 ], [ -58.44801, -34.6179 ], [ -58.44852, -34.61703 ], [ -58.44668, -34.6166 ], [ -58.44659, -34.61755 ] ] ] } },
{ "type": "Feature", "properties": { "indice_acceso": 0.68 }, "geometry": { "type": "Polygon", "coordinates": [ [ [ -58.44592, -34.61599 ], [ -58.44562, -34.61732 ], [ -58.44462, -34.61691 ], [ -58.44418, -34.61788 ], [ -58.44538, -34.61838 ], [ -58.44509, -34.61967 ], [ -58.44608, -34.62004 ], [ -58.44673, -34.61612 ], [ -58.44592, -34.61599 ] ] ] } },
{ "type": "Feature", "properties": { "indice_acceso": 0.7 }, "geometry": { "type": "Polygon", "coordinates": [ [ [ -58.44319, -34.61633 ], [ -58.44562, -34.61732 ], [ -58.44592, -34.61599 ], [ -58.44335, -34.61593 ], [ -58.44319, -34.61633 ] ] ] } },
{ "type": "Feature", "properties": { "indice_acceso": 0.701 }, "geometry": { "type": "Polygon", "coordinates": [ [ [ -58.44278, -34.61732 ], [ -58.44418, -34.61788 ], [ -58.44462, -34.61691 ], [ -58.44319, -34.61634 ], [ -58.44278, -34.61732 ] ] ] } },
{ "type": "Feature", "properties": { "indice_acceso": 0.712 }, "geometry": { "type": "Polygon", "coordinates": [ [ [ -58.44185, -34.61595 ], [ -58.44063, -34.61594 ], [ -58.44138, -34.61716 ], [ -58.44154, -34.61677 ], [ -58.44278, -34.61732 ], [ -58.44335, -34.61593 ], [ -58.44185, -34.61595 ] ] ] } },
{ "type": "Feature", "properties": { "indice_acceso": 0.698 }, "geometry": { "type": "Polygon", "coordinates": [ [ [ -58.44188, -34.618 ], [ -58.44375, -34.61883 ], [ -58.44418, -34.61788 ], [ -58.44154, -34.61677 ], [ -58.44138, -34.61716 ], [ -58.44188, -34.618 ] ] ] } },
{ "type": "Feature", "properties": { "indice_acceso": 0.687 }, "geometry": { "type": "Polygon", "coordinates": [ [ [ -58.44515, -34.61943 ], [ -58.44538, -34.61838 ], [ -58.44418, -34.61788 ], [ -58.44375, -34.61883 ], [ -58.44515, -34.61943 ] ] ] } },
{ "type": "Feature", "properties": { "indice_acceso": 0.679 }, "geometry": { "type": "Polygon", "coordinates": [ [ [ -58.44653, -34.6181 ], [ -58.44801, -34.6179 ], [ -58.44781, -34.61783 ], [ -58.44659, -34.61755 ], [ -58.44653, -34.6181 ] ] ] } },
{ "type": "Feature", "properties": { "indice_acceso": 0.686 }, "geometry": { "type": "Polygon", "coordinates": [ [ [ -58.45308, -34.62147 ], [ -58.45556, -34.62233 ], [ -58.45607, -34.62121 ], [ -58.45336, -34.62024 ], [ -58.45308, -34.62147 ] ] ] } },
{ "type": "Feature", "properties": { "indice_acceso": 0.663 }, "geometry": { "type": "Polygon", "coordinates": [ [ [ -58.44573, -34.6209 ], [ -58.45458, -34.62447 ], [ -58.45556, -34.62233 ], [ -58.45308, -34.62147 ], [ -58.45336, -34.62024 ], [ -58.44801, -34.6179 ], [ -58.44653, -34.6181 ], [ -58.44573, -34.6209 ] ] ] } },
{ "type": "Feature", "properties": { "indice_acceso": 0.674 }, "geometry": { "type": "Polygon", "coordinates": [ [ [ -58.44488, -34.62054 ], [ -58.44573, -34.6209 ], [ -58.44608, -34.62004 ], [ -58.44509, -34.61967 ], [ -58.44488, -34.62054 ] ] ] } },
{ "type": "Feature", "properties": { "indice_acceso": 0.678 }, "geometry": { "type": "Polygon", "coordinates": [ [ [ -58.44435, -34.62173 ], [ -58.44517, -34.62216 ], [ -58.44573, -34.6209 ], [ -58.44488, -34.62054 ], [ -58.44435, -34.62173 ] ] ] } },
{ "type": "Feature", "properties": { "indice_acceso": 0.672 }, "geometry": { "type": "Polygon", "coordinates": [ [ [ -58.44517, -34.62216 ], [ -58.44579, -34.6224 ], [ -58.44649, -34.62123 ], [ -58.44573, -34.6209 ], [ -58.44517, -34.62216 ] ] ] } },
{ "type": "Feature", "properties": { "indice_acceso": 0.664 }, "geometry": { "type": "Polygon", "coordinates": [ [ [ -58.44579, -34.6224 ], [ -58.44701, -34.62289 ], [ -58.44763, -34.62171 ], [ -58.44649, -34.62123 ], [ -58.44579, -34.6224 ] ] ] } },
{ "type": "Feature", "properties": { "indice_acceso": 0.659 }, "geometry": { "type": "Polygon", "coordinates": [ [ [ -58.44701, -34.62289 ], [ -58.44813, -34.62332 ], [ -58.44869, -34.62215 ], [ -58.44763, -34.62171 ], [ -58.44701, -34.62289 ] ] ] } },
{ "type": "Feature", "properties": { "indice_acceso": 0.655 }, "geometry": { "type": "Polygon", "coordinates": [ [ [ -58.44813, -34.62332 ], [ -58.44941, -34.62383 ], [ -58.44996, -34.62266 ], [ -58.44869, -34.62215 ], [ -58.44813, -34.62332 ] ] ] } },
{ "type": "Feature", "properties": { "indice_acceso": 0.655 }, "geometry": { "type": "Polygon", "coordinates": [ [ [ -58.44941, -34.62383 ], [ -58.45067, -34.62432 ], [ -58.4512, -34.62316 ], [ -58.44996, -34.62266 ], [ -58.44941, -34.62383 ] ] ] } },
{ "type": "Feature", "properties": { "indice_acceso": 0.661 }, "geometry": { "type": "Polygon", "coordinates": [ [ [ -58.45067, -34.62432 ], [ -58.453, -34.62523 ], [ -58.45354, -34.62407 ], [ -58.4512, -34.62316 ], [ -58.45067, -34.62432 ] ] ] } },
{ "type": "Feature", "properties": { "indice_acceso": 0.664 }, "geometry": { "type": "Polygon", "coordinates": [ [ [ -58.453, -34.62523 ], [ -58.45403, -34.62563 ], [ -58.45458, -34.62447 ], [ -58.45354, -34.62407 ], [ -58.453, -34.62523 ] ] ] } },
{ "type": "Feature", "properties": { "indice_acceso": 0.664 }, "geometry": { "type": "Polygon", "coordinates": [ [ [ -58.45147, -34.6259 ], [ -58.45344, -34.62678 ], [ -58.45403, -34.62563 ], [ -58.45199, -34.62483 ], [ -58.45147, -34.6259 ] ] ] } },
{ "type": "Feature", "properties": { "indice_acceso": 0.663 }, "geometry": { "type": "Polygon", "coordinates": [ [ [ -58.4495, -34.62502 ], [ -58.45147, -34.6259 ], [ -58.45199, -34.62483 ], [ -58.44989, -34.62402 ], [ -58.4495, -34.62502 ] ] ] } },
{ "type": "Feature", "properties": { "indice_acceso": 0.665 }, "geometry": { "type": "Polygon", "coordinates": [ [ [ -58.44911, -34.626 ], [ -58.45098, -34.62694 ], [ -58.45147, -34.6259 ], [ -58.4495, -34.62502 ], [ -58.44911, -34.626 ] ] ] } },
{ "type": "Feature", "properties": { "indice_acceso": 0.662 }, "geometry": { "type": "Polygon", "coordinates": [ [ [ -58.45098, -34.62694 ], [ -58.45287, -34.62792 ], [ -58.45344, -34.62678 ], [ -58.45147, -34.6259 ], [ -58.45098, -34.62694 ] ] ] } },
{ "type": "Feature", "properties": { "indice_acceso": 0.667 }, "geometry": { "type": "Polygon", "coordinates": [ [ [ -58.4504, -34.62815 ], [ -58.45256, -34.62854 ], [ -58.45287, -34.62792 ], [ -58.45098, -34.62694 ], [ -58.4504, -34.62815 ] ] ] } },
{ "type": "Feature", "properties": { "indice_acceso": 0.667 }, "geometry": { "type": "Polygon", "coordinates": [ [ [ -58.44931, -34.62794 ], [ -58.4504, -34.62815 ], [ -58.45098, -34.62694 ], [ -58.45005, -34.62647 ], [ -58.44931, -34.62794 ] ] ] } },
{ "type": "Feature", "properties": { "indice_acceso": 0.669 }, "geometry": { "type": "Polygon", "coordinates": [ [ [ -58.44751, -34.63003 ], [ -58.44822, -34.63014 ], [ -58.45005, -34.62647 ], [ -58.44911, -34.626 ], [ -58.44751, -34.63003 ] ] ] } },
{ "type": "Feature", "properties": { "indice_acceso": 0.681 }, "geometry": { "type": "Polygon", "coordinates": [ [ [ -58.44822, -34.63014 ], [ -58.45158, -34.63064 ], [ -58.45211, -34.62952 ], [ -58.44991, -34.62914 ], [ -58.4504, -34.62815 ], [ -58.44931, -34.62794 ], [ -58.44822, -34.63014 ] ] ] } },
{ "type": "Feature", "properties": { "indice_acceso": 0.677 }, "geometry": { "type": "Polygon", "coordinates": [ [ [ -58.44991, -34.62914 ], [ -58.45211, -34.62952 ], [ -58.45256, -34.62854 ], [ -58.4504, -34.62815 ], [ -58.44991, -34.62914 ] ] ] } },
{ "type": "Feature", "properties": { "indice_acceso": 0.665 }, "geometry": { "type": "Polygon", "coordinates": [ [ [ -58.4495, -34.62502 ], [ -58.44989, -34.62402 ], [ -58.44813, -34.62332 ], [ -58.44778, -34.62425 ], [ -58.4495, -34.62502 ] ] ] } },
{ "type": "Feature", "properties": { "indice_acceso": 0.671 }, "geometry": { "type": "Polygon", "coordinates": [ [ [ -58.44911, -34.626 ], [ -58.4495, -34.62502 ], [ -58.44778, -34.62425 ], [ -58.44744, -34.62517 ], [ -58.44911, -34.626 ] ] ] } },
{ "type": "Feature", "properties": { "indice_acceso": 0.669 }, "geometry": { "type": "Polygon", "coordinates": [ [ [ -58.44653, -34.62472 ], [ -58.44744, -34.62517 ], [ -58.44813, -34.62332 ], [ -58.44726, -34.62299 ], [ -58.44653, -34.62472 ] ] ] } },
{ "type": "Feature", "properties": { "indice_acceso": 0.667 }, "geometry": { "type": "Polygon", "coordinates": [ [ [ -58.44497, -34.62381 ], [ -58.44653, -34.62472 ], [ -58.44726, -34.62299 ], [ -58.44579, -34.6224 ], [ -58.44497, -34.62381 ] ] ] } },
{ "type": "Feature", "properties": { "indice_acceso": 0.681 }, "geometry": { "type": "Polygon", "coordinates": [ [ [ -58.44437, -34.62698 ], [ -58.44495, -34.62708 ], [ -58.44533, -34.62559 ], [ -58.44604, -34.62588 ], [ -58.44653, -34.62472 ], [ -58.44497, -34.62381 ], [ -58.44437, -34.62698 ] ] ] } },
{ "type": "Feature", "properties": { "indice_acceso": 0.68 }, "geometry": { "type": "Polygon", "coordinates": [ [ [ -58.44604, -34.62588 ], [ -58.44533, -34.62559 ], [ -58.44495, -34.62708 ], [ -58.44703, -34.62747 ], [ -58.44788, -34.62539 ], [ -58.44653, -34.62472 ], [ -58.44604, -34.62588 ] ] ] } },
{ "type": "Feature", "properties": { "indice_acceso": 0.675 }, "geometry": { "type": "Polygon", "coordinates": [ [ [ -58.44748, -34.62638 ], [ -58.44878, -34.62682 ], [ -58.44911, -34.626 ], [ -58.44788, -34.62539 ], [ -58.44748, -34.62638 ] ] ] } },
{ "type": "Feature", "properties": { "indice_acceso": 0.683 }, "geometry": { "type": "Polygon", "coordinates": [ [ [ -58.44703, -34.62747 ], [ -58.44841, -34.62778 ], [ -58.44878, -34.62682 ], [ -58.44748, -34.62638 ], [ -58.44703, -34.62747 ] ] ] } },
{ "type": "Feature", "properties": { "indice_acceso": 0.689 }, "geometry": { "type": "Polygon", "coordinates": [ [ [ -58.44799, -34.62882 ], [ -58.44841, -34.62778 ], [ -58.4455, -34.62718 ], [ -58.44499, -34.62836 ], [ -58.44799, -34.62882 ] ] ] } },
{ "type": "Feature", "properties": { "indice_acceso": 0.688 }, "geometry": { "type": "Polygon", "coordinates": [ [ [ -58.44751, -34.63003 ], [ -58.44799, -34.62882 ], [ -58.44499, -34.62836 ], [ -58.44448, -34.62958 ], [ -58.44751, -34.63003 ] ] ] } },
{ "type": "Feature", "properties": { "indice_acceso": 0.672 }, "geometry": { "type": "Polygon", "coordinates": [ [ [ -58.44354, -34.62312 ], [ -58.44344, -34.62402 ], [ -58.44481, -34.62411 ], [ -58.44579, -34.6224 ], [ -58.44443, -34.62187 ], [ -58.44354, -34.62312 ] ] ] } },
{ "type": "Feature", "properties": { "indice_acceso": 0.687 }, "geometry": { "type": "Polygon", "coordinates": [ [ [ -58.44188, -34.62284 ], [ -58.44362, -34.62302 ], [ -58.44449, -34.62179 ], [ -58.44279, -34.62129 ], [ -58.44188, -34.62284 ] ] ] } },
{ "type": "Feature", "properties": { "indice_acceso": 0.681 }, "geometry": { "type": "Polygon", "coordinates": [ [ [ -58.44177, -34.62391 ], [ -58.44344, -34.62402 ], [ -58.44362, -34.62302 ], [ -58.44188, -34.62284 ], [ -58.44177, -34.62391 ] ] ] } },
{ "type": "Feature", "properties": { "indice_acceso": 0.682 }, "geometry": { "type": "Polygon", "coordinates": [ [ [ -58.44164, -34.62509 ], [ -58.44333, -34.62525 ], [ -58.44344, -34.62402 ], [ -58.44177, -34.62391 ], [ -58.44164, -34.62509 ] ] ] } },
{ "type": "Feature", "properties": { "indice_acceso": 0.68 }, "geometry": { "type": "Polygon", "coordinates": [ [ [ -58.44333, -34.62525 ], [ -58.44459, -34.62534 ], [ -58.44481, -34.62411 ], [ -58.44344, -34.62402 ], [ -58.44333, -34.62525 ] ] ] } },
{ "type": "Feature", "properties": { "indice_acceso": 0.689 }, "geometry": { "type": "Polygon", "coordinates": [ [ [ -58.44148, -34.62655 ], [ -58.44437, -34.62698 ], [ -58.44459, -34.62534 ], [ -58.44164, -34.62509 ], [ -58.44148, -34.62655 ] ] ] } },
{ "type": "Feature", "properties": { "indice_acceso": 0.698 }, "geometry": { "type": "Polygon", "coordinates": [ [ [ -58.44135, -34.62783 ], [ -58.44029, -34.62767 ], [ -58.43953, -34.62885 ], [ -58.44293, -34.62935 ], [ -58.44324, -34.62678 ], [ -58.44148, -34.62655 ], [ -58.44135, -34.62783 ] ] ] } },
{ "type": "Feature", "properties": { "indice_acceso": 0.693 }, "geometry": { "type": "Polygon", "coordinates": [ [ [ -58.44317, -34.62809 ], [ -58.44408, -34.62822 ], [ -58.44437, -34.62698 ], [ -58.44324, -34.62678 ], [ -58.44317, -34.62809 ] ] ] } },
{ "type": "Feature", "properties": { "indice_acceso": 0.692 }, "geometry": { "type": "Polygon", "coordinates": [ [ [ -58.44408, -34.62822 ], [ -58.44499, -34.62836 ], [ -58.4455, -34.62718 ], [ -58.44437, -34.62698 ], [ -58.44408, -34.62822 ] ] ] } },
{ "type": "Feature", "properties": { "indice_acceso": 0.696 }, "geometry": { "type": "Polygon", "coordinates": [ [ [ -58.44293, -34.62935 ], [ -58.44448, -34.62958 ], [ -58.44499, -34.62836 ], [ -58.44317, -34.62809 ], [ -58.44293, -34.62935 ] ] ] } },
{ "type": "Feature", "properties": { "indice_acceso": 0.692 }, "geometry": { "type": "Polygon", "coordinates": [ [ [ -58.44074, -34.62385 ], [ -58.44177, -34.62391 ], [ -58.44188, -34.62284 ], [ -58.44084, -34.6229 ], [ -58.44074, -34.62385 ] ] ] } },
{ "type": "Feature", "properties": { "indice_acceso": 0.693 }, "geometry": { "type": "Polygon", "coordinates": [ [ [ -58.44047, -34.62642 ], [ -58.44148, -34.62655 ], [ -58.44177, -34.62391 ], [ -58.44074, -34.62385 ], [ -58.44047, -34.62642 ] ] ] } },
{ "type": "Feature", "properties": { "indice_acceso": 0.697 }, "geometry": { "type": "Polygon", "coordinates": [ [ [ -58.43926, -34.62486 ], [ -58.44062, -34.62499 ], [ -58.44084, -34.6229 ], [ -58.43943, -34.62304 ], [ -58.43926, -34.62486 ] ] ] } },
{ "type": "Feature", "properties": { "indice_acceso": 0.704 }, "geometry": { "type": "Polygon", "coordinates": [ [ [ -58.4385, -34.62313 ], [ -58.43822, -34.62615 ], [ -58.43911, -34.62626 ], [ -58.43943, -34.62304 ], [ -58.4385, -34.62313 ] ] ] } },
{ "type": "Feature", "properties": { "indice_acceso": 0.711 }, "geometry": { "type": "Polygon", "coordinates": [ [ [ -58.43626, -34.62321 ], [ -58.43622, -34.62456 ], [ -58.43835, -34.62477 ], [ -58.4385, -34.62313 ], [ -58.43626, -34.62321 ] ] ] } },
{ "type": "Feature", "properties": { "indice_acceso": 0.711 }, "geometry": { "type": "Polygon", "coordinates": [ [ [ -58.4362, -34.62599 ], [ -58.43822, -34.62615 ], [ -58.43835, -34.62477 ], [ -58.43622, -34.62456 ], [ -58.4362, -34.62599 ] ] ] } },
{ "type": "Feature", "properties": { "indice_acceso": 0.708 }, "geometry": { "type": "Polygon", "coordinates": [ [ [ -58.43594, -34.62703 ], [ -58.43886, -34.62746 ], [ -58.43911, -34.62626 ], [ -58.4362, -34.62599 ], [ -58.43594, -34.62703 ] ] ] } },
{ "type": "Feature", "properties": { "indice_acceso": 0.696 }, "geometry": { "type": "Polygon", "coordinates": [ [ [ -58.43886, -34.62746 ], [ -58.44135, -34.62783 ], [ -58.44148, -34.62655 ], [ -58.44047, -34.62642 ], [ -58.44062, -34.62499 ], [ -58.43926, -34.62486 ], [ -58.43886, -34.62746 ] ] ] } },
{ "type": "Feature", "properties": { "indice_acceso": 0.707 }, "geometry": { "type": "Polygon", "coordinates": [ [ [ -58.43717, -34.62851 ], [ -58.43953, -34.62885 ], [ -58.44029, -34.62767 ], [ -58.43744, -34.62725 ], [ -58.43717, -34.62851 ] ] ] } },
{ "type": "Feature", "properties": { "indice_acceso": 0.712 }, "geometry": { "type": "Polygon", "coordinates": [ [ [ -58.43504, -34.62691 ], [ -58.43476, -34.62816 ], [ -58.43717, -34.62851 ], [ -58.43744, -34.62725 ], [ -58.43504, -34.62691 ] ] ] } },
{ "type": "Feature", "properties": { "indice_acceso": 0.716 }, "geometry": { "type": "Polygon", "coordinates": [ [ [ -58.43382, -34.62802 ], [ -58.43476, -34.62816 ], [ -58.43504, -34.62691 ], [ -58.43594, -34.62703 ], [ -58.4362, -34.62599 ], [ -58.43431, -34.62587 ], [ -58.43382, -34.62802 ] ] ] } },
{ "type": "Feature", "properties": { "indice_acceso": 0.694 }, "geometry": { "type": "Polygon", "coordinates": [ [ [ -58.44084, -34.6229 ], [ -58.44188, -34.62284 ], [ -58.44279, -34.62129 ], [ -58.4411, -34.62082 ], [ -58.44084, -34.6229 ] ] ] } },
{ "type": "Feature", "properties": { "indice_acceso": 0.695 }, "geometry": { "type": "Polygon", "coordinates": [ [ [ -58.43873, -34.62019 ], [ -58.44289, -34.62112 ], [ -58.44146, -34.62052 ], [ -58.43901, -34.61944 ], [ -58.43873, -34.62019 ] ] ] } },
{ "type": "Feature", "properties": { "indice_acceso": 0.715 }, "geometry": { "type": "Polygon", "coordinates": [ [ [ -58.43733, -34.61977 ], [ -58.43873, -34.62019 ], [ -58.43901, -34.61944 ], [ -58.43774, -34.61888 ], [ -58.43733, -34.61977 ] ] ] } },
{ "type": "Feature", "properties": { "indice_acceso": 0.713 }, "geometry": { "type": "Polygon", "coordinates": [ [ [ -58.43767, -34.62134 ], [ -58.43826, -34.62159 ], [ -58.43873, -34.62019 ], [ -58.43818, -34.62002 ], [ -58.43767, -34.62134 ] ] ] } },
{ "type": "Feature", "properties": { "indice_acceso": 0.703 }, "geometry": { "type": "Polygon", "coordinates": [ [ [ -58.43826, -34.62159 ], [ -58.44094, -34.62193 ], [ -58.4411, -34.62082 ], [ -58.43873, -34.62019 ], [ -58.43826, -34.62159 ] ] ] } },
{ "type": "Feature", "properties": { "indice_acceso": 0.7 }, "geometry": { "type": "Polygon", "coordinates": [ [ [ -58.43879, -34.62302 ], [ -58.44084, -34.6229 ], [ -58.44094, -34.62193 ], [ -58.43916, -34.62172 ], [ -58.43879, -34.62302 ] ] ] } },
{ "type": "Feature", "properties": { "indice_acceso": 0.708 }, "geometry": { "type": "Polygon", "coordinates": [ [ [ -58.43793, -34.62258 ], [ -58.43773, -34.6232 ], [ -58.43892, -34.62309 ], [ -58.43916, -34.62172 ], [ -58.43826, -34.62159 ], [ -58.43793, -34.62258 ] ] ] } },
{ "type": "Feature", "properties": { "indice_acceso": 0.725 }, "geometry": { "type": "Polygon", "coordinates": [ [ [ -58.43591, -34.61936 ], [ -58.43733, -34.61977 ], [ -58.43774, -34.61888 ], [ -58.43646, -34.6183 ], [ -58.43591, -34.61936 ] ] ] } },
{ "type": "Feature", "properties": { "indice_acceso": 0.722 }, "geometry": { "type": "Polygon", "coordinates": [ [ [ -58.4355, -34.62041 ], [ -58.43767, -34.62134 ], [ -58.43818, -34.62002 ], [ -58.43591, -34.61936 ], [ -58.4355, -34.62041 ] ] ] } },
{ "type": "Feature", "properties": { "indice_acceso": 0.735 }, "geometry": { "type": "Polygon", "coordinates": [ [ [ -58.43413, -34.62021 ], [ -58.4355, -34.62041 ], [ -58.43591, -34.61936 ], [ -58.43453, -34.61907 ], [ -58.43413, -34.62021 ] ] ] } },
{ "type": "Feature", "properties": { "indice_acceso": 0.746 }, "geometry": { "type": "Polygon", "coordinates": [ [ [ -58.43177, -34.61763 ], [ -58.43149, -34.61757 ], [ -58.4313, -34.61867 ], [ -58.43591, -34.61936 ], [ -58.43646, -34.6183 ], [ -58.43221, -34.61641 ], [ -58.43177, -34.61763 ] ] ] } },
{ "type": "Feature", "properties": { "indice_acceso": 0.783 }, "geometry": { "type": "Polygon", "coordinates": [ [ [ -58.43087, -34.61743 ], [ -58.43177, -34.61763 ], [ -58.43221, -34.61641 ], [ -58.43136, -34.61604 ], [ -58.43087, -34.61743 ] ] ] } },
{ "type": "Feature", "properties": { "indice_acceso": 0.802 }, "geometry": { "type": "Polygon", "coordinates": [ [ [ -58.42958, -34.61724 ], [ -58.43087, -34.61743 ], [ -58.43136, -34.61604 ], [ -58.43026, -34.61555 ], [ -58.42958, -34.61724 ] ] ] } },
{ "type": "Feature", "properties": { "indice_acceso": 0.813 }, "geometry": { "type": "Polygon", "coordinates": [ [ [ -58.4288, -34.61718 ], [ -58.42958, -34.61724 ], [ -58.43026, -34.61555 ], [ -58.42925, -34.61511 ], [ -58.4288, -34.61718 ] ] ] } },
{ "type": "Feature", "properties": { "indice_acceso": 0.773 }, "geometry": { "type": "Polygon", "coordinates": [ [ [ -58.42854, -34.6183 ], [ -58.42996, -34.61848 ], [ -58.43021, -34.61727 ], [ -58.4288, -34.61718 ], [ -58.42854, -34.6183 ] ] ] } },
{ "type": "Feature", "properties": { "indice_acceso": 0.767 }, "geometry": { "type": "Polygon", "coordinates": [ [ [ -58.42996, -34.61848 ], [ -58.4313, -34.61867 ], [ -58.43149, -34.61757 ], [ -58.43021, -34.61727 ], [ -58.42996, -34.61848 ] ] ] } },
{ "type": "Feature", "properties": { "indice_acceso": 0.741 }, "geometry": { "type": "Polygon", "coordinates": [ [ [ -58.43298, -34.62005 ], [ -58.43413, -34.62021 ], [ -58.43453, -34.61907 ], [ -58.4334, -34.61893 ], [ -58.43298, -34.62005 ] ] ] } },
{ "type": "Feature", "properties": { "indice_acceso": 0.742 }, "geometry": { "type": "Polygon", "coordinates": [ [ [ -58.43131, -34.61984 ], [ -58.43298, -34.62005 ], [ -58.4334, -34.61893 ], [ -58.43154, -34.61871 ], [ -58.43131, -34.61984 ] ] ] } },
{ "type": "Feature", "properties": { "indice_acceso": 0.756 }, "geometry": { "type": "Polygon", "coordinates": [ [ [ -58.42973, -34.61962 ], [ -58.43131, -34.61984 ], [ -58.43154, -34.61871 ], [ -58.42996, -34.61848 ], [ -58.42973, -34.61962 ] ] ] } },
{ "type": "Feature", "properties": { "indice_acceso": 0.763 }, "geometry": { "type": "Polygon", "coordinates": [ [ [ -58.42832, -34.61942 ], [ -58.42973, -34.61962 ], [ -58.42996, -34.61848 ], [ -58.42854, -34.6183 ], [ -58.42832, -34.61942 ] ] ] } },
{ "type": "Feature", "properties": { "indice_acceso": 0.754 }, "geometry": { "type": "Polygon", "coordinates": [ [ [ -58.42807, -34.62068 ], [ -58.42949, -34.6208 ], [ -58.42973, -34.61962 ], [ -58.42832, -34.61942 ], [ -58.42807, -34.62068 ] ] ] } },
{ "type": "Feature", "properties": { "indice_acceso": 0.744 }, "geometry": { "type": "Polygon", "coordinates": [ [ [ -58.42949, -34.6208 ], [ -58.43109, -34.62093 ], [ -58.43131, -34.61984 ], [ -58.42973, -34.61962 ], [ -58.42949, -34.6208 ] ] ] } },
{ "type": "Feature", "properties": { "indice_acceso": 0.741 }, "geometry": { "type": "Polygon", "coordinates": [ [ [ -58.43109, -34.62093 ], [ -58.43262, -34.62105 ], [ -58.43298, -34.62005 ], [ -58.43131, -34.61984 ], [ -58.43109, -34.62093 ] ] ] } },
{ "type": "Feature", "properties": { "indice_acceso": 0.741 }, "geometry": { "type": "Polygon", "coordinates": [ [ [ -58.43262, -34.62105 ], [ -58.43379, -34.62115 ], [ -58.43413, -34.62021 ], [ -58.43298, -34.62005 ], [ -58.43262, -34.62105 ] ] ] } },
{ "type": "Feature", "properties": { "indice_acceso": 0.714 }, "geometry": { "type": "Polygon", "coordinates": [ [ [ -58.43666, -34.62194 ], [ -58.43793, -34.62258 ], [ -58.43826, -34.62159 ], [ -58.43694, -34.62104 ], [ -58.43666, -34.62194 ] ] ] } },
{ "type": "Feature", "properties": { "indice_acceso": 0.717 }, "geometry": { "type": "Polygon", "coordinates": [ [ [ -58.43626, -34.62321 ], [ -58.43773, -34.6232 ], [ -58.43793, -34.62258 ], [ -58.43666, -34.62194 ], [ -58.43626, -34.62321 ] ] ] } },
{ "type": "Feature", "properties": { "indice_acceso": 0.724 }, "geometry": { "type": "Polygon", "coordinates": [ [ [ -58.43465, -34.62305 ], [ -58.43626, -34.62321 ], [ -58.4368, -34.62148 ], [ -58.43517, -34.62127 ], [ -58.43465, -34.62305 ] ] ] } },
{ "type": "Feature", "properties": { "indice_acceso": 0.727 }, "geometry": { "type": "Polygon", "coordinates": [ [ [ -58.43517, -34.62127 ], [ -58.4368, -34.62148 ], [ -58.43694, -34.62104 ], [ -58.4355, -34.62041 ], [ -58.43517, -34.62127 ] ] ] } },
{ "type": "Feature", "properties": { "indice_acceso": 0.735 }, "geometry": { "type": "Polygon", "coordinates": [ [ [ -58.43379, -34.62115 ], [ -58.43517, -34.62127 ], [ -58.4355, -34.62041 ], [ -58.43413, -34.62021 ], [ -58.43379, -34.62115 ] ] ] } },
{ "type": "Feature", "properties": { "indice_acceso": 0.734 }, "geometry": { "type": "Polygon", "coordinates": [ [ [ -58.43342, -34.62291 ], [ -58.43465, -34.62305 ], [ -58.43517, -34.62127 ], [ -58.43379, -34.62115 ], [ -58.43342, -34.62291 ] ] ] } },
{ "type": "Feature", "properties": { "indice_acceso": 0.742 }, "geometry": { "type": "Polygon", "coordinates": [ [ [ -58.43215, -34.62277 ], [ -58.43342, -34.62291 ], [ -58.43379, -34.62115 ], [ -58.43262, -34.62105 ], [ -58.43215, -34.62277 ] ] ] } },
{ "type": "Feature", "properties": { "indice_acceso": 0.742 }, "geometry": { "type": "Polygon", "coordinates": [ [ [ -58.43076, -34.62255 ], [ -58.43215, -34.62277 ], [ -58.43262, -34.62105 ], [ -58.43109, -34.62093 ], [ -58.43076, -34.62255 ] ] ] } },
{ "type": "Feature", "properties": { "indice_acceso": 0.741 }, "geometry": { "type": "Polygon", "coordinates": [ [ [ -58.4292, -34.6223 ], [ -58.43076, -34.62255 ], [ -58.43109, -34.62093 ], [ -58.42949, -34.6208 ], [ -58.4292, -34.6223 ] ] ] } },
{ "type": "Feature", "properties": { "indice_acceso": 0.738 }, "geometry": { "type": "Polygon", "coordinates": [ [ [ -58.42779, -34.62207 ], [ -58.4292, -34.6223 ], [ -58.42949, -34.6208 ], [ -58.42807, -34.62068 ], [ -58.42779, -34.62207 ] ] ] } },
{ "type": "Feature", "properties": { "indice_acceso": 0.719 }, "geometry": { "type": "Polygon", "coordinates": [ [ [ -58.43431, -34.62587 ], [ -58.4362, -34.62599 ], [ -58.43622, -34.62456 ], [ -58.43448, -34.62445 ], [ -58.43431, -34.62587 ] ] ] } },
{ "type": "Feature", "properties": { "indice_acceso": 0.723 }, "geometry": { "type": "Polygon", "coordinates": [ [ [ -58.43448, -34.62445 ], [ -58.43622, -34.62456 ], [ -58.43626, -34.62321 ], [ -58.43465, -34.62305 ], [ -58.43448, -34.62445 ] ] ] } },
{ "type": "Feature", "properties": { "indice_acceso": 0.734 }, "geometry": { "type": "Polygon", "coordinates": [ [ [ -58.43179, -34.62416 ], [ -58.43448, -34.62445 ], [ -58.43465, -34.62305 ], [ -58.43215, -34.62277 ], [ -58.43179, -34.62416 ] ] ] } },
{ "type": "Feature", "properties": { "indice_acceso": 0.743 }, "geometry": { "type": "Polygon", "coordinates": [ [ [ -58.43042, -34.62398 ], [ -58.43179, -34.62416 ], [ -58.43215, -34.62277 ], [ -58.43076, -34.62255 ], [ -58.43042, -34.62398 ] ] ] } },
{ "type": "Feature", "properties": { "indice_acceso": 0.74 }, "geometry": { "type": "Polygon", "coordinates": [ [ [ -58.4289, -34.62378 ], [ -58.43042, -34.62398 ], [ -58.43076, -34.62255 ], [ -58.4292, -34.6223 ], [ -58.4289, -34.62378 ] ] ] } },
{ "type": "Feature", "properties": { "indice_acceso": 0.739 }, "geometry": { "type": "Polygon", "coordinates": [ [ [ -58.42749, -34.62361 ], [ -58.4289, -34.62378 ], [ -58.4292, -34.6223 ], [ -58.42779, -34.62207 ], [ -58.42749, -34.62361 ] ] ] } },
{ "type": "Feature", "properties": { "indice_acceso": 0.739 }, "geometry": { "type": "Polygon", "coordinates": [ [ [ -58.42717, -34.62513 ], [ -58.43008, -34.62543 ], [ -58.43042, -34.62398 ], [ -58.42749, -34.62361 ], [ -58.42717, -34.62513 ] ] ] } },
{ "type": "Feature", "properties": { "indice_acceso": 0.743 }, "geometry": { "type": "Polygon", "coordinates": [ [ [ -58.42991, -34.62616 ], [ -58.43263, -34.62654 ], [ -58.43312, -34.62431 ], [ -58.43042, -34.62398 ], [ -58.42991, -34.62616 ] ] ] } },
{ "type": "Feature", "properties": { "indice_acceso": 0.73 }, "geometry": { "type": "Polygon", "coordinates": [ [ [ -58.43382, -34.62802 ], [ -58.43448, -34.62445 ], [ -58.43312, -34.62431 ], [ -58.43233, -34.6278 ], [ -58.43382, -34.62802 ] ] ] } },
{ "type": "Feature", "properties": { "indice_acceso": 0.728 }, "geometry": { "type": "Polygon", "coordinates": [ [ [ -58.43233, -34.6278 ], [ -58.43263, -34.62654 ], [ -58.42991, -34.62616 ], [ -58.42963, -34.62741 ], [ -58.43233, -34.6278 ] ] ] } },
{ "type": "Feature", "properties": { "indice_acceso": 0.729 }, "geometry": { "type": "Polygon", "coordinates": [ [ [ -58.42676, -34.627 ], [ -58.42963, -34.62741 ], [ -58.43008, -34.62543 ], [ -58.42717, -34.62513 ], [ -58.42676, -34.627 ] ] ] } },
{ "type": "Feature", "properties": { "indice_acceso": 0.727 }, "geometry": { "type": "Polygon", "coordinates": [ [ [ -58.47467, -34.62362 ], [ -58.47581, -34.62392 ], [ -58.47536, -34.62492 ], [ -58.47649, -34.62522 ], [ -58.4778, -34.62239 ], [ -58.47574, -34.62131 ], [ -58.47467, -34.62362 ] ] ] } },
{ "type": "Feature", "properties": { "indice_acceso": 0.746 }, "geometry": { "type": "Polygon", "coordinates": [ [ [ -58.47301, -34.62317 ], [ -58.47467, -34.62362 ], [ -58.47574, -34.62131 ], [ -58.47419, -34.6205 ], [ -58.47301, -34.62317 ] ] ] } },
{ "type": "Feature", "properties": { "indice_acceso": 0.742 }, "geometry": { "type": "Polygon", "coordinates": [ [ [ -58.47212, -34.62517 ], [ -58.47374, -34.62561 ], [ -58.47467, -34.62362 ], [ -58.47301, -34.62317 ], [ -58.47212, -34.62517 ] ] ] } },
{ "type": "Feature", "properties": { "indice_acceso": 0.73 }, "geometry": { "type": "Polygon", "coordinates": [ [ [ -58.47547, -34.62745 ], [ -58.47649, -34.62522 ], [ -58.47536, -34.62492 ], [ -58.47581, -34.62392 ], [ -58.47467, -34.62362 ], [ -58.47316, -34.62685 ], [ -58.47547, -34.62745 ] ] ] } },
{ "type": "Feature", "properties": { "indice_acceso": 0.705 }, "geometry": { "type": "Polygon", "coordinates": [ [ [ -58.47315, -34.62977 ], [ -58.47425, -34.63011 ], [ -58.47547, -34.62745 ], [ -58.47434, -34.62716 ], [ -58.47315, -34.62977 ] ] ] } },
{ "type": "Feature", "properties": { "indice_acceso": 0.717 }, "geometry": { "type": "Polygon", "coordinates": [ [ [ -58.47111, -34.62743 ], [ -58.47267, -34.62791 ], [ -58.47197, -34.6294 ], [ -58.47315, -34.62977 ], [ -58.47434, -34.62716 ], [ -58.47157, -34.62637 ], [ -58.47111, -34.62743 ] ] ] } },
{ "type": "Feature", "properties": { "indice_acceso": 0.705 }, "geometry": { "type": "Polygon", "coordinates": [ [ [ -58.47021, -34.62943 ], [ -58.47178, -34.62983 ], [ -58.47267, -34.62791 ], [ -58.47111, -34.62743 ], [ -58.47021, -34.62943 ] ] ] } },
{ "type": "Feature", "properties": { "indice_acceso": 0.702 }, "geometry": { "type": "Polygon", "coordinates": [ [ [ -58.46964, -34.6307 ], [ -58.47119, -34.63113 ], [ -58.47178, -34.62983 ], [ -58.47021, -34.62943 ], [ -58.46964, -34.6307 ] ] ] } },
{ "type": "Feature", "properties": { "indice_acceso": 0.702 }, "geometry": { "type": "Polygon", "coordinates": [ [ [ -58.47119, -34.63113 ], [ -58.47348, -34.63179 ], [ -58.47425, -34.63011 ], [ -58.47197, -34.6294 ], [ -58.47119, -34.63113 ] ] ] } },
{ "type": "Feature", "properties": { "indice_acceso": 0.702 }, "geometry": { "type": "Polygon", "coordinates": [ [ [ -58.46899, -34.63216 ], [ -58.47287, -34.63315 ], [ -58.47348, -34.63179 ], [ -58.46964, -34.6307 ], [ -58.46899, -34.63216 ] ] ] } },
{ "type": "Feature", "properties": { "indice_acceso": 0.755 }, "geometry": { "type": "Polygon", "coordinates": [ [ [ -58.47114, -34.62033 ], [ -58.46979, -34.61992 ], [ -58.46936, -34.62092 ], [ -58.47346, -34.62217 ], [ -58.47419, -34.6205 ], [ -58.47162, -34.61915 ], [ -58.47114, -34.62033 ] ] ] } },
{ "type": "Feature", "properties": { "indice_acceso": 0.768 }, "geometry": { "type": "Polygon", "coordinates": [ [ [ -58.46781, -34.61928 ], [ -58.47114, -34.62033 ], [ -58.47162, -34.61915 ], [ -58.46879, -34.61764 ], [ -58.46781, -34.61928 ] ] ] } },
{ "type": "Feature", "properties": { "indice_acceso": 0.766 }, "geometry": { "type": "Polygon", "coordinates": [ [ [ -58.46723, -34.62023 ], [ -58.46795, -34.62048 ], [ -58.46707, -34.62247 ], [ -58.46848, -34.62291 ], [ -58.46979, -34.61992 ], [ -58.46781, -34.61928 ], [ -58.46723, -34.62023 ] ] ] } },
{ "type": "Feature", "properties": { "indice_acceso": 0.759 }, "geometry": { "type": "Polygon", "coordinates": [ [ [ -58.46848, -34.62291 ], [ -58.47122, -34.62376 ], [ -58.4721, -34.62176 ], [ -58.46936, -34.62092 ], [ -58.46848, -34.62291 ] ] ] } },
{ "type": "Feature", "properties": { "indice_acceso": 0.752 }, "geometry": { "type": "Polygon", "coordinates": [ [ [ -58.47078, -34.62476 ], [ -58.47212, -34.62517 ], [ -58.47346, -34.62217 ], [ -58.4721, -34.62176 ], [ -58.47078, -34.62476 ] ] ] } },
{ "type": "Feature", "properties": { "indice_acceso": 0.74 }, "geometry": { "type": "Polygon", "coordinates": [ [ [ -58.47025, -34.62595 ], [ -58.47316, -34.62685 ], [ -58.47374, -34.62561 ], [ -58.47078, -34.62476 ], [ -58.47025, -34.62595 ] ] ] } },
{ "type": "Feature", "properties": { "indice_acceso": 0.761 }, "geometry": { "type": "Polygon", "coordinates": [ [ [ -58.46752, -34.6251 ], [ -58.47025, -34.62595 ], [ -58.47122, -34.62376 ], [ -58.46848, -34.62291 ], [ -58.46752, -34.6251 ] ] ] } },
{ "type": "Feature", "properties": { "indice_acceso": 0.763 }, "geometry": { "type": "Polygon", "coordinates": [ [ [ -58.46611, -34.62466 ], [ -58.46752, -34.6251 ], [ -58.46848, -34.62291 ], [ -58.46707, -34.62247 ], [ -58.46611, -34.62466 ] ] ] } },
{ "type": "Feature", "properties": { "indice_acceso": 0.759 }, "geometry": { "type": "Polygon", "coordinates": [ [ [ -58.46606, -34.62205 ], [ -58.46519, -34.6231 ], [ -58.46664, -34.62348 ], [ -58.46795, -34.62048 ], [ -58.46723, -34.62023 ], [ -58.46606, -34.62205 ] ] ] } },
{ "type": "Feature", "properties": { "indice_acceso": 0.756 }, "geometry": { "type": "Polygon", "coordinates": [ [ [ -58.46661, -34.61998 ], [ -58.46723, -34.62023 ], [ -58.46879, -34.61764 ], [ -58.46796, -34.61727 ], [ -58.46661, -34.61998 ] ] ] } },
{ "type": "Feature", "properties": { "indice_acceso": 0.74 }, "geometry": { "type": "Polygon", "coordinates": [ [ [ -58.46483, -34.61802 ], [ -58.4671, -34.61899 ], [ -58.46796, -34.61727 ], [ -58.46568, -34.61628 ], [ -58.46483, -34.61802 ] ] ] } },
{ "type": "Feature", "properties": { "indice_acceso": 0.717 }, "geometry": { "type": "Polygon", "coordinates": [ [ [ -58.46255, -34.61828 ], [ -58.46434, -34.61902 ], [ -58.46568, -34.61628 ], [ -58.46437, -34.61573 ], [ -58.46255, -34.61828 ] ] ] } },
{ "type": "Feature", "properties": { "indice_acceso": 0.744 }, "geometry": { "type": "Polygon", "coordinates": [ [ [ -58.46434, -34.61902 ], [ -58.46528, -34.61942 ], [ -58.46431, -34.62141 ], [ -58.46535, -34.62187 ], [ -58.4671, -34.61899 ], [ -58.46483, -34.61802 ], [ -58.46434, -34.61902 ] ] ] } },
{ "type": "Feature", "properties": { "indice_acceso": 0.754 }, "geometry": { "type": "Polygon", "coordinates": [ [ [ -58.46535, -34.62187 ], [ -58.46431, -34.62141 ], [ -58.46411, -34.62182 ], [ -58.46318, -34.62142 ], [ -58.46279, -34.62221 ], [ -58.46519, -34.6231 ], [ -58.46723, -34.62023 ], [ -58.46661, -34.61998 ], [ -58.46535, -34.62187 ] ] ] } },
{ "type": "Feature", "properties": { "indice_acceso": 0.728 }, "geometry": { "type": "Polygon", "coordinates": [ [ [ -58.46168, -34.61949 ], [ -58.46376, -34.6202 ], [ -58.46318, -34.62142 ], [ -58.46411, -34.62182 ], [ -58.46528, -34.61942 ], [ -58.46255, -34.61828 ], [ -58.46168, -34.61949 ] ] ] } },
{ "type": "Feature", "properties": { "indice_acceso": 0.716 }, "geometry": { "type": "Polygon", "coordinates": [ [ [ -58.46041, -34.6213 ], [ -58.46279, -34.62221 ], [ -58.46376, -34.6202 ], [ -58.46168, -34.61949 ], [ -58.46041, -34.6213 ] ] ] } },
{ "type": "Feature", "properties": { "indice_acceso": 0.708 }, "geometry": { "type": "Polygon", "coordinates": [ [ [ -58.45962, -34.62245 ], [ -58.4612, -34.623 ], [ -58.4618, -34.62183 ], [ -58.46041, -34.6213 ], [ -58.45962, -34.62245 ] ] ] } },
{ "type": "Feature", "properties": { "indice_acceso": 0.722 }, "geometry": { "type": "Polygon", "coordinates": [ [ [ -58.4612, -34.623 ], [ -58.46327, -34.62374 ], [ -58.46378, -34.62259 ], [ -58.4618, -34.62183 ], [ -58.4612, -34.623 ] ] ] } },
{ "type": "Feature", "properties": { "indice_acceso": 0.745 }, "geometry": { "type": "Polygon", "coordinates": [ [ [ -58.46327, -34.62374 ], [ -58.46611, -34.62466 ], [ -58.46664, -34.62348 ], [ -58.46378, -34.62259 ], [ -58.46327, -34.62374 ] ] ] } },
{ "type": "Feature", "properties": { "indice_acceso": 0.717 }, "geometry": { "type": "Polygon", "coordinates": [ [ [ -58.46221, -34.61701 ], [ -58.46324, -34.61733 ], [ -58.46437, -34.61573 ], [ -58.46303, -34.61523 ], [ -58.46221, -34.61701 ] ] ] } },
{ "type": "Feature", "properties": { "indice_acceso": 0.719 }, "geometry": { "type": "Polygon", "coordinates": [ [ [ -58.46101, -34.61664 ], [ -58.46221, -34.61701 ], [ -58.46303, -34.61523 ], [ -58.46186, -34.6148 ], [ -58.46101, -34.61664 ] ] ] } },
{ "type": "Feature", "properties": { "indice_acceso": 0.725 }, "geometry": { "type": "Polygon", "coordinates": [ [ [ -58.45903, -34.61474 ], [ -58.46029, -34.61516 ], [ -58.45978, -34.61627 ], [ -58.46101, -34.61664 ], [ -58.46186, -34.6148 ], [ -58.45944, -34.61389 ], [ -58.45903, -34.61474 ] ] ] } },
{ "type": "Feature", "properties": { "indice_acceso": 0.723 }, "geometry": { "type": "Polygon", "coordinates": [ [ [ -58.45978, -34.61627 ], [ -58.46029, -34.61516 ], [ -58.45903, -34.61474 ], [ -58.4585, -34.6159 ], [ -58.45978, -34.61627 ] ] ] } },
{ "type": "Feature", "properties": { "indice_acceso": 0.713 }, "geometry": { "type": "Polygon", "coordinates": [ [ [ -58.45776, -34.61751 ], [ -58.46023, -34.61862 ], [ -58.46101, -34.61664 ], [ -58.4585, -34.6159 ], [ -58.45776, -34.61751 ] ] ] } },
{ "type": "Feature", "properties": { "indice_acceso": 0.716 }, "geometry": { "type": "Polygon", "coordinates": [ [ [ -58.46023, -34.61862 ], [ -58.46179, -34.61933 ], [ -58.46324, -34.61733 ], [ -58.46101, -34.61664 ], [ -58.46023, -34.61862 ] ] ] } },
{ "type": "Feature", "properties": { "indice_acceso": 0.713 }, "geometry": { "type": "Polygon", "coordinates": [ [ [ -58.45975, -34.61984 ], [ -58.45827, -34.62199 ], [ -58.45962, -34.62245 ], [ -58.46179, -34.61933 ], [ -58.46023, -34.61862 ], [ -58.45975, -34.61984 ] ] ] } },
{ "type": "Feature", "properties": { "indice_acceso": 0.707 }, "geometry": { "type": "Polygon", "coordinates": [ [ [ -58.45722, -34.61869 ], [ -58.45975, -34.61984 ], [ -58.46023, -34.61862 ], [ -58.45776, -34.61751 ], [ -58.45722, -34.61869 ] ] ] } },
{ "type": "Feature", "properties": { "indice_acceso": 0.707 }, "geometry": { "type": "Polygon", "coordinates": [ [ [ -58.45662, -34.62001 ], [ -58.45906, -34.62084 ], [ -58.45975, -34.61984 ], [ -58.45722, -34.61869 ], [ -58.45662, -34.62001 ] ] ] } },
{ "type": "Feature", "properties": { "indice_acceso": 0.702 }, "geometry": { "type": "Polygon", "coordinates": [ [ [ -58.45607, -34.62121 ], [ -58.45827, -34.62199 ], [ -58.45906, -34.62084 ], [ -58.45662, -34.62001 ], [ -58.45607, -34.62121 ] ] ] } },
{ "type": "Feature", "properties": { "indice_acceso": 0.682 }, "geometry": { "type": "Polygon", "coordinates": [ [ [ -58.45885, -34.62755 ], [ -58.45986, -34.62795 ], [ -58.46081, -34.62622 ], [ -58.45972, -34.62587 ], [ -58.45885, -34.62755 ] ] ] } },
{ "type": "Feature", "properties": { "indice_acceso": 0.679 }, "geometry": { "type": "Polygon", "coordinates": [ [ [ -58.45885, -34.62755 ], [ -58.46005, -34.62524 ], [ -58.45901, -34.62489 ], [ -58.45783, -34.62713 ], [ -58.45885, -34.62755 ] ] ] } },
{ "type": "Feature", "properties": { "indice_acceso": 0.679 }, "geometry": { "type": "Polygon", "coordinates": [ [ [ -58.45635, -34.62475 ], [ -58.45612, -34.62509 ], [ -58.45743, -34.62562 ], [ -58.45671, -34.62666 ], [ -58.45783, -34.62713 ], [ -58.45901, -34.62489 ], [ -58.4568, -34.62411 ], [ -58.45644, -34.62461 ], [ -58.45775, -34.62516 ], [ -58.45635, -34.62475 ] ] ] } },
{ "type": "Feature", "properties": { "indice_acceso": 0.674 }, "geometry": { "type": "Polygon", "coordinates": [ [ [ -58.45671, -34.62666 ], [ -58.45743, -34.62562 ], [ -58.45612, -34.62509 ], [ -58.45537, -34.62616 ], [ -58.45671, -34.62666 ] ] ] } },
{ "type": "Feature", "properties": { "indice_acceso": 0.681 }, "geometry": { "type": "Polygon", "coordinates": [ [ [ -58.45403, -34.62563 ], [ -58.45537, -34.62616 ], [ -58.45635, -34.62475 ], [ -58.45775, -34.62516 ], [ -58.45644, -34.62461 ], [ -58.45827, -34.62199 ], [ -58.45607, -34.62121 ], [ -58.45403, -34.62563 ] ] ] } },
{ "type": "Feature", "properties": { "indice_acceso": 0.691 }, "geometry": { "type": "Polygon", "coordinates": [ [ [ -58.45901, -34.62489 ], [ -58.45962, -34.62372 ], [ -58.45755, -34.62302 ], [ -58.4568, -34.62411 ], [ -58.45901, -34.62489 ] ] ] } },
{ "type": "Feature", "properties": { "indice_acceso": 0.703 }, "geometry": { "type": "Polygon", "coordinates": [ [ [ -58.45962, -34.62372 ], [ -58.46017, -34.62264 ], [ -58.45827, -34.62199 ], [ -58.45755, -34.62302 ], [ -58.45962, -34.62372 ] ] ] } },
{ "type": "Feature", "properties": { "indice_acceso": 0.696 }, "geometry": { "type": "Polygon", "coordinates": [ [ [ -58.45901, -34.62489 ], [ -58.46005, -34.62524 ], [ -58.4612, -34.623 ], [ -58.46017, -34.62264 ], [ -58.45901, -34.62489 ] ] ] } },
{ "type": "Feature", "properties": { "indice_acceso": 0.701 }, "geometry": { "type": "Polygon", "coordinates": [ [ [ -58.45972, -34.62587 ], [ -58.46081, -34.62622 ], [ -58.46111, -34.6256 ], [ -58.46227, -34.626 ], [ -58.46277, -34.62487 ], [ -58.46064, -34.62409 ], [ -58.45972, -34.62587 ] ] ] } },
{ "type": "Feature", "properties": { "indice_acceso": 0.715 }, "geometry": { "type": "Polygon", "coordinates": [ [ [ -58.46064, -34.62409 ], [ -58.46277, -34.62487 ], [ -58.46327, -34.62374 ], [ -58.4612, -34.623 ], [ -58.46064, -34.62409 ] ] ] } },
{ "type": "Feature", "properties": { "indice_acceso": 0.726 }, "geometry": { "type": "Polygon", "coordinates": [ [ [ -58.46277, -34.62487 ], [ -58.46419, -34.62528 ], [ -58.46466, -34.6242 ], [ -58.46327, -34.62374 ], [ -58.46277, -34.62487 ] ] ] } },
{ "type": "Feature", "properties": { "indice_acceso": 0.735 }, "geometry": { "type": "Polygon", "coordinates": [ [ [ -58.46419, -34.62528 ], [ -58.46566, -34.6257 ], [ -58.46611, -34.62466 ], [ -58.46466, -34.6242 ], [ -58.46419, -34.62528 ] ] ] } },
{ "type": "Feature", "properties": { "indice_acceso": 0.728 }, "geometry": { "type": "Polygon", "coordinates": [ [ [ -58.4637, -34.6264 ], [ -58.46517, -34.62683 ], [ -58.46566, -34.6257 ], [ -58.46419, -34.62528 ], [ -58.4637, -34.6264 ] ] ] } },
{ "type": "Feature", "properties": { "indice_acceso": 0.713 }, "geometry": { "type": "Polygon", "coordinates": [ [ [ -58.46227, -34.626 ], [ -58.4637, -34.6264 ], [ -58.46419, -34.62528 ], [ -58.46277, -34.62487 ], [ -58.46227, -34.626 ] ] ] } },
{ "type": "Feature", "properties": { "indice_acceso": 0.709 }, "geometry": { "type": "Polygon", "coordinates": [ [ [ -58.46486, -34.62755 ], [ -58.46517, -34.62683 ], [ -58.46111, -34.6256 ], [ -58.46081, -34.62622 ], [ -58.46486, -34.62755 ] ] ] } },
{ "type": "Feature", "properties": { "indice_acceso": 0.705 }, "geometry": { "type": "Polygon", "coordinates": [ [ [ -58.46465, -34.62803 ], [ -58.46486, -34.62755 ], [ -58.46075, -34.62635 ], [ -58.46051, -34.62681 ], [ -58.46465, -34.62803 ] ] ] } },
{ "type": "Feature", "properties": { "indice_acceso": 0.702 }, "geometry": { "type": "Polygon", "coordinates": [ [ [ -58.4612, -34.62842 ], [ -58.46411, -34.62925 ], [ -58.46465, -34.62803 ], [ -58.46174, -34.6272 ], [ -58.4612, -34.62842 ] ] ] } },
{ "type": "Feature", "properties": { "indice_acceso": 0.693 }, "geometry": { "type": "Polygon", "coordinates": [ [ [ -58.45986, -34.62795 ], [ -58.4612, -34.62842 ], [ -58.46174, -34.6272 ], [ -58.46051, -34.62681 ], [ -58.45986, -34.62795 ] ] ] } },
{ "type": "Feature", "properties": { "indice_acceso": 0.734 }, "geometry": { "type": "Polygon", "coordinates": [ [ [ -58.46933, -34.62804 ], [ -58.47066, -34.62842 ], [ -58.47157, -34.62637 ], [ -58.47025, -34.62595 ], [ -58.46933, -34.62804 ] ] ] } },
{ "type": "Feature", "properties": { "indice_acceso": 0.737 }, "geometry": { "type": "Polygon", "coordinates": [ [ [ -58.46841, -34.62657 ], [ -58.46978, -34.62701 ], [ -58.47025, -34.62595 ], [ -58.46887, -34.62553 ], [ -58.46841, -34.62657 ] ] ] } },
{ "type": "Feature", "properties": { "indice_acceso": 0.745 }, "geometry": { "type": "Polygon", "coordinates": [ [ [ -58.46707, -34.62615 ], [ -58.46841, -34.62657 ], [ -58.46887, -34.62553 ], [ -58.46752, -34.6251 ], [ -58.46707, -34.62615 ] ] ] } },
{ "type": "Feature", "properties": { "indice_acceso": 0.74 }, "geometry": { "type": "Polygon", "coordinates": [ [ [ -58.46566, -34.6257 ], [ -58.46707, -34.62615 ], [ -58.46752, -34.6251 ], [ -58.46611, -34.62466 ], [ -58.46566, -34.6257 ] ] ] } },
{ "type": "Feature", "properties": { "indice_acceso": 0.729 }, "geometry": { "type": "Polygon", "coordinates": [ [ [ -58.46517, -34.62683 ], [ -58.46658, -34.62725 ], [ -58.46707, -34.62615 ], [ -58.46566, -34.6257 ], [ -58.46517, -34.62683 ] ] ] } },
{ "type": "Feature", "properties": { "indice_acceso": 0.731 }, "geometry": { "type": "Polygon", "coordinates": [ [ [ -58.46658, -34.62725 ], [ -58.46933, -34.62804 ], [ -58.46978, -34.62701 ], [ -58.46707, -34.62615 ], [ -58.46658, -34.62725 ] ] ] } },
{ "type": "Feature", "properties": { "indice_acceso": 0.718 }, "geometry": { "type": "Polygon", "coordinates": [ [ [ -58.46486, -34.62755 ], [ -58.46894, -34.62876 ], [ -58.47037, -34.62907 ], [ -58.47066, -34.62842 ], [ -58.46517, -34.62683 ], [ -58.46486, -34.62755 ] ] ] } },
{ "type": "Feature", "properties": { "indice_acceso": 0.712 }, "geometry": { "type": "Polygon", "coordinates": [ [ [ -58.46746, -34.62874 ], [ -58.46762, -34.62835 ], [ -58.46494, -34.62755 ], [ -58.46465, -34.62803 ], [ -58.46746, -34.62874 ] ] ] } },
{ "type": "Feature", "properties": { "indice_acceso": 0.708 }, "geometry": { "type": "Polygon", "coordinates": [ [ [ -58.46802, -34.62888 ], [ -58.46744, -34.63015 ], [ -58.46964, -34.6307 ], [ -58.47037, -34.62907 ], [ -58.46762, -34.62835 ], [ -58.46746, -34.62874 ], [ -58.46802, -34.62888 ] ] ] } },
{ "type": "Feature", "properties": { "indice_acceso": 0.706 }, "geometry": { "type": "Polygon", "coordinates": [ [ [ -58.46551, -34.62965 ], [ -58.46744, -34.63015 ], [ -58.46802, -34.62888 ], [ -58.46607, -34.62838 ], [ -58.46551, -34.62965 ] ] ] } },
{ "type": "Feature", "properties": { "indice_acceso": 0.709 }, "geometry": { "type": "Polygon", "coordinates": [ [ [ -58.46411, -34.62925 ], [ -58.46551, -34.62965 ], [ -58.46607, -34.62838 ], [ -58.46465, -34.62803 ], [ -58.46411, -34.62925 ] ] ] } },
{ "type": "Feature", "properties": { "indice_acceso": 0.702 }, "geometry": { "type": "Polygon", "coordinates": [ [ [ -58.46769, -34.63175 ], [ -58.46899, -34.63216 ], [ -58.46964, -34.6307 ], [ -58.4683, -34.63037 ], [ -58.46769, -34.63175 ] ] ] } },
{ "type": "Feature", "properties": { "indice_acceso": 0.702 }, "geometry": { "type": "Polygon", "coordinates": [ [ [ -58.46579, -34.6325 ], [ -58.46718, -34.63292 ], [ -58.4683, -34.63037 ], [ -58.46691, -34.63001 ], [ -58.46579, -34.6325 ] ] ] } },
{ "type": "Feature", "properties": { "indice_acceso": 0.702 }, "geometry": { "type": "Polygon", "coordinates": [ [ [ -58.46718, -34.63292 ], [ -58.46848, -34.63328 ], [ -58.46899, -34.63216 ], [ -58.46769, -34.63175 ], [ -58.46718, -34.63292 ] ] ] } },
{ "type": "Feature", "properties": { "indice_acceso": 0.702 }, "geometry": { "type": "Polygon", "coordinates": [ [ [ -58.46848, -34.63328 ], [ -58.47119, -34.63412 ], [ -58.47175, -34.63288 ], [ -58.46899, -34.63216 ], [ -58.46848, -34.63328 ] ] ] } },
{ "type": "Feature", "properties": { "indice_acceso": 0.702 }, "geometry": { "type": "Polygon", "coordinates": [ [ [ -58.47067, -34.6353 ], [ -58.46948, -34.63493 ], [ -58.46902, -34.63598 ], [ -58.4713, -34.63665 ], [ -58.47287, -34.63315 ], [ -58.47175, -34.63288 ], [ -58.47067, -34.6353 ] ] ] } },
{ "type": "Feature", "properties": { "indice_acceso": 0.702 }, "geometry": { "type": "Polygon", "coordinates": [ [ [ -58.46796, -34.63446 ], [ -58.47067, -34.6353 ], [ -58.47119, -34.63412 ], [ -58.46848, -34.63328 ], [ -58.46796, -34.63446 ] ] ] } },
{ "type": "Feature", "properties": { "indice_acceso": 0.702 }, "geometry": { "type": "Polygon", "coordinates": [ [ [ -58.46668, -34.63406 ], [ -58.46796, -34.63446 ], [ -58.46848, -34.63328 ], [ -58.46718, -34.63292 ], [ -58.46668, -34.63406 ] ] ] } },
{ "type": "Feature", "properties": { "indice_acceso": 0.702 }, "geometry": { "type": "Polygon", "coordinates": [ [ [ -58.46622, -34.63514 ], [ -58.46902, -34.63598 ], [ -58.46948, -34.63493 ], [ -58.46668, -34.63406 ], [ -58.46622, -34.63514 ] ] ] } },
{ "type": "Feature", "properties": { "indice_acceso": 0.66 }, "geometry": { "type": "Polygon", "coordinates": [ [ [ -58.45903, -34.63297 ], [ -58.46076, -34.6335 ], [ -58.46125, -34.63241 ], [ -58.45954, -34.63189 ], [ -58.45903, -34.63297 ] ] ] } },
{ "type": "Feature", "properties": { "indice_acceso": 0.663 }, "geometry": { "type": "Polygon", "coordinates": [ [ [ -58.46076, -34.6335 ], [ -58.46215, -34.63392 ], [ -58.46261, -34.63282 ], [ -58.46125, -34.63241 ], [ -58.46076, -34.6335 ] ] ] } },
{ "type": "Feature", "properties": { "indice_acceso": 0.685 }, "geometry": { "type": "Polygon", "coordinates": [ [ [ -58.46215, -34.63392 ], [ -58.46346, -34.63432 ], [ -58.46394, -34.63322 ], [ -58.46261, -34.63282 ], [ -58.46215, -34.63392 ] ] ] } },
{ "type": "Feature", "properties": { "indice_acceso": 0.701 }, "geometry": { "type": "Polygon", "coordinates": [ [ [ -58.46346, -34.63432 ], [ -58.46622, -34.63514 ], [ -58.46668, -34.63406 ], [ -58.46394, -34.63322 ], [ -58.46346, -34.63432 ] ] ] } },
{ "type": "Feature", "properties": { "indice_acceso": 0.702 }, "geometry": { "type": "Polygon", "coordinates": [ [ [ -58.46529, -34.63363 ], [ -58.46668, -34.63406 ], [ -58.46718, -34.63292 ], [ -58.46579, -34.6325 ], [ -58.46529, -34.63363 ] ] ] } },
{ "type": "Feature", "properties": { "indice_acceso": 0.691 }, "geometry": { "type": "Polygon", "coordinates": [ [ [ -58.46261, -34.63282 ], [ -58.46529, -34.63363 ], [ -58.46579, -34.6325 ], [ -58.4631, -34.63167 ], [ -58.46261, -34.63282 ] ] ] } },
{ "type": "Feature", "properties": { "indice_acceso": 0.666 }, "geometry": { "type": "Polygon", "coordinates": [ [ [ -58.46125, -34.63241 ], [ -58.46261, -34.63282 ], [ -58.4631, -34.63167 ], [ -58.46174, -34.63126 ], [ -58.46125, -34.63241 ] ] ] } },
{ "type": "Feature", "properties": { "indice_acceso": 0.689 }, "geometry": { "type": "Polygon", "coordinates": [ [ [ -58.46174, -34.63126 ], [ -58.46444, -34.63209 ], [ -58.46496, -34.63091 ], [ -58.46359, -34.6305 ], [ -58.46411, -34.62925 ], [ -58.46271, -34.62885 ], [ -58.46174, -34.63126 ] ] ] } },
{ "type": "Feature", "properties": { "indice_acceso": 0.695 }, "geometry": { "type": "Polygon", "coordinates": [ [ [ -58.46359, -34.6305 ], [ -58.46496, -34.63091 ], [ -58.46551, -34.62965 ], [ -58.46411, -34.62925 ], [ -58.46359, -34.6305 ] ] ] } },
{ "type": "Feature", "properties": { "indice_acceso": 0.699 }, "geometry": { "type": "Polygon", "coordinates": [ [ [ -58.46496, -34.63091 ], [ -58.46633, -34.63132 ], [ -58.46691, -34.63001 ], [ -58.46551, -34.62965 ], [ -58.46496, -34.63091 ] ] ] } },
{ "type": "Feature", "properties": { "indice_acceso": 0.698 }, "geometry": { "type": "Polygon", "coordinates": [ [ [ -58.46444, -34.63209 ], [ -58.46579, -34.6325 ], [ -58.46633, -34.63132 ], [ -58.46496, -34.63091 ], [ -58.46444, -34.63209 ] ] ] } },
{ "type": "Feature", "properties": { "indice_acceso": 0.684 }, "geometry": { "type": "Polygon", "coordinates": [ [ [ -58.45931, -34.62918 ], [ -58.46223, -34.63009 ], [ -58.46271, -34.62885 ], [ -58.45986, -34.62795 ], [ -58.45931, -34.62918 ] ] ] } },
{ "type": "Feature", "properties": { "indice_acceso": 0.67 }, "geometry": { "type": "Polygon", "coordinates": [ [ [ -58.4582, -34.62883 ], [ -58.45931, -34.62918 ], [ -58.45986, -34.62795 ], [ -58.45885, -34.62755 ], [ -58.4582, -34.62883 ] ] ] } },
{ "type": "Feature", "properties": { "indice_acceso": 0.67 }, "geometry": { "type": "Polygon", "coordinates": [ [ [ -58.45714, -34.62849 ], [ -58.4582, -34.62883 ], [ -58.45885, -34.62755 ], [ -58.45783, -34.62713 ], [ -58.45714, -34.62849 ] ] ] } },
{ "type": "Feature", "properties": { "indice_acceso": 0.672 }, "geometry": { "type": "Polygon", "coordinates": [ [ [ -58.45655, -34.62964 ], [ -58.4576, -34.62998 ], [ -58.4582, -34.62883 ], [ -58.45714, -34.62849 ], [ -58.45655, -34.62964 ] ] ] } },
{ "type": "Feature", "properties": { "indice_acceso": 0.672 }, "geometry": { "type": "Polygon", "coordinates": [ [ [ -58.45491, -34.63042 ], [ -58.45706, -34.6311 ], [ -58.4576, -34.62998 ], [ -58.45546, -34.6293 ], [ -58.45491, -34.63042 ] ] ] } },
{ "type": "Feature", "properties": { "indice_acceso": 0.673 }, "geometry": { "type": "Polygon", "coordinates": [ [ [ -58.45706, -34.6311 ], [ -58.45822, -34.63148 ], [ -58.45931, -34.62918 ], [ -58.4582, -34.62883 ], [ -58.45706, -34.6311 ] ] ] } },
{ "type": "Feature", "properties": { "indice_acceso": 0.676 }, "geometry": { "type": "Polygon", "coordinates": [ [ [ -58.45876, -34.63035 ], [ -58.46008, -34.63076 ], [ -58.46064, -34.62961 ], [ -58.45931, -34.62918 ], [ -58.45876, -34.63035 ] ] ] } },
{ "type": "Feature", "properties": { "indice_acceso": 0.679 }, "geometry": { "type": "Polygon", "coordinates": [ [ [ -58.46008, -34.63076 ], [ -58.46174, -34.63126 ], [ -58.46223, -34.63009 ], [ -58.46064, -34.62961 ], [ -58.46008, -34.63076 ] ] ] } },
{ "type": "Feature", "properties": { "indice_acceso": 0.668 }, "geometry": { "type": "Polygon", "coordinates": [ [ [ -58.45954, -34.63189 ], [ -58.46125, -34.63241 ], [ -58.46174, -34.63126 ], [ -58.46008, -34.63076 ], [ -58.45954, -34.63189 ] ] ] } },
{ "type": "Feature", "properties": { "indice_acceso": 0.676 }, "geometry": { "type": "Polygon", "coordinates": [ [ [ -58.45772, -34.63256 ], [ -58.45903, -34.63297 ], [ -58.46008, -34.63076 ], [ -58.45876, -34.63035 ], [ -58.45772, -34.63256 ] ] ] } },
{ "type": "Feature", "properties": { "indice_acceso": 0.669 }, "geometry": { "type": "Polygon", "coordinates": [ [ [ -58.45344, -34.62678 ], [ -58.45452, -34.62763 ], [ -58.45537, -34.62616 ], [ -58.45403, -34.62563 ], [ -58.45344, -34.62678 ] ] ] } },
{ "type": "Feature", "properties": { "indice_acceso": 0.67 }, "geometry": { "type": "Polygon", "coordinates": [ [ [ -58.4547, -34.62728 ], [ -58.45618, -34.62781 ], [ -58.45671, -34.62666 ], [ -58.45537, -34.62616 ], [ -58.4547, -34.62728 ] ] ] } },
{ "type": "Feature", "properties": { "indice_acceso": 0.671 }, "geometry": { "type": "Polygon", "coordinates": [ [ [ -58.45603, -34.62812 ], [ -58.45714, -34.62849 ], [ -58.45783, -34.62713 ], [ -58.45671, -34.62666 ], [ -58.45603, -34.62812 ] ] ] } },
{ "type": "Feature", "properties": { "indice_acceso": 0.67 }, "geometry": { "type": "Polygon", "coordinates": [ [ [ -58.454, -34.6286 ], [ -58.45655, -34.62964 ], [ -58.45714, -34.62849 ], [ -58.4547, -34.62728 ], [ -58.454, -34.6286 ] ] ] } },
{ "type": "Feature", "properties": { "indice_acceso": 0.669 }, "geometry": { "type": "Polygon", "coordinates": [ [ [ -58.45256, -34.62854 ], [ -58.4548, -34.6291 ], [ -58.454, -34.6286 ], [ -58.45452, -34.62763 ], [ -58.45344, -34.62678 ], [ -58.45256, -34.62854 ] ] ] } },
{ "type": "Feature", "properties": { "indice_acceso": 0.675 }, "geometry": { "type": "Polygon", "coordinates": [ [ [ -58.45211, -34.62952 ], [ -58.45374, -34.63004 ], [ -58.45412, -34.6289 ], [ -58.45256, -34.62854 ], [ -58.45211, -34.62952 ] ] ] } },
{ "type": "Feature", "properties": { "indice_acceso": 0.681 }, "geometry": { "type": "Polygon", "coordinates": [ [ [ -58.45158, -34.63064 ], [ -58.45323, -34.63114 ], [ -58.45374, -34.63004 ], [ -58.45211, -34.62952 ], [ -58.45158, -34.63064 ] ] ] } },
{ "type": "Feature", "properties": { "indice_acceso": 0.678 }, "geometry": { "type": "Polygon", "coordinates": [ [ [ -58.45323, -34.63114 ], [ -58.45437, -34.6315 ], [ -58.45546, -34.6293 ], [ -58.45412, -34.6289 ], [ -58.45323, -34.63114 ] ] ] } },
{ "type": "Feature", "properties": { "indice_acceso": 0.682 }, "geometry": { "type": "Polygon", "coordinates": [ [ [ -58.45437, -34.6315 ], [ -58.45654, -34.63219 ], [ -58.45706, -34.6311 ], [ -58.45491, -34.63042 ], [ -58.45437, -34.6315 ] ] ] } },
{ "type": "Feature", "properties": { "indice_acceso": 0.681 }, "geometry": { "type": "Polygon", "coordinates": [ [ [ -58.45654, -34.63219 ], [ -58.45772, -34.63256 ], [ -58.45822, -34.63148 ], [ -58.45706, -34.6311 ], [ -58.45654, -34.63219 ] ] ] } },
{ "type": "Feature", "properties": { "indice_acceso": 0.691 }, "geometry": { "type": "Polygon", "coordinates": [ [ [ -58.4511, -34.63165 ], [ -58.45169, -34.63184 ], [ -58.4512, -34.63283 ], [ -58.45338, -34.63351 ], [ -58.45437, -34.6315 ], [ -58.45158, -34.63064 ], [ -58.4511, -34.63165 ] ] ] } },
{ "type": "Feature", "properties": { "indice_acceso": 0.716 }, "geometry": { "type": "Polygon", "coordinates": [ [ [ -58.45044, -34.63689 ], [ -58.45144, -34.63747 ], [ -58.45338, -34.63351 ], [ -58.45225, -34.63316 ], [ -58.45044, -34.63689 ] ] ] } },
{ "type": "Feature", "properties": { "indice_acceso": 0.71 }, "geometry": { "type": "Polygon", "coordinates": [ [ [ -58.44924, -34.63335 ], [ -58.45072, -34.63382 ], [ -58.44948, -34.63625 ], [ -58.45044, -34.63689 ], [ -58.45225, -34.63316 ], [ -58.4512, -34.63283 ], [ -58.45169, -34.63184 ], [ -58.4511, -34.63165 ], [ -58.44924, -34.63335 ] ] ] } },
{ "type": "Feature", "properties": { "indice_acceso": 0.718 }, "geometry": { "type": "Polygon", "coordinates": [ [ [ -58.4475, -34.63491 ], [ -58.44825, -34.63543 ], [ -58.44872, -34.63535 ], [ -58.44875, -34.63474 ], [ -58.44931, -34.63494 ], [ -58.44979, -34.63388 ], [ -58.45057, -34.63412 ], [ -58.45072, -34.63382 ], [ -58.44924, -34.63335 ], [ -58.4475, -34.63491 ] ] ] } },
{ "type": "Feature", "properties": { "indice_acceso": 0.723 }, "geometry": { "type": "Polygon", "coordinates": [ [ [ -58.44948, -34.63625 ], [ -58.45057, -34.63412 ], [ -58.44979, -34.63388 ], [ -58.44931, -34.63494 ], [ -58.44875, -34.63474 ], [ -58.44872, -34.63535 ], [ -58.44825, -34.63543 ], [ -58.44948, -34.63625 ] ] ] } },
{ "type": "Feature", "properties": { "indice_acceso": 0.746 }, "geometry": { "type": "Polygon", "coordinates": [ [ [ -58.44531, -34.63726 ], [ -58.44724, -34.63899 ], [ -58.44852, -34.63801 ], [ -58.44948, -34.63625 ], [ -58.44729, -34.63477 ], [ -58.44531, -34.63726 ] ] ] } },
{ "type": "Feature", "properties": { "indice_acceso": 0.77 }, "geometry": { "type": "Polygon", "coordinates": [ [ [ -58.44852, -34.63801 ], [ -58.44724, -34.63899 ], [ -58.44813, -34.63978 ], [ -58.45144, -34.63747 ], [ -58.44948, -34.63625 ], [ -58.44852, -34.63801 ] ] ] } },
{ "type": "Feature", "properties": { "indice_acceso": 0.772 }, "geometry": { "type": "Polygon", "coordinates": [ [ [ -58.44626, -34.63972 ], [ -58.44331, -34.64197 ], [ -58.44424, -34.64281 ], [ -58.44525, -34.64204 ], [ -58.44813, -34.63978 ], [ -58.44724, -34.63899 ], [ -58.44626, -34.63972 ] ] ] } },
{ "type": "Feature", "properties": { "indice_acceso": 0.766 }, "geometry": { "type": "Polygon", "coordinates": [ [ [ -58.44473, -34.63942 ], [ -58.44308, -34.64178 ], [ -58.44331, -34.64197 ], [ -58.44724, -34.63899 ], [ -58.44531, -34.63726 ], [ -58.44473, -34.63942 ] ] ] } },
{ "type": "Feature", "properties": { "indice_acceso": 0.672 }, "geometry": { "type": "Polygon", "coordinates": [ [ [ -58.46123, -34.63609 ], [ -58.46179, -34.63654 ], [ -58.46296, -34.63545 ], [ -58.46346, -34.63432 ], [ -58.46215, -34.63392 ], [ -58.46123, -34.63609 ] ] ] } },
{ "type": "Feature", "properties": { "indice_acceso": 0.675 }, "geometry": { "type": "Polygon", "coordinates": [ [ [ -58.46, -34.63496 ], [ -58.46123, -34.63609 ], [ -58.46215, -34.63392 ], [ -58.46076, -34.6335 ], [ -58.46, -34.63496 ] ] ] } },
{ "type": "Feature", "properties": { "indice_acceso": 0.683 }, "geometry": { "type": "Polygon", "coordinates": [ [ [ -58.45723, -34.6336 ], [ -58.45924, -34.63422 ], [ -58.46, -34.63496 ], [ -58.46076, -34.6335 ], [ -58.45772, -34.63256 ], [ -58.45723, -34.6336 ] ] ] } },
{ "type": "Feature", "properties": { "indice_acceso": 0.688 }, "geometry": { "type": "Polygon", "coordinates": [ [ [ -58.45387, -34.63253 ], [ -58.45723, -34.6336 ], [ -58.45772, -34.63256 ], [ -58.45437, -34.6315 ], [ -58.45387, -34.63253 ] ] ] } },
{ "type": "Feature", "properties": { "indice_acceso": 0.694 }, "geometry": { "type": "Polygon", "coordinates": [ [ [ -58.45338, -34.63351 ], [ -58.45676, -34.63459 ], [ -58.45723, -34.6336 ], [ -58.45387, -34.63253 ], [ -58.45338, -34.63351 ] ] ] } },
{ "type": "Feature", "properties": { "indice_acceso": 0.686 }, "geometry": { "type": "Polygon", "coordinates": [ [ [ -58.45676, -34.63459 ], [ -58.45877, -34.63638 ], [ -58.46015, -34.6351 ], [ -58.45924, -34.63422 ], [ -58.45723, -34.6336 ], [ -58.45676, -34.63459 ] ] ] } },
{ "type": "Feature", "properties": { "indice_acceso": 0.682 }, "geometry": { "type": "Polygon", "coordinates": [ [ [ -58.45877, -34.63638 ], [ -58.46067, -34.63757 ], [ -58.46179, -34.63654 ], [ -58.46015, -34.6351 ], [ -58.45877, -34.63638 ] ] ] } },
{ "type": "Feature", "properties": { "indice_acceso": 0.714 }, "geometry": { "type": "Polygon", "coordinates": [ [ [ -58.45996, -34.63711 ], [ -58.45574, -34.6405 ], [ -58.45684, -34.64111 ], [ -58.46067, -34.63757 ], [ -58.45996, -34.63711 ] ] ] } },
{ "type": "Feature", "properties": { "indice_acceso": 0.69 }, "geometry": { "type": "Polygon", "coordinates": [ [ [ -58.45689, -34.63613 ], [ -58.45885, -34.63797 ], [ -58.45996, -34.63711 ], [ -58.45767, -34.63521 ], [ -58.45689, -34.63613 ] ] ] } },
{ "type": "Feature", "properties": { "indice_acceso": 0.699 }, "geometry": { "type": "Polygon", "coordinates": [ [ [ -58.4551, -34.63521 ], [ -58.45631, -34.63557 ], [ -58.45689, -34.63613 ], [ -58.45767, -34.63521 ], [ -58.45723, -34.63474 ], [ -58.45557, -34.63422 ], [ -58.4551, -34.63521 ] ] ] } },
{ "type": "Feature", "properties": { "indice_acceso": 0.709 }, "geometry": { "type": "Polygon", "coordinates": [ [ [ -58.45463, -34.63619 ], [ -58.45553, -34.63648 ], [ -58.45783, -34.6388 ], [ -58.45885, -34.63797 ], [ -58.45631, -34.63557 ], [ -58.4551, -34.63521 ], [ -58.45463, -34.63619 ] ] ] } },
{ "type": "Feature", "properties": { "indice_acceso": 0.716 }, "geometry": { "type": "Polygon", "coordinates": [ [ [ -58.45646, -34.6374 ], [ -58.4545, -34.63957 ], [ -58.45574, -34.6405 ], [ -58.45783, -34.6388 ], [ -58.45646, -34.6374 ] ] ] } },
{ "type": "Feature", "properties": { "indice_acceso": 0.73 }, "geometry": { "type": "Polygon", "coordinates": [ [ [ -58.45459, -34.63765 ], [ -58.45408, -34.63734 ], [ -58.45348, -34.6386 ], [ -58.4545, -34.63957 ], [ -58.45646, -34.6374 ], [ -58.45553, -34.63648 ], [ -58.45459, -34.63765 ] ] ] } },
{ "type": "Feature", "properties": { "indice_acceso": 0.708 }, "geometry": { "type": "Polygon", "coordinates": [ [ [ -58.45253, -34.63808 ], [ -58.45348, -34.6386 ], [ -58.45408, -34.63734 ], [ -58.45459, -34.63765 ], [ -58.45553, -34.63648 ], [ -58.45463, -34.63619 ], [ -58.45557, -34.63422 ], [ -58.45452, -34.63388 ], [ -58.45253, -34.63808 ] ] ] } },
{ "type": "Feature", "properties": { "indice_acceso": 0.72 }, "geometry": { "type": "Polygon", "coordinates": [ [ [ -58.45144, -34.63747 ], [ -58.45253, -34.63808 ], [ -58.45452, -34.63388 ], [ -58.45338, -34.63351 ], [ -58.45144, -34.63747 ] ] ] } },
{ "type": "Feature", "properties": { "indice_acceso": 0.698 }, "geometry": { "type": "Polygon", "coordinates": [ [ [ -58.4665, -34.63777 ], [ -58.46804, -34.63817 ], [ -58.46851, -34.6371 ], [ -58.47081, -34.63779 ], [ -58.4713, -34.63665 ], [ -58.4675, -34.63552 ], [ -58.4665, -34.63777 ] ] ] } },
{ "type": "Feature", "properties": { "indice_acceso": 0.693 }, "geometry": { "type": "Polygon", "coordinates": [ [ [ -58.46296, -34.63545 ], [ -58.46699, -34.63665 ], [ -58.4675, -34.63552 ], [ -58.46346, -34.63432 ], [ -58.46296, -34.63545 ] ] ] } },
{ "type": "Feature", "properties": { "indice_acceso": 0.691 }, "geometry": { "type": "Polygon", "coordinates": [ [ [ -58.46296, -34.63545 ], [ -58.46179, -34.63654 ], [ -58.4665, -34.63777 ], [ -58.46699, -34.63665 ], [ -58.46296, -34.63545 ] ] ] } },
{ "type": "Feature", "properties": { "indice_acceso": 0.691 }, "geometry": { "type": "Polygon", "coordinates": [ [ [ -58.4658, -34.63919 ], [ -58.4665, -34.63777 ], [ -58.4621, -34.63661 ], [ -58.46179, -34.63654 ], [ -58.4658, -34.63919 ] ] ] } },
{ "type": "Feature", "properties": { "indice_acceso": 0.694 }, "geometry": { "type": "Polygon", "coordinates": [ [ [ -58.46067, -34.63757 ], [ -58.46335, -34.63944 ], [ -58.46431, -34.63875 ], [ -58.46457, -34.63885 ], [ -58.46475, -34.63851 ], [ -58.46179, -34.63654 ], [ -58.46067, -34.63757 ] ] ] } },
{ "type": "Feature", "properties": { "indice_acceso": 0.694 }, "geometry": { "type": "Polygon", "coordinates": [ [ [ -58.4658, -34.63919 ], [ -58.46475, -34.63851 ], [ -58.46335, -34.63944 ], [ -58.46591, -34.64111 ], [ -58.46725, -34.63997 ], [ -58.46804, -34.63817 ], [ -58.4665, -34.63777 ], [ -58.4658, -34.63919 ] ] ] } },
{ "type": "Feature", "properties": { "indice_acceso": 0.691 }, "geometry": { "type": "Polygon", "coordinates": [ [ [ -58.46718, -34.64008 ], [ -58.4683, -34.6408 ], [ -58.46882, -34.63958 ], [ -58.46991, -34.63987 ], [ -58.47081, -34.63779 ], [ -58.46851, -34.6371 ], [ -58.46718, -34.64008 ] ] ] } },
{ "type": "Feature", "properties": { "indice_acceso": 0.694 }, "geometry": { "type": "Polygon", "coordinates": [ [ [ -58.46882, -34.63958 ], [ -58.4683, -34.6408 ], [ -58.46718, -34.64008 ], [ -58.46467, -34.64214 ], [ -58.46577, -34.64283 ], [ -58.46705, -34.64182 ], [ -58.46798, -34.64241 ], [ -58.46924, -34.6414 ], [ -58.46991, -34.63987 ], [ -58.46882, -34.63958 ] ] ] } },
{ "type": "Feature", "properties": { "indice_acceso": 0.716 }, "geometry": { "type": "Polygon", "coordinates": [ [ [ -58.46705, -34.64182 ], [ -58.46577, -34.64283 ], [ -58.46467, -34.64214 ], [ -58.46258, -34.64387 ], [ -58.46486, -34.64485 ], [ -58.46798, -34.64241 ], [ -58.46705, -34.64182 ] ] ] } },
{ "type": "Feature", "properties": { "indice_acceso": 0.705 }, "geometry": { "type": "Polygon", "coordinates": [ [ [ -58.46397, -34.63987 ], [ -58.4632, -34.64119 ], [ -58.462, -34.64198 ], [ -58.46252, -34.64234 ], [ -58.46197, -34.64272 ], [ -58.46258, -34.64306 ], [ -58.46275, -34.64359 ], [ -58.46591, -34.64111 ], [ -58.46397, -34.63987 ] ] ] } },
{ "type": "Feature", "properties": { "indice_acceso": 0.703 }, "geometry": { "type": "Polygon", "coordinates": [ [ [ -58.45954, -34.63861 ], [ -58.4632, -34.64119 ], [ -58.46397, -34.63987 ], [ -58.46067, -34.63757 ], [ -58.45954, -34.63861 ] ] ] } },
{ "type": "Feature", "properties": { "indice_acceso": 0.715 }, "geometry": { "type": "Polygon", "coordinates": [ [ [ -58.45855, -34.63953 ], [ -58.462, -34.64198 ], [ -58.46314, -34.64115 ], [ -58.45954, -34.63861 ], [ -58.45855, -34.63953 ] ] ] } },
{ "type": "Feature", "properties": { "indice_acceso": 0.728 }, "geometry": { "type": "Polygon", "coordinates": [ [ [ -58.45684, -34.64111 ], [ -58.46071, -34.64292 ], [ -58.46252, -34.64234 ], [ -58.45855, -34.63953 ], [ -58.45684, -34.64111 ] ] ] } },
{ "type": "Feature", "properties": { "indice_acceso": 0.723 }, "geometry": { "type": "Polygon", "coordinates": [ [ [ -58.45711, -34.65405 ], [ -58.46036, -34.65684 ], [ -58.46701, -34.65149 ], [ -58.46299, -34.64617 ], [ -58.46071, -34.64796 ], [ -58.46259, -34.64957 ], [ -58.45711, -34.65405 ] ] ] } },
{ "type": "Feature", "properties": { "indice_acceso": 0.737 }, "geometry": { "type": "Polygon", "coordinates": [ [ [ -58.4609, -34.64429 ], [ -58.45863, -34.64646 ], [ -58.46071, -34.64796 ], [ -58.46486, -34.64485 ], [ -58.46258, -34.64387 ], [ -58.46269, -34.64328 ], [ -58.46231, -34.64283 ], [ -58.46071, -34.64292 ], [ -58.4609, -34.64429 ] ] ] } },
{ "type": "Feature", "properties": { "indice_acceso": 0.746 }, "geometry": { "type": "Polygon", "coordinates": [ [ [ -58.45752, -34.64408 ], [ -58.45954, -34.64557 ], [ -58.4609, -34.64429 ], [ -58.46094, -34.64349 ], [ -58.46071, -34.64292 ], [ -58.45942, -34.64232 ], [ -58.45752, -34.64408 ] ] ] } },
{ "type": "Feature", "properties": { "indice_acceso": 0.747 }, "geometry": { "type": "Polygon", "coordinates": [ [ [ -58.45536, -34.64248 ], [ -58.45752, -34.64408 ], [ -58.45942, -34.64232 ], [ -58.45684, -34.64111 ], [ -58.45536, -34.64248 ] ] ] } },
{ "type": "Feature", "properties": { "indice_acceso": 0.771 }, "geometry": { "type": "Polygon", "coordinates": [ [ [ -58.45442, -34.64334 ], [ -58.45863, -34.64646 ], [ -58.45954, -34.64557 ], [ -58.45536, -34.64248 ], [ -58.45442, -34.64334 ] ] ] } },
{ "type": "Feature", "properties": { "indice_acceso": 0.767 }, "geometry": { "type": "Polygon", "coordinates": [ [ [ -58.45297, -34.64468 ], [ -58.45471, -34.64592 ], [ -58.45544, -34.64523 ], [ -58.45583, -34.64549 ], [ -58.45594, -34.64621 ], [ -58.45643, -34.64603 ], [ -58.45687, -34.64641 ], [ -58.45762, -34.64572 ], [ -58.45442, -34.64334 ], [ -58.45297, -34.64468 ] ] ] } },
{ "type": "Feature", "properties": { "indice_acceso": 0.767 }, "geometry": { "type": "Polygon", "coordinates": [ [ [ -58.45171, -34.64583 ], [ -58.45268, -34.64648 ], [ -58.45426, -34.64633 ], [ -58.45471, -34.64592 ], [ -58.45297, -34.64468 ], [ -58.45171, -34.64583 ] ] ] } },
{ "type": "Feature", "properties": { "indice_acceso": 0.768 }, "geometry": { "type": "Polygon", "coordinates": [ [ [ -58.45426, -34.64633 ], [ -58.45591, -34.64729 ], [ -58.45687, -34.64641 ], [ -58.45643, -34.64603 ], [ -58.45594, -34.64621 ], [ -58.45583, -34.64549 ], [ -58.45544, -34.64523 ], [ -58.45426, -34.64633 ] ] ] } },
{ "type": "Feature", "properties": { "indice_acceso": 0.777 }, "geometry": { "type": "Polygon", "coordinates": [ [ [ -58.45591, -34.64729 ], [ -58.45617, -34.64884 ], [ -58.45863, -34.64646 ], [ -58.45762, -34.64572 ], [ -58.45591, -34.64729 ] ] ] } },
{ "type": "Feature", "properties": { "indice_acceso": 0.764 }, "geometry": { "type": "Polygon", "coordinates": [ [ [ -58.45122, -34.64564 ], [ -58.44921, -34.64725 ], [ -58.45014, -34.64819 ], [ -58.45068, -34.64962 ], [ -58.45297, -34.65043 ], [ -58.45334, -34.65094 ], [ -58.45739, -34.65055 ], [ -58.46071, -34.64796 ], [ -58.45863, -34.64646 ], [ -58.45617, -34.64884 ], [ -58.45617, -34.64777 ], [ -58.45553, -34.6469 ], [ -58.45426, -34.64633 ], [ -58.45268, -34.64648 ], [ -58.45122, -34.64564 ] ] ] } },
{ "type": "Feature", "properties": { "indice_acceso": 0.768 }, "geometry": { "type": "Polygon", "coordinates": [ [ [ -58.45739, -34.65055 ], [ -58.45463, -34.65082 ], [ -58.45494, -34.65216 ], [ -58.45711, -34.65405 ], [ -58.46259, -34.64957 ], [ -58.46071, -34.64796 ], [ -58.45739, -34.65055 ] ] ] } },
{ "type": "Feature", "properties": { "indice_acceso": 0.755 }, "geometry": { "type": "Polygon", "coordinates": [ [ [ -58.453, -34.64288 ], [ -58.45395, -34.64377 ], [ -58.45684, -34.64111 ], [ -58.45574, -34.6405 ], [ -58.453, -34.64288 ] ] ] } },
{ "type": "Feature", "properties": { "indice_acceso": 0.75 }, "geometry": { "type": "Polygon", "coordinates": [ [ [ -58.4523, -34.6398 ], [ -58.45441, -34.64165 ], [ -58.45574, -34.6405 ], [ -58.45366, -34.63872 ], [ -58.4523, -34.6398 ] ] ] } },
{ "type": "Feature", "properties": { "indice_acceso": 0.755 }, "geometry": { "type": "Polygon", "coordinates": [ [ [ -58.45131, -34.64054 ], [ -58.453, -34.64288 ], [ -58.45441, -34.64165 ], [ -58.4523, -34.6398 ], [ -58.45131, -34.64054 ] ] ] } },
{ "type": "Feature", "properties": { "indice_acceso": 0.759 }, "geometry": { "type": "Polygon", "coordinates": [ [ [ -58.4494, -34.63881 ], [ -58.45131, -34.64054 ], [ -58.45366, -34.63872 ], [ -58.45144, -34.63747 ], [ -58.4494, -34.63881 ] ] ] } },
{ "type": "Feature", "properties": { "indice_acceso": 0.771 }, "geometry": { "type": "Polygon", "coordinates": [ [ [ -58.44714, -34.64052 ], [ -58.44903, -34.6422 ], [ -58.45131, -34.64054 ], [ -58.4494, -34.63881 ], [ -58.44714, -34.64052 ] ] ] } },
{ "type": "Feature", "properties": { "indice_acceso": 0.777 }, "geometry": { "type": "Polygon", "coordinates": [ [ [ -58.45002, -34.64147 ], [ -58.45231, -34.64342 ], [ -58.45135, -34.64418 ], [ -58.45247, -34.64514 ], [ -58.45395, -34.64377 ], [ -58.45131, -34.64054 ], [ -58.45002, -34.64147 ] ] ] } },
{ "type": "Feature", "properties": { "indice_acceso": 0.777 }, "geometry": { "type": "Polygon", "coordinates": [ [ [ -58.44805, -34.64293 ], [ -58.45171, -34.64583 ], [ -58.45247, -34.64514 ], [ -58.45135, -34.64418 ], [ -58.45231, -34.64342 ], [ -58.45002, -34.64147 ], [ -58.44805, -34.64293 ] ] ] } },
{ "type": "Feature", "properties": { "indice_acceso": 0.779 }, "geometry": { "type": "Polygon", "coordinates": [ [ [ -58.4461, -34.64446 ], [ -58.44921, -34.64725 ], [ -58.45122, -34.64564 ], [ -58.44805, -34.64293 ], [ -58.4461, -34.64446 ] ] ] } },
{ "type": "Feature", "properties": { "indice_acceso": 0.78 }, "geometry": { "type": "Polygon", "coordinates": [ [ [ -58.44424, -34.64281 ], [ -58.4461, -34.64446 ], [ -58.44903, -34.6422 ], [ -58.44714, -34.64052 ], [ -58.44424, -34.64281 ] ] ] } },
{ "type": "Feature", "properties": { "indice_acceso": 0.753 }, "geometry": { "type": "Polygon", "coordinates": [ [ [ -58.44397, -34.64619 ], [ -58.44487, -34.64694 ], [ -58.44525, -34.64669 ], [ -58.44589, -34.64722 ], [ -58.44518, -34.64775 ], [ -58.44581, -34.64831 ], [ -58.44528, -34.64873 ], [ -58.44616, -34.64971 ], [ -58.44462, -34.65095 ], [ -58.44882, -34.65118 ], [ -58.45334, -34.65094 ], [ -58.45297, -34.65043 ], [ -58.45068, -34.64962 ], [ -58.45007, -34.64812 ], [ -58.4461, -34.64446 ], [ -58.44397, -34.64619 ] ] ] } },
{ "type": "Feature", "properties": { "indice_acceso": 0.75 }, "geometry": { "type": "Polygon", "coordinates": [ [ [ -58.444, -34.64812 ], [ -58.44456, -34.64866 ], [ -58.44551, -34.64805 ], [ -58.44518, -34.64775 ], [ -58.44589, -34.64722 ], [ -58.44525, -34.64669 ], [ -58.444, -34.64812 ] ] ] } },
{ "type": "Feature", "properties": { "indice_acceso": 0.753 }, "geometry": { "type": "Polygon", "coordinates": [ [ [ -58.44519, -34.64961 ], [ -58.446, -34.64954 ], [ -58.44528, -34.64873 ], [ -58.44581, -34.64831 ], [ -58.44551, -34.64805 ], [ -58.44456, -34.64866 ], [ -58.44519, -34.64961 ] ] ] } },
{ "type": "Feature", "properties": { "indice_acceso": 0.759 }, "geometry": { "type": "Polygon", "coordinates": [ [ [ -58.44449, -34.64973 ], [ -58.44519, -34.64961 ], [ -58.44423, -34.6483 ], [ -58.444, -34.64812 ], [ -58.44368, -34.64843 ], [ -58.44449, -34.64973 ] ] ] } },
{ "type": "Feature", "properties": { "indice_acceso": 0.748 }, "geometry": { "type": "Polygon", "coordinates": [ [ [ -58.44368, -34.64843 ], [ -58.44429, -34.64779 ], [ -58.4439, -34.64711 ], [ -58.44305, -34.64803 ], [ -58.44368, -34.64843 ] ] ] } },
{ "type": "Feature", "properties": { "indice_acceso": 0.749 }, "geometry": { "type": "Polygon", "coordinates": [ [ [ -58.44339, -34.64664 ], [ -58.44231, -34.64752 ], [ -58.44305, -34.64803 ], [ -58.4439, -34.64711 ], [ -58.44429, -34.64779 ], [ -58.44499, -34.64723 ], [ -58.44397, -34.64619 ], [ -58.44339, -34.64664 ] ] ] } },
{ "type": "Feature", "properties": { "indice_acceso": 0.756 }, "geometry": { "type": "Polygon", "coordinates": [ [ [ -58.44187, -34.64939 ], [ -58.44305, -34.64803 ], [ -58.44231, -34.64752 ], [ -58.4407, -34.64881 ], [ -58.44187, -34.64939 ] ] ] } },
{ "type": "Feature", "properties": { "indice_acceso": 0.758 }, "geometry": { "type": "Polygon", "coordinates": [ [ [ -58.44187, -34.64939 ], [ -58.44368, -34.64843 ], [ -58.44303, -34.64806 ], [ -58.44187, -34.64939 ] ] ] } },
{ "type": "Feature", "properties": { "indice_acceso": 0.761 }, "geometry": { "type": "Polygon", "coordinates": [ [ [ -58.44313, -34.64878 ], [ -58.44209, -34.64949 ], [ -58.4435, -34.64983 ], [ -58.44449, -34.64973 ], [ -58.44386, -34.64865 ], [ -58.44313, -34.64878 ] ] ] } },
{ "type": "Feature", "properties": { "indice_acceso": 0.762 }, "geometry": { "type": "Polygon", "coordinates": [ [ [ -58.44365, -34.64983 ], [ -58.44263, -34.64968 ], [ -58.44496, -34.65067 ], [ -58.44616, -34.64971 ], [ -58.44365, -34.64983 ] ] ] } },
{ "type": "Feature", "properties": { "indice_acceso": 0.758 }, "geometry": { "type": "Polygon", "coordinates": [ [ [ -58.44337, -34.65071 ], [ -58.44462, -34.65095 ], [ -58.44496, -34.65067 ], [ -58.44435, -34.6502 ], [ -58.44319, -34.65012 ], [ -58.44337, -34.65071 ] ] ] } },
{ "type": "Feature", "properties": { "indice_acceso": 0.757 }, "geometry": { "type": "Polygon", "coordinates": [ [ [ -58.44462, -34.65095 ], [ -58.44337, -34.65071 ], [ -58.44309, -34.64995 ], [ -58.44209, -34.64949 ], [ -58.44043, -34.65085 ], [ -58.44299, -34.65113 ], [ -58.44462, -34.65095 ] ] ] } },
{ "type": "Feature", "properties": { "indice_acceso": 0.76 }, "geometry": { "type": "Polygon", "coordinates": [ [ [ -58.44079, -34.65056 ], [ -58.44209, -34.64949 ], [ -58.43956, -34.6483 ], [ -58.43881, -34.64891 ], [ -58.44079, -34.65056 ] ] ] } },
{ "type": "Feature", "properties": { "indice_acceso": 0.755 }, "geometry": { "type": "Polygon", "coordinates": [ [ [ -58.44043, -34.65085 ], [ -58.44079, -34.65056 ], [ -58.43881, -34.64891 ], [ -58.43804, -34.64953 ], [ -58.43901, -34.65019 ], [ -58.43905, -34.65081 ], [ -58.44043, -34.65085 ] ] ] } },
{ "type": "Feature", "properties": { "indice_acceso": 0.752 }, "geometry": { "type": "Polygon", "coordinates": [ [ [ -58.43761, -34.64777 ], [ -58.4386, -34.64908 ], [ -58.43956, -34.6483 ], [ -58.43773, -34.64748 ], [ -58.43761, -34.64777 ] ] ] } },
{ "type": "Feature", "properties": { "indice_acceso": 0.74 }, "geometry": { "type": "Polygon", "coordinates": [ [ [ -58.43642, -34.64816 ], [ -58.43804, -34.64953 ], [ -58.4386, -34.64908 ], [ -58.43743, -34.64734 ], [ -58.43642, -34.64816 ] ] ] } },
{ "type": "Feature", "properties": { "indice_acceso": 0.689 }, "geometry": { "type": "Polygon", "coordinates": [ [ [ -58.43545, -34.64988 ], [ -58.43535, -34.65059 ], [ -58.43293, -34.65045 ], [ -58.43203, -34.65121 ], [ -58.438, -34.6558 ], [ -58.44291, -34.65194 ], [ -58.44332, -34.65119 ], [ -58.43888, -34.6508 ], [ -58.43901, -34.65019 ], [ -58.43642, -34.64816 ], [ -58.43532, -34.64905 ], [ -58.43575, -34.64991 ], [ -58.43545, -34.64988 ] ] ] } },
{ "type": "Feature", "properties": { "indice_acceso": 0.724 }, "geometry": { "type": "Polygon", "coordinates": [ [ [ -58.43459, -34.64657 ], [ -58.43552, -34.64735 ], [ -58.4339, -34.64866 ], [ -58.4348, -34.64947 ], [ -58.43743, -34.64734 ], [ -58.43492, -34.64624 ], [ -58.43459, -34.64657 ] ] ] } },
{ "type": "Feature", "properties": { "indice_acceso": 0.712 }, "geometry": { "type": "Polygon", "coordinates": [ [ [ -58.43297, -34.64787 ], [ -58.4339, -34.64866 ], [ -58.43552, -34.64735 ], [ -58.43459, -34.64657 ], [ -58.43297, -34.64787 ] ] ] } },
{ "type": "Feature", "properties": { "indice_acceso": 0.71 }, "geometry": { "type": "Polygon", "coordinates": [ [ [ -58.43082, -34.64959 ], [ -58.43043, -34.64988 ], [ -58.43131, -34.65035 ], [ -58.43111, -34.65019 ], [ -58.43229, -34.6492 ], [ -58.43312, -34.64931 ], [ -58.43357, -34.6495 ], [ -58.43354, -34.65049 ], [ -58.43393, -34.65051 ], [ -58.43472, -34.6494 ], [ -58.43297, -34.64787 ], [ -58.43082, -34.64959 ] ] ] } },
{ "type": "Feature", "properties": { "indice_acceso": 0.708 }, "geometry": { "type": "Polygon", "coordinates": [ [ [ -58.43203, -34.65121 ], [ -58.43293, -34.65045 ], [ -58.43354, -34.65049 ], [ -58.43357, -34.6495 ], [ -58.43229, -34.6492 ], [ -58.43111, -34.65019 ], [ -58.43131, -34.65035 ], [ -58.43099, -34.65034 ], [ -58.43203, -34.65121 ] ] ] } },
{ "type": "Feature", "properties": { "indice_acceso": 0.706 }, "geometry": { "type": "Polygon", "coordinates": [ [ [ -58.43395, -34.65023 ], [ -58.43393, -34.65051 ], [ -58.43535, -34.65059 ], [ -58.43545, -34.64988 ], [ -58.43575, -34.64991 ], [ -58.43535, -34.6491 ], [ -58.43395, -34.65023 ] ] ] } },
{ "type": "Feature", "properties": { "indice_acceso": 0.777 }, "geometry": { "type": "Polygon", "coordinates": [ [ [ -58.44147, -34.64358 ], [ -58.44257, -34.64379 ], [ -58.44332, -34.64352 ], [ -58.44319, -34.64397 ], [ -58.4461, -34.64446 ], [ -58.44308, -34.64178 ], [ -58.44147, -34.64358 ] ] ] } },
{ "type": "Feature", "properties": { "indice_acceso": 0.773 }, "geometry": { "type": "Polygon", "coordinates": [ [ [ -58.44319, -34.64397 ], [ -58.44332, -34.64352 ], [ -58.44192, -34.64367 ], [ -58.44162, -34.6447 ], [ -58.44499, -34.64536 ], [ -58.44601, -34.64453 ], [ -58.44319, -34.64397 ] ] ] } },
{ "type": "Feature", "properties": { "indice_acceso": 0.769 }, "geometry": { "type": "Polygon", "coordinates": [ [ [ -58.44148, -34.64568 ], [ -58.44397, -34.64619 ], [ -58.44499, -34.64536 ], [ -58.44177, -34.64473 ], [ -58.44148, -34.64568 ] ] ] } },
{ "type": "Feature", "properties": { "indice_acceso": 0.76 }, "geometry": { "type": "Polygon", "coordinates": [ [ [ -58.44147, -34.64358 ], [ -58.43885, -34.64603 ], [ -58.44294, -34.64701 ], [ -58.44397, -34.64619 ], [ -58.44148, -34.64568 ], [ -58.44192, -34.64367 ], [ -58.44147, -34.64358 ] ] ] } },
{ "type": "Feature", "properties": { "indice_acceso": 0.737 }, "geometry": { "type": "Polygon", "coordinates": [ [ [ -58.43787, -34.64695 ], [ -58.44191, -34.64783 ], [ -58.44294, -34.64701 ], [ -58.43885, -34.64603 ], [ -58.43787, -34.64695 ] ] ] } },
{ "type": "Feature", "properties": { "indice_acceso": 0.742 }, "geometry": { "type": "Polygon", "coordinates": [ [ [ -58.4407, -34.64881 ], [ -58.44191, -34.64783 ], [ -58.43787, -34.64695 ], [ -58.43743, -34.64734 ], [ -58.4407, -34.64881 ] ] ] } },
{ "type": "Feature", "properties": { "indice_acceso": 0.718 }, "geometry": { "type": "Polygon", "coordinates": [ [ [ -58.43526, -34.63597 ], [ -58.43794, -34.63779 ], [ -58.43886, -34.63526 ], [ -58.4357, -34.63462 ], [ -58.43526, -34.63597 ] ] ] } },
{ "type": "Feature", "properties": { "indice_acceso": 0.721 }, "geometry": { "type": "Polygon", "coordinates": [ [ [ -58.43794, -34.63779 ], [ -58.44049, -34.63968 ], [ -58.44118, -34.63775 ], [ -58.43822, -34.63701 ], [ -58.43794, -34.63779 ] ] ] } },
{ "type": "Feature", "properties": { "indice_acceso": 0.741 }, "geometry": { "type": "Polygon", "coordinates": [ [ [ -58.44075, -34.63897 ], [ -58.4444, -34.63987 ], [ -58.44473, -34.63942 ], [ -58.44498, -34.63853 ], [ -58.44118, -34.63775 ], [ -58.44075, -34.63897 ] ] ] } },
{ "type": "Feature", "properties": { "indice_acceso": 0.753 }, "geometry": { "type": "Polygon", "coordinates": [ [ [ -58.44049, -34.63968 ], [ -58.44308, -34.64178 ], [ -58.4444, -34.63987 ], [ -58.44075, -34.63897 ], [ -58.44049, -34.63968 ] ] ] } },
{ "type": "Feature", "properties": { "indice_acceso": 0.728 }, "geometry": { "type": "Polygon", "coordinates": [ [ [ -58.43554, -34.63979 ], [ -58.44002, -34.64095 ], [ -58.44041, -34.63989 ], [ -58.44091, -34.64001 ], [ -58.43794, -34.63779 ], [ -58.43746, -34.63914 ], [ -58.43591, -34.63876 ], [ -58.43554, -34.63979 ] ] ] } },
{ "type": "Feature", "properties": { "indice_acceso": 0.718 }, "geometry": { "type": "Polygon", "coordinates": [ [ [ -58.43439, -34.63837 ], [ -58.43746, -34.63914 ], [ -58.43794, -34.63779 ], [ -58.43526, -34.63597 ], [ -58.43439, -34.63837 ] ] ] } },
{ "type": "Feature", "properties": { "indice_acceso": 0.713 }, "geometry": { "type": "Polygon", "coordinates": [ [ [ -58.43312, -34.6419 ], [ -58.43468, -34.64221 ], [ -58.43591, -34.63876 ], [ -58.43439, -34.63837 ], [ -58.43312, -34.6419 ] ] ] } },
{ "type": "Feature", "properties": { "indice_acceso": 0.717 }, "geometry": { "type": "Polygon", "coordinates": [ [ [ -58.43468, -34.64221 ], [ -58.43922, -34.64312 ], [ -58.44002, -34.64095 ], [ -58.43554, -34.63979 ], [ -58.43468, -34.64221 ] ] ] } },
{ "type": "Feature", "properties": { "indice_acceso": 0.755 }, "geometry": { "type": "Polygon", "coordinates": [ [ [ -58.44041, -34.63989 ], [ -58.43922, -34.64312 ], [ -58.44147, -34.64358 ], [ -58.44308, -34.64178 ], [ -58.44041, -34.63989 ] ] ] } },
{ "type": "Feature", "properties": { "indice_acceso": 0.742 }, "geometry": { "type": "Polygon", "coordinates": [ [ [ -58.43816, -34.64433 ], [ -58.43794, -34.64428 ], [ -58.43743, -34.64734 ], [ -58.44147, -34.64358 ], [ -58.43865, -34.643 ], [ -58.43816, -34.64433 ] ] ] } },
{ "type": "Feature", "properties": { "indice_acceso": 0.717 }, "geometry": { "type": "Polygon", "coordinates": [ [ [ -58.43383, -34.64458 ], [ -58.43538, -34.64493 ], [ -58.43579, -34.64379 ], [ -58.43816, -34.64433 ], [ -58.43865, -34.643 ], [ -58.43468, -34.64221 ], [ -58.43383, -34.64458 ] ] ] } },
{ "type": "Feature", "properties": { "indice_acceso": 0.702 }, "geometry": { "type": "Polygon", "coordinates": [ [ [ -58.43211, -34.64516 ], [ -58.43492, -34.64624 ], [ -58.43538, -34.64493 ], [ -58.43383, -34.64458 ], [ -58.43468, -34.64221 ], [ -58.43234, -34.64174 ], [ -58.43211, -34.64516 ] ] ] } },
{ "type": "Feature", "properties": { "indice_acceso": 0.718 }, "geometry": { "type": "Polygon", "coordinates": [ [ [ -58.43579, -34.64379 ], [ -58.43492, -34.64624 ], [ -58.43741, -34.64733 ], [ -58.43794, -34.64428 ], [ -58.43579, -34.64379 ] ] ] } },
{ "type": "Feature", "properties": { "indice_acceso": 0.693 }, "geometry": { "type": "Polygon", "coordinates": [ [ [ -58.44753, -34.63164 ], [ -58.45019, -34.6325 ], [ -58.45104, -34.63173 ], [ -58.45158, -34.63064 ], [ -58.44822, -34.63014 ], [ -58.44753, -34.63164 ] ] ] } },
{ "type": "Feature", "properties": { "indice_acceso": 0.695 }, "geometry": { "type": "Polygon", "coordinates": [ [ [ -58.44276, -34.63012 ], [ -58.44753, -34.63164 ], [ -58.44822, -34.63014 ], [ -58.44293, -34.62935 ], [ -58.44276, -34.63012 ] ] ] } },
{ "type": "Feature", "properties": { "indice_acceso": 0.699 }, "geometry": { "type": "Polygon", "coordinates": [ [ [ -58.44215, -34.63099 ], [ -58.44473, -34.63288 ], [ -58.44509, -34.63203 ], [ -58.44364, -34.63156 ], [ -58.44407, -34.63054 ], [ -58.44276, -34.63012 ], [ -58.44215, -34.63099 ] ] ] } },
{ "type": "Feature", "properties": { "indice_acceso": 0.696 }, "geometry": { "type": "Polygon", "coordinates": [ [ [ -58.44364, -34.63156 ], [ -58.44509, -34.63203 ], [ -58.44555, -34.63101 ], [ -58.44407, -34.63054 ], [ -58.44364, -34.63156 ] ] ] } },
{ "type": "Feature", "properties": { "indice_acceso": 0.7 }, "geometry": { "type": "Polygon", "coordinates": [ [ [ -58.44924, -34.63335 ], [ -58.45019, -34.6325 ], [ -58.44555, -34.63101 ], [ -58.44509, -34.63203 ], [ -58.44924, -34.63335 ] ] ] } },
{ "type": "Feature", "properties": { "indice_acceso": 0.708 }, "geometry": { "type": "Polygon", "coordinates": [ [ [ -58.44766, -34.63397 ], [ -58.44812, -34.63299 ], [ -58.44509, -34.63203 ], [ -58.44473, -34.63288 ], [ -58.44766, -34.63397 ] ] ] } },
{ "type": "Feature", "properties": { "indice_acceso": 0.721 }, "geometry": { "type": "Polygon", "coordinates": [ [ [ -58.44766, -34.63397 ], [ -58.44509, -34.63315 ], [ -58.4475, -34.63491 ], [ -58.44924, -34.63335 ], [ -58.44812, -34.63299 ], [ -58.44766, -34.63397 ] ] ] } },
{ "type": "Feature", "properties": { "indice_acceso": 0.71 }, "geometry": { "type": "Polygon", "coordinates": [ [ [ -58.43886, -34.63526 ], [ -58.44587, -34.63665 ], [ -58.44729, -34.63477 ], [ -58.44215, -34.63099 ], [ -58.43886, -34.63526 ] ] ] } },
{ "type": "Feature", "properties": { "indice_acceso": 0.741 }, "geometry": { "type": "Polygon", "coordinates": [ [ [ -58.44263, -34.6368 ], [ -58.44526, -34.63734 ], [ -58.44587, -34.63665 ], [ -58.4428, -34.63606 ], [ -58.44263, -34.6368 ] ] ] } },
{ "type": "Feature", "properties": { "indice_acceso": 0.722 }, "geometry": { "type": "Polygon", "coordinates": [ [ [ -58.44005, -34.63626 ], [ -58.44263, -34.6368 ], [ -58.4428, -34.63606 ], [ -58.4403, -34.63555 ], [ -58.44005, -34.63626 ] ] ] } },
{ "type": "Feature", "properties": { "indice_acceso": 0.715 }, "geometry": { "type": "Polygon", "coordinates": [ [ [ -58.43822, -34.63701 ], [ -58.43969, -34.63729 ], [ -58.4403, -34.63555 ], [ -58.43886, -34.63526 ], [ -58.43822, -34.63701 ] ] ] } },
{ "type": "Feature", "properties": { "indice_acceso": 0.729 }, "geometry": { "type": "Polygon", "coordinates": [ [ [ -58.43969, -34.63729 ], [ -58.44498, -34.63853 ], [ -58.44526, -34.63734 ], [ -58.44005, -34.63626 ], [ -58.43969, -34.63729 ] ] ] } },
{ "type": "Feature", "properties": { "indice_acceso": 0.699 }, "geometry": { "type": "Polygon", "coordinates": [ [ [ -58.441, -34.63015 ], [ -58.44215, -34.63099 ], [ -58.44293, -34.62935 ], [ -58.44176, -34.62918 ], [ -58.441, -34.63015 ] ] ] } },
{ "type": "Feature", "properties": { "indice_acceso": 0.704 }, "geometry": { "type": "Polygon", "coordinates": [ [ [ -58.4383, -34.63005 ], [ -58.44037, -34.63096 ], [ -58.44176, -34.62918 ], [ -58.43859, -34.62872 ], [ -58.4383, -34.63005 ] ] ] } },
{ "type": "Feature", "properties": { "indice_acceso": 0.705 }, "geometry": { "type": "Polygon", "coordinates": [ [ [ -58.44037, -34.63096 ], [ -58.43871, -34.63007 ], [ -58.43804, -34.63108 ], [ -58.44093, -34.63259 ], [ -58.44215, -34.63099 ], [ -58.441, -34.63015 ], [ -58.44037, -34.63096 ] ] ] } },
{ "type": "Feature", "properties": { "indice_acceso": 0.707 }, "geometry": { "type": "Polygon", "coordinates": [ [ [ -58.43736, -34.6321 ], [ -58.44018, -34.63356 ], [ -58.44093, -34.63259 ], [ -58.43804, -34.63108 ], [ -58.43736, -34.6321 ] ] ] } },
{ "type": "Feature", "properties": { "indice_acceso": 0.709 }, "geometry": { "type": "Polygon", "coordinates": [ [ [ -58.43643, -34.63199 ], [ -58.43736, -34.6321 ], [ -58.43871, -34.63007 ], [ -58.4383, -34.63005 ], [ -58.43859, -34.62872 ], [ -58.43717, -34.62851 ], [ -58.43643, -34.63199 ] ] ] } },
{ "type": "Feature", "properties": { "indice_acceso": 0.712 }, "geometry": { "type": "Polygon", "coordinates": [ [ [ -58.43485, -34.63175 ], [ -58.43643, -34.63199 ], [ -58.43717, -34.62851 ], [ -58.43565, -34.62829 ], [ -58.43485, -34.63175 ] ] ] } },
{ "type": "Feature", "properties": { "indice_acceso": 0.714 }, "geometry": { "type": "Polygon", "coordinates": [ [ [ -58.43421, -34.63056 ], [ -58.43509, -34.63068 ], [ -58.43565, -34.62829 ], [ -58.43476, -34.62816 ], [ -58.43421, -34.63056 ] ] ] } },
{ "type": "Feature", "properties": { "indice_acceso": 0.716 }, "geometry": { "type": "Polygon", "coordinates": [ [ [ -58.43326, -34.63043 ], [ -58.43421, -34.63056 ], [ -58.43476, -34.62816 ], [ -58.43382, -34.62802 ], [ -58.43326, -34.63043 ] ] ] } },
{ "type": "Feature", "properties": { "indice_acceso": 0.717 }, "geometry": { "type": "Polygon", "coordinates": [ [ [ -58.43274, -34.63402 ], [ -58.43419, -34.63431 ], [ -58.43509, -34.63068 ], [ -58.43326, -34.63043 ], [ -58.43274, -34.63402 ] ] ] } },
{ "type": "Feature", "properties": { "indice_acceso": 0.714 }, "geometry": { "type": "Polygon", "coordinates": [ [ [ -58.4357, -34.63462 ], [ -58.43736, -34.6321 ], [ -58.43485, -34.63175 ], [ -58.43419, -34.63431 ], [ -58.4357, -34.63462 ] ] ] } },
{ "type": "Feature", "properties": { "indice_acceso": 0.71 }, "geometry": { "type": "Polygon", "coordinates": [ [ [ -58.4357, -34.63462 ], [ -58.43633, -34.63475 ], [ -58.43743, -34.63332 ], [ -58.43902, -34.63414 ], [ -58.43967, -34.6333 ], [ -58.43736, -34.6321 ], [ -58.4357, -34.63462 ] ] ] } },
{ "type": "Feature", "properties": { "indice_acceso": 0.709 }, "geometry": { "type": "Polygon", "coordinates": [ [ [ -58.43902, -34.63414 ], [ -58.43952, -34.6344 ], [ -58.44018, -34.63356 ], [ -58.43967, -34.6333 ], [ -58.43902, -34.63414 ] ] ] } },
{ "type": "Feature", "properties": { "indice_acceso": 0.712 }, "geometry": { "type": "Polygon", "coordinates": [ [ [ -58.43743, -34.63332 ], [ -58.43633, -34.63475 ], [ -58.43886, -34.63526 ], [ -58.43952, -34.6344 ], [ -58.43743, -34.63332 ] ] ] } },
{ "type": "Feature", "properties": { "indice_acceso": 0.722 }, "geometry": { "type": "Polygon", "coordinates": [ [ [ -58.43178, -34.63018 ], [ -58.43039, -34.62997 ], [ -58.43015, -34.63103 ], [ -58.43302, -34.63147 ], [ -58.43382, -34.62802 ], [ -58.43233, -34.6278 ], [ -58.43178, -34.63018 ] ] ] } },
{ "type": "Feature", "properties": { "indice_acceso": 0.718 }, "geometry": { "type": "Polygon", "coordinates": [ [ [ -58.43178, -34.63018 ], [ -58.43233, -34.6278 ], [ -58.42963, -34.62741 ], [ -58.42932, -34.62873 ], [ -58.43063, -34.62892 ], [ -58.43039, -34.62997 ], [ -58.43178, -34.63018 ] ] ] } },
{ "type": "Feature", "properties": { "indice_acceso": 0.714 }, "geometry": { "type": "Polygon", "coordinates": [ [ [ -58.42785, -34.62852 ], [ -58.42932, -34.62873 ], [ -58.42963, -34.62741 ], [ -58.42816, -34.6272 ], [ -58.42785, -34.62852 ] ] ] } },
{ "type": "Feature", "properties": { "indice_acceso": 0.713 }, "geometry": { "type": "Polygon", "coordinates": [ [ [ -58.42645, -34.62831 ], [ -58.42785, -34.62852 ], [ -58.42816, -34.6272 ], [ -58.42676, -34.627 ], [ -58.42645, -34.62831 ] ] ] } },
{ "type": "Feature", "properties": { "indice_acceso": 0.71 }, "geometry": { "type": "Polygon", "coordinates": [ [ [ -58.42598, -34.63045 ], [ -58.4274, -34.63065 ], [ -58.42785, -34.62852 ], [ -58.42645, -34.62831 ], [ -58.42598, -34.63045 ] ] ] } },
{ "type": "Feature", "properties": { "indice_acceso": 0.708 }, "geometry": { "type": "Polygon", "coordinates": [ [ [ -58.4274, -34.63065 ], [ -58.43015, -34.63103 ], [ -58.43063, -34.62892 ], [ -58.42785, -34.62852 ], [ -58.4274, -34.63065 ] ] ] } },
{ "type": "Feature", "properties": { "indice_acceso": 0.704 }, "geometry": { "type": "Polygon", "coordinates": [ [ [ -58.42817, -34.63281 ], [ -58.42871, -34.63083 ], [ -58.42598, -34.63045 ], [ -58.42553, -34.63237 ], [ -58.42817, -34.63281 ] ] ] } },
{ "type": "Feature", "properties": { "indice_acceso": 0.713 }, "geometry": { "type": "Polygon", "coordinates": [ [ [ -58.42817, -34.63281 ], [ -58.43156, -34.63338 ], [ -58.42981, -34.63206 ], [ -58.43063, -34.63218 ], [ -58.43084, -34.63113 ], [ -58.42871, -34.63083 ], [ -58.42817, -34.63281 ] ] ] } },
{ "type": "Feature", "properties": { "indice_acceso": 0.722 }, "geometry": { "type": "Polygon", "coordinates": [ [ [ -58.43063, -34.63218 ], [ -58.42981, -34.63206 ], [ -58.43274, -34.63402 ], [ -58.43302, -34.63147 ], [ -58.43084, -34.63113 ], [ -58.43063, -34.63218 ] ] ] } },
{ "type": "Feature", "properties": { "indice_acceso": 0.722 }, "geometry": { "type": "Polygon", "coordinates": [ [ [ -58.4323, -34.6361 ], [ -58.4351, -34.6364 ], [ -58.4357, -34.63462 ], [ -58.43274, -34.63402 ], [ -58.4323, -34.6361 ] ] ] } },
{ "type": "Feature", "properties": { "indice_acceso": 0.712 }, "geometry": { "type": "Polygon", "coordinates": [ [ [ -58.43128, -34.63472 ], [ -58.42908, -34.63436 ], [ -58.42878, -34.63552 ], [ -58.4323, -34.6361 ], [ -58.43274, -34.63402 ], [ -58.43159, -34.63324 ], [ -58.43128, -34.63472 ] ] ] } },
{ "type": "Feature", "properties": { "indice_acceso": 0.711 }, "geometry": { "type": "Polygon", "coordinates": [ [ [ -58.42659, -34.63395 ], [ -58.43128, -34.63472 ], [ -58.43156, -34.63338 ], [ -58.42693, -34.63261 ], [ -58.42659, -34.63395 ] ] ] } },
{ "type": "Feature", "properties": { "indice_acceso": 0.685 }, "geometry": { "type": "Polygon", "coordinates": [ [ [ -58.42376, -34.63916 ], [ -58.42517, -34.63941 ], [ -58.42609, -34.6359 ], [ -58.42733, -34.63612 ], [ -58.42753, -34.63532 ], [ -58.42629, -34.63511 ], [ -58.42693, -34.63261 ], [ -58.42553, -34.63237 ], [ -58.42376, -34.63916 ] ] ] } },
{ "type": "Feature", "properties": { "indice_acceso": 0.689 }, "geometry": { "type": "Polygon", "coordinates": [ [ [ -58.42629, -34.63511 ], [ -58.42753, -34.63532 ], [ -58.42733, -34.63612 ], [ -58.42609, -34.6359 ], [ -58.42547, -34.63833 ], [ -58.42795, -34.63877 ], [ -58.42908, -34.63436 ], [ -58.42659, -34.63395 ], [ -58.42629, -34.63511 ] ] ] } },
{ "type": "Feature", "properties": { "indice_acceso": 0.706 }, "geometry": { "type": "Polygon", "coordinates": [ [ [ -58.42795, -34.63877 ], [ -58.42908, -34.63897 ], [ -58.42935, -34.63767 ], [ -58.43062, -34.6379 ], [ -58.43086, -34.63672 ], [ -58.43213, -34.63694 ], [ -58.4323, -34.6361 ], [ -58.42878, -34.63552 ], [ -58.42795, -34.63877 ] ] ] } },
{ "type": "Feature", "properties": { "indice_acceso": 0.715 }, "geometry": { "type": "Polygon", "coordinates": [ [ [ -58.43213, -34.63694 ], [ -58.43318, -34.63712 ], [ -58.43259, -34.63824 ], [ -58.43249, -34.63954 ], [ -58.43392, -34.63967 ], [ -58.4351, -34.6364 ], [ -58.4323, -34.6361 ], [ -58.43213, -34.63694 ] ] ] } },
{ "type": "Feature", "properties": { "indice_acceso": 0.711 }, "geometry": { "type": "Polygon", "coordinates": [ [ [ -58.43086, -34.63672 ], [ -58.43035, -34.6392 ], [ -58.43249, -34.63954 ], [ -58.43259, -34.63824 ], [ -58.43318, -34.63712 ], [ -58.43086, -34.63672 ] ] ] } },
{ "type": "Feature", "properties": { "indice_acceso": 0.712 }, "geometry": { "type": "Polygon", "coordinates": [ [ [ -58.42992, -34.64128 ], [ -58.43312, -34.6419 ], [ -58.43392, -34.63967 ], [ -58.43035, -34.6392 ], [ -58.42992, -34.64128 ] ] ] } },
{ "type": "Feature", "properties": { "indice_acceso": 0.696 }, "geometry": { "type": "Polygon", "coordinates": [ [ [ -58.42795, -34.63877 ], [ -58.42742, -34.64086 ], [ -58.42992, -34.64128 ], [ -58.43062, -34.6379 ], [ -58.42935, -34.63767 ], [ -58.42912, -34.63881 ], [ -58.42795, -34.63877 ] ] ] } },
{ "type": "Feature", "properties": { "indice_acceso": 0.695 }, "geometry": { "type": "Polygon", "coordinates": [ [ [ -58.42376, -34.63916 ], [ -58.42349, -34.6402 ], [ -58.42742, -34.64086 ], [ -58.42795, -34.63877 ], [ -58.42547, -34.63833 ], [ -58.42524, -34.63923 ], [ -58.42376, -34.63916 ] ] ] } },
{ "type": "Feature", "properties": { "indice_acceso": 0.695 }, "geometry": { "type": "Polygon", "coordinates": [ [ [ -58.49682, -34.67878 ], [ -58.49784, -34.67801 ], [ -58.49564, -34.67605 ], [ -58.49462, -34.67681 ], [ -58.49682, -34.67878 ] ] ] } },
{ "type": "Feature", "properties": { "indice_acceso": 0.693 }, "geometry": { "type": "Polygon", "coordinates": [ [ [ -58.49171, -34.67419 ], [ -58.49462, -34.67681 ], [ -58.49564, -34.67605 ], [ -58.49784, -34.67801 ], [ -58.50252, -34.67451 ], [ -58.49872, -34.67239 ], [ -58.49574, -34.67006 ], [ -58.49171, -34.67419 ] ] ] } },
{ "type": "Feature", "properties": { "indice_acceso": 0.691 }, "geometry": { "type": "Polygon", "coordinates": [ [ [ -58.49222, -34.67131 ], [ -58.4914, -34.67122 ], [ -58.49159, -34.67231 ], [ -58.49242, -34.67347 ], [ -58.49345, -34.67243 ], [ -58.49222, -34.67131 ] ] ] } },
{ "type": "Feature", "properties": { "indice_acceso": 0.686 }, "geometry": { "type": "Polygon", "coordinates": [ [ [ -58.49172, -34.67004 ], [ -58.4914, -34.67122 ], [ -58.49222, -34.67131 ], [ -58.49345, -34.67243 ], [ -58.49454, -34.67129 ], [ -58.49377, -34.67017 ], [ -58.4924, -34.67078 ], [ -58.49202, -34.67051 ], [ -58.49396, -34.66831 ], [ -58.49346, -34.6678 ], [ -58.49172, -34.67004 ] ] ] } },
{ "type": "Feature", "properties": { "indice_acceso": 0.687 }, "geometry": { "type": "Polygon", "coordinates": [ [ [ -58.49202, -34.67051 ], [ -58.4924, -34.67078 ], [ -58.49377, -34.67017 ], [ -58.49454, -34.67129 ], [ -58.49574, -34.67006 ], [ -58.49396, -34.66831 ], [ -58.49202, -34.67051 ] ] ] } },
{ "type": "Feature", "properties": { "indice_acceso": 0.68 }, "geometry": { "type": "Polygon", "coordinates": [ [ [ -58.49078, -34.66887 ], [ -58.49056, -34.66916 ], [ -58.49179, -34.66992 ], [ -58.49346, -34.6678 ], [ -58.4929, -34.66719 ], [ -58.49078, -34.66887 ] ] ] } },
{ "type": "Feature", "properties": { "indice_acceso": 0.67 }, "geometry": { "type": "Polygon", "coordinates": [ [ [ -58.49017, -34.6685 ], [ -58.49053, -34.6691 ], [ -58.4929, -34.66719 ], [ -58.49218, -34.66645 ], [ -58.49017, -34.6685 ] ] ] } },
{ "type": "Feature", "properties": { "indice_acceso": 0.662 }, "geometry": { "type": "Polygon", "coordinates": [ [ [ -58.48737, -34.6681 ], [ -58.48889, -34.66944 ], [ -58.49218, -34.66645 ], [ -58.491, -34.66526 ], [ -58.48737, -34.6681 ] ] ] } },
{ "type": "Feature", "properties": { "indice_acceso": 0.667 }, "geometry": { "type": "Polygon", "coordinates": [ [ [ -58.48533, -34.67253 ], [ -58.48785, -34.67478 ], [ -58.48866, -34.67372 ], [ -58.48973, -34.66977 ], [ -58.48938, -34.66942 ], [ -58.49017, -34.6685 ], [ -58.48533, -34.67253 ] ] ] } },
{ "type": "Feature", "properties": { "indice_acceso": 0.676 }, "geometry": { "type": "Polygon", "coordinates": [ [ [ -58.48938, -34.66942 ], [ -58.48973, -34.66977 ], [ -58.48918, -34.67161 ], [ -58.48971, -34.67188 ], [ -58.49113, -34.66962 ], [ -58.49017, -34.6685 ], [ -58.48938, -34.66942 ] ] ] } },
{ "type": "Feature", "properties": { "indice_acceso": 0.685 }, "geometry": { "type": "Polygon", "coordinates": [ [ [ -58.48971, -34.67188 ], [ -58.49171, -34.67255 ], [ -58.49139, -34.67137 ], [ -58.49179, -34.66992 ], [ -58.49113, -34.66962 ], [ -58.48971, -34.67188 ] ] ] } },
{ "type": "Feature", "properties": { "indice_acceso": 0.682 }, "geometry": { "type": "Polygon", "coordinates": [ [ [ -58.48866, -34.67372 ], [ -58.48785, -34.67478 ], [ -58.48865, -34.67537 ], [ -58.48838, -34.67715 ], [ -58.49242, -34.67347 ], [ -58.49171, -34.67255 ], [ -58.48914, -34.67177 ], [ -58.48866, -34.67372 ] ] ] } },
{ "type": "Feature", "properties": { "indice_acceso": 0.696 }, "geometry": { "type": "Polygon", "coordinates": [ [ [ -58.49421, -34.67807 ], [ -58.4942, -34.67877 ], [ -58.4953, -34.67877 ], [ -58.49596, -34.67942 ], [ -58.49682, -34.67878 ], [ -58.49462, -34.67681 ], [ -58.49358, -34.67758 ], [ -58.49421, -34.67807 ] ] ] } },
{ "type": "Feature", "properties": { "indice_acceso": 0.696 }, "geometry": { "type": "Polygon", "coordinates": [ [ [ -58.49178, -34.67734 ], [ -58.49201, -34.67753 ], [ -58.49231, -34.67729 ], [ -58.49307, -34.67796 ], [ -58.49462, -34.67681 ], [ -58.49332, -34.67565 ], [ -58.49178, -34.67734 ] ] ] } },
{ "type": "Feature", "properties": { "indice_acceso": 0.69 }, "geometry": { "type": "Polygon", "coordinates": [ [ [ -58.49307, -34.67796 ], [ -58.4929, -34.67875 ], [ -58.4942, -34.67877 ], [ -58.49421, -34.67807 ], [ -58.49358, -34.67758 ], [ -58.49307, -34.67796 ] ] ] } },
{ "type": "Feature", "properties": { "indice_acceso": 0.689 }, "geometry": { "type": "Polygon", "coordinates": [ [ [ -58.49126, -34.67812 ], [ -58.49198, -34.67872 ], [ -58.4929, -34.67875 ], [ -58.49307, -34.67796 ], [ -58.49231, -34.67729 ], [ -58.49126, -34.67812 ] ] ] } },
{ "type": "Feature", "properties": { "indice_acceso": 0.697 }, "geometry": { "type": "Polygon", "coordinates": [ [ [ -58.48997, -34.67592 ], [ -58.4912, -34.67654 ], [ -58.49036, -34.67735 ], [ -58.49126, -34.67812 ], [ -58.49332, -34.67565 ], [ -58.49171, -34.67419 ], [ -58.48997, -34.67592 ] ] ] } },
{ "type": "Feature", "properties": { "indice_acceso": 0.699 }, "geometry": { "type": "Polygon", "coordinates": [ [ [ -58.48935, -34.67648 ], [ -58.49036, -34.67735 ], [ -58.49118, -34.6768 ], [ -58.4911, -34.67639 ], [ -58.48997, -34.67592 ], [ -58.48935, -34.67648 ] ] ] } },
{ "type": "Feature", "properties": { "indice_acceso": 0.686 }, "geometry": { "type": "Polygon", "coordinates": [ [ [ -58.49008, -34.67829 ], [ -58.48978, -34.67791 ], [ -58.49036, -34.67735 ], [ -58.48935, -34.67648 ], [ -58.48765, -34.67803 ], [ -58.48979, -34.67867 ], [ -58.49008, -34.67829 ] ] ] } },
{ "type": "Feature", "properties": { "indice_acceso": 0.69 }, "geometry": { "type": "Polygon", "coordinates": [ [ [ -58.49008, -34.67829 ], [ -58.48997, -34.67871 ], [ -58.49223, -34.6792 ], [ -58.49462, -34.68062 ], [ -58.49596, -34.67942 ], [ -58.4953, -34.67877 ], [ -58.49198, -34.67872 ], [ -58.49036, -34.67735 ], [ -58.48981, -34.6782 ], [ -58.49008, -34.67829 ] ] ] } },
{ "type": "Feature", "properties": { "indice_acceso": 0.706 }, "geometry": { "type": "Polygon", "coordinates": [ [ [ -58.49462, -34.68062 ], [ -58.49223, -34.6792 ], [ -58.48979, -34.67867 ], [ -58.48934, -34.68004 ], [ -58.4901, -34.6802 ], [ -58.48983, -34.68107 ], [ -58.49155, -34.68159 ], [ -58.49233, -34.68217 ], [ -58.49462, -34.68062 ] ] ] } },
{ "type": "Feature", "properties": { "indice_acceso": 0.71 }, "geometry": { "type": "Polygon", "coordinates": [ [ [ -58.49154, -34.68277 ], [ -58.49233, -34.68217 ], [ -58.49155, -34.68159 ], [ -58.48983, -34.68107 ], [ -58.4901, -34.6802 ], [ -58.48934, -34.68004 ], [ -58.48979, -34.67867 ], [ -58.48765, -34.67803 ], [ -58.48681, -34.67877 ], [ -58.49154, -34.68277 ] ] ] } },
{ "type": "Feature", "properties": { "indice_acceso": 0.661 }, "geometry": { "type": "Polygon", "coordinates": [ [ [ -58.4836, -34.671 ], [ -58.48533, -34.67253 ], [ -58.48889, -34.66944 ], [ -58.48737, -34.6681 ], [ -58.4836, -34.671 ] ] ] } },
{ "type": "Feature", "properties": { "indice_acceso": 0.656 }, "geometry": { "type": "Polygon", "coordinates": [ [ [ -58.48107, -34.67291 ], [ -58.47986, -34.67288 ], [ -58.48235, -34.675 ], [ -58.48533, -34.67253 ], [ -58.4836, -34.671 ], [ -58.48107, -34.67291 ] ] ] } },
{ "type": "Feature", "properties": { "indice_acceso": 0.667 }, "geometry": { "type": "Polygon", "coordinates": [ [ [ -58.48235, -34.675 ], [ -58.48681, -34.67877 ], [ -58.48861, -34.67715 ], [ -58.48827, -34.67691 ], [ -58.48865, -34.67537 ], [ -58.48533, -34.67253 ], [ -58.48235, -34.675 ] ] ] } },
{ "type": "Feature", "properties": { "indice_acceso": 0.668 }, "geometry": { "type": "Polygon", "coordinates": [ [ [ -58.48266, -34.67936 ], [ -58.48511, -34.67733 ], [ -58.48235, -34.675 ], [ -58.47992, -34.67701 ], [ -58.48266, -34.67936 ] ] ] } },
{ "type": "Feature", "properties": { "indice_acceso": 0.669 }, "geometry": { "type": "Polygon", "coordinates": [ [ [ -58.47826, -34.67575 ], [ -58.47992, -34.67701 ], [ -58.48235, -34.675 ], [ -58.47526, -34.66897 ], [ -58.47826, -34.67575 ] ] ] } },
{ "type": "Feature", "properties": { "indice_acceso": 0.691 }, "geometry": { "type": "Polygon", "coordinates": [ [ [ -58.48093, -34.68183 ], [ -58.48183, -34.68299 ], [ -58.4844, -34.68084 ], [ -58.47826, -34.67575 ], [ -58.48093, -34.68183 ] ] ] } },
{ "type": "Feature", "properties": { "indice_acceso": 0.69 }, "geometry": { "type": "Polygon", "coordinates": [ [ [ -58.48266, -34.67936 ], [ -58.4844, -34.68084 ], [ -58.48681, -34.67877 ], [ -58.48511, -34.67733 ], [ -58.48266, -34.67936 ] ] ] } },
{ "type": "Feature", "properties": { "indice_acceso": 0.716 }, "geometry": { "type": "Polygon", "coordinates": [ [ [ -58.48316, -34.68191 ], [ -58.48692, -34.68282 ], [ -58.48682, -34.68319 ], [ -58.49039, -34.68363 ], [ -58.49154, -34.68277 ], [ -58.48681, -34.67877 ], [ -58.48316, -34.68191 ] ] ] } },
{ "type": "Feature", "properties": { "indice_acceso": 0.747 }, "geometry": { "type": "Polygon", "coordinates": [ [ [ -58.48692, -34.68282 ], [ -58.48316, -34.68191 ], [ -58.48183, -34.68299 ], [ -58.48411, -34.68548 ], [ -58.48557, -34.68498 ], [ -58.48426, -34.68463 ], [ -58.48469, -34.68431 ], [ -58.48645, -34.68413 ], [ -58.48692, -34.68282 ] ] ] } },
{ "type": "Feature", "properties": { "indice_acceso": 0.753 }, "geometry": { "type": "Polygon", "coordinates": [ [ [ -58.48561, -34.68724 ], [ -58.49039, -34.68363 ], [ -58.48682, -34.68319 ], [ -58.48645, -34.68413 ], [ -58.48469, -34.68431 ], [ -58.48426, -34.68463 ], [ -58.48557, -34.68498 ], [ -58.48411, -34.68548 ], [ -58.48561, -34.68724 ] ] ] } },
{ "type": "Feature", "properties": { "indice_acceso": 0.656 }, "geometry": { "type": "Polygon", "coordinates": [ [ [ -58.48524, -34.66624 ], [ -58.48737, -34.6681 ], [ -58.491, -34.66526 ], [ -58.48895, -34.66334 ], [ -58.48524, -34.66624 ] ] ] } },
{ "type": "Feature", "properties": { "indice_acceso": 0.639 }, "geometry": { "type": "Polygon", "coordinates": [ [ [ -58.48371, -34.6629 ], [ -58.48649, -34.66526 ], [ -58.48895, -34.66334 ], [ -58.48594, -34.66245 ], [ -58.48503, -34.66187 ], [ -58.48371, -34.6629 ] ] ] } },
{ "type": "Feature", "properties": { "indice_acceso": 0.654 }, "geometry": { "type": "Polygon", "coordinates": [ [ [ -58.48246, -34.66388 ], [ -58.48524, -34.66624 ], [ -58.48649, -34.66526 ], [ -58.48371, -34.6629 ], [ -58.48246, -34.66388 ] ] ] } },
{ "type": "Feature", "properties": { "indice_acceso": 0.666 }, "geometry": { "type": "Polygon", "coordinates": [ [ [ -58.48089, -34.66254 ], [ -58.48246, -34.66388 ], [ -58.48503, -34.66187 ], [ -58.48323, -34.66072 ], [ -58.48089, -34.66254 ] ] ] } },
{ "type": "Feature", "properties": { "indice_acceso": 0.676 }, "geometry": { "type": "Polygon", "coordinates": [ [ [ -58.47893, -34.66534 ], [ -58.48127, -34.66736 ], [ -58.48286, -34.66612 ], [ -58.48129, -34.66479 ], [ -58.48246, -34.66388 ], [ -58.48168, -34.66321 ], [ -58.47893, -34.66534 ] ] ] } },
{ "type": "Feature", "properties": { "indice_acceso": 0.66 }, "geometry": { "type": "Polygon", "coordinates": [ [ [ -58.48129, -34.66479 ], [ -58.48286, -34.66612 ], [ -58.48127, -34.66736 ], [ -58.48248, -34.66841 ], [ -58.48524, -34.66624 ], [ -58.48246, -34.66388 ], [ -58.48129, -34.66479 ] ] ] } },
{ "type": "Feature", "properties": { "indice_acceso": 0.651 }, "geometry": { "type": "Polygon", "coordinates": [ [ [ -58.48248, -34.66841 ], [ -58.48458, -34.67024 ], [ -58.48737, -34.6681 ], [ -58.48524, -34.66624 ], [ -58.48248, -34.66841 ] ] ] } },
{ "type": "Feature", "properties": { "indice_acceso": 0.66 }, "geometry": { "type": "Polygon", "coordinates": [ [ [ -58.47942, -34.67078 ], [ -58.48054, -34.67173 ], [ -58.47946, -34.67253 ], [ -58.47986, -34.67288 ], [ -58.48107, -34.67291 ], [ -58.48458, -34.67024 ], [ -58.48248, -34.66841 ], [ -58.47942, -34.67078 ] ] ] } },
{ "type": "Feature", "properties": { "indice_acceso": 0.671 }, "geometry": { "type": "Polygon", "coordinates": [ [ [ -58.47715, -34.67058 ], [ -58.47946, -34.67253 ], [ -58.48054, -34.67173 ], [ -58.47942, -34.67078 ], [ -58.48248, -34.66841 ], [ -58.48127, -34.66736 ], [ -58.47715, -34.67058 ] ] ] } },
{ "type": "Feature", "properties": { "indice_acceso": 0.677 }, "geometry": { "type": "Polygon", "coordinates": [ [ [ -58.47689, -34.66693 ], [ -58.47927, -34.66893 ], [ -58.48127, -34.66736 ], [ -58.47893, -34.66534 ], [ -58.47689, -34.66693 ] ] ] } },
{ "type": "Feature", "properties": { "indice_acceso": 0.681 }, "geometry": { "type": "Polygon", "coordinates": [ [ [ -58.475, -34.6684 ], [ -58.47526, -34.66897 ], [ -58.47715, -34.67058 ], [ -58.47927, -34.66893 ], [ -58.47689, -34.66693 ], [ -58.475, -34.6684 ] ] ] } },
{ "type": "Feature", "properties": { "indice_acceso": 0.675 }, "geometry": { "type": "Polygon", "coordinates": [ [ [ -58.47978, -34.65956 ], [ -58.48057, -34.66023 ], [ -58.47932, -34.6612 ], [ -58.48089, -34.66254 ], [ -58.48323, -34.66072 ], [ -58.48053, -34.65897 ], [ -58.47978, -34.65956 ] ] ] } },
{ "type": "Feature", "properties": { "indice_acceso": 0.689 }, "geometry": { "type": "Polygon", "coordinates": [ [ [ -58.47704, -34.65925 ], [ -58.47932, -34.6612 ], [ -58.48057, -34.66023 ], [ -58.47978, -34.65956 ], [ -58.48053, -34.65897 ], [ -58.47881, -34.65785 ], [ -58.47704, -34.65925 ] ] ] } },
{ "type": "Feature", "properties": { "indice_acceso": 0.703 }, "geometry": { "type": "Polygon", "coordinates": [ [ [ -58.47513, -34.66074 ], [ -58.47741, -34.66269 ], [ -58.47932, -34.6612 ], [ -58.47704, -34.65925 ], [ -58.47513, -34.66074 ] ] ] } },
{ "type": "Feature", "properties": { "indice_acceso": 0.686 }, "geometry": { "type": "Polygon", "coordinates": [ [ [ -58.47741, -34.66269 ], [ -58.47897, -34.66404 ], [ -58.47972, -34.66345 ], [ -58.48051, -34.66412 ], [ -58.48168, -34.66321 ], [ -58.47932, -34.6612 ], [ -58.47741, -34.66269 ] ] ] } },
{ "type": "Feature", "properties": { "indice_acceso": 0.685 }, "geometry": { "type": "Polygon", "coordinates": [ [ [ -58.47662, -34.66586 ], [ -58.47713, -34.66629 ], [ -58.47543, -34.66759 ], [ -58.47558, -34.66796 ], [ -58.48051, -34.66412 ], [ -58.47972, -34.66345 ], [ -58.47662, -34.66586 ] ] ] } },
{ "type": "Feature", "properties": { "indice_acceso": 0.692 }, "geometry": { "type": "Polygon", "coordinates": [ [ [ -58.47504, -34.66453 ], [ -58.47662, -34.66586 ], [ -58.47897, -34.66404 ], [ -58.47741, -34.66269 ], [ -58.47504, -34.66453 ] ] ] } },
{ "type": "Feature", "properties": { "indice_acceso": 0.719 }, "geometry": { "type": "Polygon", "coordinates": [ [ [ -58.47432, -34.66141 ], [ -58.47531, -34.66225 ], [ -58.47424, -34.6631 ], [ -58.47321, -34.66227 ], [ -58.47252, -34.66277 ], [ -58.4733, -34.66453 ], [ -58.47425, -34.66385 ], [ -58.47504, -34.66453 ], [ -58.47741, -34.66269 ], [ -58.47513, -34.66074 ], [ -58.47432, -34.66141 ] ] ] } },
{ "type": "Feature", "properties": { "indice_acceso": 0.715 }, "geometry": { "type": "Polygon", "coordinates": [ [ [ -58.47321, -34.66227 ], [ -58.47424, -34.6631 ], [ -58.47531, -34.66225 ], [ -58.47432, -34.66141 ], [ -58.47321, -34.66227 ] ] ] } },
{ "type": "Feature", "properties": { "indice_acceso": 0.698 }, "geometry": { "type": "Polygon", "coordinates": [ [ [ -58.47367, -34.66537 ], [ -58.47453, -34.66537 ], [ -58.47474, -34.66507 ], [ -58.47472, -34.66539 ], [ -58.4753, -34.66547 ], [ -58.4756, -34.665 ], [ -58.47425, -34.66385 ], [ -58.4733, -34.66453 ], [ -58.47367, -34.66537 ] ] ] } },
{ "type": "Feature", "properties": { "indice_acceso": 0.698 }, "geometry": { "type": "Polygon", "coordinates": [ [ [ -58.47405, -34.66623 ], [ -58.47713, -34.66629 ], [ -58.4756, -34.665 ], [ -58.4753, -34.66547 ], [ -58.47472, -34.66539 ], [ -58.47474, -34.66507 ], [ -58.47453, -34.66537 ], [ -58.47367, -34.66537 ], [ -58.47405, -34.66623 ] ] ] } },
{ "type": "Feature", "properties": { "indice_acceso": 0.694 }, "geometry": { "type": "Polygon", "coordinates": [ [ [ -58.47574, -34.66637 ], [ -58.47405, -34.66623 ], [ -58.475, -34.6684 ], [ -58.47558, -34.66796 ], [ -58.47543, -34.66759 ], [ -58.47701, -34.66638 ], [ -58.47574, -34.66637 ] ] ] } },
{ "type": "Feature", "properties": { "indice_acceso": 0.721 }, "geometry": { "type": "Polygon", "coordinates": [ [ [ -58.471, -34.66401 ], [ -58.47251, -34.66518 ], [ -58.4733, -34.66453 ], [ -58.47252, -34.66277 ], [ -58.471, -34.66401 ] ] ] } },
{ "type": "Feature", "properties": { "indice_acceso": 0.714 }, "geometry": { "type": "Polygon", "coordinates": [ [ [ -58.47016, -34.66467 ], [ -58.47162, -34.6659 ], [ -58.47202, -34.66556 ], [ -58.47259, -34.66589 ], [ -58.47298, -34.66557 ], [ -58.471, -34.66401 ], [ -58.47016, -34.66467 ] ] ] } },
{ "type": "Feature", "properties": { "indice_acceso": 0.7 }, "geometry": { "type": "Polygon", "coordinates": [ [ [ -58.47251, -34.66518 ], [ -58.47298, -34.66557 ], [ -58.47259, -34.66589 ], [ -58.47202, -34.66556 ], [ -58.47162, -34.6659 ], [ -58.47526, -34.66897 ], [ -58.4733, -34.66453 ], [ -58.47251, -34.66518 ] ] ] } },
{ "type": "Feature", "properties": { "indice_acceso": 0.705 }, "geometry": { "type": "Polygon", "coordinates": [ [ [ -58.47461, -34.66875 ], [ -58.47233, -34.67051 ], [ -58.47461, -34.67258 ], [ -58.47636, -34.67263 ], [ -58.47656, -34.6731 ], [ -58.4771, -34.67306 ], [ -58.47526, -34.66897 ], [ -58.4744, -34.66827 ], [ -58.47461, -34.66875 ] ] ] } },
{ "type": "Feature", "properties": { "indice_acceso": 0.706 }, "geometry": { "type": "Polygon", "coordinates": [ [ [ -58.47009, -34.66841 ], [ -58.47233, -34.67051 ], [ -58.47461, -34.66875 ], [ -58.47243, -34.66659 ], [ -58.47009, -34.66841 ] ] ] } },
{ "type": "Feature", "properties": { "indice_acceso": 0.713 }, "geometry": { "type": "Polygon", "coordinates": [ [ [ -58.46794, -34.66638 ], [ -58.47009, -34.66841 ], [ -58.47243, -34.66659 ], [ -58.47016, -34.66467 ], [ -58.46794, -34.66638 ] ] ] } },
{ "type": "Feature", "properties": { "indice_acceso": 0.725 }, "geometry": { "type": "Polygon", "coordinates": [ [ [ -58.46479, -34.66887 ], [ -58.46322, -34.66938 ], [ -58.4615, -34.67108 ], [ -58.462, -34.67141 ], [ -58.46903, -34.67269 ], [ -58.46855, -34.67216 ], [ -58.47158, -34.66981 ], [ -58.46794, -34.66638 ], [ -58.46479, -34.66887 ] ] ] } },
{ "type": "Feature", "properties": { "indice_acceso": 0.722 }, "geometry": { "type": "Polygon", "coordinates": [ [ [ -58.46855, -34.67216 ], [ -58.47461, -34.67258 ], [ -58.47381, -34.6719 ], [ -58.47158, -34.66981 ], [ -58.46855, -34.67216 ] ] ] } },
{ "type": "Feature", "properties": { "indice_acceso": 0.711 }, "geometry": { "type": "Polygon", "coordinates": [ [ [ -58.46903, -34.67269 ], [ -58.47412, -34.67488 ], [ -58.47656, -34.6731 ], [ -58.47636, -34.67263 ], [ -58.46855, -34.67216 ], [ -58.46903, -34.67269 ] ] ] } },
{ "type": "Feature", "properties": { "indice_acceso": 0.715 }, "geometry": { "type": "Polygon", "coordinates": [ [ [ -58.47215, -34.67641 ], [ -58.47412, -34.67488 ], [ -58.46923, -34.67292 ], [ -58.47154, -34.67497 ], [ -58.47103, -34.67538 ], [ -58.47215, -34.67641 ] ] ] } },
{ "type": "Feature", "properties": { "indice_acceso": 0.731 }, "geometry": { "type": "Polygon", "coordinates": [ [ [ -58.47155, -34.67688 ], [ -58.47215, -34.67641 ], [ -58.47103, -34.67538 ], [ -58.47154, -34.67497 ], [ -58.47, -34.6736 ], [ -58.46894, -34.67447 ], [ -58.47155, -34.67688 ] ] ] } },
{ "type": "Feature", "properties": { "indice_acceso": 0.737 }, "geometry": { "type": "Polygon", "coordinates": [ [ [ -58.46943, -34.67852 ], [ -58.47155, -34.67688 ], [ -58.4697, -34.67516 ], [ -58.46858, -34.67606 ], [ -58.46932, -34.67676 ], [ -58.46833, -34.67756 ], [ -58.46943, -34.67852 ] ] ] } },
{ "type": "Feature", "properties": { "indice_acceso": 0.753 }, "geometry": { "type": "Polygon", "coordinates": [ [ [ -58.46858, -34.67606 ], [ -58.4697, -34.67516 ], [ -58.46894, -34.67447 ], [ -58.47, -34.6736 ], [ -58.46923, -34.67292 ], [ -58.46706, -34.67469 ], [ -58.46858, -34.67606 ] ] ] } },
{ "type": "Feature", "properties": { "indice_acceso": 0.746 }, "geometry": { "type": "Polygon", "coordinates": [ [ [ -58.46621, -34.67275 ], [ -58.46771, -34.67417 ], [ -58.46945, -34.67285 ], [ -58.46451, -34.67187 ], [ -58.46525, -34.67265 ], [ -58.46621, -34.67275 ] ] ] } },
{ "type": "Feature", "properties": { "indice_acceso": 0.744 }, "geometry": { "type": "Polygon", "coordinates": [ [ [ -58.46602, -34.67376 ], [ -58.46634, -34.67346 ], [ -58.46732, -34.67447 ], [ -58.46771, -34.67417 ], [ -58.46621, -34.67275 ], [ -58.46549, -34.67283 ], [ -58.46446, -34.67193 ], [ -58.46403, -34.67252 ], [ -58.46602, -34.67376 ] ] ] } },
{ "type": "Feature", "properties": { "indice_acceso": 0.726 }, "geometry": { "type": "Polygon", "coordinates": [ [ [ -58.46331, -34.67345 ], [ -58.46451, -34.67187 ], [ -58.46207, -34.6713 ], [ -58.46187, -34.67153 ], [ -58.46331, -34.67345 ] ] ] } },
{ "type": "Feature", "properties": { "indice_acceso": 0.74 }, "geometry": { "type": "Polygon", "coordinates": [ [ [ -58.46381, -34.67414 ], [ -58.46507, -34.67312 ], [ -58.46403, -34.67254 ], [ -58.46331, -34.67345 ], [ -58.46381, -34.67414 ] ] ] } },
{ "type": "Feature", "properties": { "indice_acceso": 0.747 }, "geometry": { "type": "Polygon", "coordinates": [ [ [ -58.46438, -34.67493 ], [ -58.46602, -34.67376 ], [ -58.46507, -34.67312 ], [ -58.46381, -34.67414 ], [ -58.46438, -34.67493 ] ] ] } },
{ "type": "Feature", "properties": { "indice_acceso": 0.766 }, "geometry": { "type": "Polygon", "coordinates": [ [ [ -58.46438, -34.67493 ], [ -58.46464, -34.67531 ], [ -58.46579, -34.67459 ], [ -58.46622, -34.6752 ], [ -58.46732, -34.67447 ], [ -58.46634, -34.67346 ], [ -58.46438, -34.67493 ] ] ] } },
{ "type": "Feature", "properties": { "indice_acceso": 0.777 }, "geometry": { "type": "Polygon", "coordinates": [ [ [ -58.4649, -34.6762 ], [ -58.46487, -34.677 ], [ -58.46459, -34.67722 ], [ -58.46504, -34.67761 ], [ -58.46677, -34.67623 ], [ -58.46602, -34.67549 ], [ -58.46622, -34.6752 ], [ -58.46579, -34.67459 ], [ -58.46464, -34.67531 ], [ -58.46524, -34.67609 ], [ -58.4649, -34.6762 ] ] ] } },
{ "type": "Feature", "properties": { "indice_acceso": 0.772 }, "geometry": { "type": "Polygon", "coordinates": [ [ [ -58.46602, -34.67549 ], [ -58.46677, -34.67623 ], [ -58.46784, -34.67538 ], [ -58.46706, -34.67469 ], [ -58.46602, -34.67549 ] ] ] } },
{ "type": "Feature", "properties": { "indice_acceso": 0.761 }, "geometry": { "type": "Polygon", "coordinates": [ [ [ -58.46517, -34.67752 ], [ -58.46594, -34.67819 ], [ -58.46759, -34.6769 ], [ -58.46833, -34.67756 ], [ -58.46932, -34.67676 ], [ -58.46784, -34.67538 ], [ -58.46517, -34.67752 ] ] ] } },
{ "type": "Feature", "properties": { "indice_acceso": 0.764 }, "geometry": { "type": "Polygon", "coordinates": [ [ [ -58.46473, -34.67786 ], [ -58.46622, -34.67927 ], [ -58.46833, -34.67756 ], [ -58.46759, -34.6769 ], [ -58.46594, -34.67819 ], [ -58.46517, -34.67752 ], [ -58.46473, -34.67786 ] ] ] } },
{ "type": "Feature", "properties": { "indice_acceso": 0.749 }, "geometry": { "type": "Polygon", "coordinates": [ [ [ -58.46591, -34.67937 ], [ -58.46666, -34.68031 ], [ -58.467, -34.67994 ], [ -58.46768, -34.67993 ], [ -58.46943, -34.67852 ], [ -58.46833, -34.67756 ], [ -58.46591, -34.67937 ] ] ] } },
{ "type": "Feature", "properties": { "indice_acceso": 0.748 }, "geometry": { "type": "Polygon", "coordinates": [ [ [ -58.46433, -34.67775 ], [ -58.46588, -34.67959 ], [ -58.46622, -34.67927 ], [ -58.46473, -34.67786 ], [ -58.46504, -34.67761 ], [ -58.46459, -34.67722 ], [ -58.46487, -34.677 ], [ -58.46475, -34.67656 ], [ -58.46524, -34.67609 ], [ -58.46188, -34.67122 ], [ -58.46003, -34.67257 ], [ -58.45954, -34.67354 ], [ -58.459, -34.67376 ], [ -58.45996, -34.67413 ], [ -58.4606, -34.67493 ], [ -58.46433, -34.67775 ] ] ] } },
{ "type": "Feature", "properties": { "indice_acceso": 0.712 }, "geometry": { "type": "Polygon", "coordinates": [ [ [ -58.48334, -34.68896 ], [ -58.48561, -34.68724 ], [ -58.48231, -34.6835 ], [ -58.47962, -34.68559 ], [ -58.48334, -34.68896 ] ] ] } },
{ "type": "Feature", "properties": { "indice_acceso": 0.693 }, "geometry": { "type": "Polygon", "coordinates": [ [ [ -58.48004, -34.68097 ], [ -58.48043, -34.68182 ], [ -58.48003, -34.68148 ], [ -58.47734, -34.68353 ], [ -58.47962, -34.68559 ], [ -58.48231, -34.6835 ], [ -58.4807, -34.6813 ], [ -58.48004, -34.68097 ] ] ] } },
{ "type": "Feature", "properties": { "indice_acceso": 0.678 }, "geometry": { "type": "Polygon", "coordinates": [ [ [ -58.47579, -34.68214 ], [ -58.47734, -34.68353 ], [ -58.48003, -34.68148 ], [ -58.48043, -34.68182 ], [ -58.48004, -34.68097 ], [ -58.4807, -34.6813 ], [ -58.47974, -34.67912 ], [ -58.47579, -34.68214 ] ] ] } },
{ "type": "Feature", "properties": { "indice_acceso": 0.678 }, "geometry": { "type": "Polygon", "coordinates": [ [ [ -58.47722, -34.67817 ], [ -58.47656, -34.67759 ], [ -58.47428, -34.67937 ], [ -58.47667, -34.68146 ], [ -58.4789, -34.67975 ], [ -58.47753, -34.67793 ], [ -58.47722, -34.67817 ] ] ] } },
{ "type": "Feature", "properties": { "indice_acceso": 0.683 }, "geometry": { "type": "Polygon", "coordinates": [ [ [ -58.47454, -34.67456 ], [ -58.47655, -34.67641 ], [ -58.47637, -34.67655 ], [ -58.4789, -34.67975 ], [ -58.47974, -34.67912 ], [ -58.4771, -34.67306 ], [ -58.47656, -34.6731 ], [ -58.47454, -34.67456 ] ] ] } },
{ "type": "Feature", "properties": { "indice_acceso": 0.693 }, "geometry": { "type": "Polygon", "coordinates": [ [ [ -58.47155, -34.67688 ], [ -58.47428, -34.67937 ], [ -58.47656, -34.67759 ], [ -58.47722, -34.67817 ], [ -58.47753, -34.67793 ], [ -58.47637, -34.67655 ], [ -58.47655, -34.67641 ], [ -58.47454, -34.67456 ], [ -58.47155, -34.67688 ] ] ] } },
{ "type": "Feature", "properties": { "indice_acceso": 0.699 }, "geometry": { "type": "Polygon", "coordinates": [ [ [ -58.47041, -34.67776 ], [ -58.47235, -34.67955 ], [ -58.47144, -34.68027 ], [ -58.47288, -34.68152 ], [ -58.47493, -34.67994 ], [ -58.47155, -34.67688 ], [ -58.47041, -34.67776 ] ] ] } },
{ "type": "Feature", "properties": { "indice_acceso": 0.688 }, "geometry": { "type": "Polygon", "coordinates": [ [ [ -58.47288, -34.68152 ], [ -58.47462, -34.68305 ], [ -58.47667, -34.68146 ], [ -58.47493, -34.67994 ], [ -58.47288, -34.68152 ] ] ] } },
{ "type": "Feature", "properties": { "indice_acceso": 0.708 }, "geometry": { "type": "Polygon", "coordinates": [ [ [ -58.47007, -34.68132 ], [ -58.47326, -34.68409 ], [ -58.47462, -34.68305 ], [ -58.47144, -34.68027 ], [ -58.47007, -34.68132 ] ] ] } },
{ "type": "Feature", "properties": { "indice_acceso": 0.727 }, "geometry": { "type": "Polygon", "coordinates": [ [ [ -58.46768, -34.67993 ], [ -58.467, -34.67994 ], [ -58.46911, -34.68206 ], [ -58.47235, -34.67955 ], [ -58.47041, -34.67776 ], [ -58.46768, -34.67993 ] ] ] } },
{ "type": "Feature", "properties": { "indice_acceso": 0.713 }, "geometry": { "type": "Polygon", "coordinates": [ [ [ -58.46911, -34.68206 ], [ -58.47237, -34.68477 ], [ -58.47326, -34.68409 ], [ -58.47007, -34.68132 ], [ -58.46911, -34.68206 ] ] ] } },
{ "type": "Feature", "properties": { "indice_acceso": 0.703 }, "geometry": { "type": "Polygon", "coordinates": [ [ [ -58.47877, -34.68876 ], [ -58.47953, -34.68945 ], [ -58.47838, -34.69031 ], [ -58.47983, -34.6916 ], [ -58.48334, -34.68896 ], [ -58.48114, -34.68697 ], [ -58.47877, -34.68876 ] ] ] } },
{ "type": "Feature", "properties": { "indice_acceso": 0.687 }, "geometry": { "type": "Polygon", "coordinates": [ [ [ -58.47615, -34.68443 ], [ -58.47996, -34.68786 ], [ -58.48114, -34.68697 ], [ -58.47734, -34.68353 ], [ -58.47615, -34.68443 ] ] ] } },
{ "type": "Feature", "properties": { "indice_acceso": 0.682 }, "geometry": { "type": "Polygon", "coordinates": [ [ [ -58.4723, -34.68483 ], [ -58.47381, -34.68619 ], [ -58.47734, -34.68353 ], [ -58.47579, -34.68214 ], [ -58.4723, -34.68483 ] ] ] } },
{ "type": "Feature", "properties": { "indice_acceso": 0.68 }, "geometry": { "type": "Polygon", "coordinates": [ [ [ -58.47381, -34.68619 ], [ -58.47534, -34.68757 ], [ -58.47648, -34.6867 ], [ -58.47725, -34.68739 ], [ -58.47843, -34.68648 ], [ -58.47615, -34.68443 ], [ -58.47381, -34.68619 ] ] ] } },
{ "type": "Feature", "properties": { "indice_acceso": 0.686 }, "geometry": { "type": "Polygon", "coordinates": [ [ [ -58.47725, -34.68739 ], [ -58.47648, -34.6867 ], [ -58.47534, -34.68757 ], [ -58.47762, -34.68963 ], [ -58.47996, -34.68786 ], [ -58.47843, -34.68648 ], [ -58.47725, -34.68739 ] ] ] } },
{ "type": "Feature", "properties": { "indice_acceso": 0.697 }, "geometry": { "type": "Polygon", "coordinates": [ [ [ -58.47762, -34.68963 ], [ -58.47838, -34.69031 ], [ -58.47953, -34.68945 ], [ -58.47877, -34.68876 ], [ -58.47762, -34.68963 ] ] ] } },
{ "type": "Feature", "properties": { "indice_acceso": 0.682 }, "geometry": { "type": "Polygon", "coordinates": [ [ [ -58.47742, -34.69343 ], [ -58.47983, -34.6916 ], [ -58.47686, -34.68894 ], [ -58.47445, -34.69077 ], [ -58.47742, -34.69343 ] ] ] } },
{ "type": "Feature", "properties": { "indice_acceso": 0.676 }, "geometry": { "type": "Polygon", "coordinates": [ [ [ -58.47217, -34.6887 ], [ -58.47445, -34.69077 ], [ -58.47686, -34.68894 ], [ -58.47458, -34.68688 ], [ -58.47217, -34.6887 ] ] ] } },
{ "type": "Feature", "properties": { "indice_acceso": 0.695 }, "geometry": { "type": "Polygon", "coordinates": [ [ [ -58.46992, -34.68667 ], [ -58.47217, -34.6887 ], [ -58.47458, -34.68688 ], [ -58.4723, -34.68483 ], [ -58.46992, -34.68667 ] ] ] } },
{ "type": "Feature", "properties": { "indice_acceso": 0.687 }, "geometry": { "type": "Polygon", "coordinates": [ [ [ -58.46358, -34.68864 ], [ -58.46539, -34.69023 ], [ -58.46956, -34.68697 ], [ -58.46861, -34.6864 ], [ -58.4674, -34.68731 ], [ -58.46648, -34.68651 ], [ -58.46683, -34.68611 ], [ -58.46358, -34.68864 ] ] ] } },
{ "type": "Feature", "properties": { "indice_acceso": 0.707 }, "geometry": { "type": "Polygon", "coordinates": [ [ [ -58.46683, -34.68611 ], [ -58.46648, -34.68651 ], [ -58.4674, -34.68731 ], [ -58.46861, -34.6864 ], [ -58.46956, -34.68697 ], [ -58.47237, -34.68477 ], [ -58.47062, -34.68321 ], [ -58.46683, -34.68611 ] ] ] } },
{ "type": "Feature", "properties": { "indice_acceso": 0.737 }, "geometry": { "type": "Polygon", "coordinates": [ [ [ -58.46572, -34.6803 ], [ -58.46702, -34.68152 ], [ -58.46638, -34.68218 ], [ -58.46754, -34.68247 ], [ -58.46828, -34.68408 ], [ -58.46758, -34.68478 ], [ -58.46803, -34.68517 ], [ -58.47062, -34.68321 ], [ -58.46705, -34.68005 ], [ -58.46666, -34.68031 ], [ -58.46615, -34.67987 ], [ -58.46572, -34.6803 ] ] ] } },
{ "type": "Feature", "properties": { "indice_acceso": 0.73 }, "geometry": { "type": "Polygon", "coordinates": [ [ [ -58.46524, -34.68362 ], [ -58.46675, -34.68404 ], [ -58.46648, -34.68606 ], [ -58.46683, -34.68611 ], [ -58.46803, -34.68517 ], [ -58.46758, -34.68478 ], [ -58.46828, -34.68408 ], [ -58.46754, -34.68247 ], [ -58.4665, -34.68234 ], [ -58.46524, -34.68362 ] ] ] } },
{ "type": "Feature", "properties": { "indice_acceso": 0.726 }, "geometry": { "type": "Polygon", "coordinates": [ [ [ -58.46454, -34.68434 ], [ -58.46523, -34.68589 ], [ -58.46648, -34.68606 ], [ -58.46675, -34.68404 ], [ -58.46524, -34.68362 ], [ -58.46454, -34.68434 ] ] ] } },
{ "type": "Feature", "properties": { "indice_acceso": 0.755 }, "geometry": { "type": "Polygon", "coordinates": [ [ [ -58.46504, -34.68093 ], [ -58.46256, -34.68278 ], [ -58.46393, -34.68299 ], [ -58.46466, -34.68419 ], [ -58.46702, -34.68152 ], [ -58.46579, -34.6804 ], [ -58.46504, -34.68093 ] ] ] } },
{ "type": "Feature", "properties": { "indice_acceso": 0.721 }, "geometry": { "type": "Polygon", "coordinates": [ [ [ -58.46029, -34.68446 ], [ -58.46218, -34.68478 ], [ -58.46298, -34.68648 ], [ -58.46469, -34.68474 ], [ -58.46466, -34.68419 ], [ -58.46393, -34.68299 ], [ -58.46256, -34.68278 ], [ -58.46029, -34.68446 ] ] ] } },
{ "type": "Feature", "properties": { "indice_acceso": 0.716 }, "geometry": { "type": "Polygon", "coordinates": [ [ [ -58.45772, -34.67438 ], [ -58.45064, -34.68004 ], [ -58.45777, -34.68646 ], [ -58.46615, -34.67987 ], [ -58.46433, -34.67775 ], [ -58.46068, -34.675 ], [ -58.45996, -34.67413 ], [ -58.459, -34.67376 ], [ -58.45772, -34.67438 ] ] ] } },
{ "type": "Feature", "properties": { "indice_acceso": 0.707 }, "geometry": { "type": "Polygon", "coordinates": [ [ [ -58.46295, -34.6865 ], [ -58.46347, -34.68763 ], [ -58.46468, -34.68779 ], [ -58.46683, -34.68611 ], [ -58.46523, -34.68589 ], [ -58.46469, -34.68474 ], [ -58.46295, -34.6865 ] ] ] } },
{ "type": "Feature", "properties": { "indice_acceso": 0.678 }, "geometry": { "type": "Polygon", "coordinates": [ [ [ -58.46089, -34.6886 ], [ -58.46008, -34.68874 ], [ -58.46339, -34.69179 ], [ -58.46539, -34.69023 ], [ -58.46358, -34.68864 ], [ -58.46468, -34.68779 ], [ -58.46347, -34.68763 ], [ -58.46295, -34.6865 ], [ -58.46089, -34.6886 ] ] ] } },
{ "type": "Feature", "properties": { "indice_acceso": 0.705 }, "geometry": { "type": "Polygon", "coordinates": [ [ [ -58.45931, -34.68525 ], [ -58.46118, -34.68628 ], [ -58.46107, -34.68686 ], [ -58.46202, -34.68698 ], [ -58.46076, -34.68827 ], [ -58.46089, -34.6886 ], [ -58.46298, -34.68648 ], [ -58.46218, -34.68478 ], [ -58.46029, -34.68446 ], [ -58.45931, -34.68525 ] ] ] } },
{ "type": "Feature", "properties": { "indice_acceso": 0.701 }, "geometry": { "type": "Polygon", "coordinates": [ [ [ -58.45907, -34.68639 ], [ -58.45991, -34.68815 ], [ -58.46076, -34.68827 ], [ -58.46202, -34.68698 ], [ -58.46107, -34.68686 ], [ -58.46118, -34.68628 ], [ -58.46032, -34.68564 ], [ -58.45967, -34.68564 ], [ -58.45907, -34.68639 ] ] ] } },
{ "type": "Feature", "properties": { "indice_acceso": 0.695 }, "geometry": { "type": "Polygon", "coordinates": [ [ [ -58.45777, -34.68646 ], [ -58.46008, -34.68874 ], [ -58.4604, -34.68874 ], [ -58.46093, -34.68829 ], [ -58.45988, -34.68811 ], [ -58.45907, -34.68639 ], [ -58.45968, -34.6857 ], [ -58.45931, -34.68525 ], [ -58.45777, -34.68646 ] ] ] } },
{ "type": "Feature", "properties": { "indice_acceso": 0.679 }, "geometry": { "type": "Polygon", "coordinates": [ [ [ -58.47506, -34.69521 ], [ -58.47742, -34.69343 ], [ -58.47445, -34.69077 ], [ -58.47208, -34.69256 ], [ -58.47506, -34.69521 ] ] ] } },
{ "type": "Feature", "properties": { "indice_acceso": 0.672 }, "geometry": { "type": "Polygon", "coordinates": [ [ [ -58.47208, -34.69256 ], [ -58.47445, -34.69077 ], [ -58.47217, -34.6887 ], [ -58.4698, -34.6905 ], [ -58.47208, -34.69256 ] ] ] } },
{ "type": "Feature", "properties": { "indice_acceso": 0.686 }, "geometry": { "type": "Polygon", "coordinates": [ [ [ -58.46758, -34.68852 ], [ -58.4698, -34.6905 ], [ -58.47217, -34.6887 ], [ -58.46992, -34.68667 ], [ -58.46758, -34.68852 ] ] ] } },
{ "type": "Feature", "properties": { "indice_acceso": 0.669 }, "geometry": { "type": "Polygon", "coordinates": [ [ [ -58.46339, -34.69179 ], [ -58.46476, -34.69305 ], [ -58.46666, -34.69162 ], [ -58.46742, -34.6923 ], [ -58.4698, -34.6905 ], [ -58.46758, -34.68852 ], [ -58.46339, -34.69179 ] ] ] } },
{ "type": "Feature", "properties": { "indice_acceso": 0.538 }, "geometry": { "type": "Polygon", "coordinates": [ [ [ -58.47208, -34.69256 ], [ -58.4698, -34.6905 ], [ -58.46742, -34.6923 ], [ -58.4696, -34.69426 ], [ -58.47208, -34.69256 ] ] ] } },
{ "type": "Feature", "properties": { "indice_acceso": 0.544 }, "geometry": { "type": "Polygon", "coordinates": [ [ [ -58.47506, -34.69521 ], [ -58.47208, -34.69256 ], [ -58.46971, -34.69436 ], [ -58.47047, -34.69504 ], [ -58.46929, -34.69594 ], [ -58.47005, -34.69663 ], [ -58.46929, -34.69719 ], [ -58.47053, -34.69848 ], [ -58.47506, -34.69521 ] ] ] } },
{ "type": "Feature", "properties": { "indice_acceso": 0.528 }, "geometry": { "type": "Polygon", "coordinates": [ [ [ -58.44418, -34.68502 ], [ -58.45625, -34.69945 ], [ -58.46171, -34.70529 ], [ -58.46351, -34.70425 ], [ -58.46399, -34.70357 ], [ -58.47063, -34.69856 ], [ -58.46929, -34.69719 ], [ -58.47005, -34.69663 ], [ -58.46929, -34.69594 ], [ -58.47047, -34.69504 ], [ -58.46666, -34.69162 ], [ -58.46476, -34.69305 ], [ -58.45119, -34.68059 ], [ -58.45081, -34.68088 ], [ -58.45032, -34.68043 ], [ -58.44418, -34.68502 ] ] ] } },
{ "type": "Feature", "properties": { "indice_acceso": 0.751 }, "geometry": { "type": "Polygon", "coordinates": [ [ [ -58.44432, -34.66937 ], [ -58.4435, -34.66913 ], [ -58.44015, -34.66603 ], [ -58.43218, -34.67081 ], [ -58.44418, -34.68502 ], [ -58.44994, -34.6805 ], [ -58.45111, -34.6808 ], [ -58.45077, -34.67984 ], [ -58.45772, -34.67438 ], [ -58.459, -34.67376 ], [ -58.45841, -34.67339 ], [ -58.45805, -34.67248 ], [ -58.45396, -34.66862 ], [ -58.45227, -34.66771 ], [ -58.45127, -34.66564 ], [ -58.4497, -34.66516 ], [ -58.44432, -34.66937 ] ] ] } },
{ "type": "Feature", "properties": { "indice_acceso": 0.686 }, "geometry": { "type": "Polygon", "coordinates": [ [ [ -58.43218, -34.67081 ], [ -58.43993, -34.66616 ], [ -58.43515, -34.66388 ], [ -58.43471, -34.66499 ], [ -58.43105, -34.66298 ], [ -58.43035, -34.66385 ], [ -58.42503, -34.66081 ], [ -58.42401, -34.66208 ], [ -58.42621, -34.66384 ], [ -58.43218, -34.67081 ] ] ] } },
{ "type": "Feature", "properties": { "indice_acceso": 0.703 }, "geometry": { "type": "Polygon", "coordinates": [ [ [ -58.43105, -34.66298 ], [ -58.43471, -34.66499 ], [ -58.43515, -34.66388 ], [ -58.43993, -34.66616 ], [ -58.44015, -34.66603 ], [ -58.44094, -34.66678 ], [ -58.44216, -34.6658 ], [ -58.43658, -34.66098 ], [ -58.43486, -34.66234 ], [ -58.43254, -34.66128 ], [ -58.43105, -34.66298 ] ] ] } },
{ "type": "Feature", "properties": { "indice_acceso": 0.708 }, "geometry": { "type": "Polygon", "coordinates": [ [ [ -58.43424, -34.65956 ], [ -58.43825, -34.66124 ], [ -58.43754, -34.66181 ], [ -58.44216, -34.6658 ], [ -58.44456, -34.6639 ], [ -58.44055, -34.66245 ], [ -58.43979, -34.66195 ], [ -58.44007, -34.66172 ], [ -58.43442, -34.65938 ], [ -58.43424, -34.65956 ] ] ] } },
{ "type": "Feature", "properties": { "indice_acceso": 0.68 }, "geometry": { "type": "Polygon", "coordinates": [ [ [ -58.43254, -34.66128 ], [ -58.43486, -34.66234 ], [ -58.43658, -34.66098 ], [ -58.43754, -34.66181 ], [ -58.43825, -34.66124 ], [ -58.43424, -34.65956 ], [ -58.43254, -34.66128 ] ] ] } },
{ "type": "Feature", "properties": { "indice_acceso": 0.661 }, "geometry": { "type": "Polygon", "coordinates": [ [ [ -58.43254, -34.66128 ], [ -58.43424, -34.65956 ], [ -58.43235, -34.65806 ], [ -58.4308, -34.65964 ], [ -58.42972, -34.65904 ], [ -58.42908, -34.6597 ], [ -58.43254, -34.66128 ] ] ] } },
{ "type": "Feature", "properties": { "indice_acceso": 0.674 }, "geometry": { "type": "Polygon", "coordinates": [ [ [ -58.42978, -34.65647 ], [ -58.42674, -34.65867 ], [ -58.42908, -34.6597 ], [ -58.42972, -34.65904 ], [ -58.4308, -34.65964 ], [ -58.43235, -34.65806 ], [ -58.43424, -34.65956 ], [ -58.43277, -34.65808 ], [ -58.43129, -34.65542 ], [ -58.42978, -34.65647 ] ] ] } },
{ "type": "Feature", "properties": { "indice_acceso": 0.662 }, "geometry": { "type": "Polygon", "coordinates": [ [ [ -58.42503, -34.66081 ], [ -58.43035, -34.66385 ], [ -58.43254, -34.66128 ], [ -58.42677, -34.65869 ], [ -58.42503, -34.66081 ] ] ] } },
{ "type": "Feature", "properties": { "indice_acceso": 0.715 }, "geometry": { "type": "Polygon", "coordinates": [ [ [ -58.45742, -34.65707 ], [ -58.45691, -34.65746 ], [ -58.45613, -34.65676 ], [ -58.45584, -34.65699 ], [ -58.45612, -34.65722 ], [ -58.45518, -34.65797 ], [ -58.45673, -34.65956 ], [ -58.46026, -34.65691 ], [ -58.45962, -34.65636 ], [ -58.45811, -34.65754 ], [ -58.45742, -34.65707 ] ] ] } },
{ "type": "Feature", "properties": { "indice_acceso": 0.731 }, "geometry": { "type": "Polygon", "coordinates": [ [ [ -58.45735, -34.6558 ], [ -58.45613, -34.65676 ], [ -58.45691, -34.65746 ], [ -58.45742, -34.65707 ], [ -58.45803, -34.65761 ], [ -58.4588, -34.657 ], [ -58.45735, -34.6558 ] ] ] } },
{ "type": "Feature", "properties": { "indice_acceso": 0.741 }, "geometry": { "type": "Polygon", "coordinates": [ [ [ -58.45371, -34.65671 ], [ -58.45521, -34.65795 ], [ -58.45612, -34.65722 ], [ -58.45584, -34.65699 ], [ -58.45735, -34.6558 ], [ -58.4588, -34.657 ], [ -58.45962, -34.65636 ], [ -58.46036, -34.65684 ], [ -58.45711, -34.65405 ], [ -58.45371, -34.65671 ] ] ] } },
{ "type": "Feature", "properties": { "indice_acceso": 0.747 }, "geometry": { "type": "Polygon", "coordinates": [ [ [ -58.44882, -34.65118 ], [ -58.44462, -34.65095 ], [ -58.44895, -34.65459 ], [ -58.44401, -34.65859 ], [ -58.44567, -34.66006 ], [ -58.44453, -34.66097 ], [ -58.44625, -34.66233 ], [ -58.45711, -34.65405 ], [ -58.45494, -34.65216 ], [ -58.45463, -34.65082 ], [ -58.44882, -34.65118 ] ] ] } },
{ "type": "Feature", "properties": { "indice_acceso": 0.728 }, "geometry": { "type": "Polygon", "coordinates": [ [ [ -58.44291, -34.65194 ], [ -58.438, -34.6558 ], [ -58.44453, -34.66097 ], [ -58.44567, -34.66006 ], [ -58.44401, -34.65859 ], [ -58.44895, -34.65459 ], [ -58.44462, -34.65095 ], [ -58.44332, -34.65119 ], [ -58.44291, -34.65194 ] ] ] } },
{ "type": "Feature", "properties": { "indice_acceso": 0.72 }, "geometry": { "type": "Polygon", "coordinates": [ [ [ -58.44148, -34.66181 ], [ -58.44248, -34.66261 ], [ -58.44211, -34.66289 ], [ -58.44456, -34.6639 ], [ -58.44639, -34.66244 ], [ -58.44353, -34.66018 ], [ -58.44148, -34.66181 ] ] ] } },
{ "type": "Feature", "properties": { "indice_acceso": 0.692 }, "geometry": { "type": "Polygon", "coordinates": [ [ [ -58.43702, -34.65678 ], [ -58.44048, -34.65947 ], [ -58.43844, -34.66104 ], [ -58.44007, -34.66172 ], [ -58.43979, -34.66195 ], [ -58.44055, -34.66245 ], [ -58.44202, -34.66297 ], [ -58.44248, -34.66261 ], [ -58.44148, -34.66181 ], [ -58.44353, -34.66018 ], [ -58.438, -34.6558 ], [ -58.43702, -34.65678 ] ] ] } },
{ "type": "Feature", "properties": { "indice_acceso": 0.679 }, "geometry": { "type": "Polygon", "coordinates": [ [ [ -58.43442, -34.65938 ], [ -58.43844, -34.66104 ], [ -58.44048, -34.65947 ], [ -58.43702, -34.65678 ], [ -58.43442, -34.65938 ] ] ] } },
{ "type": "Feature", "properties": { "indice_acceso": 0.684 }, "geometry": { "type": "Polygon", "coordinates": [ [ [ -58.43199, -34.65489 ], [ -58.4362, -34.6576 ], [ -58.438, -34.6558 ], [ -58.43443, -34.65311 ], [ -58.43199, -34.65489 ] ] ] } },
{ "type": "Feature", "properties": { "indice_acceso": 0.68 }, "geometry": { "type": "Polygon", "coordinates": [ [ [ -58.43131, -34.65554 ], [ -58.43303, -34.65841 ], [ -58.43438, -34.65943 ], [ -58.4362, -34.6576 ], [ -58.43199, -34.65489 ], [ -58.43131, -34.65554 ] ] ] } },
{ "type": "Feature", "properties": { "indice_acceso": 0.744 }, "geometry": { "type": "Polygon", "coordinates": [ [ [ -58.45551, -34.66059 ], [ -58.45609, -34.66112 ], [ -58.45493, -34.66242 ], [ -58.45449, -34.66202 ], [ -58.45454, -34.6629 ], [ -58.45397, -34.66349 ], [ -58.45306, -34.66358 ], [ -58.45253, -34.6631 ], [ -58.44995, -34.66479 ], [ -58.45013, -34.66519 ], [ -58.45127, -34.66564 ], [ -58.45227, -34.66771 ], [ -58.45396, -34.66862 ], [ -58.45805, -34.67248 ], [ -58.45841, -34.67339 ], [ -58.459, -34.67376 ], [ -58.45954, -34.67354 ], [ -58.45993, -34.67267 ], [ -58.46179, -34.67119 ], [ -58.4615, -34.67108 ], [ -58.46322, -34.66938 ], [ -58.46479, -34.66887 ], [ -58.47016, -34.66467 ], [ -58.47046, -34.66412 ], [ -58.47019, -34.66361 ], [ -58.46924, -34.66388 ], [ -58.46845, -34.66365 ], [ -58.46444, -34.66006 ], [ -58.46026, -34.65691 ], [ -58.45551, -34.66059 ] ] ] } },
{ "type": "Feature", "properties": { "indice_acceso": 0.741 }, "geometry": { "type": "Polygon", "coordinates": [ [ [ -58.45466, -34.66128 ], [ -58.45253, -34.6631 ], [ -58.45306, -34.66358 ], [ -58.45397, -34.66349 ], [ -58.45454, -34.6629 ], [ -58.45449, -34.66202 ], [ -58.45493, -34.66242 ], [ -58.45609, -34.66112 ], [ -58.45551, -34.66059 ], [ -58.45466, -34.66128 ] ] ] } },
{ "type": "Feature", "properties": { "indice_acceso": 0.748 }, "geometry": { "type": "Polygon", "coordinates": [ [ [ -58.45206, -34.66148 ], [ -58.45325, -34.66249 ], [ -58.45591, -34.66026 ], [ -58.4547, -34.65927 ], [ -58.45206, -34.66148 ] ] ] } },
{ "type": "Feature", "properties": { "indice_acceso": 0.742 }, "geometry": { "type": "Polygon", "coordinates": [ [ [ -58.45337, -34.66039 ], [ -58.4547, -34.65927 ], [ -58.45356, -34.65832 ], [ -58.45214, -34.65952 ], [ -58.45337, -34.66039 ] ] ] } },
{ "type": "Feature", "properties": { "indice_acceso": 0.726 }, "geometry": { "type": "Polygon", "coordinates": [ [ [ -58.45673, -34.65956 ], [ -58.45371, -34.65671 ], [ -58.45262, -34.65755 ], [ -58.45581, -34.66015 ], [ -58.45673, -34.65956 ] ] ] } },
{ "type": "Feature", "properties": { "indice_acceso": 0.737 }, "geometry": { "type": "Polygon", "coordinates": [ [ [ -58.45111, -34.65874 ], [ -58.451, -34.65882 ], [ -58.45214, -34.65952 ], [ -58.45356, -34.65832 ], [ -58.45262, -34.65755 ], [ -58.45111, -34.65874 ] ] ] } },
{ "type": "Feature", "properties": { "indice_acceso": 0.738 }, "geometry": { "type": "Polygon", "coordinates": [ [ [ -58.45249, -34.65745 ], [ -58.44976, -34.6596 ], [ -58.45092, -34.66054 ], [ -58.45214, -34.65952 ], [ -58.451, -34.65882 ], [ -58.45249, -34.65745 ] ] ] } },
{ "type": "Feature", "properties": { "indice_acceso": 0.752 }, "geometry": { "type": "Polygon", "coordinates": [ [ [ -58.45214, -34.65952 ], [ -58.45092, -34.66054 ], [ -58.45206, -34.66148 ], [ -58.45337, -34.66039 ], [ -58.45214, -34.65952 ] ] ] } },
{ "type": "Feature", "properties": { "indice_acceso": 0.749 }, "geometry": { "type": "Polygon", "coordinates": [ [ [ -58.44897, -34.66022 ], [ -58.45014, -34.66115 ], [ -58.44936, -34.66176 ], [ -58.45168, -34.66369 ], [ -58.45206, -34.66351 ], [ -58.45325, -34.66249 ], [ -58.44976, -34.6596 ], [ -58.44897, -34.66022 ] ] ] } },
{ "type": "Feature", "properties": { "indice_acceso": 0.753 }, "geometry": { "type": "Polygon", "coordinates": [ [ [ -58.44625, -34.66233 ], [ -58.44456, -34.6639 ], [ -58.44896, -34.66572 ], [ -58.4497, -34.66516 ], [ -58.45013, -34.66519 ], [ -58.44995, -34.66479 ], [ -58.45168, -34.66369 ], [ -58.44936, -34.66176 ], [ -58.45014, -34.66115 ], [ -58.44897, -34.66022 ], [ -58.44625, -34.66233 ] ] ] } },
{ "type": "Feature", "properties": { "indice_acceso": 0.755 }, "geometry": { "type": "Polygon", "coordinates": [ [ [ -58.44697, -34.66731 ], [ -58.44896, -34.66572 ], [ -58.44773, -34.66521 ], [ -58.44664, -34.66536 ], [ -58.44697, -34.66731 ] ] ] } },
{ "type": "Feature", "properties": { "indice_acceso": 0.74 }, "geometry": { "type": "Polygon", "coordinates": [ [ [ -58.44542, -34.6655 ], [ -58.44773, -34.66521 ], [ -58.44528, -34.6642 ], [ -58.44542, -34.6655 ] ] ] } },
{ "type": "Feature", "properties": { "indice_acceso": 0.735 }, "geometry": { "type": "Polygon", "coordinates": [ [ [ -58.44433, -34.66407 ], [ -58.44313, -34.66504 ], [ -58.44412, -34.6656 ], [ -58.44542, -34.6655 ], [ -58.44528, -34.6642 ], [ -58.44433, -34.66407 ] ] ] } },
{ "type": "Feature", "properties": { "indice_acceso": 0.731 }, "geometry": { "type": "Polygon", "coordinates": [ [ [ -58.44412, -34.6656 ], [ -58.4454, -34.66615 ], [ -58.44523, -34.6664 ], [ -58.4468, -34.6665 ], [ -58.44664, -34.66536 ], [ -58.44412, -34.6656 ] ] ] } },
{ "type": "Feature", "properties": { "indice_acceso": 0.736 }, "geometry": { "type": "Polygon", "coordinates": [ [ [ -58.44473, -34.66715 ], [ -58.4457, -34.66722 ], [ -58.44577, -34.66767 ], [ -58.44633, -34.66783 ], [ -58.44697, -34.66731 ], [ -58.4468, -34.6665 ], [ -58.44523, -34.6664 ], [ -58.44473, -34.66715 ] ] ] } },
{ "type": "Feature", "properties": { "indice_acceso": 0.737 }, "geometry": { "type": "Polygon", "coordinates": [ [ [ -58.44469, -34.6677 ], [ -58.44557, -34.66844 ], [ -58.44633, -34.66783 ], [ -58.44577, -34.66767 ], [ -58.4457, -34.66722 ], [ -58.44473, -34.66715 ], [ -58.44469, -34.6677 ] ] ] } },
{ "type": "Feature", "properties": { "indice_acceso": 0.735 }, "geometry": { "type": "Polygon", "coordinates": [ [ [ -58.44412, -34.66941 ], [ -58.44557, -34.66844 ], [ -58.44475, -34.66774 ], [ -58.44317, -34.66785 ], [ -58.44261, -34.66824 ], [ -58.44412, -34.66941 ] ] ] } },
{ "type": "Feature", "properties": { "indice_acceso": 0.734 }, "geometry": { "type": "Polygon", "coordinates": [ [ [ -58.44285, -34.66747 ], [ -58.44198, -34.66768 ], [ -58.44261, -34.66824 ], [ -58.44317, -34.66785 ], [ -58.44475, -34.66774 ], [ -58.44464, -34.66735 ], [ -58.44285, -34.66747 ] ] ] } },
{ "type": "Feature", "properties": { "indice_acceso": 0.735 }, "geometry": { "type": "Polygon", "coordinates": [ [ [ -58.44392, -34.6667 ], [ -58.44133, -34.66712 ], [ -58.44198, -34.66768 ], [ -58.44405, -34.6675 ], [ -58.44478, -34.66707 ], [ -58.44392, -34.6667 ] ] ] } },
{ "type": "Feature", "properties": { "indice_acceso": 0.736 }, "geometry": { "type": "Polygon", "coordinates": [ [ [ -58.44216, -34.6658 ], [ -58.44094, -34.66678 ], [ -58.44133, -34.66712 ], [ -58.44392, -34.6667 ], [ -58.44478, -34.66707 ], [ -58.4454, -34.66615 ], [ -58.44313, -34.66504 ], [ -58.44216, -34.6658 ] ] ] } },
{ "type": "Feature", "properties": { "indice_acceso": 0.706 }, "geometry": { "type": "Polygon", "coordinates": [ [ [ -58.46863, -34.65975 ], [ -58.47086, -34.66194 ], [ -58.47164, -34.66222 ], [ -58.47203, -34.66316 ], [ -58.47252, -34.66277 ], [ -58.47056, -34.65841 ], [ -58.46863, -34.65975 ] ] ] } },
{ "type": "Feature", "properties": { "indice_acceso": 0.722 }, "geometry": { "type": "Polygon", "coordinates": [ [ [ -58.46964, -34.66247 ], [ -58.4704, -34.66377 ], [ -58.47016, -34.66467 ], [ -58.47203, -34.66316 ], [ -58.47164, -34.66222 ], [ -58.47067, -34.66176 ], [ -58.46964, -34.66247 ] ] ] } },
{ "type": "Feature", "properties": { "indice_acceso": 0.709 }, "geometry": { "type": "Polygon", "coordinates": [ [ [ -58.47067, -34.66176 ], [ -58.46987, -34.66097 ], [ -58.46884, -34.6617 ], [ -58.46959, -34.66243 ], [ -58.47067, -34.66176 ] ] ] } },
{ "type": "Feature", "properties": { "indice_acceso": 0.702 }, "geometry": { "type": "Polygon", "coordinates": [ [ [ -58.4676, -34.66048 ], [ -58.46884, -34.6617 ], [ -58.46987, -34.66097 ], [ -58.46863, -34.65975 ], [ -58.4676, -34.66048 ] ] ] } },
{ "type": "Feature", "properties": { "indice_acceso": 0.701 }, "geometry": { "type": "Polygon", "coordinates": [ [ [ -58.46847, -34.66367 ], [ -58.46924, -34.66388 ], [ -58.47019, -34.66361 ], [ -58.46982, -34.66266 ], [ -58.4676, -34.66048 ], [ -58.46954, -34.65911 ], [ -58.46766, -34.65751 ], [ -58.46444, -34.66006 ], [ -58.46847, -34.66367 ] ] ] } },
{ "type": "Feature", "properties": { "indice_acceso": 0.689 }, "geometry": { "type": "Polygon", "coordinates": [ [ [ -58.50954, -34.63529 ], [ -58.50854, -34.63564 ], [ -58.51172, -34.63496 ], [ -58.51637, -34.63541 ], [ -58.51765, -34.6352 ], [ -58.51817, -34.633 ], [ -58.51391, -34.63346 ], [ -58.50954, -34.63529 ] ] ] } },
{ "type": "Feature", "properties": { "indice_acceso": 0.678 }, "geometry": { "type": "Polygon", "coordinates": [ [ [ -58.51765, -34.6352 ], [ -58.51637, -34.63541 ], [ -58.51113, -34.63502 ], [ -58.50765, -34.63589 ], [ -58.50682, -34.63581 ], [ -58.50567, -34.63672 ], [ -58.52126, -34.63849 ], [ -58.52154, -34.6362 ], [ -58.52292, -34.63589 ], [ -58.52108, -34.63383 ], [ -58.52068, -34.63382 ], [ -58.52075, -34.63322 ], [ -58.52024, -34.6328 ], [ -58.51817, -34.633 ], [ -58.51765, -34.6352 ] ] ] } },
{ "type": "Feature", "properties": { "indice_acceso": 0.67 }, "geometry": { "type": "Polygon", "coordinates": [ [ [ -58.51051, -34.63728 ], [ -58.51004, -34.63912 ], [ -58.51299, -34.63929 ], [ -58.51341, -34.63765 ], [ -58.51051, -34.63728 ] ] ] } },
{ "type": "Feature", "properties": { "indice_acceso": 0.687 }, "geometry": { "type": "Polygon", "coordinates": [ [ [ -58.51341, -34.63765 ], [ -58.51299, -34.63929 ], [ -58.52256, -34.63885 ], [ -58.52259, -34.6386 ], [ -58.51341, -34.63765 ] ] ] } },
{ "type": "Feature", "properties": { "indice_acceso": 0.705 }, "geometry": { "type": "Polygon", "coordinates": [ [ [ -58.52132, -34.63793 ], [ -58.52126, -34.63849 ], [ -58.52259, -34.6386 ], [ -58.52256, -34.63885 ], [ -58.5301, -34.63928 ], [ -58.53011, -34.639 ], [ -58.52778, -34.63876 ], [ -58.52782, -34.63839 ], [ -58.52651, -34.6383 ], [ -58.52663, -34.63725 ], [ -58.52276, -34.63697 ], [ -58.52266, -34.63795 ], [ -58.52132, -34.63793 ] ] ] } },
{ "type": "Feature", "properties": { "indice_acceso": 0.692 }, "geometry": { "type": "Polygon", "coordinates": [ [ [ -58.52154, -34.6362 ], [ -58.52132, -34.63793 ], [ -58.52265, -34.63802 ], [ -58.52276, -34.63697 ], [ -58.52729, -34.6373 ], [ -58.5274, -34.63625 ], [ -58.52404, -34.63598 ], [ -58.52407, -34.63574 ], [ -58.52154, -34.6362 ] ] ] } },
{ "type": "Feature", "properties": { "indice_acceso": 0.684 }, "geometry": { "type": "Polygon", "coordinates": [ [ [ -58.52287, -34.63594 ], [ -58.52407, -34.63574 ], [ -58.52404, -34.63598 ], [ -58.52674, -34.6362 ], [ -58.52685, -34.63531 ], [ -58.52818, -34.63515 ], [ -58.5282, -34.63484 ], [ -58.52108, -34.63383 ], [ -58.52287, -34.63594 ] ] ] } },
{ "type": "Feature", "properties": { "indice_acceso": 0.69 }, "geometry": { "type": "Polygon", "coordinates": [ [ [ -58.52685, -34.63531 ], [ -58.52674, -34.6362 ], [ -58.5274, -34.63625 ], [ -58.52729, -34.6373 ], [ -58.52663, -34.63725 ], [ -58.52651, -34.6383 ], [ -58.52782, -34.63839 ], [ -58.52806, -34.6363 ], [ -58.53027, -34.63645 ], [ -58.53037, -34.63479 ], [ -58.52685, -34.63531 ] ] ] } },
{ "type": "Feature", "properties": { "indice_acceso": 0.702 }, "geometry": { "type": "Polygon", "coordinates": [ [ [ -58.52778, -34.63876 ], [ -58.53011, -34.639 ], [ -58.53027, -34.63645 ], [ -58.52806, -34.6363 ], [ -58.52778, -34.63876 ] ] ] } },
{ "type": "Feature", "properties": { "indice_acceso": 0.717 }, "geometry": { "type": "Polygon", "coordinates": [ [ [ -58.51853, -34.64148 ], [ -58.52099, -34.64138 ], [ -58.52121, -34.63893 ], [ -58.51877, -34.63906 ], [ -58.51853, -34.64148 ] ] ] } },
{ "type": "Feature", "properties": { "indice_acceso": 0.699 }, "geometry": { "type": "Polygon", "coordinates": [ [ [ -58.51708, -34.64045 ], [ -58.51599, -34.64049 ], [ -58.51465, -34.64153 ], [ -58.51551, -34.64227 ], [ -58.51664, -34.64219 ], [ -58.51681, -34.6415 ], [ -58.51853, -34.64148 ], [ -58.51877, -34.63906 ], [ -58.51741, -34.63914 ], [ -58.51708, -34.64045 ] ] ] } },
{ "type": "Feature", "properties": { "indice_acceso": 0.684 }, "geometry": { "type": "Polygon", "coordinates": [ [ [ -58.51398, -34.6405 ], [ -58.51343, -34.64047 ], [ -58.51465, -34.64153 ], [ -58.51599, -34.64049 ], [ -58.51708, -34.64045 ], [ -58.51741, -34.63914 ], [ -58.5143, -34.63924 ], [ -58.51398, -34.6405 ] ] ] } },
{ "type": "Feature", "properties": { "indice_acceso": 0.677 }, "geometry": { "type": "Polygon", "coordinates": [ [ [ -58.51004, -34.63912 ], [ -58.50979, -34.64008 ], [ -58.51398, -34.6405 ], [ -58.5143, -34.63924 ], [ -58.51004, -34.63912 ] ] ] } },
{ "type": "Feature", "properties": { "indice_acceso": 0.693 }, "geometry": { "type": "Polygon", "coordinates": [ [ [ -58.50921, -34.64052 ], [ -58.51175, -34.6428 ], [ -58.51403, -34.64099 ], [ -58.51343, -34.64047 ], [ -58.50979, -34.64008 ], [ -58.50921, -34.64052 ] ] ] } },
{ "type": "Feature", "properties": { "indice_acceso": 0.696 }, "geometry": { "type": "Polygon", "coordinates": [ [ [ -58.50803, -34.64142 ], [ -58.51112, -34.6442 ], [ -58.51233, -34.64332 ], [ -58.50921, -34.64052 ], [ -58.50803, -34.64142 ] ] ] } },
{ "type": "Feature", "properties": { "indice_acceso": 0.718 }, "geometry": { "type": "Polygon", "coordinates": [ [ [ -58.5135, -34.64243 ], [ -58.51112, -34.6442 ], [ -58.51296, -34.64586 ], [ -58.51414, -34.64495 ], [ -58.5132, -34.64411 ], [ -58.51436, -34.64321 ], [ -58.5135, -34.64243 ] ] ] } },
{ "type": "Feature", "properties": { "indice_acceso": 0.724 }, "geometry": { "type": "Polygon", "coordinates": [ [ [ -58.51531, -34.64405 ], [ -58.51436, -34.64321 ], [ -58.5132, -34.64411 ], [ -58.51414, -34.64495 ], [ -58.51296, -34.64586 ], [ -58.51353, -34.64637 ], [ -58.51708, -34.64362 ], [ -58.5165, -34.64311 ], [ -58.51531, -34.64405 ] ] ] } },
{ "type": "Feature", "properties": { "indice_acceso": 0.701 }, "geometry": { "type": "Polygon", "coordinates": [ [ [ -58.51175, -34.6428 ], [ -58.51233, -34.64332 ], [ -58.5135, -34.64243 ], [ -58.51531, -34.64405 ], [ -58.5165, -34.64311 ], [ -58.51403, -34.64099 ], [ -58.51175, -34.6428 ] ] ] } },
{ "type": "Feature", "properties": { "indice_acceso": 0.728 }, "geometry": { "type": "Polygon", "coordinates": [ [ [ -58.51681, -34.6415 ], [ -58.51664, -34.64219 ], [ -58.51551, -34.64227 ], [ -58.51684, -34.64341 ], [ -58.51917, -34.64343 ], [ -58.51929, -34.64251 ], [ -58.52082, -34.64262 ], [ -58.52099, -34.64138 ], [ -58.51681, -34.6415 ] ] ] } },
{ "type": "Feature", "properties": { "indice_acceso": 0.73 }, "geometry": { "type": "Polygon", "coordinates": [ [ [ -58.51929, -34.64251 ], [ -58.51917, -34.64343 ], [ -58.51684, -34.64341 ], [ -58.52027, -34.64636 ], [ -58.52082, -34.64262 ], [ -58.51929, -34.64251 ] ] ] } },
{ "type": "Feature", "properties": { "indice_acceso": 0.719 }, "geometry": { "type": "Polygon", "coordinates": [ [ [ -58.51588, -34.64455 ], [ -58.51959, -34.64775 ], [ -58.52012, -34.64736 ], [ -58.52027, -34.64636 ], [ -58.51708, -34.64362 ], [ -58.51588, -34.64455 ] ] ] } },
{ "type": "Feature", "properties": { "indice_acceso": 0.735 }, "geometry": { "type": "Polygon", "coordinates": [ [ [ -58.52743, -34.64292 ], [ -58.52988, -34.64302 ], [ -58.5301, -34.63928 ], [ -58.52771, -34.63925 ], [ -58.52743, -34.64292 ] ] ] } },
{ "type": "Feature", "properties": { "indice_acceso": 0.727 }, "geometry": { "type": "Polygon", "coordinates": [ [ [ -58.52618, -34.64286 ], [ -58.52514, -34.64282 ], [ -58.52506, -34.6437 ], [ -58.52737, -34.64382 ], [ -58.52771, -34.63925 ], [ -58.52643, -34.63915 ], [ -58.52618, -34.64286 ] ] ] } },
{ "type": "Feature", "properties": { "indice_acceso": 0.729 }, "geometry": { "type": "Polygon", "coordinates": [ [ [ -58.525, -34.64012 ], [ -58.52469, -34.64369 ], [ -58.52506, -34.6437 ], [ -58.52514, -34.64282 ], [ -58.52618, -34.64286 ], [ -58.52643, -34.63915 ], [ -58.5251, -34.63905 ], [ -58.525, -34.64012 ] ] ] } },
{ "type": "Feature", "properties": { "indice_acceso": 0.723 }, "geometry": { "type": "Polygon", "coordinates": [ [ [ -58.52331, -34.64274 ], [ -58.52477, -34.6428 ], [ -58.5251, -34.63905 ], [ -58.52373, -34.63893 ], [ -58.52331, -34.64274 ] ] ] } },
{ "type": "Feature", "properties": { "indice_acceso": 0.719 }, "geometry": { "type": "Polygon", "coordinates": [ [ [ -58.52236, -34.64023 ], [ -58.52359, -34.64018 ], [ -58.52373, -34.63893 ], [ -58.52256, -34.63885 ], [ -58.52236, -34.64023 ] ] ] } },
{ "type": "Feature", "properties": { "indice_acceso": 0.729 }, "geometry": { "type": "Polygon", "coordinates": [ [ [ -58.52099, -34.64138 ], [ -58.52344, -34.64149 ], [ -58.52359, -34.64018 ], [ -58.52236, -34.64023 ], [ -58.52256, -34.63885 ], [ -58.52121, -34.63893 ], [ -58.52099, -34.64138 ] ] ] } },
{ "type": "Feature", "properties": { "indice_acceso": 0.736 }, "geometry": { "type": "Polygon", "coordinates": [ [ [ -58.52069, -34.6435 ], [ -58.52321, -34.64361 ], [ -58.52344, -34.64149 ], [ -58.52099, -34.64138 ], [ -58.52069, -34.6435 ] ] ] } },
{ "type": "Feature", "properties": { "indice_acceso": 0.736 }, "geometry": { "type": "Polygon", "coordinates": [ [ [ -58.52038, -34.6456 ], [ -58.52297, -34.64571 ], [ -58.52321, -34.64361 ], [ -58.52069, -34.6435 ], [ -58.52038, -34.6456 ] ] ] } },
{ "type": "Feature", "properties": { "indice_acceso": 0.738 }, "geometry": { "type": "Polygon", "coordinates": [ [ [ -58.52012, -34.64736 ], [ -58.52278, -34.64747 ], [ -58.52297, -34.64571 ], [ -58.52038, -34.6456 ], [ -58.52012, -34.64736 ] ] ] } },
{ "type": "Feature", "properties": { "indice_acceso": 0.738 }, "geometry": { "type": "Polygon", "coordinates": [ [ [ -58.52278, -34.64747 ], [ -58.52435, -34.64753 ], [ -58.52477, -34.6428 ], [ -58.52331, -34.64274 ], [ -58.52278, -34.64747 ] ] ] } },
{ "type": "Feature", "properties": { "indice_acceso": 0.736 }, "geometry": { "type": "Polygon", "coordinates": [ [ [ -58.52469, -34.64369 ], [ -58.52451, -34.64579 ], [ -58.52723, -34.64591 ], [ -58.52737, -34.64382 ], [ -58.52469, -34.64369 ] ] ] } },
{ "type": "Feature", "properties": { "indice_acceso": 0.738 }, "geometry": { "type": "Polygon", "coordinates": [ [ [ -58.52435, -34.64753 ], [ -58.52711, -34.64764 ], [ -58.5272, -34.6462 ], [ -58.52687, -34.64589 ], [ -58.52451, -34.64579 ], [ -58.52435, -34.64753 ] ] ] } },
{ "type": "Feature", "properties": { "indice_acceso": 0.735 }, "geometry": { "type": "Polygon", "coordinates": [ [ [ -58.52723, -34.64591 ], [ -58.52687, -34.64589 ], [ -58.5272, -34.6462 ], [ -58.52711, -34.64764 ], [ -58.5296, -34.64772 ], [ -58.52988, -34.64302 ], [ -58.52743, -34.64292 ], [ -58.52723, -34.64591 ] ] ] } },
{ "type": "Feature", "properties": { "indice_acceso": 0.721 }, "geometry": { "type": "Polygon", "coordinates": [ [ [ -58.5292, -34.6543 ], [ -58.5296, -34.64772 ], [ -58.52711, -34.64764 ], [ -58.52678, -34.65248 ], [ -58.5292, -34.6543 ] ] ] } },
{ "type": "Feature", "properties": { "indice_acceso": 0.724 }, "geometry": { "type": "Polygon", "coordinates": [ [ [ -58.5258, -34.64872 ], [ -58.52525, -34.6487 ], [ -58.5251, -34.65091 ], [ -58.52678, -34.65248 ], [ -58.52711, -34.64764 ], [ -58.52588, -34.64759 ], [ -58.5258, -34.64872 ] ] ] } },
{ "type": "Feature", "properties": { "indice_acceso": 0.729 }, "geometry": { "type": "Polygon", "coordinates": [ [ [ -58.52139, -34.64741 ], [ -58.5251, -34.65091 ], [ -58.52525, -34.6487 ], [ -58.5258, -34.64872 ], [ -58.52588, -34.64759 ], [ -58.52139, -34.64741 ] ] ] } },
{ "type": "Feature", "properties": { "indice_acceso": 0.735 }, "geometry": { "type": "Polygon", "coordinates": [ [ [ -58.51959, -34.64775 ], [ -58.52296, -34.65089 ], [ -58.52413, -34.64999 ], [ -58.52139, -34.64741 ], [ -58.52012, -34.64736 ], [ -58.51959, -34.64775 ] ] ] } },
{ "type": "Feature", "properties": { "indice_acceso": 0.727 }, "geometry": { "type": "Polygon", "coordinates": [ [ [ -58.52793, -34.65526 ], [ -58.52919, -34.65431 ], [ -58.5278, -34.65343 ], [ -58.52413, -34.64999 ], [ -58.52296, -34.65089 ], [ -58.52793, -34.65526 ] ] ] } },
{ "type": "Feature", "properties": { "indice_acceso": 0.727 }, "geometry": { "type": "Polygon", "coordinates": [ [ [ -58.52578, -34.65689 ], [ -58.52793, -34.65526 ], [ -58.52566, -34.65334 ], [ -58.52289, -34.65543 ], [ -58.52578, -34.65689 ] ] ] } },
{ "type": "Feature", "properties": { "indice_acceso": 0.747 }, "geometry": { "type": "Polygon", "coordinates": [ [ [ -58.52197, -34.65416 ], [ -58.52128, -34.65469 ], [ -58.52289, -34.65543 ], [ -58.52566, -34.65334 ], [ -58.52448, -34.65227 ], [ -58.52197, -34.65416 ] ] ] } },
{ "type": "Feature", "properties": { "indice_acceso": 0.765 }, "geometry": { "type": "Polygon", "coordinates": [ [ [ -58.52058, -34.65269 ], [ -58.5221, -34.65406 ], [ -58.52448, -34.65227 ], [ -58.52296, -34.65089 ], [ -58.52058, -34.65269 ] ] ] } },
{ "type": "Feature", "properties": { "indice_acceso": 0.779 }, "geometry": { "type": "Polygon", "coordinates": [ [ [ -58.51715, -34.65276 ], [ -58.52128, -34.65469 ], [ -58.5221, -34.65406 ], [ -58.51906, -34.65132 ], [ -58.51715, -34.65276 ] ] ] } },
{ "type": "Feature", "properties": { "indice_acceso": 0.751 }, "geometry": { "type": "Polygon", "coordinates": [ [ [ -58.51906, -34.65132 ], [ -58.52058, -34.65269 ], [ -58.52296, -34.65089 ], [ -58.52146, -34.6495 ], [ -58.51906, -34.65132 ] ] ] } },
{ "type": "Feature", "properties": { "indice_acceso": 0.768 }, "geometry": { "type": "Polygon", "coordinates": [ [ [ -58.5171, -34.64955 ], [ -58.51906, -34.65132 ], [ -58.52146, -34.6495 ], [ -58.51959, -34.64775 ], [ -58.5171, -34.64955 ] ] ] } },
{ "type": "Feature", "properties": { "indice_acceso": 0.741 }, "geometry": { "type": "Polygon", "coordinates": [ [ [ -58.51353, -34.64637 ], [ -58.51426, -34.64702 ], [ -58.51487, -34.64657 ], [ -58.51564, -34.64726 ], [ -58.51623, -34.64683 ], [ -58.51693, -34.64745 ], [ -58.51816, -34.64651 ], [ -58.51588, -34.64455 ], [ -58.51353, -34.64637 ] ] ] } },
{ "type": "Feature", "properties": { "indice_acceso": 0.749 }, "geometry": { "type": "Polygon", "coordinates": [ [ [ -58.51693, -34.64745 ], [ -58.51623, -34.64683 ], [ -58.51564, -34.64726 ], [ -58.51698, -34.64847 ], [ -58.51639, -34.64892 ], [ -58.5171, -34.64955 ], [ -58.51959, -34.64775 ], [ -58.51816, -34.64651 ], [ -58.51693, -34.64745 ] ] ] } },
{ "type": "Feature", "properties": { "indice_acceso": 0.772 }, "geometry": { "type": "Polygon", "coordinates": [ [ [ -58.51084, -34.64591 ], [ -58.51589, -34.65043 ], [ -58.5171, -34.64955 ], [ -58.51639, -34.64892 ], [ -58.51698, -34.64847 ], [ -58.51487, -34.64657 ], [ -58.51426, -34.64702 ], [ -58.51202, -34.64501 ], [ -58.51084, -34.64591 ] ] ] } },
{ "type": "Feature", "properties": { "indice_acceso": 0.784 }, "geometry": { "type": "Polygon", "coordinates": [ [ [ -58.51469, -34.6513 ], [ -58.51442, -34.6515 ], [ -58.51715, -34.65276 ], [ -58.51906, -34.65132 ], [ -58.5171, -34.64955 ], [ -58.51469, -34.6513 ] ] ] } },
{ "type": "Feature", "properties": { "indice_acceso": 0.786 }, "geometry": { "type": "Polygon", "coordinates": [ [ [ -58.51061, -34.64972 ], [ -58.51442, -34.6515 ], [ -58.51589, -34.65043 ], [ -58.51307, -34.6479 ], [ -58.51061, -34.64972 ] ] ] } },
{ "type": "Feature", "properties": { "indice_acceso": 0.765 }, "geometry": { "type": "Polygon", "coordinates": [ [ [ -58.50966, -34.64682 ], [ -58.51061, -34.64766 ], [ -58.50894, -34.64894 ], [ -58.51061, -34.64972 ], [ -58.51307, -34.6479 ], [ -58.51084, -34.64591 ], [ -58.50966, -34.64682 ] ] ] } },
{ "type": "Feature", "properties": { "indice_acceso": 0.74 }, "geometry": { "type": "Polygon", "coordinates": [ [ [ -58.50538, -34.64728 ], [ -58.50894, -34.64894 ], [ -58.51061, -34.64766 ], [ -58.50877, -34.64601 ], [ -58.50703, -34.64734 ], [ -58.5062, -34.64662 ], [ -58.50538, -34.64728 ] ] ] } },
{ "type": "Feature", "properties": { "indice_acceso": 0.726 }, "geometry": { "type": "Polygon", "coordinates": [ [ [ -58.506, -34.64549 ], [ -58.50677, -34.64619 ], [ -58.5062, -34.64662 ], [ -58.50703, -34.64734 ], [ -58.50877, -34.64601 ], [ -58.50966, -34.64682 ], [ -58.51084, -34.64591 ], [ -58.50837, -34.64369 ], [ -58.506, -34.64549 ] ] ] } },
{ "type": "Feature", "properties": { "indice_acceso": 0.712 }, "geometry": { "type": "Polygon", "coordinates": [ [ [ -58.50684, -34.64232 ], [ -58.51084, -34.64591 ], [ -58.51202, -34.64501 ], [ -58.50803, -34.64142 ], [ -58.50684, -34.64232 ] ] ] } },
{ "type": "Feature", "properties": { "indice_acceso": 0.701 }, "geometry": { "type": "Polygon", "coordinates": [ [ [ -58.506, -34.64549 ], [ -58.50837, -34.64369 ], [ -58.50684, -34.64232 ], [ -58.50447, -34.64411 ], [ -58.506, -34.64549 ] ] ] } },
{ "type": "Feature", "properties": { "indice_acceso": 0.709 }, "geometry": { "type": "Polygon", "coordinates": [ [ [ -58.50538, -34.64728 ], [ -58.50677, -34.64619 ], [ -58.50447, -34.64411 ], [ -58.5023, -34.64582 ], [ -58.50538, -34.64728 ] ] ] } },
{ "type": "Feature", "properties": { "indice_acceso": 0.764 }, "geometry": { "type": "Polygon", "coordinates": [ [ [ -58.50545, -34.6487 ], [ -58.50834, -34.65134 ], [ -58.51061, -34.64972 ], [ -58.5065, -34.64781 ], [ -58.50545, -34.6487 ] ] ] } },
{ "type": "Feature", "properties": { "indice_acceso": 0.766 }, "geometry": { "type": "Polygon", "coordinates": [ [ [ -58.50446, -34.64949 ], [ -58.50627, -34.65121 ], [ -58.50521, -34.6521 ], [ -58.50595, -34.65281 ], [ -58.50834, -34.65134 ], [ -58.50545, -34.6487 ], [ -58.50446, -34.64949 ] ] ] } },
{ "type": "Feature", "properties": { "indice_acceso": 0.759 }, "geometry": { "type": "Polygon", "coordinates": [ [ [ -58.5022, -34.65133 ], [ -58.50463, -34.65366 ], [ -58.50595, -34.65281 ], [ -58.50521, -34.6521 ], [ -58.50627, -34.65121 ], [ -58.50446, -34.64949 ], [ -58.5022, -34.65133 ] ] ] } },
{ "type": "Feature", "properties": { "indice_acceso": 0.73 }, "geometry": { "type": "Polygon", "coordinates": [ [ [ -58.49979, -34.6491 ], [ -58.5022, -34.65133 ], [ -58.50393, -34.64992 ], [ -58.50231, -34.64843 ], [ -58.50287, -34.64798 ], [ -58.50214, -34.64727 ], [ -58.49979, -34.6491 ] ] ] } },
{ "type": "Feature", "properties": { "indice_acceso": 0.727 }, "geometry": { "type": "Polygon", "coordinates": [ [ [ -58.50214, -34.64727 ], [ -58.50287, -34.64798 ], [ -58.50231, -34.64843 ], [ -58.50393, -34.64992 ], [ -58.5065, -34.64781 ], [ -58.50334, -34.64632 ], [ -58.50214, -34.64727 ] ] ] } },
{ "type": "Feature", "properties": { "indice_acceso": 0.701 }, "geometry": { "type": "Polygon", "coordinates": [ [ [ -58.49929, -34.64565 ], [ -58.50156, -34.64774 ], [ -58.50334, -34.64632 ], [ -58.50025, -34.64487 ], [ -58.49929, -34.64565 ] ] ] } },
{ "type": "Feature", "properties": { "indice_acceso": 0.701 }, "geometry": { "type": "Polygon", "coordinates": [ [ [ -58.49755, -34.64704 ], [ -58.49979, -34.6491 ], [ -58.50156, -34.64774 ], [ -58.49929, -34.64565 ], [ -58.49755, -34.64704 ] ] ] } },
{ "type": "Feature", "properties": { "indice_acceso": 0.686 }, "geometry": { "type": "Polygon", "coordinates": [ [ [ -58.49642, -34.64397 ], [ -58.49721, -34.6447 ], [ -58.49604, -34.64564 ], [ -58.49755, -34.64704 ], [ -58.50025, -34.64487 ], [ -58.49713, -34.6434 ], [ -58.49642, -34.64397 ] ] ] } },
{ "type": "Feature", "properties": { "indice_acceso": 0.676 }, "geometry": { "type": "Polygon", "coordinates": [ [ [ -58.49523, -34.6449 ], [ -58.49604, -34.64564 ], [ -58.49721, -34.6447 ], [ -58.49642, -34.64397 ], [ -58.49523, -34.6449 ] ] ] } },
{ "type": "Feature", "properties": { "indice_acceso": 0.677 }, "geometry": { "type": "Polygon", "coordinates": [ [ [ -58.49262, -34.64695 ], [ -58.49423, -34.64831 ], [ -58.49679, -34.64634 ], [ -58.49523, -34.6449 ], [ -58.49262, -34.64695 ] ] ] } },
{ "type": "Feature", "properties": { "indice_acceso": 0.684 }, "geometry": { "type": "Polygon", "coordinates": [ [ [ -58.49423, -34.64831 ], [ -58.49582, -34.64963 ], [ -58.49829, -34.64773 ], [ -58.49679, -34.64634 ], [ -58.49423, -34.64831 ] ] ] } },
{ "type": "Feature", "properties": { "indice_acceso": 0.694 }, "geometry": { "type": "Polygon", "coordinates": [ [ [ -58.49582, -34.64963 ], [ -58.4974, -34.65094 ], [ -58.49979, -34.6491 ], [ -58.49829, -34.64773 ], [ -58.49582, -34.64963 ] ] ] } },
{ "type": "Feature", "properties": { "indice_acceso": 0.75 }, "geometry": { "type": "Polygon", "coordinates": [ [ [ -58.52199, -34.65975 ], [ -58.52578, -34.65689 ], [ -58.52185, -34.65495 ], [ -58.52011, -34.65623 ], [ -58.5205, -34.65658 ], [ -58.51993, -34.65699 ], [ -58.5203, -34.65732 ], [ -58.51951, -34.65792 ], [ -58.52199, -34.65975 ] ] ] } },
{ "type": "Feature", "properties": { "indice_acceso": 0.776 }, "geometry": { "type": "Polygon", "coordinates": [ [ [ -58.52047, -34.66091 ], [ -58.52199, -34.65975 ], [ -58.51951, -34.65792 ], [ -58.5203, -34.65732 ], [ -58.51993, -34.65699 ], [ -58.5205, -34.65658 ], [ -58.52011, -34.65623 ], [ -58.51877, -34.65726 ], [ -58.5176, -34.65622 ], [ -58.51633, -34.6572 ], [ -58.52047, -34.66091 ] ] ] } },
{ "type": "Feature", "properties": { "indice_acceso": 0.783 }, "geometry": { "type": "Polygon", "coordinates": [ [ [ -58.5176, -34.65622 ], [ -58.51877, -34.65726 ], [ -58.52185, -34.65495 ], [ -58.52024, -34.6542 ], [ -58.5176, -34.65622 ] ] ] } },
{ "type": "Feature", "properties": { "indice_acceso": 0.786 }, "geometry": { "type": "Polygon", "coordinates": [ [ [ -58.51682, -34.65535 ], [ -58.51557, -34.65652 ], [ -58.51633, -34.6572 ], [ -58.52024, -34.6542 ], [ -58.51919, -34.65371 ], [ -58.51682, -34.65535 ] ] ] } },
{ "type": "Feature", "properties": { "indice_acceso": 0.787 }, "geometry": { "type": "Polygon", "coordinates": [ [ [ -58.51431, -34.65521 ], [ -58.51551, -34.65637 ], [ -58.51919, -34.65371 ], [ -58.51715, -34.65276 ], [ -58.51431, -34.65521 ] ] ] } },
{ "type": "Feature", "properties": { "indice_acceso": 0.787 }, "geometry": { "type": "Polygon", "coordinates": [ [ [ -58.51283, -34.65378 ], [ -58.51431, -34.65521 ], [ -58.51715, -34.65276 ], [ -58.51541, -34.65194 ], [ -58.51283, -34.65378 ] ] ] } },
{ "type": "Feature", "properties": { "indice_acceso": 0.792 }, "geometry": { "type": "Polygon", "coordinates": [ [ [ -58.51151, -34.65251 ], [ -58.51283, -34.65378 ], [ -58.51541, -34.65194 ], [ -58.51352, -34.65108 ], [ -58.51151, -34.65251 ] ] ] } },
{ "type": "Feature", "properties": { "indice_acceso": 0.793 }, "geometry": { "type": "Polygon", "coordinates": [ [ [ -58.50834, -34.65134 ], [ -58.50908, -34.65205 ], [ -58.51021, -34.65126 ], [ -58.51151, -34.65251 ], [ -58.51352, -34.65108 ], [ -58.51061, -34.64972 ], [ -58.50834, -34.65134 ] ] ] } },
{ "type": "Feature", "properties": { "indice_acceso": 0.797 }, "geometry": { "type": "Polygon", "coordinates": [ [ [ -58.50718, -34.65208 ], [ -58.50927, -34.65408 ], [ -58.51151, -34.65251 ], [ -58.51021, -34.65126 ], [ -58.50908, -34.65205 ], [ -58.50834, -34.65134 ], [ -58.50718, -34.65208 ] ] ] } },
{ "type": "Feature", "properties": { "indice_acceso": 0.808 }, "geometry": { "type": "Polygon", "coordinates": [ [ [ -58.50927, -34.65408 ], [ -58.5106, -34.65535 ], [ -58.51283, -34.65378 ], [ -58.51151, -34.65251 ], [ -58.50927, -34.65408 ] ] ] } },
{ "type": "Feature", "properties": { "indice_acceso": 0.784 }, "geometry": { "type": "Polygon", "coordinates": [ [ [ -58.51171, -34.65457 ], [ -58.51233, -34.65517 ], [ -58.51127, -34.656 ], [ -58.5128, -34.65748 ], [ -58.51493, -34.65581 ], [ -58.51283, -34.65378 ], [ -58.51171, -34.65457 ] ] ] } },
{ "type": "Feature", "properties": { "indice_acceso": 0.776 }, "geometry": { "type": "Polygon", "coordinates": [ [ [ -58.50873, -34.65668 ], [ -58.5114, -34.65846 ], [ -58.5128, -34.65748 ], [ -58.51127, -34.656 ], [ -58.51233, -34.65517 ], [ -58.51171, -34.65457 ], [ -58.50873, -34.65668 ] ] ] } },
{ "type": "Feature", "properties": { "indice_acceso": 0.811 }, "geometry": { "type": "Polygon", "coordinates": [ [ [ -58.5065, -34.65505 ], [ -58.50873, -34.65668 ], [ -58.5106, -34.65535 ], [ -58.50865, -34.65349 ], [ -58.5065, -34.65505 ] ] ] } },
{ "type": "Feature", "properties": { "indice_acceso": 0.787 }, "geometry": { "type": "Polygon", "coordinates": [ [ [ -58.50463, -34.65366 ], [ -58.5065, -34.65505 ], [ -58.50865, -34.65349 ], [ -58.50718, -34.65208 ], [ -58.50463, -34.65366 ] ] ] } },
{ "type": "Feature", "properties": { "indice_acceso": 0.773 }, "geometry": { "type": "Polygon", "coordinates": [ [ [ -58.5128, -34.65748 ], [ -58.5114, -34.65846 ], [ -58.51347, -34.65971 ], [ -58.51633, -34.6572 ], [ -58.51493, -34.65581 ], [ -58.5128, -34.65748 ] ] ] } },
{ "type": "Feature", "properties": { "indice_acceso": 0.767 }, "geometry": { "type": "Polygon", "coordinates": [ [ [ -58.51347, -34.65971 ], [ -58.51562, -34.66094 ], [ -58.51608, -34.66055 ], [ -58.51534, -34.65989 ], [ -58.5175, -34.65823 ], [ -58.51633, -34.6572 ], [ -58.51347, -34.65971 ] ] ] } },
{ "type": "Feature", "properties": { "indice_acceso": 0.735 }, "geometry": { "type": "Polygon", "coordinates": [ [ [ -58.51836, -34.6625 ], [ -58.52047, -34.66091 ], [ -58.5175, -34.65823 ], [ -58.51534, -34.65989 ], [ -58.51608, -34.66055 ], [ -58.51562, -34.66094 ], [ -58.51836, -34.6625 ] ] ] } },
{ "type": "Feature", "properties": { "indice_acceso": 0.715 }, "geometry": { "type": "Polygon", "coordinates": [ [ [ -58.51129, -34.66254 ], [ -58.51459, -34.66535 ], [ -58.51836, -34.6625 ], [ -58.51657, -34.66148 ], [ -58.5144, -34.66312 ], [ -58.51251, -34.66153 ], [ -58.51129, -34.66254 ] ] ] } },
{ "type": "Feature", "properties": { "indice_acceso": 0.736 }, "geometry": { "type": "Polygon", "coordinates": [ [ [ -58.51091, -34.6602 ], [ -58.5144, -34.66312 ], [ -58.51657, -34.66148 ], [ -58.51232, -34.65904 ], [ -58.51091, -34.6602 ] ] ] } },
{ "type": "Feature", "properties": { "indice_acceso": 0.73 }, "geometry": { "type": "Polygon", "coordinates": [ [ [ -58.50811, -34.65988 ], [ -58.51129, -34.66254 ], [ -58.51251, -34.66153 ], [ -58.51091, -34.6602 ], [ -58.51232, -34.65904 ], [ -58.51049, -34.65789 ], [ -58.50811, -34.65988 ] ] ] } },
{ "type": "Feature", "properties": { "indice_acceso": 0.761 }, "geometry": { "type": "Polygon", "coordinates": [ [ [ -58.507, -34.65693 ], [ -58.50853, -34.65821 ], [ -58.50732, -34.65921 ], [ -58.50811, -34.65988 ], [ -58.51049, -34.65789 ], [ -58.50797, -34.65613 ], [ -58.507, -34.65693 ] ] ] } },
{ "type": "Feature", "properties": { "indice_acceso": 0.768 }, "geometry": { "type": "Polygon", "coordinates": [ [ [ -58.50176, -34.65656 ], [ -58.50321, -34.65777 ], [ -58.5044, -34.65678 ], [ -58.50578, -34.65793 ], [ -58.50797, -34.65613 ], [ -58.50463, -34.65366 ], [ -58.50176, -34.65656 ] ] ] } },
{ "type": "Feature", "properties": { "indice_acceso": 0.745 }, "geometry": { "type": "Polygon", "coordinates": [ [ [ -58.49978, -34.65817 ], [ -58.5011, -34.65925 ], [ -58.50294, -34.66 ], [ -58.50516, -34.66184 ], [ -58.50732, -34.65921 ], [ -58.50853, -34.65821 ], [ -58.507, -34.65693 ], [ -58.50578, -34.65793 ], [ -58.5044, -34.65678 ], [ -58.50321, -34.65777 ], [ -58.50176, -34.65656 ], [ -58.49978, -34.65817 ] ] ] } },
{ "type": "Feature", "properties": { "indice_acceso": 0.716 }, "geometry": { "type": "Polygon", "coordinates": [ [ [ -58.50516, -34.66184 ], [ -58.50705, -34.66342 ], [ -58.5097, -34.66121 ], [ -58.50732, -34.65921 ], [ -58.50516, -34.66184 ] ] ] } },
{ "type": "Feature", "properties": { "indice_acceso": 0.706 }, "geometry": { "type": "Polygon", "coordinates": [ [ [ -58.50705, -34.66342 ], [ -58.50943, -34.6654 ], [ -58.51224, -34.66332 ], [ -58.5097, -34.66121 ], [ -58.50705, -34.66342 ] ] ] } },
{ "type": "Feature", "properties": { "indice_acceso": 0.698 }, "geometry": { "type": "Polygon", "coordinates": [ [ [ -58.51186, -34.66741 ], [ -58.51459, -34.66535 ], [ -58.51224, -34.66332 ], [ -58.50943, -34.6654 ], [ -58.51186, -34.66741 ] ] ] } },
{ "type": "Feature", "properties": { "indice_acceso": 0.673 }, "geometry": { "type": "Polygon", "coordinates": [ [ [ -58.51038, -34.66853 ], [ -58.51186, -34.66741 ], [ -58.50785, -34.66408 ], [ -58.50642, -34.66527 ], [ -58.51038, -34.66853 ] ] ] } },
{ "type": "Feature", "properties": { "indice_acceso": 0.707 }, "geometry": { "type": "Polygon", "coordinates": [ [ [ -58.4974, -34.65094 ], [ -58.49899, -34.65226 ], [ -58.5013, -34.6505 ], [ -58.49979, -34.6491 ], [ -58.4974, -34.65094 ] ] ] } },
{ "type": "Feature", "properties": { "indice_acceso": 0.713 }, "geometry": { "type": "Polygon", "coordinates": [ [ [ -58.49772, -34.65324 ], [ -58.49979, -34.65495 ], [ -58.50101, -34.65395 ], [ -58.50013, -34.65321 ], [ -58.5022, -34.65133 ], [ -58.5013, -34.6505 ], [ -58.49772, -34.65324 ] ] ] } },
{ "type": "Feature", "properties": { "indice_acceso": 0.744 }, "geometry": { "type": "Polygon", "coordinates": [ [ [ -58.50013, -34.65321 ], [ -58.50283, -34.65547 ], [ -58.50463, -34.65366 ], [ -58.5022, -34.65133 ], [ -58.50013, -34.65321 ] ] ] } },
{ "type": "Feature", "properties": { "indice_acceso": 0.712 }, "geometry": { "type": "Polygon", "coordinates": [ [ [ -58.49635, -34.65691 ], [ -58.49881, -34.65897 ], [ -58.50283, -34.65547 ], [ -58.50101, -34.65395 ], [ -58.49979, -34.65495 ], [ -58.49901, -34.65431 ], [ -58.49635, -34.65691 ] ] ] } },
{ "type": "Feature", "properties": { "indice_acceso": 0.682 }, "geometry": { "type": "Polygon", "coordinates": [ [ [ -58.49395, -34.65492 ], [ -58.49635, -34.65691 ], [ -58.49901, -34.65431 ], [ -58.49772, -34.65324 ], [ -58.49674, -34.654 ], [ -58.49594, -34.65335 ], [ -58.49395, -34.65492 ] ] ] } },
{ "type": "Feature", "properties": { "indice_acceso": 0.694 }, "geometry": { "type": "Polygon", "coordinates": [ [ [ -58.49457, -34.6506 ], [ -58.49693, -34.65258 ], [ -58.49594, -34.65335 ], [ -58.49674, -34.654 ], [ -58.49899, -34.65226 ], [ -58.49582, -34.64963 ], [ -58.49457, -34.6506 ] ] ] } },
{ "type": "Feature", "properties": { "indice_acceso": 0.675 }, "geometry": { "type": "Polygon", "coordinates": [ [ [ -58.49141, -34.64791 ], [ -58.49457, -34.6506 ], [ -58.49582, -34.64963 ], [ -58.49262, -34.64695 ], [ -58.49141, -34.64791 ] ] ] } },
{ "type": "Feature", "properties": { "indice_acceso": 0.674 }, "geometry": { "type": "Polygon", "coordinates": [ [ [ -58.49033, -34.64876 ], [ -58.49275, -34.65072 ], [ -58.49378, -34.64993 ], [ -58.49141, -34.64791 ], [ -58.49033, -34.64876 ] ] ] } },
{ "type": "Feature", "properties": { "indice_acceso": 0.671 }, "geometry": { "type": "Polygon", "coordinates": [ [ [ -58.4884, -34.65028 ], [ -58.49078, -34.65226 ], [ -58.49275, -34.65072 ], [ -58.49033, -34.64876 ], [ -58.4884, -34.65028 ] ] ] } },
{ "type": "Feature", "properties": { "indice_acceso": 0.67 }, "geometry": { "type": "Polygon", "coordinates": [ [ [ -58.49078, -34.65226 ], [ -58.49236, -34.65359 ], [ -58.49534, -34.65125 ], [ -58.49378, -34.64993 ], [ -58.49078, -34.65226 ] ] ] } },
{ "type": "Feature", "properties": { "indice_acceso": 0.676 }, "geometry": { "type": "Polygon", "coordinates": [ [ [ -58.49236, -34.65359 ], [ -58.49395, -34.65492 ], [ -58.49693, -34.65258 ], [ -58.49534, -34.65125 ], [ -58.49236, -34.65359 ] ] ] } },
{ "type": "Feature", "properties": { "indice_acceso": 0.656 }, "geometry": { "type": "Polygon", "coordinates": [ [ [ -58.48941, -34.65463 ], [ -58.49176, -34.65663 ], [ -58.49395, -34.65492 ], [ -58.49157, -34.65293 ], [ -58.48941, -34.65463 ] ] ] } },
{ "type": "Feature", "properties": { "indice_acceso": 0.659 }, "geometry": { "type": "Polygon", "coordinates": [ [ [ -58.48987, -34.65297 ], [ -58.48902, -34.65236 ], [ -58.48699, -34.65257 ], [ -58.48941, -34.65463 ], [ -58.49157, -34.65293 ], [ -58.49078, -34.65226 ], [ -58.48987, -34.65297 ] ] ] } },
{ "type": "Feature", "properties": { "indice_acceso": 0.663 }, "geometry": { "type": "Polygon", "coordinates": [ [ [ -58.48639, -34.65189 ], [ -58.48705, -34.65246 ], [ -58.48902, -34.65236 ], [ -58.48987, -34.65297 ], [ -58.49078, -34.65226 ], [ -58.4884, -34.65028 ], [ -58.48639, -34.65189 ] ] ] } },
{ "type": "Feature", "properties": { "indice_acceso": 0.677 }, "geometry": { "type": "Polygon", "coordinates": [ [ [ -58.48959, -34.64633 ], [ -58.49017, -34.64683 ], [ -58.4891, -34.64768 ], [ -58.49033, -34.64876 ], [ -58.49523, -34.6449 ], [ -58.48959, -34.64633 ] ] ] } },
{ "type": "Feature", "properties": { "indice_acceso": 0.675 }, "geometry": { "type": "Polygon", "coordinates": [ [ [ -58.48808, -34.64501 ], [ -58.48607, -34.6466 ], [ -58.4894, -34.64949 ], [ -58.49033, -34.64876 ], [ -58.4891, -34.64768 ], [ -58.49017, -34.64683 ], [ -58.48808, -34.64501 ] ] ] } },
{ "type": "Feature", "properties": { "indice_acceso": 0.674 }, "geometry": { "type": "Polygon", "coordinates": [ [ [ -58.48843, -34.6431 ], [ -58.4851, -34.64576 ], [ -58.48607, -34.6466 ], [ -58.48808, -34.64501 ], [ -58.48959, -34.64633 ], [ -58.49142, -34.64585 ], [ -58.48843, -34.6431 ] ] ] } },
{ "type": "Feature", "properties": { "indice_acceso": 0.678 }, "geometry": { "type": "Polygon", "coordinates": [ [ [ -58.48886, -34.64348 ], [ -58.49142, -34.64585 ], [ -58.49315, -34.6454 ], [ -58.4902, -34.64294 ], [ -58.49059, -34.64262 ], [ -58.49017, -34.64242 ], [ -58.48886, -34.64348 ] ] ] } },
{ "type": "Feature", "properties": { "indice_acceso": 0.679 }, "geometry": { "type": "Polygon", "coordinates": [ [ [ -58.4902, -34.64294 ], [ -58.49315, -34.6454 ], [ -58.4953, -34.64485 ], [ -58.49059, -34.64262 ], [ -58.4902, -34.64294 ] ] ] } },
{ "type": "Feature", "properties": { "indice_acceso": 0.686 }, "geometry": { "type": "Polygon", "coordinates": [ [ [ -58.48472, -34.64489 ], [ -58.48457, -34.64529 ], [ -58.4851, -34.64576 ], [ -58.48843, -34.6431 ], [ -58.48886, -34.64348 ], [ -58.49017, -34.64242 ], [ -58.48871, -34.64173 ], [ -58.48472, -34.64489 ] ] ] } },
{ "type": "Feature", "properties": { "indice_acceso": 0.676 }, "geometry": { "type": "Polygon", "coordinates": [ [ [ -58.48593, -34.64094 ], [ -58.48704, -34.6419 ], [ -58.48519, -34.64337 ], [ -58.48472, -34.64489 ], [ -58.48871, -34.64173 ], [ -58.48607, -34.64048 ], [ -58.48593, -34.64094 ] ] ] } },
{ "type": "Feature", "properties": { "indice_acceso": 0.686 }, "geometry": { "type": "Polygon", "coordinates": [ [ [ -58.48348, -34.64084 ], [ -58.48424, -34.641 ], [ -58.48323, -34.64226 ], [ -58.48539, -34.64269 ], [ -58.48519, -34.64337 ], [ -58.48704, -34.6419 ], [ -58.48593, -34.64094 ], [ -58.48607, -34.64048 ], [ -58.4839, -34.63946 ], [ -58.48348, -34.64084 ] ] ] } },
{ "type": "Feature", "properties": { "indice_acceso": 0.693 }, "geometry": { "type": "Polygon", "coordinates": [ [ [ -58.48111, -34.64037 ], [ -58.4832, -34.64211 ], [ -58.48424, -34.641 ], [ -58.48348, -34.64084 ], [ -58.4839, -34.63946 ], [ -58.48288, -34.63898 ], [ -58.48111, -34.64037 ] ] ] } },
{ "type": "Feature", "properties": { "indice_acceso": 0.697 }, "geometry": { "type": "Polygon", "coordinates": [ [ [ -58.47992, -34.64131 ], [ -58.48199, -34.64306 ], [ -58.48297, -34.64229 ], [ -58.48294, -34.64181 ], [ -58.48111, -34.64037 ], [ -58.47992, -34.64131 ] ] ] } },
{ "type": "Feature", "properties": { "indice_acceso": 0.695 }, "geometry": { "type": "Polygon", "coordinates": [ [ [ -58.48199, -34.64306 ], [ -58.48365, -34.64451 ], [ -58.48425, -34.64248 ], [ -58.48302, -34.64209 ], [ -58.48199, -34.64306 ] ] ] } },
{ "type": "Feature", "properties": { "indice_acceso": 0.684 }, "geometry": { "type": "Polygon", "coordinates": [ [ [ -58.48365, -34.64451 ], [ -58.48457, -34.64529 ], [ -58.48539, -34.64269 ], [ -58.48425, -34.64248 ], [ -58.48365, -34.64451 ] ] ] } },
{ "type": "Feature", "properties": { "indice_acceso": 0.695 }, "geometry": { "type": "Polygon", "coordinates": [ [ [ -58.47909, -34.63843 ], [ -58.48052, -34.63908 ], [ -58.47867, -34.64054 ], [ -58.47992, -34.64131 ], [ -58.48288, -34.63898 ], [ -58.48004, -34.63768 ], [ -58.47909, -34.63843 ] ] ] } },
{ "type": "Feature", "properties": { "indice_acceso": 0.697 }, "geometry": { "type": "Polygon", "coordinates": [ [ [ -58.47607, -34.63894 ], [ -58.47867, -34.64054 ], [ -58.48052, -34.63908 ], [ -58.47909, -34.63843 ], [ -58.48004, -34.63768 ], [ -58.47854, -34.63699 ], [ -58.47607, -34.63894 ] ] ] } },
{ "type": "Feature", "properties": { "indice_acceso": 0.697 }, "geometry": { "type": "Polygon", "coordinates": [ [ [ -58.47506, -34.63905 ], [ -58.47814, -34.64096 ], [ -58.47711, -34.64177 ], [ -58.47828, -34.64261 ], [ -58.47992, -34.64131 ], [ -58.47532, -34.63848 ], [ -58.47506, -34.63905 ] ] ] } },
{ "type": "Feature", "properties": { "indice_acceso": 0.697 }, "geometry": { "type": "Polygon", "coordinates": [ [ [ -58.47081, -34.63779 ], [ -58.47405, -34.63876 ], [ -58.47361, -34.63975 ], [ -58.47466, -34.64004 ], [ -58.47571, -34.63922 ], [ -58.47506, -34.63905 ], [ -58.47532, -34.63848 ], [ -58.47349, -34.63731 ], [ -58.4713, -34.63665 ], [ -58.47081, -34.63779 ] ] ] } },
{ "type": "Feature", "properties": { "indice_acceso": 0.69 }, "geometry": { "type": "Polygon", "coordinates": [ [ [ -58.46991, -34.63987 ], [ -58.47356, -34.64093 ], [ -58.47466, -34.64004 ], [ -58.47361, -34.63975 ], [ -58.47405, -34.63876 ], [ -58.47081, -34.63779 ], [ -58.46991, -34.63987 ] ] ] } },
{ "type": "Feature", "properties": { "indice_acceso": 0.685 }, "geometry": { "type": "Polygon", "coordinates": [ [ [ -58.46929, -34.64128 ], [ -58.47139, -34.64264 ], [ -58.47356, -34.64093 ], [ -58.46991, -34.63987 ], [ -58.46929, -34.64128 ] ] ] } },
{ "type": "Feature", "properties": { "indice_acceso": 0.689 }, "geometry": { "type": "Polygon", "coordinates": [ [ [ -58.47466, -34.64004 ], [ -58.47139, -34.64264 ], [ -58.47263, -34.64352 ], [ -58.47695, -34.64011 ], [ -58.47571, -34.63922 ], [ -58.47466, -34.64004 ] ] ] } },
{ "type": "Feature", "properties": { "indice_acceso": 0.685 }, "geometry": { "type": "Polygon", "coordinates": [ [ [ -58.4738, -34.6426 ], [ -58.47369, -34.64268 ], [ -58.47487, -34.64353 ], [ -58.47814, -34.64096 ], [ -58.47695, -34.64011 ], [ -58.4738, -34.6426 ] ] ] } },
{ "type": "Feature", "properties": { "indice_acceso": 0.683 }, "geometry": { "type": "Polygon", "coordinates": [ [ [ -58.47487, -34.64353 ], [ -58.47369, -34.64268 ], [ -58.47263, -34.64352 ], [ -58.47496, -34.64523 ], [ -58.47828, -34.64261 ], [ -58.47711, -34.64177 ], [ -58.47487, -34.64353 ] ] ] } },
{ "type": "Feature", "properties": { "indice_acceso": 0.692 }, "geometry": { "type": "Polygon", "coordinates": [ [ [ -58.47003, -34.64371 ], [ -58.47365, -34.64626 ], [ -58.47496, -34.64523 ], [ -58.47139, -34.64264 ], [ -58.47003, -34.64371 ] ] ] } },
{ "type": "Feature", "properties": { "indice_acceso": 0.693 }, "geometry": { "type": "Polygon", "coordinates": [ [ [ -58.46671, -34.64343 ], [ -58.46876, -34.64471 ], [ -58.47139, -34.64264 ], [ -58.46929, -34.64128 ], [ -58.46671, -34.64343 ] ] ] } },
{ "type": "Feature", "properties": { "indice_acceso": 0.692 }, "geometry": { "type": "Polygon", "coordinates": [ [ [ -58.46876, -34.64471 ], [ -58.47238, -34.64727 ], [ -58.47365, -34.64626 ], [ -58.47003, -34.64371 ], [ -58.46876, -34.64471 ] ] ] } },
{ "type": "Feature", "properties": { "indice_acceso": 0.671 }, "geometry": { "type": "Polygon", "coordinates": [ [ [ -58.48347, -34.64615 ], [ -58.4884, -34.65028 ], [ -58.4894, -34.64949 ], [ -58.48457, -34.64529 ], [ -58.48347, -34.64615 ] ] ] } },
{ "type": "Feature", "properties": { "indice_acceso": 0.686 }, "geometry": { "type": "Polygon", "coordinates": [ [ [ -58.47301, -34.64677 ], [ -58.47126, -34.64816 ], [ -58.47273, -34.64949 ], [ -58.47415, -34.64935 ], [ -58.47933, -34.64825 ], [ -58.48268, -34.64703 ], [ -58.48234, -34.64674 ], [ -58.48457, -34.64529 ], [ -58.47992, -34.64131 ], [ -58.47301, -34.64677 ] ] ] } },
{ "type": "Feature", "properties": { "indice_acceso": 0.662 }, "geometry": { "type": "Polygon", "coordinates": [ [ [ -58.48234, -34.64674 ], [ -58.48268, -34.64703 ], [ -58.48143, -34.64777 ], [ -58.4821, -34.64834 ], [ -58.4809, -34.64929 ], [ -58.48268, -34.65083 ], [ -58.48407, -34.64816 ], [ -58.48501, -34.64742 ], [ -58.48347, -34.64615 ], [ -58.48234, -34.64674 ] ] ] } },
{ "type": "Feature", "properties": { "indice_acceso": 0.659 }, "geometry": { "type": "Polygon", "coordinates": [ [ [ -58.48407, -34.64816 ], [ -58.48343, -34.6495 ], [ -58.48502, -34.65087 ], [ -58.48714, -34.64921 ], [ -58.48501, -34.64742 ], [ -58.48407, -34.64816 ] ] ] } },
{ "type": "Feature", "properties": { "indice_acceso": 0.662 }, "geometry": { "type": "Polygon", "coordinates": [ [ [ -58.48382, -34.65181 ], [ -58.48508, -34.6529 ], [ -58.4884, -34.65028 ], [ -58.48714, -34.64921 ], [ -58.48382, -34.65181 ] ] ] } },
{ "type": "Feature", "properties": { "indice_acceso": 0.652 }, "geometry": { "type": "Polygon", "coordinates": [ [ [ -58.48115, -34.65351 ], [ -58.48126, -34.65362 ], [ -58.48504, -34.65286 ], [ -58.48382, -34.65181 ], [ -58.48502, -34.65087 ], [ -58.48343, -34.6495 ], [ -58.48115, -34.65351 ] ] ] } },
{ "type": "Feature", "properties": { "indice_acceso": 0.66 }, "geometry": { "type": "Polygon", "coordinates": [ [ [ -58.47904, -34.64965 ], [ -58.48193, -34.65214 ], [ -58.48268, -34.65083 ], [ -58.4809, -34.64929 ], [ -58.4821, -34.64834 ], [ -58.48143, -34.64777 ], [ -58.47904, -34.64965 ] ] ] } },
{ "type": "Feature", "properties": { "indice_acceso": 0.669 }, "geometry": { "type": "Polygon", "coordinates": [ [ [ -58.47842, -34.64848 ], [ -58.47273, -34.64949 ], [ -58.47572, -34.65229 ], [ -58.48199, -34.64732 ], [ -58.47842, -34.64848 ] ] ] } },
{ "type": "Feature", "properties": { "indice_acceso": 0.663 }, "geometry": { "type": "Polygon", "coordinates": [ [ [ -58.4778, -34.65063 ], [ -58.4793, -34.65192 ], [ -58.47872, -34.65228 ], [ -58.47941, -34.654 ], [ -58.48106, -34.65366 ], [ -58.48193, -34.65214 ], [ -58.47904, -34.64965 ], [ -58.4778, -34.65063 ] ] ] } },
{ "type": "Feature", "properties": { "indice_acceso": 0.674 }, "geometry": { "type": "Polygon", "coordinates": [ [ [ -58.47516, -34.65459 ], [ -58.47941, -34.654 ], [ -58.47872, -34.65228 ], [ -58.4793, -34.65192 ], [ -58.4778, -34.65063 ], [ -58.47572, -34.65229 ], [ -58.47633, -34.65289 ], [ -58.47471, -34.65417 ], [ -58.47516, -34.65459 ] ] ] } },
{ "type": "Feature", "properties": { "indice_acceso": 0.681 }, "geometry": { "type": "Polygon", "coordinates": [ [ [ -58.47204, -34.65174 ], [ -58.47471, -34.65417 ], [ -58.47633, -34.65289 ], [ -58.47373, -34.65041 ], [ -58.47204, -34.65174 ] ] ] } },
{ "type": "Feature", "properties": { "indice_acceso": 0.685 }, "geometry": { "type": "Polygon", "coordinates": [ [ [ -58.46978, -34.64967 ], [ -58.47204, -34.65174 ], [ -58.47373, -34.65041 ], [ -58.47126, -34.64816 ], [ -58.46978, -34.64967 ] ] ] } },
{ "type": "Feature", "properties": { "indice_acceso": 0.726 }, "geometry": { "type": "Polygon", "coordinates": [ [ [ -58.46299, -34.64617 ], [ -58.46441, -34.64815 ], [ -58.46486, -34.64779 ], [ -58.46543, -34.64832 ], [ -58.46754, -34.64666 ], [ -58.46721, -34.64593 ], [ -58.46486, -34.64485 ], [ -58.46299, -34.64617 ] ] ] } },
{ "type": "Feature", "properties": { "indice_acceso": 0.705 }, "geometry": { "type": "Polygon", "coordinates": [ [ [ -58.46794, -34.64723 ], [ -58.47001, -34.6456 ], [ -58.46671, -34.64343 ], [ -58.46486, -34.64485 ], [ -58.46721, -34.64593 ], [ -58.46794, -34.64723 ] ] ] } },
{ "type": "Feature", "properties": { "indice_acceso": 0.69 }, "geometry": { "type": "Polygon", "coordinates": [ [ [ -58.46978, -34.64967 ], [ -58.47011, -34.64907 ], [ -58.47238, -34.64727 ], [ -58.47001, -34.6456 ], [ -58.46794, -34.64723 ], [ -58.46978, -34.64967 ] ] ] } },
{ "type": "Feature", "properties": { "indice_acceso": 0.707 }, "geometry": { "type": "Polygon", "coordinates": [ [ [ -58.46543, -34.64832 ], [ -58.46486, -34.64779 ], [ -58.46441, -34.64815 ], [ -58.46701, -34.65149 ], [ -58.46933, -34.64966 ], [ -58.46938, -34.64925 ], [ -58.46754, -34.64666 ], [ -58.46543, -34.64832 ] ] ] } },
{ "type": "Feature", "properties": { "indice_acceso": 0.698 }, "geometry": { "type": "Polygon", "coordinates": [ [ [ -58.47094, -34.65375 ], [ -58.47261, -34.65509 ], [ -58.47516, -34.65459 ], [ -58.46956, -34.64948 ], [ -58.47094, -34.65375 ] ] ] } },
{ "type": "Feature", "properties": { "indice_acceso": 0.702 }, "geometry": { "type": "Polygon", "coordinates": [ [ [ -58.46933, -34.64966 ], [ -58.4674, -34.65118 ], [ -58.46921, -34.65399 ], [ -58.46989, -34.65562 ], [ -58.47261, -34.65509 ], [ -58.47094, -34.65375 ], [ -58.46938, -34.64925 ], [ -58.46933, -34.64966 ] ] ] } },
{ "type": "Feature", "properties": { "indice_acceso": 0.696 }, "geometry": { "type": "Polygon", "coordinates": [ [ [ -58.46036, -34.65684 ], [ -58.46444, -34.66006 ], [ -58.46766, -34.65751 ], [ -58.46954, -34.65911 ], [ -58.47056, -34.65841 ], [ -58.46937, -34.65574 ], [ -58.46989, -34.65562 ], [ -58.46921, -34.65399 ], [ -58.4674, -34.65118 ], [ -58.46036, -34.65684 ] ] ] } },
{ "type": "Feature", "properties": { "indice_acceso": 0.67 }, "geometry": { "type": "Polygon", "coordinates": [ [ [ -58.47771, -34.65435 ], [ -58.48016, -34.65678 ], [ -58.48508, -34.6529 ], [ -58.47771, -34.65435 ] ] ] } },
{ "type": "Feature", "properties": { "indice_acceso": 0.684 }, "geometry": { "type": "Polygon", "coordinates": [ [ [ -58.47516, -34.65459 ], [ -58.47881, -34.65785 ], [ -58.48016, -34.65678 ], [ -58.47771, -34.65435 ], [ -58.47516, -34.65459 ] ] ] } },
{ "type": "Feature", "properties": { "indice_acceso": 0.695 }, "geometry": { "type": "Polygon", "coordinates": [ [ [ -58.47374, -34.65616 ], [ -58.47704, -34.65925 ], [ -58.47881, -34.65785 ], [ -58.4755, -34.6549 ], [ -58.47374, -34.65616 ] ] ] } },
{ "type": "Feature", "properties": { "indice_acceso": 0.703 }, "geometry": { "type": "Polygon", "coordinates": [ [ [ -58.46937, -34.65574 ], [ -58.47056, -34.65841 ], [ -58.4755, -34.6549 ], [ -58.47516, -34.65459 ], [ -58.46937, -34.65574 ] ] ] } },
{ "type": "Feature", "properties": { "indice_acceso": 0.698 }, "geometry": { "type": "Polygon", "coordinates": [ [ [ -58.47249, -34.65705 ], [ -58.47364, -34.65811 ], [ -58.47483, -34.65718 ], [ -58.47374, -34.65616 ], [ -58.47249, -34.65705 ] ] ] } },
{ "type": "Feature", "properties": { "indice_acceso": 0.703 }, "geometry": { "type": "Polygon", "coordinates": [ [ [ -58.47104, -34.65807 ], [ -58.47171, -34.6596 ], [ -58.47364, -34.65811 ], [ -58.47249, -34.65705 ], [ -58.47104, -34.65807 ] ] ] } },
{ "type": "Feature", "properties": { "indice_acceso": 0.718 }, "geometry": { "type": "Polygon", "coordinates": [ [ [ -58.4722, -34.65923 ], [ -58.4732, -34.66027 ], [ -58.47467, -34.65906 ], [ -58.47364, -34.65811 ], [ -58.4722, -34.65923 ] ] ] } },
{ "type": "Feature", "properties": { "indice_acceso": 0.704 }, "geometry": { "type": "Polygon", "coordinates": [ [ [ -58.47364, -34.65811 ], [ -58.47467, -34.65906 ], [ -58.47583, -34.65811 ], [ -58.47483, -34.65718 ], [ -58.47364, -34.65811 ] ] ] } },
{ "type": "Feature", "properties": { "indice_acceso": 0.72 }, "geometry": { "type": "Polygon", "coordinates": [ [ [ -58.4732, -34.66027 ], [ -58.47363, -34.66196 ], [ -58.47704, -34.65925 ], [ -58.47583, -34.65811 ], [ -58.4732, -34.66027 ] ] ] } },
{ "type": "Feature", "properties": { "indice_acceso": 0.719 }, "geometry": { "type": "Polygon", "coordinates": [ [ [ -58.4721, -34.66185 ], [ -58.47252, -34.66277 ], [ -58.47363, -34.66196 ], [ -58.4732, -34.66027 ], [ -58.4722, -34.65923 ], [ -58.47171, -34.6596 ], [ -58.47104, -34.65807 ], [ -58.47056, -34.65841 ], [ -58.4721, -34.66185 ] ] ] } },
{ "type": "Feature", "properties": { "indice_acceso": 0.669 }, "geometry": { "type": "Polygon", "coordinates": [ [ [ -58.49219, -34.65886 ], [ -58.49317, -34.65968 ], [ -58.49212, -34.66062 ], [ -58.49442, -34.66253 ], [ -58.49881, -34.65897 ], [ -58.49554, -34.65624 ], [ -58.49219, -34.65886 ] ] ] } },
{ "type": "Feature", "properties": { "indice_acceso": 0.656 }, "geometry": { "type": "Polygon", "coordinates": [ [ [ -58.4906, -34.65752 ], [ -58.49219, -34.65886 ], [ -58.49554, -34.65624 ], [ -58.49395, -34.65492 ], [ -58.4906, -34.65752 ] ] ] } },
{ "type": "Feature", "properties": { "indice_acceso": 0.65 }, "geometry": { "type": "Polygon", "coordinates": [ [ [ -58.48502, -34.65676 ], [ -58.48662, -34.65808 ], [ -58.48903, -34.6562 ], [ -58.4906, -34.65752 ], [ -58.49176, -34.65663 ], [ -58.48862, -34.65396 ], [ -58.48502, -34.65676 ] ] ] } },
{ "type": "Feature", "properties": { "indice_acceso": 0.649 }, "geometry": { "type": "Polygon", "coordinates": [ [ [ -58.48389, -34.65382 ], [ -58.48547, -34.65513 ], [ -58.48484, -34.65562 ], [ -58.48564, -34.65628 ], [ -58.48862, -34.65396 ], [ -58.48639, -34.65189 ], [ -58.48389, -34.65382 ] ] ] } },
{ "type": "Feature", "properties": { "indice_acceso": 0.653 }, "geometry": { "type": "Polygon", "coordinates": [ [ [ -58.4814, -34.65579 ], [ -58.48378, -34.65773 ], [ -58.48564, -34.65628 ], [ -58.48484, -34.65562 ], [ -58.48547, -34.65513 ], [ -58.48389, -34.65382 ], [ -58.4814, -34.65579 ] ] ] } },
{ "type": "Feature", "properties": { "indice_acceso": 0.671 }, "geometry": { "type": "Polygon", "coordinates": [ [ [ -58.47881, -34.65785 ], [ -58.48143, -34.65956 ], [ -58.48378, -34.65773 ], [ -58.4814, -34.65579 ], [ -58.47881, -34.65785 ] ] ] } },
{ "type": "Feature", "properties": { "indice_acceso": 0.664 }, "geometry": { "type": "Polygon", "coordinates": [ [ [ -58.48143, -34.65956 ], [ -58.48413, -34.6613 ], [ -58.4874, -34.65874 ], [ -58.48502, -34.65676 ], [ -58.48143, -34.65956 ] ] ] } },
{ "type": "Feature", "properties": { "indice_acceso": 0.647 }, "geometry": { "type": "Polygon", "coordinates": [ [ [ -58.48903, -34.6562 ], [ -58.48662, -34.65808 ], [ -58.4874, -34.65874 ], [ -58.48617, -34.65971 ], [ -58.48696, -34.66037 ], [ -58.4906, -34.65752 ], [ -58.48903, -34.6562 ] ] ] } },
{ "type": "Feature", "properties": { "indice_acceso": 0.658 }, "geometry": { "type": "Polygon", "coordinates": [ [ [ -58.48821, -34.6594 ], [ -58.49095, -34.66166 ], [ -58.49317, -34.65968 ], [ -58.4906, -34.65752 ], [ -58.48821, -34.6594 ] ] ] } },
{ "type": "Feature", "properties": { "indice_acceso": 0.661 }, "geometry": { "type": "Polygon", "coordinates": [ [ [ -58.49095, -34.66166 ], [ -58.4898, -34.66071 ], [ -58.48713, -34.6628 ], [ -58.48895, -34.66334 ], [ -58.491, -34.66526 ], [ -58.49442, -34.66253 ], [ -58.49212, -34.66062 ], [ -58.49095, -34.66166 ] ] ] } },
{ "type": "Feature", "properties": { "indice_acceso": 0.648 }, "geometry": { "type": "Polygon", "coordinates": [ [ [ -58.48413, -34.6613 ], [ -58.48594, -34.66245 ], [ -58.48713, -34.6628 ], [ -58.4898, -34.66071 ], [ -58.48821, -34.6594 ], [ -58.48696, -34.66037 ], [ -58.48617, -34.65971 ], [ -58.48413, -34.6613 ] ] ] } },
{ "type": "Feature", "properties": { "indice_acceso": 0.673 }, "geometry": { "type": "Polygon", "coordinates": [ [ [ -58.50876, -34.66981 ], [ -58.51038, -34.66853 ], [ -58.50563, -34.66461 ], [ -58.50414, -34.66584 ], [ -58.50876, -34.66981 ] ] ] } },
{ "type": "Feature", "properties": { "indice_acceso": 0.686 }, "geometry": { "type": "Polygon", "coordinates": [ [ [ -58.50259, -34.66619 ], [ -58.50316, -34.66666 ], [ -58.50563, -34.66461 ], [ -58.50642, -34.66527 ], [ -58.50785, -34.66408 ], [ -58.50516, -34.66184 ], [ -58.50259, -34.66619 ] ] ] } },
{ "type": "Feature", "properties": { "indice_acceso": 0.69 }, "geometry": { "type": "Polygon", "coordinates": [ [ [ -58.50259, -34.66619 ], [ -58.50516, -34.66184 ], [ -58.50466, -34.66142 ], [ -58.50075, -34.66467 ], [ -58.50259, -34.66619 ] ] ] } },
{ "type": "Feature", "properties": { "indice_acceso": 0.693 }, "geometry": { "type": "Polygon", "coordinates": [ [ [ -58.491, -34.66526 ], [ -58.4936, -34.66796 ], [ -58.49919, -34.66336 ], [ -58.50075, -34.66467 ], [ -58.50466, -34.66142 ], [ -58.50294, -34.66 ], [ -58.5011, -34.65925 ], [ -58.49978, -34.65817 ], [ -58.491, -34.66526 ] ] ] } },
{ "type": "Feature", "properties": { "indice_acceso": 0.683 }, "geometry": { "type": "Polygon", "coordinates": [ [ [ -58.49919, -34.66336 ], [ -58.49731, -34.66491 ], [ -58.50049, -34.66754 ], [ -58.50236, -34.666 ], [ -58.49919, -34.66336 ] ] ] } },
{ "type": "Feature", "properties": { "indice_acceso": 0.681 }, "geometry": { "type": "Polygon", "coordinates": [ [ [ -58.50236, -34.666 ], [ -58.50049, -34.66754 ], [ -58.5029, -34.66952 ], [ -58.50572, -34.66718 ], [ -58.50414, -34.66584 ], [ -58.50316, -34.66666 ], [ -58.50236, -34.666 ] ] ] } },
{ "type": "Feature", "properties": { "indice_acceso": 0.668 }, "geometry": { "type": "Polygon", "coordinates": [ [ [ -58.50434, -34.67072 ], [ -58.50528, -34.67002 ], [ -58.50678, -34.67125 ], [ -58.50876, -34.66981 ], [ -58.50572, -34.66718 ], [ -58.5029, -34.66952 ], [ -58.50434, -34.67072 ] ] ] } },
{ "type": "Feature", "properties": { "indice_acceso": 0.672 }, "geometry": { "type": "Polygon", "coordinates": [ [ [ -58.50047, -34.67154 ], [ -58.50127, -34.67219 ], [ -58.50011, -34.67317 ], [ -58.50252, -34.67451 ], [ -58.50678, -34.67125 ], [ -58.50528, -34.67002 ], [ -58.50434, -34.67072 ], [ -58.5029, -34.66952 ], [ -58.50047, -34.67154 ] ] ] } },
{ "type": "Feature", "properties": { "indice_acceso": 0.677 }, "geometry": { "type": "Polygon", "coordinates": [ [ [ -58.49963, -34.67084 ], [ -58.49888, -34.67022 ], [ -58.49741, -34.67144 ], [ -58.50011, -34.67317 ], [ -58.50127, -34.67219 ], [ -58.50047, -34.67154 ], [ -58.5029, -34.66952 ], [ -58.50129, -34.6682 ], [ -58.49963, -34.67084 ] ] ] } },
{ "type": "Feature", "properties": { "indice_acceso": 0.666 }, "geometry": { "type": "Polygon", "coordinates": [ [ [ -58.4973, -34.66696 ], [ -58.49722, -34.66777 ], [ -58.49631, -34.66798 ], [ -58.49963, -34.67084 ], [ -58.50129, -34.6682 ], [ -58.49856, -34.66595 ], [ -58.4973, -34.66696 ] ] ] } },
{ "type": "Feature", "properties": { "indice_acceso": 0.682 }, "geometry": { "type": "Polygon", "coordinates": [ [ [ -58.49506, -34.66676 ], [ -58.49631, -34.66798 ], [ -58.49722, -34.66777 ], [ -58.4973, -34.66696 ], [ -58.49856, -34.66595 ], [ -58.49731, -34.66491 ], [ -58.49506, -34.66676 ] ] ] } },
{ "type": "Feature", "properties": { "indice_acceso": 0.676 }, "geometry": { "type": "Polygon", "coordinates": [ [ [ -58.4936, -34.66796 ], [ -58.49509, -34.66942 ], [ -58.49687, -34.66854 ], [ -58.49506, -34.66676 ], [ -58.4936, -34.66796 ] ] ] } },
{ "type": "Feature", "properties": { "indice_acceso": 0.671 }, "geometry": { "type": "Polygon", "coordinates": [ [ [ -58.49741, -34.67144 ], [ -58.49888, -34.67022 ], [ -58.49687, -34.66854 ], [ -58.49509, -34.66942 ], [ -58.49741, -34.67144 ] ] ] } },
{ "type": "Feature", "properties": { "indice_acceso": 0.726 }, "geometry": { "type": "Polygon", "coordinates": [ [ [ -58.52653, -34.61299 ], [ -58.52873, -34.61469 ], [ -58.53049, -34.6133 ], [ -58.52936, -34.61091 ], [ -58.52653, -34.61299 ] ] ] } },
{ "type": "Feature", "properties": { "indice_acceso": 0.71 }, "geometry": { "type": "Polygon", "coordinates": [ [ [ -58.52627, -34.61489 ], [ -58.52538, -34.61559 ], [ -58.5264, -34.61649 ], [ -58.52873, -34.61469 ], [ -58.52653, -34.61299 ], [ -58.52511, -34.614 ], [ -58.52627, -34.61489 ] ] ] } },
{ "type": "Feature", "properties": { "indice_acceso": 0.699 }, "geometry": { "type": "Polygon", "coordinates": [ [ [ -58.5241, -34.61827 ], [ -58.5264, -34.61649 ], [ -58.52538, -34.61559 ], [ -58.52627, -34.61489 ], [ -58.52506, -34.61396 ], [ -58.52196, -34.61639 ], [ -58.5241, -34.61827 ] ] ] } },
{ "type": "Feature", "properties": { "indice_acceso": 0.695 }, "geometry": { "type": "Polygon", "coordinates": [ [ [ -58.52218, -34.61976 ], [ -58.5241, -34.61827 ], [ -58.52196, -34.61639 ], [ -58.52012, -34.6178 ], [ -58.52218, -34.61976 ] ] ] } },
{ "type": "Feature", "properties": { "indice_acceso": 0.696 }, "geometry": { "type": "Polygon", "coordinates": [ [ [ -58.51854, -34.61901 ], [ -58.52051, -34.62087 ], [ -58.52218, -34.61976 ], [ -58.52012, -34.6178 ], [ -58.51854, -34.61901 ] ] ] } },
{ "type": "Feature", "properties": { "indice_acceso": 0.701 }, "geometry": { "type": "Polygon", "coordinates": [ [ [ -58.52218, -34.61976 ], [ -58.52051, -34.62087 ], [ -58.52167, -34.6215 ], [ -58.5261, -34.61814 ], [ -58.52524, -34.61738 ], [ -58.52218, -34.61976 ] ] ] } },
{ "type": "Feature", "properties": { "indice_acceso": 0.701 }, "geometry": { "type": "Polygon", "coordinates": [ [ [ -58.52348, -34.62012 ], [ -58.52167, -34.6215 ], [ -58.52276, -34.62203 ], [ -58.52699, -34.61892 ], [ -58.5261, -34.61814 ], [ -58.52348, -34.62012 ] ] ] } },
{ "type": "Feature", "properties": { "indice_acceso": 0.698 }, "geometry": { "type": "Polygon", "coordinates": [ [ [ -58.52069, -34.62356 ], [ -58.52276, -34.62203 ], [ -58.52051, -34.62087 ], [ -58.51854, -34.61901 ], [ -58.51695, -34.62022 ], [ -58.52069, -34.62356 ] ] ] } },
{ "type": "Feature", "properties": { "indice_acceso": 0.744 }, "geometry": { "type": "Polygon", "coordinates": [ [ [ -58.5312, -34.61902 ], [ -58.53152, -34.6155 ], [ -58.53049, -34.6133 ], [ -58.52736, -34.61574 ], [ -58.53037, -34.61788 ], [ -58.5312, -34.61902 ] ] ] } },
{ "type": "Feature", "properties": { "indice_acceso": 0.742 }, "geometry": { "type": "Polygon", "coordinates": [ [ [ -58.52897, -34.61876 ], [ -58.53012, -34.61788 ], [ -58.52736, -34.61574 ], [ -58.5264, -34.61649 ], [ -58.52897, -34.61876 ] ] ] } },
{ "type": "Feature", "properties": { "indice_acceso": 0.72 }, "geometry": { "type": "Polygon", "coordinates": [ [ [ -58.5278, -34.61966 ], [ -58.52897, -34.61876 ], [ -58.5264, -34.61649 ], [ -58.52524, -34.61738 ], [ -58.5278, -34.61966 ] ] ] } },
{ "type": "Feature", "properties": { "indice_acceso": 0.745 }, "geometry": { "type": "Polygon", "coordinates": [ [ [ -58.5278, -34.61966 ], [ -58.531, -34.62237 ], [ -58.5312, -34.61902 ], [ -58.53037, -34.61788 ], [ -58.5278, -34.61966 ] ] ] } },
{ "type": "Feature", "properties": { "indice_acceso": 0.721 }, "geometry": { "type": "Polygon", "coordinates": [ [ [ -58.53004, -34.62533 ], [ -58.53084, -34.62539 ], [ -58.531, -34.62237 ], [ -58.52866, -34.62044 ], [ -58.52659, -34.62204 ], [ -58.53004, -34.62533 ] ] ] } },
{ "type": "Feature", "properties": { "indice_acceso": 0.71 }, "geometry": { "type": "Polygon", "coordinates": [ [ [ -58.5269, -34.62415 ], [ -58.5265, -34.62379 ], [ -58.5276, -34.62296 ], [ -58.52659, -34.62204 ], [ -58.52866, -34.62044 ], [ -58.52699, -34.61892 ], [ -58.52276, -34.62203 ], [ -58.5269, -34.62415 ] ] ] } },
{ "type": "Feature", "properties": { "indice_acceso": 0.694 }, "geometry": { "type": "Polygon", "coordinates": [ [ [ -58.52528, -34.62473 ], [ -58.53068, -34.62744 ], [ -58.53084, -34.62539 ], [ -58.53004, -34.62533 ], [ -58.5276, -34.62296 ], [ -58.5265, -34.62379 ], [ -58.5269, -34.62415 ], [ -58.52638, -34.62389 ], [ -58.52528, -34.62473 ] ] ] } },
{ "type": "Feature", "properties": { "indice_acceso": 0.696 }, "geometry": { "type": "Polygon", "coordinates": [ [ [ -58.52163, -34.62441 ], [ -58.52283, -34.62349 ], [ -58.52528, -34.62473 ], [ -58.52638, -34.62389 ], [ -58.52276, -34.62203 ], [ -58.52085, -34.62345 ], [ -58.52163, -34.62441 ] ] ] } },
{ "type": "Feature", "properties": { "indice_acceso": 0.687 }, "geometry": { "type": "Polygon", "coordinates": [ [ [ -58.52336, -34.6268 ], [ -58.52518, -34.62718 ], [ -58.52585, -34.62501 ], [ -58.52417, -34.62416 ], [ -58.52336, -34.6268 ] ] ] } },
{ "type": "Feature", "properties": { "indice_acceso": 0.683 }, "geometry": { "type": "Polygon", "coordinates": [ [ [ -58.52845, -34.62786 ], [ -58.52854, -34.62758 ], [ -58.52911, -34.6277 ], [ -58.52902, -34.62798 ], [ -58.53066, -34.62831 ], [ -58.53068, -34.62744 ], [ -58.52585, -34.62501 ], [ -58.52518, -34.62718 ], [ -58.52845, -34.62786 ] ] ] } },
{ "type": "Feature", "properties": { "indice_acceso": 0.674 }, "geometry": { "type": "Polygon", "coordinates": [ [ [ -58.52913, -34.62948 ], [ -58.52969, -34.62891 ], [ -58.53066, -34.62898 ], [ -58.53066, -34.62831 ], [ -58.52902, -34.62798 ], [ -58.52911, -34.6277 ], [ -58.52854, -34.62758 ], [ -58.52845, -34.62786 ], [ -58.52518, -34.62718 ], [ -58.52475, -34.62857 ], [ -58.52913, -34.62948 ] ] ] } },
{ "type": "Feature", "properties": { "indice_acceso": 0.675 }, "geometry": { "type": "Polygon", "coordinates": [ [ [ -58.52433, -34.62995 ], [ -58.52761, -34.63065 ], [ -58.52793, -34.63071 ], [ -58.52913, -34.62948 ], [ -58.52475, -34.62857 ], [ -58.52433, -34.62995 ] ] ] } },
{ "type": "Feature", "properties": { "indice_acceso": 0.68 }, "geometry": { "type": "Polygon", "coordinates": [ [ [ -58.52731, -34.63136 ], [ -58.52711, -34.63302 ], [ -58.5304, -34.63322 ], [ -58.53066, -34.62898 ], [ -58.52969, -34.62891 ], [ -58.52731, -34.63136 ] ] ] } },
{ "type": "Feature", "properties": { "indice_acceso": 0.692 }, "geometry": { "type": "Polygon", "coordinates": [ [ [ -58.53037, -34.63479 ], [ -58.5304, -34.63322 ], [ -58.52711, -34.63302 ], [ -58.52692, -34.63468 ], [ -58.53037, -34.63479 ] ] ] } },
{ "type": "Feature", "properties": { "indice_acceso": 0.682 }, "geometry": { "type": "Polygon", "coordinates": [ [ [ -58.52498, -34.63165 ], [ -58.52604, -34.63202 ], [ -58.5258, -34.63292 ], [ -58.5243, -34.63447 ], [ -58.52692, -34.63468 ], [ -58.52731, -34.63136 ], [ -58.52793, -34.63071 ], [ -58.52542, -34.63018 ], [ -58.52498, -34.63165 ] ] ] } },
{ "type": "Feature", "properties": { "indice_acceso": 0.683 }, "geometry": { "type": "Polygon", "coordinates": [ [ [ -58.52387, -34.63141 ], [ -58.5236, -34.63135 ], [ -58.52228, -34.63257 ], [ -58.52075, -34.63322 ], [ -58.52068, -34.63382 ], [ -58.5243, -34.63447 ], [ -58.5258, -34.63292 ], [ -58.52607, -34.63188 ], [ -58.52498, -34.63165 ], [ -58.52542, -34.63018 ], [ -58.52433, -34.62995 ], [ -58.52387, -34.63141 ] ] ] } },
{ "type": "Feature", "properties": { "indice_acceso": 0.695 }, "geometry": { "type": "Polygon", "coordinates": [ [ [ -58.51953, -34.62602 ], [ -58.52336, -34.6268 ], [ -58.52417, -34.62416 ], [ -58.52283, -34.62349 ], [ -58.51953, -34.62602 ] ] ] } },
{ "type": "Feature", "properties": { "indice_acceso": 0.69 }, "geometry": { "type": "Polygon", "coordinates": [ [ [ -58.51847, -34.62684 ], [ -58.51883, -34.62716 ], [ -58.51865, -34.62729 ], [ -58.52475, -34.62857 ], [ -58.52518, -34.62718 ], [ -58.51953, -34.62602 ], [ -58.51847, -34.62684 ] ] ] } },
{ "type": "Feature", "properties": { "indice_acceso": 0.684 }, "geometry": { "type": "Polygon", "coordinates": [ [ [ -58.51743, -34.62851 ], [ -58.52433, -34.62995 ], [ -58.52475, -34.62857 ], [ -58.51865, -34.62729 ], [ -58.51883, -34.62716 ], [ -58.51847, -34.62684 ], [ -58.51696, -34.628 ], [ -58.51743, -34.62851 ] ] ] } },
{ "type": "Feature", "properties": { "indice_acceso": 0.681 }, "geometry": { "type": "Polygon", "coordinates": [ [ [ -58.52075, -34.63322 ], [ -58.52228, -34.63257 ], [ -58.5236, -34.63135 ], [ -58.52387, -34.63141 ], [ -58.52433, -34.62995 ], [ -58.52009, -34.62907 ], [ -58.51928, -34.63169 ], [ -58.52075, -34.63322 ] ] ] } },
{ "type": "Feature", "properties": { "indice_acceso": 0.686 }, "geometry": { "type": "Polygon", "coordinates": [ [ [ -58.51565, -34.62902 ], [ -58.51829, -34.63053 ], [ -58.51928, -34.63169 ], [ -58.52009, -34.62907 ], [ -58.51743, -34.62851 ], [ -58.51696, -34.628 ], [ -58.51565, -34.62902 ] ] ] } },
{ "type": "Feature", "properties": { "indice_acceso": 0.689 }, "geometry": { "type": "Polygon", "coordinates": [ [ [ -58.51617, -34.63217 ], [ -58.51829, -34.63053 ], [ -58.51565, -34.62902 ], [ -58.51404, -34.63026 ], [ -58.51617, -34.63217 ] ] ] } },
{ "type": "Feature", "properties": { "indice_acceso": 0.683 }, "geometry": { "type": "Polygon", "coordinates": [ [ [ -58.51617, -34.63217 ], [ -58.51709, -34.63301 ], [ -58.52017, -34.63291 ], [ -58.51829, -34.63053 ], [ -58.51617, -34.63217 ] ] ] } },
{ "type": "Feature", "properties": { "indice_acceso": 0.688 }, "geometry": { "type": "Polygon", "coordinates": [ [ [ -58.51391, -34.63346 ], [ -58.51706, -34.63298 ], [ -58.51404, -34.63026 ], [ -58.51205, -34.63179 ], [ -58.51391, -34.63346 ] ] ] } },
{ "type": "Feature", "properties": { "indice_acceso": 0.706 }, "geometry": { "type": "Polygon", "coordinates": [ [ [ -58.51067, -34.63482 ], [ -58.51391, -34.63346 ], [ -58.51205, -34.63179 ], [ -58.50839, -34.6346 ], [ -58.51067, -34.63482 ] ] ] } },
{ "type": "Feature", "properties": { "indice_acceso": 0.698 }, "geometry": { "type": "Polygon", "coordinates": [ [ [ -58.51846, -34.62395 ], [ -58.51891, -34.62361 ], [ -58.52062, -34.62519 ], [ -58.52163, -34.62441 ], [ -58.51791, -34.62107 ], [ -58.51646, -34.62218 ], [ -58.51846, -34.62395 ] ] ] } },
{ "type": "Feature", "properties": { "indice_acceso": 0.698 }, "geometry": { "type": "Polygon", "coordinates": [ [ [ -58.51481, -34.62184 ], [ -58.51779, -34.62448 ], [ -58.51846, -34.62395 ], [ -58.51646, -34.62218 ], [ -58.51791, -34.62107 ], [ -58.51695, -34.62022 ], [ -58.51481, -34.62184 ] ] ] } },
{ "type": "Feature", "properties": { "indice_acceso": 0.693 }, "geometry": { "type": "Polygon", "coordinates": [ [ [ -58.51481, -34.62184 ], [ -58.51695, -34.62022 ], [ -58.51501, -34.61849 ], [ -58.51288, -34.62015 ], [ -58.51481, -34.62184 ] ] ] } },
{ "type": "Feature", "properties": { "indice_acceso": 0.684 }, "geometry": { "type": "Polygon", "coordinates": [ [ [ -58.51091, -34.6184 ], [ -58.51288, -34.62015 ], [ -58.51501, -34.61849 ], [ -58.51305, -34.61673 ], [ -58.51091, -34.6184 ] ] ] } },
{ "type": "Feature", "properties": { "indice_acceso": 0.706 }, "geometry": { "type": "Polygon", "coordinates": [ [ [ -58.50775, -34.62079 ], [ -58.50902, -34.62196 ], [ -58.51215, -34.61952 ], [ -58.51091, -34.6184 ], [ -58.50775, -34.62079 ] ] ] } },
{ "type": "Feature", "properties": { "indice_acceso": 0.73 }, "geometry": { "type": "Polygon", "coordinates": [ [ [ -58.50629, -34.62193 ], [ -58.50758, -34.62308 ], [ -58.50805, -34.62271 ], [ -58.50864, -34.62328 ], [ -58.50965, -34.62251 ], [ -58.50775, -34.62079 ], [ -58.50629, -34.62193 ] ] ] } },
{ "type": "Feature", "properties": { "indice_acceso": 0.724 }, "geometry": { "type": "Polygon", "coordinates": [ [ [ -58.50864, -34.62328 ], [ -58.50805, -34.62271 ], [ -58.50758, -34.62308 ], [ -58.51018, -34.62541 ], [ -58.51165, -34.62428 ], [ -58.50965, -34.62251 ], [ -58.50864, -34.62328 ] ] ] } },
{ "type": "Feature", "properties": { "indice_acceso": 0.7 }, "geometry": { "type": "Polygon", "coordinates": [ [ [ -58.50902, -34.62196 ], [ -58.51041, -34.62318 ], [ -58.51356, -34.62074 ], [ -58.51215, -34.61952 ], [ -58.50902, -34.62196 ] ] ] } },
{ "type": "Feature", "properties": { "indice_acceso": 0.704 }, "geometry": { "type": "Polygon", "coordinates": [ [ [ -58.51041, -34.62318 ], [ -58.51165, -34.62428 ], [ -58.51481, -34.62184 ], [ -58.51356, -34.62074 ], [ -58.51041, -34.62318 ] ] ] } },
{ "type": "Feature", "properties": { "indice_acceso": 0.698 }, "geometry": { "type": "Polygon", "coordinates": [ [ [ -58.51456, -34.62685 ], [ -58.51568, -34.62612 ], [ -58.51275, -34.62343 ], [ -58.51165, -34.62428 ], [ -58.51456, -34.62685 ] ] ] } },
{ "type": "Feature", "properties": { "indice_acceso": 0.698 }, "geometry": { "type": "Polygon", "coordinates": [ [ [ -58.51568, -34.62612 ], [ -58.51672, -34.6253 ], [ -58.5139, -34.62255 ], [ -58.51275, -34.62343 ], [ -58.51568, -34.62612 ] ] ] } },
{ "type": "Feature", "properties": { "indice_acceso": 0.698 }, "geometry": { "type": "Polygon", "coordinates": [ [ [ -58.51672, -34.6253 ], [ -58.51779, -34.62448 ], [ -58.51481, -34.62184 ], [ -58.5139, -34.62255 ], [ -58.51672, -34.6253 ] ] ] } },
{ "type": "Feature", "properties": { "indice_acceso": 0.696 }, "geometry": { "type": "Polygon", "coordinates": [ [ [ -58.51672, -34.6253 ], [ -58.51847, -34.62684 ], [ -58.52062, -34.62519 ], [ -58.51891, -34.62361 ], [ -58.51672, -34.6253 ] ] ] } },
{ "type": "Feature", "properties": { "indice_acceso": 0.697 }, "geometry": { "type": "Polygon", "coordinates": [ [ [ -58.51456, -34.62685 ], [ -58.51638, -34.62845 ], [ -58.51847, -34.62684 ], [ -58.51672, -34.6253 ], [ -58.51456, -34.62685 ] ] ] } },
{ "type": "Feature", "properties": { "indice_acceso": 0.685 }, "geometry": { "type": "Polygon", "coordinates": [ [ [ -58.50984, -34.61781 ], [ -58.5103, -34.61807 ], [ -58.50897, -34.61909 ], [ -58.50944, -34.61953 ], [ -58.51305, -34.61673 ], [ -58.51168, -34.61592 ], [ -58.50984, -34.61781 ] ] ] } },
{ "type": "Feature", "properties": { "indice_acceso": 0.704 }, "geometry": { "type": "Polygon", "coordinates": [ [ [ -58.50756, -34.61657 ], [ -58.50984, -34.61781 ], [ -58.51168, -34.61592 ], [ -58.50958, -34.61466 ], [ -58.50756, -34.61657 ] ] ] } },
{ "type": "Feature", "properties": { "indice_acceso": 0.723 }, "geometry": { "type": "Polygon", "coordinates": [ [ [ -58.50512, -34.6152 ], [ -58.50756, -34.61657 ], [ -58.50958, -34.61466 ], [ -58.50705, -34.61319 ], [ -58.50512, -34.6152 ] ] ] } },
{ "type": "Feature", "properties": { "indice_acceso": 0.728 }, "geometry": { "type": "Polygon", "coordinates": [ [ [ -58.50154, -34.61139 ], [ -58.50617, -34.61411 ], [ -58.50705, -34.61319 ], [ -58.50237, -34.61042 ], [ -58.50154, -34.61139 ] ] ] } },
{ "type": "Feature", "properties": { "indice_acceso": 0.742 }, "geometry": { "type": "Polygon", "coordinates": [ [ [ -58.50193, -34.61468 ], [ -58.50432, -34.61605 ], [ -58.50617, -34.61411 ], [ -58.50369, -34.61267 ], [ -58.50193, -34.61468 ] ] ] } },
{ "type": "Feature", "properties": { "indice_acceso": 0.743 }, "geometry": { "type": "Polygon", "coordinates": [ [ [ -58.5006, -34.61083 ], [ -58.49877, -34.61286 ], [ -58.50193, -34.61468 ], [ -58.50369, -34.61267 ], [ -58.5006, -34.61083 ] ] ] } },
{ "type": "Feature", "properties": { "indice_acceso": 0.715 }, "geometry": { "type": "Polygon", "coordinates": [ [ [ -58.4983, -34.61127 ], [ -58.49753, -34.61215 ], [ -58.49877, -34.61286 ], [ -58.5006, -34.61083 ], [ -58.50154, -34.61139 ], [ -58.50237, -34.61042 ], [ -58.50019, -34.60912 ], [ -58.4983, -34.61127 ] ] ] } },
{ "type": "Feature", "properties": { "indice_acceso": 0.749 }, "geometry": { "type": "Polygon", "coordinates": [ [ [ -58.49557, -34.61439 ], [ -58.4968, -34.61504 ], [ -58.49777, -34.61396 ], [ -58.49885, -34.61458 ], [ -58.49979, -34.61345 ], [ -58.49753, -34.61215 ], [ -58.49557, -34.61439 ] ] ] } },
{ "type": "Feature", "properties": { "indice_acceso": 0.78 }, "geometry": { "type": "Polygon", "coordinates": [ [ [ -58.49777, -34.61396 ], [ -58.4968, -34.61504 ], [ -58.5001, -34.61679 ], [ -58.50193, -34.61468 ], [ -58.49979, -34.61345 ], [ -58.49896, -34.61445 ], [ -58.49777, -34.61396 ] ] ] } },
{ "type": "Feature", "properties": { "indice_acceso": 0.782 }, "geometry": { "type": "Polygon", "coordinates": [ [ [ -58.5001, -34.61679 ], [ -58.50243, -34.61802 ], [ -58.50432, -34.61605 ], [ -58.50193, -34.61468 ], [ -58.5001, -34.61679 ] ] ] } },
{ "type": "Feature", "properties": { "indice_acceso": 0.743 }, "geometry": { "type": "Polygon", "coordinates": [ [ [ -58.50331, -34.61709 ], [ -58.50569, -34.61832 ], [ -58.50756, -34.61657 ], [ -58.50512, -34.6152 ], [ -58.50331, -34.61709 ] ] ] } },
{ "type": "Feature", "properties": { "indice_acceso": 0.723 }, "geometry": { "type": "Polygon", "coordinates": [ [ [ -58.50569, -34.61832 ], [ -58.50883, -34.61999 ], [ -58.50944, -34.61953 ], [ -58.50897, -34.61909 ], [ -58.5103, -34.61807 ], [ -58.50756, -34.61657 ], [ -58.50569, -34.61832 ] ] ] } },
{ "type": "Feature", "properties": { "indice_acceso": 0.759 }, "geometry": { "type": "Polygon", "coordinates": [ [ [ -58.50775, -34.62079 ], [ -58.50883, -34.61999 ], [ -58.50331, -34.61709 ], [ -58.50243, -34.61802 ], [ -58.50775, -34.62079 ] ] ] } },
{ "type": "Feature", "properties": { "indice_acceso": 0.762 }, "geometry": { "type": "Polygon", "coordinates": [ [ [ -58.50476, -34.62522 ], [ -58.50729, -34.6276 ], [ -58.51018, -34.62541 ], [ -58.5088, -34.62418 ], [ -58.50798, -34.6248 ], [ -58.50676, -34.6237 ], [ -58.50476, -34.62522 ] ] ] } },
{ "type": "Feature", "properties": { "indice_acceso": 0.743 }, "geometry": { "type": "Polygon", "coordinates": [ [ [ -58.50349, -34.62403 ], [ -58.50476, -34.62522 ], [ -58.50676, -34.6237 ], [ -58.50798, -34.6248 ], [ -58.5088, -34.62418 ], [ -58.50629, -34.62193 ], [ -58.50349, -34.62403 ] ] ] } },
{ "type": "Feature", "properties": { "indice_acceso": 0.742 }, "geometry": { "type": "Polygon", "coordinates": [ [ [ -58.50427, -34.62023 ], [ -58.50304, -34.61969 ], [ -58.50257, -34.62079 ], [ -58.50585, -34.62225 ], [ -58.50775, -34.62079 ], [ -58.50475, -34.61923 ], [ -58.50427, -34.62023 ] ] ] } },
{ "type": "Feature", "properties": { "indice_acceso": 0.797 }, "geometry": { "type": "Polygon", "coordinates": [ [ [ -58.49941, -34.61735 ], [ -58.5013, -34.61891 ], [ -58.50023, -34.61977 ], [ -58.50257, -34.62079 ], [ -58.50304, -34.61969 ], [ -58.50427, -34.62023 ], [ -58.50475, -34.61923 ], [ -58.5001, -34.61679 ], [ -58.49941, -34.61735 ] ] ] } },
{ "type": "Feature", "properties": { "indice_acceso": 0.793 }, "geometry": { "type": "Polygon", "coordinates": [ [ [ -58.50036, -34.61966 ], [ -58.5013, -34.61891 ], [ -58.49941, -34.61735 ], [ -58.5001, -34.61679 ], [ -58.49557, -34.61439 ], [ -58.49478, -34.61502 ], [ -58.50036, -34.61966 ] ] ] } },
{ "type": "Feature", "properties": { "indice_acceso": 0.777 }, "geometry": { "type": "Polygon", "coordinates": [ [ [ -58.49544, -34.6191 ], [ -58.49652, -34.61824 ], [ -58.49559, -34.61747 ], [ -58.49667, -34.61662 ], [ -58.49478, -34.61502 ], [ -58.49264, -34.61673 ], [ -58.49544, -34.6191 ] ] ] } },
{ "type": "Feature", "properties": { "indice_acceso": 0.804 }, "geometry": { "type": "Polygon", "coordinates": [ [ [ -58.49559, -34.61747 ], [ -58.4983, -34.61971 ], [ -58.49937, -34.61885 ], [ -58.49667, -34.61662 ], [ -58.49559, -34.61747 ] ] ] } },
{ "type": "Feature", "properties": { "indice_acceso": 0.804 }, "geometry": { "type": "Polygon", "coordinates": [ [ [ -58.4982, -34.62137 ], [ -58.50036, -34.61966 ], [ -58.49937, -34.61885 ], [ -58.4983, -34.61971 ], [ -58.49652, -34.61824 ], [ -58.49544, -34.6191 ], [ -58.4982, -34.62137 ] ] ] } },
{ "type": "Feature", "properties": { "indice_acceso": 0.779 }, "geometry": { "type": "Polygon", "coordinates": [ [ [ -58.4982, -34.62137 ], [ -58.50158, -34.62309 ], [ -58.50257, -34.62079 ], [ -58.50023, -34.61977 ], [ -58.4982, -34.62137 ] ] ] } },
{ "type": "Feature", "properties": { "indice_acceso": 0.758 }, "geometry": { "type": "Polygon", "coordinates": [ [ [ -58.50158, -34.62309 ], [ -58.50349, -34.62403 ], [ -58.50585, -34.62225 ], [ -58.50257, -34.62079 ], [ -58.50158, -34.62309 ] ] ] } },
{ "type": "Feature", "properties": { "indice_acceso": 0.715 }, "geometry": { "type": "Polygon", "coordinates": [ [ [ -58.5143, -34.62847 ], [ -58.51542, -34.62761 ], [ -58.51165, -34.62428 ], [ -58.51056, -34.62511 ], [ -58.5143, -34.62847 ] ] ] } },
{ "type": "Feature", "properties": { "indice_acceso": 0.709 }, "geometry": { "type": "Polygon", "coordinates": [ [ [ -58.5143, -34.62847 ], [ -58.51337, -34.62763 ], [ -58.51009, -34.63006 ], [ -58.51205, -34.63179 ], [ -58.51638, -34.62845 ], [ -58.51542, -34.62761 ], [ -58.5143, -34.62847 ] ] ] } },
{ "type": "Feature", "properties": { "indice_acceso": 0.722 }, "geometry": { "type": "Polygon", "coordinates": [ [ [ -58.50936, -34.62605 ], [ -58.51213, -34.62855 ], [ -58.51337, -34.62763 ], [ -58.51056, -34.62511 ], [ -58.50936, -34.62605 ] ] ] } },
{ "type": "Feature", "properties": { "indice_acceso": 0.739 }, "geometry": { "type": "Polygon", "coordinates": [ [ [ -58.51009, -34.63006 ], [ -58.51213, -34.62855 ], [ -58.50936, -34.62605 ], [ -58.50729, -34.6276 ], [ -58.51009, -34.63006 ] ] ] } },
{ "type": "Feature", "properties": { "indice_acceso": 0.74 }, "geometry": { "type": "Polygon", "coordinates": [ [ [ -58.51104, -34.63256 ], [ -58.51205, -34.63179 ], [ -58.50729, -34.6276 ], [ -58.5063, -34.62832 ], [ -58.51104, -34.63256 ] ] ] } },
{ "type": "Feature", "properties": { "indice_acceso": 0.721 }, "geometry": { "type": "Polygon", "coordinates": [ [ [ -58.50909, -34.63406 ], [ -58.51104, -34.63256 ], [ -58.50814, -34.62998 ], [ -58.50719, -34.63069 ], [ -58.50813, -34.63153 ], [ -58.5071, -34.6323 ], [ -58.50909, -34.63406 ] ] ] } },
{ "type": "Feature", "properties": { "indice_acceso": 0.745 }, "geometry": { "type": "Polygon", "coordinates": [ [ [ -58.50431, -34.62978 ], [ -58.50616, -34.63146 ], [ -58.50501, -34.63231 ], [ -58.50594, -34.63317 ], [ -58.50813, -34.63153 ], [ -58.50719, -34.63069 ], [ -58.50814, -34.62998 ], [ -58.5063, -34.62832 ], [ -58.50431, -34.62978 ] ] ] } },
{ "type": "Feature", "properties": { "indice_acceso": 0.751 }, "geometry": { "type": "Polygon", "coordinates": [ [ [ -58.50457, -34.63373 ], [ -58.50392, -34.63313 ], [ -58.50616, -34.63146 ], [ -58.50431, -34.62978 ], [ -58.50104, -34.63221 ], [ -58.50457, -34.63373 ] ] ] } },
{ "type": "Feature", "properties": { "indice_acceso": 0.715 }, "geometry": { "type": "Polygon", "coordinates": [ [ [ -58.50594, -34.63317 ], [ -58.50501, -34.63231 ], [ -58.50392, -34.63313 ], [ -58.50696, -34.63589 ], [ -58.50827, -34.63573 ], [ -58.51067, -34.63482 ], [ -58.50839, -34.6346 ], [ -58.50909, -34.63406 ], [ -58.50699, -34.63238 ], [ -58.50594, -34.63317 ] ] ] } },
{ "type": "Feature", "properties": { "indice_acceso": 0.765 }, "geometry": { "type": "Polygon", "coordinates": [ [ [ -58.50536, -34.62902 ], [ -58.50729, -34.6276 ], [ -58.50476, -34.62522 ], [ -58.50373, -34.62602 ], [ -58.50496, -34.62712 ], [ -58.50404, -34.62783 ], [ -58.50536, -34.62902 ] ] ] } },
{ "type": "Feature", "properties": { "indice_acceso": 0.767 }, "geometry": { "type": "Polygon", "coordinates": [ [ [ -58.50151, -34.62555 ], [ -58.50404, -34.62783 ], [ -58.50496, -34.62712 ], [ -58.50373, -34.62602 ], [ -58.50476, -34.62522 ], [ -58.50349, -34.62403 ], [ -58.50151, -34.62555 ] ] ] } },
{ "type": "Feature", "properties": { "indice_acceso": 0.763 }, "geometry": { "type": "Polygon", "coordinates": [ [ [ -58.5011, -34.624 ], [ -58.49863, -34.62292 ], [ -58.49809, -34.62406 ], [ -58.50151, -34.62555 ], [ -58.50349, -34.62403 ], [ -58.50158, -34.62309 ], [ -58.5011, -34.624 ] ] ] } },
{ "type": "Feature", "properties": { "indice_acceso": 0.778 }, "geometry": { "type": "Polygon", "coordinates": [ [ [ -58.5011, -34.624 ], [ -58.50158, -34.62309 ], [ -58.4982, -34.62137 ], [ -58.49712, -34.62223 ], [ -58.5011, -34.624 ] ] ] } },
{ "type": "Feature", "properties": { "indice_acceso": 0.776 }, "geometry": { "type": "Polygon", "coordinates": [ [ [ -58.49493, -34.62397 ], [ -58.49883, -34.62573 ], [ -58.49933, -34.62461 ], [ -58.49809, -34.62406 ], [ -58.49863, -34.62292 ], [ -58.49712, -34.62223 ], [ -58.49493, -34.62397 ] ] ] } },
{ "type": "Feature", "properties": { "indice_acceso": 0.768 }, "geometry": { "type": "Polygon", "coordinates": [ [ [ -58.49883, -34.62573 ], [ -58.50038, -34.62641 ], [ -58.50303, -34.62862 ], [ -58.50404, -34.62783 ], [ -58.50151, -34.62555 ], [ -58.49933, -34.62461 ], [ -58.49883, -34.62573 ] ] ] } },
{ "type": "Feature", "properties": { "indice_acceso": 0.763 }, "geometry": { "type": "Polygon", "coordinates": [ [ [ -58.50154, -34.63183 ], [ -58.50536, -34.62902 ], [ -58.50404, -34.62783 ], [ -58.50041, -34.63084 ], [ -58.50154, -34.63183 ] ] ] } },
{ "type": "Feature", "properties": { "indice_acceso": 0.766 }, "geometry": { "type": "Polygon", "coordinates": [ [ [ -58.49938, -34.62718 ], [ -58.50189, -34.62951 ], [ -58.50303, -34.62862 ], [ -58.50038, -34.62641 ], [ -58.49883, -34.62573 ], [ -58.49834, -34.62687 ], [ -58.49938, -34.62718 ] ] ] } },
{ "type": "Feature", "properties": { "indice_acceso": 0.765 }, "geometry": { "type": "Polygon", "coordinates": [ [ [ -58.49577, -34.62593 ], [ -58.49834, -34.62687 ], [ -58.49883, -34.62573 ], [ -58.49493, -34.62397 ], [ -58.4942, -34.62454 ], [ -58.49577, -34.62593 ] ] ] } },
{ "type": "Feature", "properties": { "indice_acceso": 0.767 }, "geometry": { "type": "Polygon", "coordinates": [ [ [ -58.5008, -34.63035 ], [ -58.50189, -34.62951 ], [ -58.49938, -34.62718 ], [ -58.49577, -34.62593 ], [ -58.5008, -34.63035 ] ] ] } },
{ "type": "Feature", "properties": { "indice_acceso": 0.804 }, "geometry": { "type": "Polygon", "coordinates": [ [ [ -58.49712, -34.62223 ], [ -58.4982, -34.62137 ], [ -58.49544, -34.6191 ], [ -58.49437, -34.61995 ], [ -58.49712, -34.62223 ] ] ] } },
{ "type": "Feature", "properties": { "indice_acceso": 0.774 }, "geometry": { "type": "Polygon", "coordinates": [ [ [ -58.49236, -34.62003 ], [ -58.49344, -34.61918 ], [ -58.49437, -34.61995 ], [ -58.49544, -34.6191 ], [ -58.49264, -34.61673 ], [ -58.49062, -34.61855 ], [ -58.49236, -34.62003 ] ] ] } },
{ "type": "Feature", "properties": { "indice_acceso": 0.799 }, "geometry": { "type": "Polygon", "coordinates": [ [ [ -58.49604, -34.62308 ], [ -58.49712, -34.62223 ], [ -58.49344, -34.61918 ], [ -58.49236, -34.62003 ], [ -58.49604, -34.62308 ] ] ] } },
{ "type": "Feature", "properties": { "indice_acceso": 0.801 }, "geometry": { "type": "Polygon", "coordinates": [ [ [ -58.49497, -34.62393 ], [ -58.49604, -34.62308 ], [ -58.49329, -34.62081 ], [ -58.49221, -34.62167 ], [ -58.49497, -34.62393 ] ] ] } },
{ "type": "Feature", "properties": { "indice_acceso": 0.789 }, "geometry": { "type": "Polygon", "coordinates": [ [ [ -58.48833, -34.62016 ], [ -58.49021, -34.62174 ], [ -58.48913, -34.62259 ], [ -58.49007, -34.62337 ], [ -58.49329, -34.62081 ], [ -58.49049, -34.61844 ], [ -58.48833, -34.62016 ] ] ] } },
{ "type": "Feature", "properties": { "indice_acceso": 0.789 }, "geometry": { "type": "Polygon", "coordinates": [ [ [ -58.49389, -34.62479 ], [ -58.49497, -34.62393 ], [ -58.49221, -34.62167 ], [ -58.49114, -34.62252 ], [ -58.49389, -34.62479 ] ] ] } },
{ "type": "Feature", "properties": { "indice_acceso": 0.771 }, "geometry": { "type": "Polygon", "coordinates": [ [ [ -58.49238, -34.62441 ], [ -58.49184, -34.62484 ], [ -58.49282, -34.62564 ], [ -58.49389, -34.62479 ], [ -58.49114, -34.62252 ], [ -58.4906, -34.62295 ], [ -58.49238, -34.62441 ] ] ] } },
{ "type": "Feature", "properties": { "indice_acceso": 0.76 }, "geometry": { "type": "Polygon", "coordinates": [ [ [ -58.48899, -34.62423 ], [ -58.49174, -34.62649 ], [ -58.49282, -34.62564 ], [ -58.49184, -34.62484 ], [ -58.49238, -34.62441 ], [ -58.4906, -34.62295 ], [ -58.48899, -34.62423 ] ] ] } },
{ "type": "Feature", "properties": { "indice_acceso": 0.741 }, "geometry": { "type": "Polygon", "coordinates": [ [ [ -58.49109, -34.62701 ], [ -58.49174, -34.62649 ], [ -58.48899, -34.62423 ], [ -58.48725, -34.62562 ], [ -58.49109, -34.62701 ] ] ] } },
{ "type": "Feature", "properties": { "indice_acceso": 0.739 }, "geometry": { "type": "Polygon", "coordinates": [ [ [ -58.48804, -34.62345 ], [ -58.48592, -34.62514 ], [ -58.48725, -34.62562 ], [ -58.49007, -34.62337 ], [ -58.48913, -34.62259 ], [ -58.48804, -34.62345 ] ] ] } },
{ "type": "Feature", "properties": { "indice_acceso": 0.738 }, "geometry": { "type": "Polygon", "coordinates": [ [ [ -58.48511, -34.62273 ], [ -58.4861, -34.62358 ], [ -58.48717, -34.62273 ], [ -58.48804, -34.62345 ], [ -58.49021, -34.62174 ], [ -58.48833, -34.62016 ], [ -58.48511, -34.62273 ] ] ] } },
{ "type": "Feature", "properties": { "indice_acceso": 0.719 }, "geometry": { "type": "Polygon", "coordinates": [ [ [ -58.48336, -34.62413 ], [ -58.48592, -34.62514 ], [ -58.48804, -34.62345 ], [ -58.48717, -34.62273 ], [ -58.4861, -34.62358 ], [ -58.48511, -34.62273 ], [ -58.48336, -34.62413 ] ] ] } },
{ "type": "Feature", "properties": { "indice_acceso": 0.731 }, "geometry": { "type": "Polygon", "coordinates": [ [ [ -58.4877, -34.62667 ], [ -58.48618, -34.63012 ], [ -58.48694, -34.63031 ], [ -58.49109, -34.62701 ], [ -58.48848, -34.62605 ], [ -58.4877, -34.62667 ] ] ] } },
{ "type": "Feature", "properties": { "indice_acceso": 0.726 }, "geometry": { "type": "Polygon", "coordinates": [ [ [ -58.48655, -34.6262 ], [ -58.48494, -34.62981 ], [ -58.48618, -34.63012 ], [ -58.4877, -34.62667 ], [ -58.48848, -34.62605 ], [ -58.48725, -34.62562 ], [ -58.48655, -34.6262 ] ] ] } },
{ "type": "Feature", "properties": { "indice_acceso": 0.723 }, "geometry": { "type": "Polygon", "coordinates": [ [ [ -58.48234, -34.62563 ], [ -58.48642, -34.62662 ], [ -58.48725, -34.62562 ], [ -58.48336, -34.62413 ], [ -58.48274, -34.62463 ], [ -58.48234, -34.62563 ] ] ] } },
{ "type": "Feature", "properties": { "indice_acceso": 0.722 }, "geometry": { "type": "Polygon", "coordinates": [ [ [ -58.48188, -34.62662 ], [ -58.48274, -34.62463 ], [ -58.48074, -34.62378 ], [ -58.47976, -34.62607 ], [ -58.48188, -34.62662 ] ] ] } },
{ "type": "Feature", "properties": { "indice_acceso": 0.72 }, "geometry": { "type": "Polygon", "coordinates": [ [ [ -58.47976, -34.62607 ], [ -58.48074, -34.62378 ], [ -58.4778, -34.62239 ], [ -58.47695, -34.62422 ], [ -58.47911, -34.62479 ], [ -58.47884, -34.62584 ], [ -58.47976, -34.62607 ] ] ] } },
{ "type": "Feature", "properties": { "indice_acceso": 0.719 }, "geometry": { "type": "Polygon", "coordinates": [ [ [ -58.47547, -34.62745 ], [ -58.47763, -34.62799 ], [ -58.47819, -34.62678 ], [ -58.4793, -34.62706 ], [ -58.47976, -34.62607 ], [ -58.47866, -34.62579 ], [ -58.47911, -34.62479 ], [ -58.47695, -34.62422 ], [ -58.47547, -34.62745 ] ] ] } },
{ "type": "Feature", "properties": { "indice_acceso": 0.727 }, "geometry": { "type": "Polygon", "coordinates": [ [ [ -58.4793, -34.62706 ], [ -58.48424, -34.62831 ], [ -58.48469, -34.62731 ], [ -58.47976, -34.62607 ], [ -58.4793, -34.62706 ] ] ] } },
{ "type": "Feature", "properties": { "indice_acceso": 0.724 }, "geometry": { "type": "Polygon", "coordinates": [ [ [ -58.48188, -34.62662 ], [ -58.48596, -34.62761 ], [ -58.48642, -34.62662 ], [ -58.48234, -34.62563 ], [ -58.48188, -34.62662 ] ] ] } },
{ "type": "Feature", "properties": { "indice_acceso": 0.725 }, "geometry": { "type": "Polygon", "coordinates": [ [ [ -58.48424, -34.62831 ], [ -58.48286, -34.62797 ], [ -58.48231, -34.62915 ], [ -58.48494, -34.62981 ], [ -58.48596, -34.62761 ], [ -58.48469, -34.62731 ], [ -58.48424, -34.62831 ] ] ] } },
{ "type": "Feature", "properties": { "indice_acceso": 0.724 }, "geometry": { "type": "Polygon", "coordinates": [ [ [ -58.48089, -34.6288 ], [ -58.48231, -34.62915 ], [ -58.48286, -34.62797 ], [ -58.48143, -34.62761 ], [ -58.48089, -34.6288 ] ] ] } },
{ "type": "Feature", "properties": { "indice_acceso": 0.723 }, "geometry": { "type": "Polygon", "coordinates": [ [ [ -58.47819, -34.62678 ], [ -58.47763, -34.62799 ], [ -58.48089, -34.6288 ], [ -58.48143, -34.62761 ], [ -58.47819, -34.62678 ] ] ] } },
{ "type": "Feature", "properties": { "indice_acceso": 0.717 }, "geometry": { "type": "Polygon", "coordinates": [ [ [ -58.4832, -34.63056 ], [ -58.48567, -34.63118 ], [ -58.48557, -34.63141 ], [ -58.48694, -34.63031 ], [ -58.48369, -34.6295 ], [ -58.4832, -34.63056 ] ] ] } },
{ "type": "Feature", "properties": { "indice_acceso": 0.714 }, "geometry": { "type": "Polygon", "coordinates": [ [ [ -58.48137, -34.63121 ], [ -58.48397, -34.63188 ], [ -58.48444, -34.63087 ], [ -58.4832, -34.63056 ], [ -58.48369, -34.6295 ], [ -58.48231, -34.62915 ], [ -58.48137, -34.63121 ] ] ] } },
{ "type": "Feature", "properties": { "indice_acceso": 0.713 }, "geometry": { "type": "Polygon", "coordinates": [ [ [ -58.47996, -34.63086 ], [ -58.48137, -34.63121 ], [ -58.48231, -34.62915 ], [ -58.48089, -34.6288 ], [ -58.47996, -34.63086 ] ] ] } },
{ "type": "Feature", "properties": { "indice_acceso": 0.712 }, "geometry": { "type": "Polygon", "coordinates": [ [ [ -58.4778, -34.6303 ], [ -58.47888, -34.63058 ], [ -58.47933, -34.6296 ], [ -58.48041, -34.62986 ], [ -58.48089, -34.6288 ], [ -58.47874, -34.62827 ], [ -58.4778, -34.6303 ] ] ] } },
{ "type": "Feature", "properties": { "indice_acceso": 0.704 }, "geometry": { "type": "Polygon", "coordinates": [ [ [ -58.47567, -34.62974 ], [ -58.4778, -34.6303 ], [ -58.47874, -34.62827 ], [ -58.47659, -34.62773 ], [ -58.47567, -34.62974 ] ] ] } },
{ "type": "Feature", "properties": { "indice_acceso": 0.699 }, "geometry": { "type": "Polygon", "coordinates": [ [ [ -58.47425, -34.63011 ], [ -58.47743, -34.63108 ], [ -58.4778, -34.6303 ], [ -58.47567, -34.62974 ], [ -58.47659, -34.62773 ], [ -58.47547, -34.62745 ], [ -58.47425, -34.63011 ] ] ] } },
{ "type": "Feature", "properties": { "indice_acceso": 0.701 }, "geometry": { "type": "Polygon", "coordinates": [ [ [ -58.47743, -34.63108 ], [ -58.47955, -34.63175 ], [ -58.48041, -34.62986 ], [ -58.47933, -34.6296 ], [ -58.47888, -34.63058 ], [ -58.4778, -34.6303 ], [ -58.47743, -34.63108 ] ] ] } },
{ "type": "Feature", "properties": { "indice_acceso": 0.687 }, "geometry": { "type": "Polygon", "coordinates": [ [ [ -58.47938, -34.63212 ], [ -58.48212, -34.6329 ], [ -58.48226, -34.63259 ], [ -58.48091, -34.63218 ], [ -58.48137, -34.63121 ], [ -58.47996, -34.63086 ], [ -58.47938, -34.63212 ] ] ] } },
{ "type": "Feature", "properties": { "indice_acceso": 0.703 }, "geometry": { "type": "Polygon", "coordinates": [ [ [ -58.48091, -34.63218 ], [ -58.48332, -34.63328 ], [ -58.48397, -34.63188 ], [ -58.48137, -34.63121 ], [ -58.48091, -34.63218 ] ] ] } },
{ "type": "Feature", "properties": { "indice_acceso": 0.708 }, "geometry": { "type": "Polygon", "coordinates": [ [ [ -58.48397, -34.63188 ], [ -58.48347, -34.63296 ], [ -58.48567, -34.63118 ], [ -58.48444, -34.63087 ], [ -58.48397, -34.63188 ] ] ] } },
{ "type": "Feature", "properties": { "indice_acceso": 0.759 }, "geometry": { "type": "Polygon", "coordinates": [ [ [ -58.4926, -34.62602 ], [ -58.49695, -34.62789 ], [ -58.4975, -34.62746 ], [ -58.4942, -34.62454 ], [ -58.4926, -34.62602 ] ] ] } },
{ "type": "Feature", "properties": { "indice_acceso": 0.754 }, "geometry": { "type": "Polygon", "coordinates": [ [ [ -58.49336, -34.62766 ], [ -58.49473, -34.62825 ], [ -58.49587, -34.62873 ], [ -58.49695, -34.62789 ], [ -58.49386, -34.62656 ], [ -58.49336, -34.62766 ] ] ] } },
{ "type": "Feature", "properties": { "indice_acceso": 0.749 }, "geometry": { "type": "Polygon", "coordinates": [ [ [ -58.49109, -34.62701 ], [ -58.49487, -34.62952 ], [ -58.49587, -34.62873 ], [ -58.49336, -34.62766 ], [ -58.49386, -34.62656 ], [ -58.4926, -34.62602 ], [ -58.49275, -34.62569 ], [ -58.49109, -34.62701 ] ] ] } },
{ "type": "Feature", "properties": { "indice_acceso": 0.74 }, "geometry": { "type": "Polygon", "coordinates": [ [ [ -58.49392, -34.62928 ], [ -58.49408, -34.62903 ], [ -58.49109, -34.62701 ], [ -58.49022, -34.6277 ], [ -58.49392, -34.62928 ] ] ] } },
{ "type": "Feature", "properties": { "indice_acceso": 0.745 }, "geometry": { "type": "Polygon", "coordinates": [ [ [ -58.49358, -34.63054 ], [ -58.49487, -34.62952 ], [ -58.49022, -34.6277 ], [ -58.48928, -34.62844 ], [ -58.49358, -34.63054 ] ] ] } },
{ "type": "Feature", "properties": { "indice_acceso": 0.752 }, "geometry": { "type": "Polygon", "coordinates": [ [ [ -58.49235, -34.63151 ], [ -58.49358, -34.63054 ], [ -58.48928, -34.62844 ], [ -58.48808, -34.6294 ], [ -58.49235, -34.63151 ] ] ] } },
{ "type": "Feature", "properties": { "indice_acceso": 0.728 }, "geometry": { "type": "Polygon", "coordinates": [ [ [ -58.48852, -34.63182 ], [ -58.49015, -34.63323 ], [ -58.49235, -34.63151 ], [ -58.49021, -34.63045 ], [ -58.48852, -34.63182 ] ] ] } },
{ "type": "Feature", "properties": { "indice_acceso": 0.723 }, "geometry": { "type": "Polygon", "coordinates": [ [ [ -58.48686, -34.63038 ], [ -58.48852, -34.63182 ], [ -58.49021, -34.63045 ], [ -58.48808, -34.6294 ], [ -58.48686, -34.63038 ] ] ] } },
{ "type": "Feature", "properties": { "indice_acceso": 0.715 }, "geometry": { "type": "Polygon", "coordinates": [ [ [ -58.48933, -34.63389 ], [ -58.49015, -34.63323 ], [ -58.48686, -34.63038 ], [ -58.48603, -34.63104 ], [ -58.48933, -34.63389 ] ] ] } },
{ "type": "Feature", "properties": { "indice_acceso": 0.71 }, "geometry": { "type": "Polygon", "coordinates": [ [ [ -58.48933, -34.63389 ], [ -58.4868, -34.63171 ], [ -58.48593, -34.63362 ], [ -58.48843, -34.63416 ], [ -58.48933, -34.63389 ] ] ] } },
{ "type": "Feature", "properties": { "indice_acceso": 0.712 }, "geometry": { "type": "Polygon", "coordinates": [ [ [ -58.48643, -34.63251 ], [ -58.4868, -34.63171 ], [ -58.48603, -34.63104 ], [ -58.48473, -34.63208 ], [ -58.48643, -34.63251 ] ] ] } },
{ "type": "Feature", "properties": { "indice_acceso": 0.705 }, "geometry": { "type": "Polygon", "coordinates": [ [ [ -58.48577, -34.63394 ], [ -58.48643, -34.63251 ], [ -58.48473, -34.63208 ], [ -58.48332, -34.63328 ], [ -58.48577, -34.63394 ] ] ] } },
{ "type": "Feature", "properties": { "indice_acceso": 0.77 }, "geometry": { "type": "Polygon", "coordinates": [ [ [ -58.49808, -34.63039 ], [ -58.49717, -34.62971 ], [ -58.4962, -34.63041 ], [ -58.50104, -34.63221 ], [ -58.50154, -34.63183 ], [ -58.50029, -34.63073 ], [ -58.5008, -34.63035 ], [ -58.49954, -34.62924 ], [ -58.49808, -34.63039 ] ] ] } },
{ "type": "Feature", "properties": { "indice_acceso": 0.765 }, "geometry": { "type": "Polygon", "coordinates": [ [ [ -58.49487, -34.62952 ], [ -58.4962, -34.63041 ], [ -58.49717, -34.62971 ], [ -58.49808, -34.63039 ], [ -58.49954, -34.62924 ], [ -58.4975, -34.62746 ], [ -58.49487, -34.62952 ] ] ] } },
{ "type": "Feature", "properties": { "indice_acceso": 0.772 }, "geometry": { "type": "Polygon", "coordinates": [ [ [ -58.49358, -34.63054 ], [ -58.49899, -34.63256 ], [ -58.49998, -34.63178 ], [ -58.49641, -34.63051 ], [ -58.49487, -34.62952 ], [ -58.49358, -34.63054 ] ] ] } },
{ "type": "Feature", "properties": { "indice_acceso": 0.765 }, "geometry": { "type": "Polygon", "coordinates": [ [ [ -58.49431, -34.63319 ], [ -58.49764, -34.63361 ], [ -58.49899, -34.63256 ], [ -58.49478, -34.63086 ], [ -58.49431, -34.63319 ] ] ] } },
{ "type": "Feature", "properties": { "indice_acceso": 0.757 }, "geometry": { "type": "Polygon", "coordinates": [ [ [ -58.49218, -34.63186 ], [ -58.49078, -34.63274 ], [ -58.49431, -34.63319 ], [ -58.49478, -34.63086 ], [ -58.49358, -34.63054 ], [ -58.49218, -34.63186 ] ] ] } },
{ "type": "Feature", "properties": { "indice_acceso": 0.732 }, "geometry": { "type": "Polygon", "coordinates": [ [ [ -58.48891, -34.63422 ], [ -58.49149, -34.63458 ], [ -58.49141, -34.63488 ], [ -58.49243, -34.63501 ], [ -58.49289, -34.633 ], [ -58.49078, -34.63274 ], [ -58.48891, -34.63422 ] ] ] } },
{ "type": "Feature", "properties": { "indice_acceso": 0.736 }, "geometry": { "type": "Polygon", "coordinates": [ [ [ -58.49243, -34.63501 ], [ -58.4954, -34.63537 ], [ -58.49764, -34.63361 ], [ -58.49289, -34.633 ], [ -58.49243, -34.63501 ] ] ] } },
{ "type": "Feature", "properties": { "indice_acceso": 0.725 }, "geometry": { "type": "Polygon", "coordinates": [ [ [ -58.49213, -34.63629 ], [ -58.4938, -34.63664 ], [ -58.4954, -34.63537 ], [ -58.49243, -34.63501 ], [ -58.49213, -34.63629 ] ] ] } },
{ "type": "Feature", "properties": { "indice_acceso": 0.712 }, "geometry": { "type": "Polygon", "coordinates": [ [ [ -58.48765, -34.63521 ], [ -58.49213, -34.63629 ], [ -58.49243, -34.63501 ], [ -58.49141, -34.63488 ], [ -58.49149, -34.63458 ], [ -58.48891, -34.63422 ], [ -58.48765, -34.63521 ] ] ] } },
{ "type": "Feature", "properties": { "indice_acceso": 0.707 }, "geometry": { "type": "Polygon", "coordinates": [ [ [ -58.48911, -34.63698 ], [ -58.49227, -34.63778 ], [ -58.49332, -34.63696 ], [ -58.49311, -34.63651 ], [ -58.48942, -34.63564 ], [ -58.48911, -34.63698 ] ] ] } },
{ "type": "Feature", "properties": { "indice_acceso": 0.696 }, "geometry": { "type": "Polygon", "coordinates": [ [ [ -58.48727, -34.63653 ], [ -58.48911, -34.63698 ], [ -58.48942, -34.63564 ], [ -58.48765, -34.63521 ], [ -58.48727, -34.63653 ] ] ] } },
{ "type": "Feature", "properties": { "indice_acceso": 0.728 }, "geometry": { "type": "Polygon", "coordinates": [ [ [ -58.50186, -34.63293 ], [ -58.50162, -34.63413 ], [ -58.50545, -34.63464 ], [ -58.50457, -34.63373 ], [ -58.5024, -34.63279 ], [ -58.50186, -34.63293 ] ] ] } },
{ "type": "Feature", "properties": { "indice_acceso": 0.751 }, "geometry": { "type": "Polygon", "coordinates": [ [ [ -58.49894, -34.63259 ], [ -58.4987, -34.63376 ], [ -58.50162, -34.63413 ], [ -58.50186, -34.63293 ], [ -58.5024, -34.63279 ], [ -58.49998, -34.63178 ], [ -58.49894, -34.63259 ] ] ] } },
{ "type": "Feature", "properties": { "indice_acceso": 0.744 }, "geometry": { "type": "Polygon", "coordinates": [ [ [ -58.49829, -34.63543 ], [ -58.49817, -34.63602 ], [ -58.49963, -34.63604 ], [ -58.49992, -34.63514 ], [ -58.49846, -34.63495 ], [ -58.49894, -34.63259 ], [ -58.4954, -34.63537 ], [ -58.49829, -34.63543 ] ] ] } },
{ "type": "Feature", "properties": { "indice_acceso": 0.739 }, "geometry": { "type": "Polygon", "coordinates": [ [ [ -58.49992, -34.63514 ], [ -58.49977, -34.63587 ], [ -58.49993, -34.63548 ], [ -58.50131, -34.63565 ], [ -58.50162, -34.63413 ], [ -58.4987, -34.63376 ], [ -58.49846, -34.63495 ], [ -58.49992, -34.63514 ] ] ] } },
{ "type": "Feature", "properties": { "indice_acceso": 0.713 }, "geometry": { "type": "Polygon", "coordinates": [ [ [ -58.50131, -34.63565 ], [ -58.49993, -34.63548 ], [ -58.49981, -34.63611 ], [ -58.50536, -34.63685 ], [ -58.50682, -34.63581 ], [ -58.50545, -34.63464 ], [ -58.50162, -34.63413 ], [ -58.50131, -34.63565 ] ] ] } },
{ "type": "Feature", "properties": { "indice_acceso": 0.7 }, "geometry": { "type": "Polygon", "coordinates": [ [ [ -58.50092, -34.63764 ], [ -58.50393, -34.63809 ], [ -58.50561, -34.63677 ], [ -58.50117, -34.63633 ], [ -58.50092, -34.63764 ] ] ] } },
{ "type": "Feature", "properties": { "indice_acceso": 0.713 }, "geometry": { "type": "Polygon", "coordinates": [ [ [ -58.49801, -34.63723 ], [ -58.50092, -34.63764 ], [ -58.50117, -34.63633 ], [ -58.49825, -34.63601 ], [ -58.49801, -34.63723 ] ] ] } },
{ "type": "Feature", "properties": { "indice_acceso": 0.715 }, "geometry": { "type": "Polygon", "coordinates": [ [ [ -58.4938, -34.63664 ], [ -58.49311, -34.63651 ], [ -58.49332, -34.63696 ], [ -58.49227, -34.63778 ], [ -58.49631, -34.63832 ], [ -58.49655, -34.63703 ], [ -58.49801, -34.63723 ], [ -58.49829, -34.63543 ], [ -58.4954, -34.63537 ], [ -58.4938, -34.63664 ] ] ] } },
{ "type": "Feature", "properties": { "indice_acceso": 0.699 }, "geometry": { "type": "Polygon", "coordinates": [ [ [ -58.49655, -34.63703 ], [ -58.49631, -34.63832 ], [ -58.49779, -34.63852 ], [ -58.49801, -34.63723 ], [ -58.49655, -34.63703 ] ] ] } },
{ "type": "Feature", "properties": { "indice_acceso": 0.679 }, "geometry": { "type": "Polygon", "coordinates": [ [ [ -58.50393, -34.63809 ], [ -58.5087, -34.63888 ], [ -58.50914, -34.63718 ], [ -58.50561, -34.63677 ], [ -58.50393, -34.63809 ] ] ] } },
{ "type": "Feature", "properties": { "indice_acceso": 0.664 }, "geometry": { "type": "Polygon", "coordinates": [ [ [ -58.50914, -34.63718 ], [ -58.5087, -34.63888 ], [ -58.50593, -34.6384 ], [ -58.50569, -34.63934 ], [ -58.50979, -34.64008 ], [ -58.51049, -34.63737 ], [ -58.50914, -34.63718 ] ] ] } },
{ "type": "Feature", "properties": { "indice_acceso": 0.68 }, "geometry": { "type": "Polygon", "coordinates": [ [ [ -58.50301, -34.63881 ], [ -58.5057, -34.63928 ], [ -58.50593, -34.6384 ], [ -58.50393, -34.63809 ], [ -58.50301, -34.63881 ] ] ] } },
{ "type": "Feature", "properties": { "indice_acceso": 0.676 }, "geometry": { "type": "Polygon", "coordinates": [ [ [ -58.50182, -34.63974 ], [ -58.50336, -34.64114 ], [ -58.5057, -34.63928 ], [ -58.50301, -34.63881 ], [ -58.50182, -34.63974 ] ] ] } },
{ "type": "Feature", "properties": { "indice_acceso": 0.684 }, "geometry": { "type": "Polygon", "coordinates": [ [ [ -58.50454, -34.64022 ], [ -58.50684, -34.64232 ], [ -58.50979, -34.64008 ], [ -58.50569, -34.63934 ], [ -58.50454, -34.64022 ] ] ] } },
{ "type": "Feature", "properties": { "indice_acceso": 0.687 }, "geometry": { "type": "Polygon", "coordinates": [ [ [ -58.50447, -34.64411 ], [ -58.50684, -34.64232 ], [ -58.50454, -34.64022 ], [ -58.50222, -34.64203 ], [ -58.50447, -34.64411 ] ] ] } },
{ "type": "Feature", "properties": { "indice_acceso": 0.677 }, "geometry": { "type": "Polygon", "coordinates": [ [ [ -58.50336, -34.64114 ], [ -58.50182, -34.63974 ], [ -58.49949, -34.64157 ], [ -58.50089, -34.64283 ], [ -58.50336, -34.64114 ] ] ] } },
{ "type": "Feature", "properties": { "indice_acceso": 0.69 }, "geometry": { "type": "Polygon", "coordinates": [ [ [ -58.5023, -34.64582 ], [ -58.50447, -34.64411 ], [ -58.50222, -34.64203 ], [ -58.50101, -34.64295 ], [ -58.50177, -34.64363 ], [ -58.50025, -34.64487 ], [ -58.5023, -34.64582 ] ] ] } },
{ "type": "Feature", "properties": { "indice_acceso": 0.679 }, "geometry": { "type": "Polygon", "coordinates": [ [ [ -58.50025, -34.64487 ], [ -58.50177, -34.64363 ], [ -58.49949, -34.64157 ], [ -58.49713, -34.6434 ], [ -58.50025, -34.64487 ] ] ] } },
{ "type": "Feature", "properties": { "indice_acceso": 0.683 }, "geometry": { "type": "Polygon", "coordinates": [ [ [ -58.50182, -34.63904 ], [ -58.50068, -34.63888 ], [ -58.50029, -34.64094 ], [ -58.50393, -34.63809 ], [ -58.50204, -34.6378 ], [ -58.50182, -34.63904 ] ] ] } },
{ "type": "Feature", "properties": { "indice_acceso": 0.691 }, "geometry": { "type": "Polygon", "coordinates": [ [ [ -58.49899, -34.63994 ], [ -58.50044, -34.64014 ], [ -58.50068, -34.63888 ], [ -58.50182, -34.63904 ], [ -58.50204, -34.6378 ], [ -58.49945, -34.63744 ], [ -58.49899, -34.63994 ] ] ] } },
{ "type": "Feature", "properties": { "indice_acceso": 0.68 }, "geometry": { "type": "Polygon", "coordinates": [ [ [ -58.49982, -34.64131 ], [ -58.50029, -34.64094 ], [ -58.50044, -34.64014 ], [ -58.49899, -34.63994 ], [ -58.49945, -34.63744 ], [ -58.49801, -34.63723 ], [ -58.49728, -34.64096 ], [ -58.49982, -34.64131 ] ] ] } },
{ "type": "Feature", "properties": { "indice_acceso": 0.697 }, "geometry": { "type": "Polygon", "coordinates": [ [ [ -58.49606, -34.63954 ], [ -58.49754, -34.63974 ], [ -58.49779, -34.63852 ], [ -58.49631, -34.63832 ], [ -58.49606, -34.63954 ] ] ] } },
{ "type": "Feature", "properties": { "indice_acceso": 0.695 }, "geometry": { "type": "Polygon", "coordinates": [ [ [ -58.49305, -34.63959 ], [ -58.4925, -34.6403 ], [ -58.49728, -34.64096 ], [ -58.49754, -34.63974 ], [ -58.49606, -34.63954 ], [ -58.49631, -34.63832 ], [ -58.49338, -34.63793 ], [ -58.49305, -34.63959 ] ] ] } },
{ "type": "Feature", "properties": { "indice_acceso": 0.698 }, "geometry": { "type": "Polygon", "coordinates": [ [ [ -58.49038, -34.63925 ], [ -58.48823, -34.64096 ], [ -58.49119, -34.64137 ], [ -58.49143, -34.64016 ], [ -58.4925, -34.6403 ], [ -58.49305, -34.63959 ], [ -58.49338, -34.63793 ], [ -58.49227, -34.63778 ], [ -58.49038, -34.63925 ] ] ] } },
{ "type": "Feature", "properties": { "indice_acceso": 0.685 }, "geometry": { "type": "Polygon", "coordinates": [ [ [ -58.49143, -34.64016 ], [ -58.49119, -34.64137 ], [ -58.48823, -34.64096 ], [ -58.48781, -34.6413 ], [ -58.49024, -34.64245 ], [ -58.49389, -34.64295 ], [ -58.49436, -34.64055 ], [ -58.49143, -34.64016 ] ] ] } },
{ "type": "Feature", "properties": { "indice_acceso": 0.673 }, "geometry": { "type": "Polygon", "coordinates": [ [ [ -58.49389, -34.64295 ], [ -58.49676, -34.64339 ], [ -58.49702, -34.64217 ], [ -58.4956, -34.64197 ], [ -58.49582, -34.64077 ], [ -58.49436, -34.64055 ], [ -58.49389, -34.64295 ] ] ] } },
{ "type": "Feature", "properties": { "indice_acceso": 0.678 }, "geometry": { "type": "Polygon", "coordinates": [ [ [ -58.4956, -34.64197 ], [ -58.49702, -34.64217 ], [ -58.49676, -34.64339 ], [ -58.49713, -34.6434 ], [ -58.49982, -34.64131 ], [ -58.49582, -34.64077 ], [ -58.4956, -34.64197 ] ] ] } },
{ "type": "Feature", "properties": { "indice_acceso": 0.674 }, "geometry": { "type": "Polygon", "coordinates": [ [ [ -58.4953, -34.64485 ], [ -58.49713, -34.6434 ], [ -58.49055, -34.64253 ], [ -58.49024, -34.64245 ], [ -58.4953, -34.64485 ] ] ] } },
{ "type": "Feature", "properties": { "indice_acceso": 0.694 }, "geometry": { "type": "Polygon", "coordinates": [ [ [ -58.48852, -34.63964 ], [ -58.48956, -34.6399 ], [ -58.49227, -34.63778 ], [ -58.48911, -34.63698 ], [ -58.48852, -34.63964 ] ] ] } },
{ "type": "Feature", "properties": { "indice_acceso": 0.687 }, "geometry": { "type": "Polygon", "coordinates": [ [ [ -58.4867, -34.63844 ], [ -58.48863, -34.63914 ], [ -58.48911, -34.63698 ], [ -58.48727, -34.63653 ], [ -58.4867, -34.63844 ] ] ] } },
{ "type": "Feature", "properties": { "indice_acceso": 0.684 }, "geometry": { "type": "Polygon", "coordinates": [ [ [ -58.48493, -34.63736 ], [ -58.48402, -34.63808 ], [ -58.48648, -34.63911 ], [ -58.48765, -34.63521 ], [ -58.48493, -34.63736 ] ] ] } },
{ "type": "Feature", "properties": { "indice_acceso": 0.689 }, "geometry": { "type": "Polygon", "coordinates": [ [ [ -58.48391, -34.63708 ], [ -58.48331, -34.63864 ], [ -58.48765, -34.63521 ], [ -58.48485, -34.63454 ], [ -58.48391, -34.63708 ] ] ] } },
{ "type": "Feature", "properties": { "indice_acceso": 0.703 }, "geometry": { "type": "Polygon", "coordinates": [ [ [ -58.48419, -34.63438 ], [ -58.48765, -34.63521 ], [ -58.48891, -34.63422 ], [ -58.48453, -34.63364 ], [ -58.48419, -34.63438 ] ] ] } },
{ "type": "Feature", "properties": { "indice_acceso": 0.7 }, "geometry": { "type": "Polygon", "coordinates": [ [ [ -58.48238, -34.63394 ], [ -58.48419, -34.63438 ], [ -58.48453, -34.63364 ], [ -58.48332, -34.63328 ], [ -58.48238, -34.63394 ] ] ] } },
{ "type": "Feature", "properties": { "indice_acceso": 0.69 }, "geometry": { "type": "Polygon", "coordinates": [ [ [ -58.48281, -34.63547 ], [ -58.48437, -34.63583 ], [ -58.48485, -34.63454 ], [ -58.48328, -34.63416 ], [ -58.48281, -34.63547 ] ] ] } },
{ "type": "Feature", "properties": { "indice_acceso": 0.69 }, "geometry": { "type": "Polygon", "coordinates": [ [ [ -58.48202, -34.63767 ], [ -58.48344, -34.63832 ], [ -58.48437, -34.63583 ], [ -58.48281, -34.63547 ], [ -58.48202, -34.63767 ] ] ] } },
{ "type": "Feature", "properties": { "indice_acceso": 0.69 }, "geometry": { "type": "Polygon", "coordinates": [ [ [ -58.47993, -34.63591 ], [ -58.4797, -34.6361 ], [ -58.48228, -34.63695 ], [ -58.48328, -34.63416 ], [ -58.48238, -34.63394 ], [ -58.47993, -34.63591 ] ] ] } },
{ "type": "Feature", "properties": { "indice_acceso": 0.692 }, "geometry": { "type": "Polygon", "coordinates": [ [ [ -58.47854, -34.63699 ], [ -58.48288, -34.63898 ], [ -58.48331, -34.63864 ], [ -58.48344, -34.63832 ], [ -58.48202, -34.63767 ], [ -58.48228, -34.63695 ], [ -58.4797, -34.6361 ], [ -58.47854, -34.63699 ] ] ] } },
{ "type": "Feature", "properties": { "indice_acceso": 0.687 }, "geometry": { "type": "Polygon", "coordinates": [ [ [ -58.48288, -34.63898 ], [ -58.48607, -34.64048 ], [ -58.48648, -34.63911 ], [ -58.48402, -34.63808 ], [ -58.48288, -34.63898 ] ] ] } },
{ "type": "Feature", "properties": { "indice_acceso": 0.686 }, "geometry": { "type": "Polygon", "coordinates": [ [ [ -58.48607, -34.64048 ], [ -58.48781, -34.6413 ], [ -58.48956, -34.6399 ], [ -58.48852, -34.63964 ], [ -58.48863, -34.63914 ], [ -58.4867, -34.63844 ], [ -58.48607, -34.64048 ] ] ] } },
{ "type": "Feature", "properties": { "indice_acceso": 0.69 }, "geometry": { "type": "Polygon", "coordinates": [ [ [ -58.48037, -34.63346 ], [ -58.48238, -34.63394 ], [ -58.48332, -34.63328 ], [ -58.48077, -34.63255 ], [ -58.48037, -34.63346 ] ] ] } },
{ "type": "Feature", "properties": { "indice_acceso": 0.698 }, "geometry": { "type": "Polygon", "coordinates": [ [ [ -58.47729, -34.63141 ], [ -58.47675, -34.63258 ], [ -58.48037, -34.63346 ], [ -58.48077, -34.63255 ], [ -58.47729, -34.63141 ] ] ] } },
{ "type": "Feature", "properties": { "indice_acceso": 0.701 }, "geometry": { "type": "Polygon", "coordinates": [ [ [ -58.47348, -34.63179 ], [ -58.47675, -34.63258 ], [ -58.47729, -34.63141 ], [ -58.4794, -34.63207 ], [ -58.47955, -34.63175 ], [ -58.47425, -34.63011 ], [ -58.47348, -34.63179 ] ] ] } },
{ "type": "Feature", "properties": { "indice_acceso": 0.701 }, "geometry": { "type": "Polygon", "coordinates": [ [ [ -58.47287, -34.63315 ], [ -58.47616, -34.63392 ], [ -58.47675, -34.63258 ], [ -58.47348, -34.63179 ], [ -58.47287, -34.63315 ] ] ] } },
{ "type": "Feature", "properties": { "indice_acceso": 0.699 }, "geometry": { "type": "Polygon", "coordinates": [ [ [ -58.47616, -34.63392 ], [ -58.47832, -34.63442 ], [ -58.47893, -34.63311 ], [ -58.47675, -34.63258 ], [ -58.47616, -34.63392 ] ] ] } },
{ "type": "Feature", "properties": { "indice_acceso": 0.694 }, "geometry": { "type": "Polygon", "coordinates": [ [ [ -58.47785, -34.63542 ], [ -58.47933, -34.63577 ], [ -58.48037, -34.63346 ], [ -58.47893, -34.63311 ], [ -58.47785, -34.63542 ] ] ] } },
{ "type": "Feature", "properties": { "indice_acceso": 0.691 }, "geometry": { "type": "Polygon", "coordinates": [ [ [ -58.47978, -34.63476 ], [ -58.48101, -34.63505 ], [ -58.48238, -34.63394 ], [ -58.48037, -34.63346 ], [ -58.47978, -34.63476 ] ] ] } },
{ "type": "Feature", "properties": { "indice_acceso": 0.691 }, "geometry": { "type": "Polygon", "coordinates": [ [ [ -58.47933, -34.63577 ], [ -58.47785, -34.63542 ], [ -58.47735, -34.63649 ], [ -58.47854, -34.63699 ], [ -58.48101, -34.63505 ], [ -58.47978, -34.63476 ], [ -58.47933, -34.63577 ] ] ] } },
{ "type": "Feature", "properties": { "indice_acceso": 0.699 }, "geometry": { "type": "Polygon", "coordinates": [ [ [ -58.4754, -34.63566 ], [ -58.47735, -34.63649 ], [ -58.47832, -34.63442 ], [ -58.47616, -34.63392 ], [ -58.4754, -34.63566 ] ] ] } },
{ "type": "Feature", "properties": { "indice_acceso": 0.701 }, "geometry": { "type": "Polygon", "coordinates": [ [ [ -58.47228, -34.63448 ], [ -58.4754, -34.63566 ], [ -58.47616, -34.63392 ], [ -58.47287, -34.63315 ], [ -58.47228, -34.63448 ] ] ] } },
{ "type": "Feature", "properties": { "indice_acceso": 0.701 }, "geometry": { "type": "Polygon", "coordinates": [ [ [ -58.47176, -34.63564 ], [ -58.47688, -34.63748 ], [ -58.47628, -34.63876 ], [ -58.47854, -34.63699 ], [ -58.47228, -34.63448 ], [ -58.47176, -34.63564 ] ] ] } },
{ "type": "Feature", "properties": { "indice_acceso": 0.7 }, "geometry": { "type": "Polygon", "coordinates": [ [ [ -58.4713, -34.63665 ], [ -58.47349, -34.63731 ], [ -58.47607, -34.63894 ], [ -58.47628, -34.63876 ], [ -58.47688, -34.63748 ], [ -58.47176, -34.63564 ], [ -58.4713, -34.63665 ] ] ] } },
{ "type": "Feature", "properties": { "indice_acceso": 0.708 }, "geometry": { "type": "Polygon", "coordinates": [ [ [ -58.51181, -34.58474 ], [ -58.51314, -34.58557 ], [ -58.51381, -34.58484 ], [ -58.51647, -34.58648 ], [ -58.51743, -34.58548 ], [ -58.51546, -34.58127 ], [ -58.51503, -34.58131 ], [ -58.51181, -34.58474 ] ] ] } },
{ "type": "Feature", "properties": { "indice_acceso": 0.714 }, "geometry": { "type": "Polygon", "coordinates": [ [ [ -58.51453, -34.58864 ], [ -58.51537, -34.59036 ], [ -58.5192, -34.58926 ], [ -58.51743, -34.58548 ], [ -58.51453, -34.58864 ] ] ] } },
{ "type": "Feature", "properties": { "indice_acceso": 0.71 }, "geometry": { "type": "Polygon", "coordinates": [ [ [ -58.51249, -34.58629 ], [ -58.51383, -34.58711 ], [ -58.51453, -34.58864 ], [ -58.51647, -34.58648 ], [ -58.51381, -34.58484 ], [ -58.51249, -34.58629 ] ] ] } },
{ "type": "Feature", "properties": { "indice_acceso": 0.701 }, "geometry": { "type": "Polygon", "coordinates": [ [ [ -58.51036, -34.58865 ], [ -58.51314, -34.58557 ], [ -58.51181, -34.58474 ], [ -58.50902, -34.58782 ], [ -58.51036, -34.58865 ] ] ] } },
{ "type": "Feature", "properties": { "indice_acceso": 0.704 }, "geometry": { "type": "Polygon", "coordinates": [ [ [ -58.51036, -34.58865 ], [ -58.5117, -34.58947 ], [ -58.51383, -34.58711 ], [ -58.51249, -34.58629 ], [ -58.51036, -34.58865 ] ] ] } },
{ "type": "Feature", "properties": { "indice_acceso": 0.715 }, "geometry": { "type": "Polygon", "coordinates": [ [ [ -58.5117, -34.58947 ], [ -58.51388, -34.59083 ], [ -58.51537, -34.59036 ], [ -58.51376, -34.58719 ], [ -58.5117, -34.58947 ] ] ] } },
{ "type": "Feature", "properties": { "indice_acceso": 0.711 }, "geometry": { "type": "Polygon", "coordinates": [ [ [ -58.50962, -34.5908 ], [ -58.51103, -34.59168 ], [ -58.51388, -34.59083 ], [ -58.51114, -34.58913 ], [ -58.50962, -34.5908 ] ] ] } },
{ "type": "Feature", "properties": { "indice_acceso": 0.701 }, "geometry": { "type": "Polygon", "coordinates": [ [ [ -58.50751, -34.5895 ], [ -58.50962, -34.5908 ], [ -58.51114, -34.58913 ], [ -58.50902, -34.58782 ], [ -58.50751, -34.5895 ] ] ] } },
{ "type": "Feature", "properties": { "indice_acceso": 0.7 }, "geometry": { "type": "Polygon", "coordinates": [ [ [ -58.50607, -34.59109 ], [ -58.50741, -34.59191 ], [ -58.50676, -34.59262 ], [ -58.50739, -34.59301 ], [ -58.51103, -34.59168 ], [ -58.50751, -34.5895 ], [ -58.50607, -34.59109 ] ] ] } },
{ "type": "Feature", "properties": { "indice_acceso": 0.696 }, "geometry": { "type": "Polygon", "coordinates": [ [ [ -58.504, -34.59428 ], [ -58.50739, -34.59301 ], [ -58.50676, -34.59262 ], [ -58.50741, -34.59191 ], [ -58.50607, -34.59109 ], [ -58.50347, -34.59395 ], [ -58.504, -34.59428 ] ] ] } },
{ "type": "Feature", "properties": { "indice_acceso": 0.705 }, "geometry": { "type": "Polygon", "coordinates": [ [ [ -58.50308, -34.59439 ], [ -58.50354, -34.59445 ], [ -58.50318, -34.59458 ], [ -58.50962, -34.59553 ], [ -58.50626, -34.59344 ], [ -58.504, -34.59428 ], [ -58.50347, -34.59395 ], [ -58.50308, -34.59439 ] ] ] } },
{ "type": "Feature", "properties": { "indice_acceso": 0.73 }, "geometry": { "type": "Polygon", "coordinates": [ [ [ -58.50626, -34.59344 ], [ -58.51009, -34.59581 ], [ -58.51167, -34.596 ], [ -58.51092, -34.59171 ], [ -58.50626, -34.59344 ] ] ] } },
{ "type": "Feature", "properties": { "indice_acceso": 0.743 }, "geometry": { "type": "Polygon", "coordinates": [ [ [ -58.51712, -34.59413 ], [ -58.52136, -34.59676 ], [ -58.52265, -34.5966 ], [ -58.51997, -34.59089 ], [ -58.51712, -34.59413 ] ] ] } },
{ "type": "Feature", "properties": { "indice_acceso": 0.737 }, "geometry": { "type": "Polygon", "coordinates": [ [ [ -58.51388, -34.59083 ], [ -58.51788, -34.59328 ], [ -58.51997, -34.59089 ], [ -58.5192, -34.58926 ], [ -58.51388, -34.59083 ] ] ] } },
{ "type": "Feature", "properties": { "indice_acceso": 0.736 }, "geometry": { "type": "Polygon", "coordinates": [ [ [ -58.51137, -34.59157 ], [ -58.51103, -34.59168 ], [ -58.5141, -34.5936 ], [ -58.51564, -34.59191 ], [ -58.51388, -34.59083 ], [ -58.51137, -34.59157 ] ] ] } },
{ "type": "Feature", "properties": { "indice_acceso": 0.735 }, "geometry": { "type": "Polygon", "coordinates": [ [ [ -58.5116, -34.59561 ], [ -58.51215, -34.59576 ], [ -58.5141, -34.5936 ], [ -58.51092, -34.59171 ], [ -58.5116, -34.59561 ] ] ] } },
{ "type": "Feature", "properties": { "indice_acceso": 0.747 }, "geometry": { "type": "Polygon", "coordinates": [ [ [ -58.51215, -34.59576 ], [ -58.51165, -34.59583 ], [ -58.51479, -34.59647 ], [ -58.51521, -34.59622 ], [ -58.51788, -34.59328 ], [ -58.51564, -34.59191 ], [ -58.51215, -34.59576 ] ] ] } },
{ "type": "Feature", "properties": { "indice_acceso": 0.756 }, "geometry": { "type": "Polygon", "coordinates": [ [ [ -58.51947, -34.59704 ], [ -58.52028, -34.59747 ], [ -58.5232, -34.59776 ], [ -58.52265, -34.5966 ], [ -58.52136, -34.59676 ], [ -58.51712, -34.59413 ], [ -58.5149, -34.59635 ], [ -58.51947, -34.59704 ] ] ] } },
{ "type": "Feature", "properties": { "indice_acceso": 0.75 }, "geometry": { "type": "Polygon", "coordinates": [ [ [ -58.51698, -34.59782 ], [ -58.51598, -34.59893 ], [ -58.52162, -34.59826 ], [ -58.5208, -34.59748 ], [ -58.51969, -34.5971 ], [ -58.51479, -34.59647 ], [ -58.51698, -34.59782 ] ] ] } },
{ "type": "Feature", "properties": { "indice_acceso": 0.751 }, "geometry": { "type": "Polygon", "coordinates": [ [ [ -58.52333, -34.60173 ], [ -58.52446, -34.60046 ], [ -58.5232, -34.59776 ], [ -58.52275, -34.59754 ], [ -58.5208, -34.59748 ], [ -58.52162, -34.59826 ], [ -58.51833, -34.59865 ], [ -58.52333, -34.60173 ] ] ] } },
{ "type": "Feature", "properties": { "indice_acceso": 0.758 }, "geometry": { "type": "Polygon", "coordinates": [ [ [ -58.52333, -34.60173 ], [ -58.52206, -34.60095 ], [ -58.52075, -34.60239 ], [ -58.52491, -34.60496 ], [ -58.52616, -34.60409 ], [ -58.52446, -34.60046 ], [ -58.52333, -34.60173 ] ] ] } },
{ "type": "Feature", "properties": { "indice_acceso": 0.748 }, "geometry": { "type": "Polygon", "coordinates": [ [ [ -58.51529, -34.59902 ], [ -58.52075, -34.60239 ], [ -58.52206, -34.60095 ], [ -58.51833, -34.59865 ], [ -58.51529, -34.59902 ] ] ] } },
{ "type": "Feature", "properties": { "indice_acceso": 0.752 }, "geometry": { "type": "Polygon", "coordinates": [ [ [ -58.51529, -34.59902 ], [ -58.51598, -34.59893 ], [ -58.51698, -34.59782 ], [ -58.51443, -34.59627 ], [ -58.51009, -34.59581 ], [ -58.51529, -34.59902 ] ] ] } },
{ "type": "Feature", "properties": { "indice_acceso": 0.745 }, "geometry": { "type": "Polygon", "coordinates": [ [ [ -58.50944, -34.59876 ], [ -58.50814, -34.59795 ], [ -58.50752, -34.59864 ], [ -58.51012, -34.60025 ], [ -58.51269, -34.59741 ], [ -58.51139, -34.59661 ], [ -58.50944, -34.59876 ] ] ] } },
{ "type": "Feature", "properties": { "indice_acceso": 0.742 }, "geometry": { "type": "Polygon", "coordinates": [ [ [ -58.50743, -34.59649 ], [ -58.51003, -34.5981 ], [ -58.51139, -34.59661 ], [ -58.50965, -34.59554 ], [ -58.50845, -34.59536 ], [ -58.50743, -34.59649 ] ] ] } },
{ "type": "Feature", "properties": { "indice_acceso": 0.712 }, "geometry": { "type": "Polygon", "coordinates": [ [ [ -58.50683, -34.59715 ], [ -58.50845, -34.59536 ], [ -58.50318, -34.59458 ], [ -58.50288, -34.5947 ], [ -58.50683, -34.59715 ] ] ] } },
{ "type": "Feature", "properties": { "indice_acceso": 0.732 }, "geometry": { "type": "Polygon", "coordinates": [ [ [ -58.50487, -34.59701 ], [ -58.50752, -34.59864 ], [ -58.50814, -34.59795 ], [ -58.50944, -34.59876 ], [ -58.51003, -34.5981 ], [ -58.50743, -34.59649 ], [ -58.50683, -34.59715 ], [ -58.5055, -34.59632 ], [ -58.50487, -34.59701 ] ] ] } },
{ "type": "Feature", "properties": { "indice_acceso": 0.726 }, "geometry": { "type": "Polygon", "coordinates": [ [ [ -58.50884, -34.60167 ], [ -58.51012, -34.60025 ], [ -58.50621, -34.59783 ], [ -58.50559, -34.59852 ], [ -58.50689, -34.59932 ], [ -58.50628, -34.6001 ], [ -58.50884, -34.60167 ] ] ] } },
{ "type": "Feature", "properties": { "indice_acceso": 0.705 }, "geometry": { "type": "Polygon", "coordinates": [ [ [ -58.5022, -34.59535 ], [ -58.50354, -34.59618 ], [ -58.50291, -34.59687 ], [ -58.50559, -34.59852 ], [ -58.50621, -34.59783 ], [ -58.50487, -34.59701 ], [ -58.5055, -34.59632 ], [ -58.50276, -34.59474 ], [ -58.5022, -34.59535 ] ] ] } },
{ "type": "Feature", "properties": { "indice_acceso": 0.701 }, "geometry": { "type": "Polygon", "coordinates": [ [ [ -58.50492, -34.59926 ], [ -58.50559, -34.59852 ], [ -58.50291, -34.59687 ], [ -58.50354, -34.59618 ], [ -58.5022, -34.59535 ], [ -58.50091, -34.59678 ], [ -58.50492, -34.59926 ] ] ] } },
{ "type": "Feature", "properties": { "indice_acceso": 0.704 }, "geometry": { "type": "Polygon", "coordinates": [ [ [ -58.50276, -34.59474 ], [ -58.49717, -34.59681 ], [ -58.49954, -34.59828 ], [ -58.50276, -34.59474 ] ] ] } },
{ "type": "Feature", "properties": { "indice_acceso": 0.711 }, "geometry": { "type": "Polygon", "coordinates": [ [ [ -58.49954, -34.59828 ], [ -58.50222, -34.59994 ], [ -58.50358, -34.59843 ], [ -58.50091, -34.59678 ], [ -58.49954, -34.59828 ] ] ] } },
{ "type": "Feature", "properties": { "indice_acceso": 0.718 }, "geometry": { "type": "Polygon", "coordinates": [ [ [ -58.50222, -34.59994 ], [ -58.50309, -34.60048 ], [ -58.50628, -34.6001 ], [ -58.50689, -34.59932 ], [ -58.50559, -34.59852 ], [ -58.50492, -34.59926 ], [ -58.50358, -34.59843 ], [ -58.50222, -34.59994 ] ] ] } },
{ "type": "Feature", "properties": { "indice_acceso": 0.713 }, "geometry": { "type": "Polygon", "coordinates": [ [ [ -58.50554, -34.60199 ], [ -58.50837, -34.60218 ], [ -58.50884, -34.60167 ], [ -58.50628, -34.6001 ], [ -58.50309, -34.60048 ], [ -58.50554, -34.60199 ] ] ] } },
{ "type": "Feature", "properties": { "indice_acceso": 0.694 }, "geometry": { "type": "Polygon", "coordinates": [ [ [ -58.50617, -34.60238 ], [ -58.5036, -34.60524 ], [ -58.50491, -34.60601 ], [ -58.50837, -34.60218 ], [ -58.50554, -34.60199 ], [ -58.50617, -34.60238 ] ] ] } },
{ "type": "Feature", "properties": { "indice_acceso": 0.751 }, "geometry": { "type": "Polygon", "coordinates": [ [ [ -58.5194, -34.60389 ], [ -58.51757, -34.60592 ], [ -58.51884, -34.6067 ], [ -58.52203, -34.60315 ], [ -58.51822, -34.603 ], [ -58.5194, -34.60389 ] ] ] } },
{ "type": "Feature", "properties": { "indice_acceso": 0.755 }, "geometry": { "type": "Polygon", "coordinates": [ [ [ -58.51472, -34.60309 ], [ -58.5182, -34.60523 ], [ -58.5194, -34.60389 ], [ -58.51822, -34.603 ], [ -58.51472, -34.60309 ] ] ] } },
{ "type": "Feature", "properties": { "indice_acceso": 0.763 }, "geometry": { "type": "Polygon", "coordinates": [ [ [ -58.51501, -34.60219 ], [ -58.5162, -34.60293 ], [ -58.52203, -34.60315 ], [ -58.51695, -34.60004 ], [ -58.51501, -34.60219 ] ] ] } },
{ "type": "Feature", "properties": { "indice_acceso": 0.754 }, "geometry": { "type": "Polygon", "coordinates": [ [ [ -58.51074, -34.59956 ], [ -58.51501, -34.60219 ], [ -58.51695, -34.60004 ], [ -58.51269, -34.59741 ], [ -58.51074, -34.59956 ] ] ] } },
{ "type": "Feature", "properties": { "indice_acceso": 0.73 }, "geometry": { "type": "Polygon", "coordinates": [ [ [ -58.50809, -34.6025 ], [ -58.50923, -34.60272 ], [ -58.50965, -34.60226 ], [ -58.51559, -34.60255 ], [ -58.51074, -34.59956 ], [ -58.50809, -34.6025 ] ] ] } },
{ "type": "Feature", "properties": { "indice_acceso": 0.744 }, "geometry": { "type": "Polygon", "coordinates": [ [ [ -58.50965, -34.60226 ], [ -58.50923, -34.60272 ], [ -58.5129, -34.60303 ], [ -58.5131, -34.6043 ], [ -58.51437, -34.60509 ], [ -58.51504, -34.60435 ], [ -58.51757, -34.60592 ], [ -58.5182, -34.60523 ], [ -58.51472, -34.60309 ], [ -58.51628, -34.60294 ], [ -58.51559, -34.60255 ], [ -58.50965, -34.60226 ] ] ] } },
{ "type": "Feature", "properties": { "indice_acceso": 0.731 }, "geometry": { "type": "Polygon", "coordinates": [ [ [ -58.51564, -34.60587 ], [ -58.51497, -34.60661 ], [ -58.51751, -34.60818 ], [ -58.51884, -34.6067 ], [ -58.51504, -34.60435 ], [ -58.51437, -34.60509 ], [ -58.51564, -34.60587 ] ] ] } },
{ "type": "Feature", "properties": { "indice_acceso": 0.722 }, "geometry": { "type": "Polygon", "coordinates": [ [ [ -58.51681, -34.60895 ], [ -58.51751, -34.60818 ], [ -58.51497, -34.60661 ], [ -58.51564, -34.60587 ], [ -58.5131, -34.6043 ], [ -58.51359, -34.60696 ], [ -58.51681, -34.60895 ] ] ] } },
{ "type": "Feature", "properties": { "indice_acceso": 0.731 }, "geometry": { "type": "Polygon", "coordinates": [ [ [ -58.50747, -34.60318 ], [ -58.51359, -34.60696 ], [ -58.5129, -34.60303 ], [ -58.50809, -34.6025 ], [ -58.50747, -34.60318 ] ] ] } },
{ "type": "Feature", "properties": { "indice_acceso": 0.711 }, "geometry": { "type": "Polygon", "coordinates": [ [ [ -58.50763, -34.60598 ], [ -58.50827, -34.60637 ], [ -58.50903, -34.60552 ], [ -58.51196, -34.60737 ], [ -58.51278, -34.60646 ], [ -58.5092, -34.60425 ], [ -58.50763, -34.60598 ] ] ] } },
{ "type": "Feature", "properties": { "indice_acceso": 0.7 }, "geometry": { "type": "Polygon", "coordinates": [ [ [ -58.51029, -34.60923 ], [ -58.51196, -34.60737 ], [ -58.50903, -34.60552 ], [ -58.50827, -34.60637 ], [ -58.50891, -34.60676 ], [ -58.50796, -34.60782 ], [ -58.51029, -34.60923 ] ] ] } },
{ "type": "Feature", "properties": { "indice_acceso": 0.703 }, "geometry": { "type": "Polygon", "coordinates": [ [ [ -58.50579, -34.60654 ], [ -58.50796, -34.60782 ], [ -58.50891, -34.60676 ], [ -58.50763, -34.60598 ], [ -58.5092, -34.60425 ], [ -58.50833, -34.60372 ], [ -58.50579, -34.60654 ] ] ] } },
{ "type": "Feature", "properties": { "indice_acceso": 0.705 }, "geometry": { "type": "Polygon", "coordinates": [ [ [ -58.50601, -34.60479 ], [ -58.50491, -34.60601 ], [ -58.50579, -34.60654 ], [ -58.50833, -34.60372 ], [ -58.50747, -34.60318 ], [ -58.50601, -34.60479 ] ] ] } },
{ "type": "Feature", "properties": { "indice_acceso": 0.722 }, "geometry": { "type": "Polygon", "coordinates": [ [ [ -58.52243, -34.60677 ], [ -58.52818, -34.6107 ], [ -58.52855, -34.61151 ], [ -58.52936, -34.61091 ], [ -58.52616, -34.60409 ], [ -58.52243, -34.60677 ] ] ] } },
{ "type": "Feature", "properties": { "indice_acceso": 0.742 }, "geometry": { "type": "Polygon", "coordinates": [ [ [ -58.52008, -34.60532 ], [ -58.52243, -34.60677 ], [ -58.52491, -34.60496 ], [ -58.52203, -34.60315 ], [ -58.52008, -34.60532 ] ] ] } },
{ "type": "Feature", "properties": { "indice_acceso": 0.732 }, "geometry": { "type": "Polygon", "coordinates": [ [ [ -58.51818, -34.60744 ], [ -58.51945, -34.60821 ], [ -58.52011, -34.60748 ], [ -58.52084, -34.60794 ], [ -58.52243, -34.60677 ], [ -58.52008, -34.60532 ], [ -58.51818, -34.60744 ] ] ] } },
{ "type": "Feature", "properties": { "indice_acceso": 0.718 }, "geometry": { "type": "Polygon", "coordinates": [ [ [ -58.51681, -34.60895 ], [ -58.51832, -34.60978 ], [ -58.52084, -34.60794 ], [ -58.52011, -34.60748 ], [ -58.51945, -34.60821 ], [ -58.51818, -34.60744 ], [ -58.51681, -34.60895 ] ] ] } },
{ "type": "Feature", "properties": { "indice_acceso": 0.715 }, "geometry": { "type": "Polygon", "coordinates": [ [ [ -58.51832, -34.60978 ], [ -58.51808, -34.60973 ], [ -58.51942, -34.61054 ], [ -58.52333, -34.6074 ], [ -58.52243, -34.60677 ], [ -58.51832, -34.60978 ] ] ] } },
{ "type": "Feature", "properties": { "indice_acceso": 0.709 }, "geometry": { "type": "Polygon", "coordinates": [ [ [ -58.52278, -34.60926 ], [ -58.52197, -34.6099 ], [ -58.52343, -34.61089 ], [ -58.52576, -34.60905 ], [ -58.52333, -34.6074 ], [ -58.52183, -34.6086 ], [ -58.52278, -34.60926 ] ] ] } },
{ "type": "Feature", "properties": { "indice_acceso": 0.694 }, "geometry": { "type": "Polygon", "coordinates": [ [ [ -58.52194, -34.61207 ], [ -58.52343, -34.61089 ], [ -58.52197, -34.6099 ], [ -58.52278, -34.60926 ], [ -58.52183, -34.6086 ], [ -58.51942, -34.61054 ], [ -58.52194, -34.61207 ] ] ] } },
{ "type": "Feature", "properties": { "indice_acceso": 0.69 }, "geometry": { "type": "Polygon", "coordinates": [ [ [ -58.52437, -34.61016 ], [ -58.52263, -34.61152 ], [ -58.52372, -34.61225 ], [ -58.52451, -34.61162 ], [ -58.52492, -34.6119 ], [ -58.52724, -34.61006 ], [ -58.52576, -34.60905 ], [ -58.52437, -34.61016 ] ] ] } },
{ "type": "Feature", "properties": { "indice_acceso": 0.709 }, "geometry": { "type": "Polygon", "coordinates": [ [ [ -58.52492, -34.6119 ], [ -58.52653, -34.61299 ], [ -58.52855, -34.61151 ], [ -58.52818, -34.6107 ], [ -58.52724, -34.61006 ], [ -58.52492, -34.6119 ] ] ] } },
{ "type": "Feature", "properties": { "indice_acceso": 0.692 }, "geometry": { "type": "Polygon", "coordinates": [ [ [ -58.52511, -34.614 ], [ -58.52653, -34.61299 ], [ -58.52451, -34.61162 ], [ -58.52372, -34.61225 ], [ -58.52263, -34.61152 ], [ -58.52194, -34.61207 ], [ -58.52511, -34.614 ] ] ] } },
{ "type": "Feature", "properties": { "indice_acceso": 0.716 }, "geometry": { "type": "Polygon", "coordinates": [ [ [ -58.51196, -34.60737 ], [ -58.51344, -34.60832 ], [ -58.51427, -34.60738 ], [ -58.51278, -34.60646 ], [ -58.51196, -34.60737 ] ] ] } },
{ "type": "Feature", "properties": { "indice_acceso": 0.696 }, "geometry": { "type": "Polygon", "coordinates": [ [ [ -58.51029, -34.60923 ], [ -58.51433, -34.6117 ], [ -58.51516, -34.61077 ], [ -58.51267, -34.60917 ], [ -58.51344, -34.60832 ], [ -58.51196, -34.60737 ], [ -58.51029, -34.60923 ] ] ] } },
{ "type": "Feature", "properties": { "indice_acceso": 0.704 }, "geometry": { "type": "Polygon", "coordinates": [ [ [ -58.51267, -34.60917 ], [ -58.51516, -34.61077 ], [ -58.51681, -34.60895 ], [ -58.51427, -34.60738 ], [ -58.51267, -34.60917 ] ] ] } },
{ "type": "Feature", "properties": { "indice_acceso": 0.694 }, "geometry": { "type": "Polygon", "coordinates": [ [ [ -58.51433, -34.6117 ], [ -58.51729, -34.61351 ], [ -58.52041, -34.61114 ], [ -58.51681, -34.60895 ], [ -58.51433, -34.6117 ] ] ] } },
{ "type": "Feature", "properties": { "indice_acceso": 0.688 }, "geometry": { "type": "Polygon", "coordinates": [ [ [ -58.51923, -34.61203 ], [ -58.52312, -34.6155 ], [ -58.52506, -34.61396 ], [ -58.52041, -34.61114 ], [ -58.51923, -34.61203 ] ] ] } },
{ "type": "Feature", "properties": { "indice_acceso": 0.679 }, "geometry": { "type": "Polygon", "coordinates": [ [ [ -58.52196, -34.61639 ], [ -58.52312, -34.6155 ], [ -58.51923, -34.61203 ], [ -58.51827, -34.61277 ], [ -58.52196, -34.61639 ] ] ] } },
{ "type": "Feature", "properties": { "indice_acceso": 0.679 }, "geometry": { "type": "Polygon", "coordinates": [ [ [ -58.51637, -34.6142 ], [ -58.51844, -34.61621 ], [ -58.52031, -34.61477 ], [ -58.51827, -34.61277 ], [ -58.51637, -34.6142 ] ] ] } },
{ "type": "Feature", "properties": { "indice_acceso": 0.692 }, "geometry": { "type": "Polygon", "coordinates": [ [ [ -58.51844, -34.61621 ], [ -58.51887, -34.61664 ], [ -58.51811, -34.61723 ], [ -58.51934, -34.6184 ], [ -58.52196, -34.61639 ], [ -58.52031, -34.61477 ], [ -58.51844, -34.61621 ] ] ] } },
{ "type": "Feature", "properties": { "indice_acceso": 0.69 }, "geometry": { "type": "Polygon", "coordinates": [ [ [ -58.51603, -34.6166 ], [ -58.51732, -34.61784 ], [ -58.517, -34.61809 ], [ -58.51821, -34.61926 ], [ -58.51934, -34.6184 ], [ -58.51811, -34.61723 ], [ -58.51887, -34.61664 ], [ -58.51758, -34.61541 ], [ -58.51603, -34.6166 ] ] ] } },
{ "type": "Feature", "properties": { "indice_acceso": 0.68 }, "geometry": { "type": "Polygon", "coordinates": [ [ [ -58.51305, -34.61673 ], [ -58.51433, -34.61788 ], [ -58.51758, -34.61541 ], [ -58.51637, -34.6142 ], [ -58.51305, -34.61673 ] ] ] } },
{ "type": "Feature", "properties": { "indice_acceso": 0.692 }, "geometry": { "type": "Polygon", "coordinates": [ [ [ -58.51695, -34.62022 ], [ -58.51821, -34.61926 ], [ -58.517, -34.61809 ], [ -58.51732, -34.61784 ], [ -58.51603, -34.6166 ], [ -58.51433, -34.61788 ], [ -58.51695, -34.62022 ] ] ] } },
{ "type": "Feature", "properties": { "indice_acceso": 0.683 }, "geometry": { "type": "Polygon", "coordinates": [ [ [ -58.51168, -34.61464 ], [ -58.51399, -34.616 ], [ -58.51729, -34.61351 ], [ -58.51433, -34.6117 ], [ -58.51168, -34.61464 ] ] ] } },
{ "type": "Feature", "properties": { "indice_acceso": 0.687 }, "geometry": { "type": "Polygon", "coordinates": [ [ [ -58.51138, -34.61279 ], [ -58.51038, -34.61387 ], [ -58.51168, -34.61464 ], [ -58.51433, -34.6117 ], [ -58.51306, -34.61092 ], [ -58.51138, -34.61279 ] ] ] } },
{ "type": "Feature", "properties": { "indice_acceso": 0.691 }, "geometry": { "type": "Polygon", "coordinates": [ [ [ -58.50921, -34.61303 ], [ -58.50912, -34.61312 ], [ -58.51038, -34.61387 ], [ -58.51306, -34.61092 ], [ -58.51178, -34.61015 ], [ -58.50921, -34.61303 ] ] ] } },
{ "type": "Feature", "properties": { "indice_acceso": 0.69 }, "geometry": { "type": "Polygon", "coordinates": [ [ [ -58.50783, -34.61236 ], [ -58.50912, -34.61312 ], [ -58.51178, -34.61015 ], [ -58.51029, -34.60923 ], [ -58.50783, -34.61236 ] ] ] } },
{ "type": "Feature", "properties": { "indice_acceso": 0.695 }, "geometry": { "type": "Polygon", "coordinates": [ [ [ -58.50815, -34.61201 ], [ -58.51029, -34.60923 ], [ -58.50883, -34.60834 ], [ -58.50649, -34.61103 ], [ -58.50815, -34.61201 ] ] ] } },
{ "type": "Feature", "properties": { "indice_acceso": 0.695 }, "geometry": { "type": "Polygon", "coordinates": [ [ [ -58.50883, -34.60834 ], [ -58.50666, -34.60705 ], [ -58.50462, -34.60931 ], [ -58.50665, -34.61059 ], [ -58.50883, -34.60834 ] ] ] } },
{ "type": "Feature", "properties": { "indice_acceso": 0.698 }, "geometry": { "type": "Polygon", "coordinates": [ [ [ -58.50447, -34.60807 ], [ -58.50515, -34.60732 ], [ -58.50598, -34.60781 ], [ -58.50666, -34.60705 ], [ -58.5036, -34.60524 ], [ -58.50226, -34.60677 ], [ -58.50447, -34.60807 ] ] ] } },
{ "type": "Feature", "properties": { "indice_acceso": 0.692 }, "geometry": { "type": "Polygon", "coordinates": [ [ [ -58.50019, -34.60912 ], [ -58.50146, -34.60988 ], [ -58.50288, -34.6083 ], [ -58.50379, -34.60883 ], [ -58.50447, -34.60807 ], [ -58.50226, -34.60677 ], [ -58.50019, -34.60912 ] ] ] } },
{ "type": "Feature", "properties": { "indice_acceso": 0.704 }, "geometry": { "type": "Polygon", "coordinates": [ [ [ -58.50288, -34.6083 ], [ -58.50146, -34.60988 ], [ -58.50325, -34.61094 ], [ -58.50598, -34.60781 ], [ -58.50515, -34.60732 ], [ -58.50391, -34.60869 ], [ -58.50288, -34.6083 ] ] ] } },
{ "type": "Feature", "properties": { "indice_acceso": 0.716 }, "geometry": { "type": "Polygon", "coordinates": [ [ [ -58.5068, -34.61068 ], [ -58.50462, -34.60931 ], [ -58.50325, -34.61094 ], [ -58.50525, -34.61214 ], [ -58.5068, -34.61068 ] ] ] } },
{ "type": "Feature", "properties": { "indice_acceso": 0.714 }, "geometry": { "type": "Polygon", "coordinates": [ [ [ -58.50873, -34.61416 ], [ -58.50953, -34.61337 ], [ -58.50783, -34.61236 ], [ -58.50815, -34.61201 ], [ -58.50649, -34.61103 ], [ -58.50541, -34.61223 ], [ -58.50873, -34.61416 ] ] ] } },
{ "type": "Feature", "properties": { "indice_acceso": 0.696 }, "geometry": { "type": "Polygon", "coordinates": [ [ [ -58.50873, -34.61416 ], [ -58.51305, -34.61673 ], [ -58.51399, -34.616 ], [ -58.50953, -34.61337 ], [ -58.50873, -34.61416 ] ] ] } },
{ "type": "Feature", "properties": { "indice_acceso": 0.687 }, "geometry": { "type": "Polygon", "coordinates": [ [ [ -58.49985, -34.60533 ], [ -58.50226, -34.60677 ], [ -58.5036, -34.60524 ], [ -58.50116, -34.6038 ], [ -58.49985, -34.60533 ] ] ] } },
{ "type": "Feature", "properties": { "indice_acceso": 0.698 }, "geometry": { "type": "Polygon", "coordinates": [ [ [ -58.4972, -34.60476 ], [ -58.49928, -34.60601 ], [ -58.50116, -34.6038 ], [ -58.49912, -34.60258 ], [ -58.4972, -34.60476 ] ] ] } },
{ "type": "Feature", "properties": { "indice_acceso": 0.701 }, "geometry": { "type": "Polygon", "coordinates": [ [ [ -58.49627, -34.6042 ], [ -58.4972, -34.60476 ], [ -58.49912, -34.60258 ], [ -58.49818, -34.60203 ], [ -58.49627, -34.6042 ] ] ] } },
{ "type": "Feature", "properties": { "indice_acceso": 0.706 }, "geometry": { "type": "Polygon", "coordinates": [ [ [ -58.49548, -34.60373 ], [ -58.49627, -34.6042 ], [ -58.49818, -34.60203 ], [ -58.49695, -34.60177 ], [ -58.49548, -34.60373 ] ] ] } },
{ "type": "Feature", "properties": { "indice_acceso": 0.69 }, "geometry": { "type": "Polygon", "coordinates": [ [ [ -58.4948, -34.60463 ], [ -58.4974, -34.60614 ], [ -58.49807, -34.60527 ], [ -58.49548, -34.60373 ], [ -58.4948, -34.60463 ] ] ] } },
{ "type": "Feature", "properties": { "indice_acceso": 0.68 }, "geometry": { "type": "Polygon", "coordinates": [ [ [ -58.4974, -34.60614 ], [ -58.50096, -34.60825 ], [ -58.50226, -34.60677 ], [ -58.49985, -34.60533 ], [ -58.49928, -34.60601 ], [ -58.49807, -34.60527 ], [ -58.4974, -34.60614 ] ] ] } },
{ "type": "Feature", "properties": { "indice_acceso": 0.693 }, "geometry": { "type": "Polygon", "coordinates": [ [ [ -58.49672, -34.60706 ], [ -58.49762, -34.60759 ], [ -58.49694, -34.60859 ], [ -58.49935, -34.61008 ], [ -58.50096, -34.60825 ], [ -58.4974, -34.60614 ], [ -58.49672, -34.60706 ] ] ] } },
{ "type": "Feature", "properties": { "indice_acceso": 0.679 }, "geometry": { "type": "Polygon", "coordinates": [ [ [ -58.49394, -34.60686 ], [ -58.49694, -34.60859 ], [ -58.49762, -34.60759 ], [ -58.49672, -34.60706 ], [ -58.4974, -34.60614 ], [ -58.49552, -34.60506 ], [ -58.49394, -34.60686 ] ] ] } },
{ "type": "Feature", "properties": { "indice_acceso": 0.687 }, "geometry": { "type": "Polygon", "coordinates": [ [ [ -58.49401, -34.60549 ], [ -58.49316, -34.6064 ], [ -58.49394, -34.60686 ], [ -58.49552, -34.60506 ], [ -58.4948, -34.60463 ], [ -58.49401, -34.60549 ] ] ] } },
{ "type": "Feature", "properties": { "indice_acceso": 0.699 }, "geometry": { "type": "Polygon", "coordinates": [ [ [ -58.5006, -34.60196 ], [ -58.50322, -34.60341 ], [ -58.50229, -34.60446 ], [ -58.5036, -34.60524 ], [ -58.50617, -34.60238 ], [ -58.50554, -34.60199 ], [ -58.50084, -34.60167 ], [ -58.5006, -34.60196 ] ] ] } },
{ "type": "Feature", "properties": { "indice_acceso": 0.703 }, "geometry": { "type": "Polygon", "coordinates": [ [ [ -58.49695, -34.60177 ], [ -58.49786, -34.60183 ], [ -58.50229, -34.60446 ], [ -58.50322, -34.60341 ], [ -58.5006, -34.60196 ], [ -58.50084, -34.60167 ], [ -58.4972, -34.60143 ], [ -58.49695, -34.60177 ] ] ] } },
{ "type": "Feature", "properties": { "indice_acceso": 0.712 }, "geometry": { "type": "Polygon", "coordinates": [ [ [ -58.4972, -34.60143 ], [ -58.50283, -34.60181 ], [ -58.50141, -34.60094 ], [ -58.49876, -34.59936 ], [ -58.4972, -34.60143 ] ] ] } },
{ "type": "Feature", "properties": { "indice_acceso": 0.713 }, "geometry": { "type": "Polygon", "coordinates": [ [ [ -58.50011, -34.60016 ], [ -58.50283, -34.60181 ], [ -58.50554, -34.60199 ], [ -58.50088, -34.59911 ], [ -58.50011, -34.60016 ] ] ] } },
{ "type": "Feature", "properties": { "indice_acceso": 0.715 }, "geometry": { "type": "Polygon", "coordinates": [ [ [ -58.49876, -34.59936 ], [ -58.50011, -34.60016 ], [ -58.50088, -34.59911 ], [ -58.49954, -34.59828 ], [ -58.49876, -34.59936 ] ] ] } },
{ "type": "Feature", "properties": { "indice_acceso": 0.714 }, "geometry": { "type": "Polygon", "coordinates": [ [ [ -58.49662, -34.59959 ], [ -58.49798, -34.6004 ], [ -58.49954, -34.59828 ], [ -58.49822, -34.59746 ], [ -58.49662, -34.59959 ] ] ] } },
{ "type": "Feature", "properties": { "indice_acceso": 0.714 }, "geometry": { "type": "Polygon", "coordinates": [ [ [ -58.49472, -34.59695 ], [ -58.49608, -34.59776 ], [ -58.4953, -34.5988 ], [ -58.49662, -34.59959 ], [ -58.49822, -34.59746 ], [ -58.49717, -34.59681 ], [ -58.49472, -34.59695 ] ] ] } },
{ "type": "Feature", "properties": { "indice_acceso": 0.713 }, "geometry": { "type": "Polygon", "coordinates": [ [ [ -58.49316, -34.59903 ], [ -58.49451, -34.59984 ], [ -58.49608, -34.59776 ], [ -58.49472, -34.59695 ], [ -58.49316, -34.59903 ] ] ] } },
{ "type": "Feature", "properties": { "indice_acceso": 0.714 }, "geometry": { "type": "Polygon", "coordinates": [ [ [ -58.4926, -34.59978 ], [ -58.49395, -34.60058 ], [ -58.49451, -34.59984 ], [ -58.49316, -34.59903 ], [ -58.4926, -34.59978 ] ] ] } },
{ "type": "Feature", "properties": { "indice_acceso": 0.711 }, "geometry": { "type": "Polygon", "coordinates": [ [ [ -58.49171, -34.60097 ], [ -58.49451, -34.60092 ], [ -58.49395, -34.60058 ], [ -58.4926, -34.59978 ], [ -58.49171, -34.60097 ] ] ] } },
{ "type": "Feature", "properties": { "indice_acceso": 0.713 }, "geometry": { "type": "Polygon", "coordinates": [ [ [ -58.49395, -34.60058 ], [ -58.49538, -34.60125 ], [ -58.49662, -34.59959 ], [ -58.4953, -34.5988 ], [ -58.49395, -34.60058 ] ] ] } },
{ "type": "Feature", "properties": { "indice_acceso": 0.713 }, "geometry": { "type": "Polygon", "coordinates": [ [ [ -58.49584, -34.60063 ], [ -58.49534, -34.6013 ], [ -58.4972, -34.60143 ], [ -58.49798, -34.6004 ], [ -58.49662, -34.59959 ], [ -58.49584, -34.60063 ] ] ] } },
{ "type": "Feature", "properties": { "indice_acceso": 0.715 }, "geometry": { "type": "Polygon", "coordinates": [ [ [ -58.49151, -34.59912 ], [ -58.4926, -34.59978 ], [ -58.49472, -34.59695 ], [ -58.49291, -34.59707 ], [ -58.49151, -34.59912 ] ] ] } },
{ "type": "Feature", "properties": { "indice_acceso": 0.726 }, "geometry": { "type": "Polygon", "coordinates": [ [ [ -58.48854, -34.59736 ], [ -58.49151, -34.59912 ], [ -58.49291, -34.59707 ], [ -58.48854, -34.59736 ] ] ] } },
{ "type": "Feature", "properties": { "indice_acceso": 0.725 }, "geometry": { "type": "Polygon", "coordinates": [ [ [ -58.4909, -34.60001 ], [ -58.49151, -34.59912 ], [ -58.48921, -34.59775 ], [ -58.4886, -34.59865 ], [ -58.4909, -34.60001 ] ] ] } },
{ "type": "Feature", "properties": { "indice_acceso": 0.707 }, "geometry": { "type": "Polygon", "coordinates": [ [ [ -58.4909, -34.60001 ], [ -58.48975, -34.59933 ], [ -58.48871, -34.60086 ], [ -58.48827, -34.60083 ], [ -58.48898, -34.60125 ], [ -58.49001, -34.60131 ], [ -58.49031, -34.60088 ], [ -58.49171, -34.60097 ], [ -58.4926, -34.59978 ], [ -58.49151, -34.59912 ], [ -58.4909, -34.60001 ] ] ] } },
{ "type": "Feature", "properties": { "indice_acceso": 0.74 }, "geometry": { "type": "Polygon", "coordinates": [ [ [ -58.48812, -34.59936 ], [ -58.48744, -34.60035 ], [ -58.48827, -34.60083 ], [ -58.48871, -34.60086 ], [ -58.48975, -34.59933 ], [ -58.48746, -34.59796 ], [ -58.48697, -34.59868 ], [ -58.48812, -34.59936 ] ] ] } },
{ "type": "Feature", "properties": { "indice_acceso": 0.756 }, "geometry": { "type": "Polygon", "coordinates": [ [ [ -58.48582, -34.59799 ], [ -58.48697, -34.59868 ], [ -58.48746, -34.59796 ], [ -58.4886, -34.59865 ], [ -58.48921, -34.59775 ], [ -58.48854, -34.59736 ], [ -58.48613, -34.59754 ], [ -58.48582, -34.59799 ] ] ] } },
{ "type": "Feature", "properties": { "indice_acceso": 0.771 }, "geometry": { "type": "Polygon", "coordinates": [ [ [ -58.48513, -34.59899 ], [ -58.48744, -34.60035 ], [ -58.48812, -34.59936 ], [ -58.48582, -34.59799 ], [ -58.48513, -34.59899 ] ] ] } },
{ "type": "Feature", "properties": { "indice_acceso": 0.792 }, "geometry": { "type": "Polygon", "coordinates": [ [ [ -58.48213, -34.59825 ], [ -58.48285, -34.59939 ], [ -58.48385, -34.59895 ], [ -58.48436, -34.59974 ], [ -58.48552, -34.59922 ], [ -58.48513, -34.59899 ], [ -58.48613, -34.59754 ], [ -58.48303, -34.59777 ], [ -58.48213, -34.59825 ] ] ] } },
{ "type": "Feature", "properties": { "indice_acceso": 0.762 }, "geometry": { "type": "Polygon", "coordinates": [ [ [ -58.48294, -34.60047 ], [ -58.48467, -34.60061 ], [ -58.48438, -34.60093 ], [ -58.48898, -34.60125 ], [ -58.48552, -34.59922 ], [ -58.48294, -34.60047 ] ] ] } },
{ "type": "Feature", "properties": { "indice_acceso": 0.805 }, "geometry": { "type": "Polygon", "coordinates": [ [ [ -58.47883, -34.59967 ], [ -58.4764, -34.6002 ], [ -58.4792, -34.60075 ], [ -58.4846, -34.60087 ], [ -58.48467, -34.60061 ], [ -58.48294, -34.60047 ], [ -58.48436, -34.59974 ], [ -58.48385, -34.59895 ], [ -58.48285, -34.59939 ], [ -58.48213, -34.59825 ], [ -58.47883, -34.59967 ] ] ] } },
{ "type": "Feature", "properties": { "indice_acceso": 0.775 }, "geometry": { "type": "Polygon", "coordinates": [ [ [ -58.48259, -34.60216 ], [ -58.48382, -34.6044 ], [ -58.48513, -34.60293 ], [ -58.48381, -34.60089 ], [ -58.47992, -34.60063 ], [ -58.48259, -34.60216 ] ] ] } },
{ "type": "Feature", "properties": { "indice_acceso": 0.752 }, "geometry": { "type": "Polygon", "coordinates": [ [ [ -58.48032, -34.60374 ], [ -58.48159, -34.60443 ], [ -58.48115, -34.60498 ], [ -58.48273, -34.60558 ], [ -58.48382, -34.6044 ], [ -58.48259, -34.60216 ], [ -58.48189, -34.60179 ], [ -58.48032, -34.60374 ] ] ] } },
{ "type": "Feature", "properties": { "indice_acceso": 0.771 }, "geometry": { "type": "Polygon", "coordinates": [ [ [ -58.47806, -34.60222 ], [ -58.48047, -34.60356 ], [ -58.48189, -34.60179 ], [ -58.47992, -34.60063 ], [ -58.4792, -34.60075 ], [ -58.47806, -34.60222 ] ] ] } },
{ "type": "Feature", "properties": { "indice_acceso": 0.774 }, "geometry": { "type": "Polygon", "coordinates": [ [ [ -58.4775, -34.60083 ], [ -58.47638, -34.60236 ], [ -58.47747, -34.60297 ], [ -58.4792, -34.60075 ], [ -58.47673, -34.60039 ], [ -58.4775, -34.60083 ] ] ] } },
{ "type": "Feature", "properties": { "indice_acceso": 0.791 }, "geometry": { "type": "Polygon", "coordinates": [ [ [ -58.4768, -34.60382 ], [ -58.47793, -34.60443 ], [ -58.47717, -34.6054 ], [ -58.47844, -34.60609 ], [ -58.48047, -34.60356 ], [ -58.47806, -34.60222 ], [ -58.4768, -34.60382 ] ] ] } },
{ "type": "Feature", "properties": { "indice_acceso": 0.756 }, "geometry": { "type": "Polygon", "coordinates": [ [ [ -58.4819, -34.60649 ], [ -58.48273, -34.60558 ], [ -58.48115, -34.60498 ], [ -58.48159, -34.60443 ], [ -58.48032, -34.60374 ], [ -58.4792, -34.60513 ], [ -58.4819, -34.60649 ] ] ] } },
{ "type": "Feature", "properties": { "indice_acceso": 0.754 }, "geometry": { "type": "Polygon", "coordinates": [ [ [ -58.47746, -34.60731 ], [ -58.48041, -34.60813 ], [ -58.4819, -34.60649 ], [ -58.4792, -34.60513 ], [ -58.47746, -34.60731 ] ] ] } },
{ "type": "Feature", "properties": { "indice_acceso": 0.797 }, "geometry": { "type": "Polygon", "coordinates": [ [ [ -58.47511, -34.60599 ], [ -58.47746, -34.60731 ], [ -58.47844, -34.60609 ], [ -58.47717, -34.6054 ], [ -58.47793, -34.60443 ], [ -58.4768, -34.60382 ], [ -58.47511, -34.60599 ] ] ] } },
{ "type": "Feature", "properties": { "indice_acceso": 0.799 }, "geometry": { "type": "Polygon", "coordinates": [ [ [ -58.47401, -34.60531 ], [ -58.47511, -34.60599 ], [ -58.47747, -34.60297 ], [ -58.47638, -34.60236 ], [ -58.47401, -34.60531 ] ] ] } },
{ "type": "Feature", "properties": { "indice_acceso": 0.734 }, "geometry": { "type": "Polygon", "coordinates": [ [ [ -58.48999, -34.60317 ], [ -58.49132, -34.60149 ], [ -58.49001, -34.60131 ], [ -58.48637, -34.60106 ], [ -58.48999, -34.60317 ] ] ] } },
{ "type": "Feature", "properties": { "indice_acceso": 0.736 }, "geometry": { "type": "Polygon", "coordinates": [ [ [ -58.48584, -34.60213 ], [ -58.48817, -34.6035 ], [ -58.48898, -34.60258 ], [ -58.48664, -34.60122 ], [ -58.48584, -34.60213 ] ] ] } },
{ "type": "Feature", "properties": { "indice_acceso": 0.743 }, "geometry": { "type": "Polygon", "coordinates": [ [ [ -58.48513, -34.60293 ], [ -58.48469, -34.60342 ], [ -58.48703, -34.60479 ], [ -58.48817, -34.6035 ], [ -58.48584, -34.60213 ], [ -58.48664, -34.60122 ], [ -58.48381, -34.60089 ], [ -58.48513, -34.60293 ] ] ] } },
{ "type": "Feature", "properties": { "indice_acceso": 0.718 }, "geometry": { "type": "Polygon", "coordinates": [ [ [ -58.48703, -34.60479 ], [ -58.48814, -34.60543 ], [ -58.48999, -34.60317 ], [ -58.48898, -34.60258 ], [ -58.48703, -34.60479 ] ] ] } },
{ "type": "Feature", "properties": { "indice_acceso": 0.712 }, "geometry": { "type": "Polygon", "coordinates": [ [ [ -58.48516, -34.60692 ], [ -58.48636, -34.60758 ], [ -58.48814, -34.60543 ], [ -58.48703, -34.60479 ], [ -58.48516, -34.60692 ] ] ] } },
{ "type": "Feature", "properties": { "indice_acceso": 0.73 }, "geometry": { "type": "Polygon", "coordinates": [ [ [ -58.48273, -34.60558 ], [ -58.48395, -34.60625 ], [ -58.48499, -34.60507 ], [ -58.48619, -34.60574 ], [ -58.48703, -34.60479 ], [ -58.48469, -34.60342 ], [ -58.48273, -34.60558 ] ] ] } },
{ "type": "Feature", "properties": { "indice_acceso": 0.729 }, "geometry": { "type": "Polygon", "coordinates": [ [ [ -58.4832, -34.60711 ], [ -58.4844, -34.60776 ], [ -58.48619, -34.60574 ], [ -58.48499, -34.60507 ], [ -58.4832, -34.60711 ] ] ] } },
{ "type": "Feature", "properties": { "indice_acceso": 0.735 }, "geometry": { "type": "Polygon", "coordinates": [ [ [ -58.48099, -34.60748 ], [ -58.48226, -34.60816 ], [ -58.48395, -34.60625 ], [ -58.48273, -34.60558 ], [ -58.48099, -34.60748 ] ] ] } },
{ "type": "Feature", "properties": { "indice_acceso": 0.73 }, "geometry": { "type": "Polygon", "coordinates": [ [ [ -58.48226, -34.60816 ], [ -58.48099, -34.60748 ], [ -58.48041, -34.60813 ], [ -58.48343, -34.60886 ], [ -58.4844, -34.60776 ], [ -58.4832, -34.60711 ], [ -58.48226, -34.60816 ] ] ] } },
{ "type": "Feature", "properties": { "indice_acceso": 0.716 }, "geometry": { "type": "Polygon", "coordinates": [ [ [ -58.48343, -34.60886 ], [ -58.48499, -34.60925 ], [ -58.48636, -34.60758 ], [ -58.48516, -34.60692 ], [ -58.48343, -34.60886 ] ] ] } },
{ "type": "Feature", "properties": { "indice_acceso": 0.709 }, "geometry": { "type": "Polygon", "coordinates": [ [ [ -58.49031, -34.60088 ], [ -58.48995, -34.6014 ], [ -58.49174, -34.60152 ], [ -58.49279, -34.60214 ], [ -58.49312, -34.60169 ], [ -58.49381, -34.60174 ], [ -58.49599, -34.60304 ], [ -58.4972, -34.60143 ], [ -58.49534, -34.6013 ], [ -58.49451, -34.60092 ], [ -58.49031, -34.60088 ] ] ] } },
{ "type": "Feature", "properties": { "indice_acceso": 0.706 }, "geometry": { "type": "Polygon", "coordinates": [ [ [ -58.49548, -34.60373 ], [ -58.49599, -34.60304 ], [ -58.49381, -34.60174 ], [ -58.49312, -34.60169 ], [ -58.49279, -34.60214 ], [ -58.49548, -34.60373 ] ] ] } },
{ "type": "Feature", "properties": { "indice_acceso": 0.708 }, "geometry": { "type": "Polygon", "coordinates": [ [ [ -58.49074, -34.60227 ], [ -58.49344, -34.60384 ], [ -58.49412, -34.60293 ], [ -58.49132, -34.60149 ], [ -58.49074, -34.60227 ] ] ] } },
{ "type": "Feature", "properties": { "indice_acceso": 0.69 }, "geometry": { "type": "Polygon", "coordinates": [ [ [ -58.49267, -34.60471 ], [ -58.49401, -34.60549 ], [ -58.49548, -34.60373 ], [ -58.49412, -34.60293 ], [ -58.49267, -34.60471 ] ] ] } },
{ "type": "Feature", "properties": { "indice_acceso": 0.704 }, "geometry": { "type": "Polygon", "coordinates": [ [ [ -58.49267, -34.60471 ], [ -58.49344, -34.60384 ], [ -58.49074, -34.60227 ], [ -58.48999, -34.60317 ], [ -58.49267, -34.60471 ] ] ] } },
{ "type": "Feature", "properties": { "indice_acceso": 0.696 }, "geometry": { "type": "Polygon", "coordinates": [ [ [ -58.49185, -34.60564 ], [ -58.4907, -34.60691 ], [ -58.49199, -34.60766 ], [ -58.49401, -34.60549 ], [ -58.48999, -34.60317 ], [ -58.48922, -34.6041 ], [ -58.49185, -34.60564 ] ] ] } },
{ "type": "Feature", "properties": { "indice_acceso": 0.694 }, "geometry": { "type": "Polygon", "coordinates": [ [ [ -58.49185, -34.60564 ], [ -58.49055, -34.60488 ], [ -58.48861, -34.60712 ], [ -58.48975, -34.60776 ], [ -58.49185, -34.60564 ] ] ] } },
{ "type": "Feature", "properties": { "indice_acceso": 0.707 }, "geometry": { "type": "Polygon", "coordinates": [ [ [ -58.49055, -34.60488 ], [ -58.48922, -34.6041 ], [ -58.48734, -34.60639 ], [ -58.48847, -34.60704 ], [ -58.49055, -34.60488 ] ] ] } },
{ "type": "Feature", "properties": { "indice_acceso": 0.706 }, "geometry": { "type": "Polygon", "coordinates": [ [ [ -58.48575, -34.60832 ], [ -58.48499, -34.60925 ], [ -58.48647, -34.60961 ], [ -58.48861, -34.60712 ], [ -58.48734, -34.60639 ], [ -58.48575, -34.60832 ] ] ] } },
{ "type": "Feature", "properties": { "indice_acceso": 0.702 }, "geometry": { "type": "Polygon", "coordinates": [ [ [ -58.48988, -34.60784 ], [ -58.48861, -34.60712 ], [ -58.48762, -34.60827 ], [ -58.48889, -34.60896 ], [ -58.48939, -34.60839 ], [ -58.49065, -34.6091 ], [ -58.49199, -34.60766 ], [ -58.4907, -34.60691 ], [ -58.48988, -34.60784 ] ] ] } },
{ "type": "Feature", "properties": { "indice_acceso": 0.704 }, "geometry": { "type": "Polygon", "coordinates": [ [ [ -58.48647, -34.60961 ], [ -58.48866, -34.61014 ], [ -58.48928, -34.61058 ], [ -58.49065, -34.6091 ], [ -58.48939, -34.60839 ], [ -58.48889, -34.60896 ], [ -58.48762, -34.60827 ], [ -58.48647, -34.60961 ] ] ] } },
{ "type": "Feature", "properties": { "indice_acceso": 0.699 }, "geometry": { "type": "Polygon", "coordinates": [ [ [ -58.49497, -34.60936 ], [ -58.49728, -34.61071 ], [ -58.49656, -34.61159 ], [ -58.49753, -34.61215 ], [ -58.49935, -34.61008 ], [ -58.49597, -34.60803 ], [ -58.49497, -34.60936 ] ] ] } },
{ "type": "Feature", "properties": { "indice_acceso": 0.685 }, "geometry": { "type": "Polygon", "coordinates": [ [ [ -58.49199, -34.60766 ], [ -58.49497, -34.60936 ], [ -58.49597, -34.60803 ], [ -58.49316, -34.6064 ], [ -58.49199, -34.60766 ] ] ] } },
{ "type": "Feature", "properties": { "indice_acceso": 0.703 }, "geometry": { "type": "Polygon", "coordinates": [ [ [ -58.49656, -34.61159 ], [ -58.49728, -34.61071 ], [ -58.49199, -34.60766 ], [ -58.49116, -34.60855 ], [ -58.49656, -34.61159 ] ] ] } },
{ "type": "Feature", "properties": { "indice_acceso": 0.726 }, "geometry": { "type": "Polygon", "coordinates": [ [ [ -58.49435, -34.61198 ], [ -58.49656, -34.61326 ], [ -58.49753, -34.61215 ], [ -58.49527, -34.61085 ], [ -58.49435, -34.61198 ] ] ] } },
{ "type": "Feature", "properties": { "indice_acceso": 0.7 }, "geometry": { "type": "Polygon", "coordinates": [ [ [ -58.48971, -34.61011 ], [ -58.49063, -34.61062 ], [ -58.49104, -34.61016 ], [ -58.49435, -34.61198 ], [ -58.49527, -34.61085 ], [ -58.49116, -34.60855 ], [ -58.48971, -34.61011 ] ] ] } },
{ "type": "Feature", "properties": { "indice_acceso": 0.71 }, "geometry": { "type": "Polygon", "coordinates": [ [ [ -58.49304, -34.61351 ], [ -58.49435, -34.61198 ], [ -58.49104, -34.61016 ], [ -58.49063, -34.61062 ], [ -58.48971, -34.61011 ], [ -58.48928, -34.61058 ], [ -58.49304, -34.61351 ] ] ] } },
{ "type": "Feature", "properties": { "indice_acceso": 0.746 }, "geometry": { "type": "Polygon", "coordinates": [ [ [ -58.49478, -34.61502 ], [ -58.49557, -34.61439 ], [ -58.49656, -34.61326 ], [ -58.49435, -34.61198 ], [ -58.49304, -34.61351 ], [ -58.49478, -34.61502 ] ] ] } },
{ "type": "Feature", "properties": { "indice_acceso": 0.755 }, "geometry": { "type": "Polygon", "coordinates": [ [ [ -58.49264, -34.61673 ], [ -58.49478, -34.61502 ], [ -58.49227, -34.61286 ], [ -58.4912, -34.61374 ], [ -58.49223, -34.61461 ], [ -58.49116, -34.61547 ], [ -58.49264, -34.61673 ] ] ] } },
{ "type": "Feature", "properties": { "indice_acceso": 0.743 }, "geometry": { "type": "Polygon", "coordinates": [ [ [ -58.49156, -34.61759 ], [ -58.49264, -34.61673 ], [ -58.49116, -34.61547 ], [ -58.49223, -34.61461 ], [ -58.4912, -34.61374 ], [ -58.48906, -34.61546 ], [ -58.49156, -34.61759 ] ] ] } },
{ "type": "Feature", "properties": { "indice_acceso": 0.722 }, "geometry": { "type": "Polygon", "coordinates": [ [ [ -58.48908, -34.61256 ], [ -58.48969, -34.6129 ], [ -58.48808, -34.61493 ], [ -58.48906, -34.61546 ], [ -58.49227, -34.61286 ], [ -58.49011, -34.61122 ], [ -58.48908, -34.61256 ] ] ] } },
{ "type": "Feature", "properties": { "indice_acceso": 0.712 }, "geometry": { "type": "Polygon", "coordinates": [ [ [ -58.48808, -34.61493 ], [ -58.48969, -34.6129 ], [ -58.48908, -34.61256 ], [ -58.49011, -34.61122 ], [ -58.48928, -34.61058 ], [ -58.4865, -34.61407 ], [ -58.48808, -34.61493 ] ] ] } },
{ "type": "Feature", "properties": { "indice_acceso": 0.703 }, "geometry": { "type": "Polygon", "coordinates": [ [ [ -58.48684, -34.6114 ], [ -58.48811, -34.61205 ], [ -58.48928, -34.61058 ], [ -58.48798, -34.60997 ], [ -58.48684, -34.6114 ] ] ] } },
{ "type": "Feature", "properties": { "indice_acceso": 0.703 }, "geometry": { "type": "Polygon", "coordinates": [ [ [ -58.48684, -34.6114 ], [ -58.48798, -34.60997 ], [ -58.48343, -34.60886 ], [ -58.48298, -34.60946 ], [ -58.48684, -34.6114 ] ] ] } },
{ "type": "Feature", "properties": { "indice_acceso": 0.737 }, "geometry": { "type": "Polygon", "coordinates": [ [ [ -58.47966, -34.60906 ], [ -58.48097, -34.60975 ], [ -58.48135, -34.60927 ], [ -58.4826, -34.60994 ], [ -58.48343, -34.60886 ], [ -58.48041, -34.60813 ], [ -58.47966, -34.60906 ] ] ] } },
{ "type": "Feature", "properties": { "indice_acceso": 0.74 }, "geometry": { "type": "Polygon", "coordinates": [ [ [ -58.48182, -34.61091 ], [ -58.4826, -34.60994 ], [ -58.48135, -34.60927 ], [ -58.48097, -34.60975 ], [ -58.47966, -34.60906 ], [ -58.47926, -34.60956 ], [ -58.48182, -34.61091 ] ] ] } },
{ "type": "Feature", "properties": { "indice_acceso": 0.718 }, "geometry": { "type": "Polygon", "coordinates": [ [ [ -58.48271, -34.61209 ], [ -58.48352, -34.61109 ], [ -58.48222, -34.61041 ], [ -58.48182, -34.61091 ], [ -58.47926, -34.60956 ], [ -58.47886, -34.61007 ], [ -58.48271, -34.61209 ] ] ] } },
{ "type": "Feature", "properties": { "indice_acceso": 0.7 }, "geometry": { "type": "Polygon", "coordinates": [ [ [ -58.48604, -34.61241 ], [ -58.48684, -34.6114 ], [ -58.48298, -34.60946 ], [ -58.48222, -34.61041 ], [ -58.48604, -34.61241 ] ] ] } },
{ "type": "Feature", "properties": { "indice_acceso": 0.696 }, "geometry": { "type": "Polygon", "coordinates": [ [ [ -58.4865, -34.61407 ], [ -58.48811, -34.61205 ], [ -58.48684, -34.6114 ], [ -58.48604, -34.61241 ], [ -58.48352, -34.61109 ], [ -58.48271, -34.61209 ], [ -58.4865, -34.61407 ] ] ] } },
{ "type": "Feature", "properties": { "indice_acceso": 0.702 }, "geometry": { "type": "Polygon", "coordinates": [ [ [ -58.4841, -34.6171 ], [ -58.4865, -34.61407 ], [ -58.48398, -34.61275 ], [ -58.48318, -34.61376 ], [ -58.48444, -34.61443 ], [ -58.48284, -34.61644 ], [ -58.4841, -34.6171 ] ] ] } },
{ "type": "Feature", "properties": { "indice_acceso": 0.698 }, "geometry": { "type": "Polygon", "coordinates": [ [ [ -58.48111, -34.6141 ], [ -58.48364, -34.61543 ], [ -58.48444, -34.61443 ], [ -58.48318, -34.61376 ], [ -58.48398, -34.61275 ], [ -58.48271, -34.61209 ], [ -58.48111, -34.6141 ] ] ] } },
{ "type": "Feature", "properties": { "indice_acceso": 0.711 }, "geometry": { "type": "Polygon", "coordinates": [ [ [ -58.47982, -34.61342 ], [ -58.48111, -34.6141 ], [ -58.48271, -34.61209 ], [ -58.48142, -34.61141 ], [ -58.47982, -34.61342 ] ] ] } },
{ "type": "Feature", "properties": { "indice_acceso": 0.732 }, "geometry": { "type": "Polygon", "coordinates": [ [ [ -58.48062, -34.61241 ], [ -58.48142, -34.61141 ], [ -58.47886, -34.61007 ], [ -58.47806, -34.61107 ], [ -58.48062, -34.61241 ] ] ] } },
{ "type": "Feature", "properties": { "indice_acceso": 0.737 }, "geometry": { "type": "Polygon", "coordinates": [ [ [ -58.47937, -34.61176 ], [ -58.47806, -34.61107 ], [ -58.47646, -34.61307 ], [ -58.47761, -34.61368 ], [ -58.47937, -34.61176 ] ] ] } },
{ "type": "Feature", "properties": { "indice_acceso": 0.754 }, "geometry": { "type": "Polygon", "coordinates": [ [ [ -58.47566, -34.61408 ], [ -58.47697, -34.61477 ], [ -58.47777, -34.61377 ], [ -58.47646, -34.61307 ], [ -58.47566, -34.61408 ] ] ] } },
{ "type": "Feature", "properties": { "indice_acceso": 0.73 }, "geometry": { "type": "Polygon", "coordinates": [ [ [ -58.47821, -34.61544 ], [ -58.48062, -34.61241 ], [ -58.47937, -34.61176 ], [ -58.47697, -34.61477 ], [ -58.47821, -34.61544 ] ] ] } },
{ "type": "Feature", "properties": { "indice_acceso": 0.733 }, "geometry": { "type": "Polygon", "coordinates": [ [ [ -58.47821, -34.61544 ], [ -58.47951, -34.61612 ], [ -58.48111, -34.6141 ], [ -58.47982, -34.61342 ], [ -58.47821, -34.61544 ] ] ] } },
{ "type": "Feature", "properties": { "indice_acceso": 0.715 }, "geometry": { "type": "Polygon", "coordinates": [ [ [ -58.48284, -34.61644 ], [ -58.48364, -34.61543 ], [ -58.48111, -34.6141 ], [ -58.48032, -34.61511 ], [ -58.48284, -34.61644 ] ] ] } },
{ "type": "Feature", "properties": { "indice_acceso": 0.705 }, "geometry": { "type": "Polygon", "coordinates": [ [ [ -58.4833, -34.6181 ], [ -58.4841, -34.6171 ], [ -58.48032, -34.61511 ], [ -58.47951, -34.61612 ], [ -58.4833, -34.6181 ] ] ] } },
{ "type": "Feature", "properties": { "indice_acceso": 0.734 }, "geometry": { "type": "Polygon", "coordinates": [ [ [ -58.49049, -34.61844 ], [ -58.49156, -34.61759 ], [ -58.48906, -34.61546 ], [ -58.48746, -34.6146 ], [ -58.48666, -34.6156 ], [ -58.49049, -34.61844 ] ] ] } },
{ "type": "Feature", "properties": { "indice_acceso": 0.714 }, "geometry": { "type": "Polygon", "coordinates": [ [ [ -58.48585, -34.61801 ], [ -58.48692, -34.61717 ], [ -58.48586, -34.6166 ], [ -58.48746, -34.6146 ], [ -58.4865, -34.61407 ], [ -58.4841, -34.6171 ], [ -58.48585, -34.61801 ] ] ] } },
{ "type": "Feature", "properties": { "indice_acceso": 0.741 }, "geometry": { "type": "Polygon", "coordinates": [ [ [ -58.48833, -34.62016 ], [ -58.49049, -34.61844 ], [ -58.48799, -34.61631 ], [ -58.48666, -34.6156 ], [ -58.48586, -34.6166 ], [ -58.48867, -34.61868 ], [ -58.48773, -34.61964 ], [ -58.48833, -34.62016 ] ] ] } },
{ "type": "Feature", "properties": { "indice_acceso": 0.728 }, "geometry": { "type": "Polygon", "coordinates": [ [ [ -58.48478, -34.61887 ], [ -58.48727, -34.62102 ], [ -58.48833, -34.62016 ], [ -58.48761, -34.61953 ], [ -58.48867, -34.61868 ], [ -58.48692, -34.61717 ], [ -58.48478, -34.61887 ] ] ] } },
{ "type": "Feature", "properties": { "indice_acceso": 0.71 }, "geometry": { "type": "Polygon", "coordinates": [ [ [ -58.48471, -34.62061 ], [ -58.48578, -34.61975 ], [ -58.48478, -34.61887 ], [ -58.48585, -34.61801 ], [ -58.4841, -34.6171 ], [ -58.4825, -34.61911 ], [ -58.48471, -34.62061 ] ] ] } },
{ "type": "Feature", "properties": { "indice_acceso": 0.715 }, "geometry": { "type": "Polygon", "coordinates": [ [ [ -58.48343, -34.62408 ], [ -58.48727, -34.62102 ], [ -58.48578, -34.61975 ], [ -58.48256, -34.62233 ], [ -58.48329, -34.62296 ], [ -58.48265, -34.62347 ], [ -58.48343, -34.62408 ] ] ] } },
{ "type": "Feature", "properties": { "indice_acceso": 0.71 }, "geometry": { "type": "Polygon", "coordinates": [ [ [ -58.48256, -34.62233 ], [ -58.48471, -34.62061 ], [ -58.4825, -34.61911 ], [ -58.48089, -34.62112 ], [ -58.48256, -34.62233 ] ] ] } },
{ "type": "Feature", "properties": { "indice_acceso": 0.715 }, "geometry": { "type": "Polygon", "coordinates": [ [ [ -58.47937, -34.62319 ], [ -58.48274, -34.62463 ], [ -58.48343, -34.62408 ], [ -58.48265, -34.62347 ], [ -58.48329, -34.62296 ], [ -58.48155, -34.62146 ], [ -58.47937, -34.62319 ] ] ] } },
{ "type": "Feature", "properties": { "indice_acceso": 0.708 }, "geometry": { "type": "Polygon", "coordinates": [ [ [ -58.47947, -34.62065 ], [ -58.48081, -34.62204 ], [ -58.48155, -34.62146 ], [ -58.48089, -34.62112 ], [ -58.4833, -34.6181 ], [ -58.48204, -34.61744 ], [ -58.47947, -34.62065 ] ] ] } },
{ "type": "Feature", "properties": { "indice_acceso": 0.728 }, "geometry": { "type": "Polygon", "coordinates": [ [ [ -58.47741, -34.61644 ], [ -58.48124, -34.61844 ], [ -58.48204, -34.61744 ], [ -58.47821, -34.61544 ], [ -58.47741, -34.61644 ] ] ] } },
{ "type": "Feature", "properties": { "indice_acceso": 0.725 }, "geometry": { "type": "Polygon", "coordinates": [ [ [ -58.48043, -34.61945 ], [ -58.48124, -34.61844 ], [ -58.47741, -34.61644 ], [ -58.47661, -34.61745 ], [ -58.48043, -34.61945 ] ] ] } },
{ "type": "Feature", "properties": { "indice_acceso": 0.726 }, "geometry": { "type": "Polygon", "coordinates": [ [ [ -58.47943, -34.6207 ], [ -58.48043, -34.61945 ], [ -58.47661, -34.61745 ], [ -58.47582, -34.61845 ], [ -58.47943, -34.6207 ] ] ] } },
{ "type": "Feature", "properties": { "indice_acceso": 0.753 }, "geometry": { "type": "Polygon", "coordinates": [ [ [ -58.47582, -34.61845 ], [ -58.47821, -34.61544 ], [ -58.47697, -34.61477 ], [ -58.47456, -34.61779 ], [ -58.47582, -34.61845 ] ] ] } },
{ "type": "Feature", "properties": { "indice_acceso": 0.758 }, "geometry": { "type": "Polygon", "coordinates": [ [ [ -58.47456, -34.61779 ], [ -58.47697, -34.61477 ], [ -58.47566, -34.61408 ], [ -58.47326, -34.61709 ], [ -58.47456, -34.61779 ] ] ] } },
{ "type": "Feature", "properties": { "indice_acceso": 0.752 }, "geometry": { "type": "Polygon", "coordinates": [ [ [ -58.47162, -34.61915 ], [ -58.47419, -34.6205 ], [ -58.47501, -34.61946 ], [ -58.4763, -34.62015 ], [ -58.47707, -34.61919 ], [ -58.47326, -34.61709 ], [ -58.47162, -34.61915 ] ] ] } },
{ "type": "Feature", "properties": { "indice_acceso": 0.735 }, "geometry": { "type": "Polygon", "coordinates": [ [ [ -58.4763, -34.62015 ], [ -58.47501, -34.61946 ], [ -58.47419, -34.6205 ], [ -58.47674, -34.62183 ], [ -58.47756, -34.6208 ], [ -58.47883, -34.62147 ], [ -58.47943, -34.6207 ], [ -58.47707, -34.61919 ], [ -58.4763, -34.62015 ] ] ] } },
{ "type": "Feature", "properties": { "indice_acceso": 0.714 }, "geometry": { "type": "Polygon", "coordinates": [ [ [ -58.47883, -34.62147 ], [ -58.47756, -34.6208 ], [ -58.47674, -34.62183 ], [ -58.47937, -34.62319 ], [ -58.48081, -34.62204 ], [ -58.47947, -34.62065 ], [ -58.47883, -34.62147 ] ] ] } },
{ "type": "Feature", "properties": { "indice_acceso": 0.795 }, "geometry": { "type": "Polygon", "coordinates": [ [ [ -58.47966, -34.60906 ], [ -58.48041, -34.60813 ], [ -58.47732, -34.60725 ], [ -58.47511, -34.60599 ], [ -58.47474, -34.60646 ], [ -58.47966, -34.60906 ] ] ] } },
{ "type": "Feature", "properties": { "indice_acceso": 0.79 }, "geometry": { "type": "Polygon", "coordinates": [ [ [ -58.47713, -34.60772 ], [ -58.47474, -34.60646 ], [ -58.47396, -34.60747 ], [ -58.47615, -34.60863 ], [ -58.47713, -34.60772 ] ] ] } },
{ "type": "Feature", "properties": { "indice_acceso": 0.778 }, "geometry": { "type": "Polygon", "coordinates": [ [ [ -58.47633, -34.60872 ], [ -58.47762, -34.60942 ], [ -58.47843, -34.60841 ], [ -58.47713, -34.60772 ], [ -58.47633, -34.60872 ] ] ] } },
{ "type": "Feature", "properties": { "indice_acceso": 0.75 }, "geometry": { "type": "Polygon", "coordinates": [ [ [ -58.47762, -34.60942 ], [ -58.47633, -34.60872 ], [ -58.47552, -34.60973 ], [ -58.47806, -34.61107 ], [ -58.47966, -34.60906 ], [ -58.47843, -34.60841 ], [ -58.47762, -34.60942 ] ] ] } },
{ "type": "Feature", "properties": { "indice_acceso": 0.759 }, "geometry": { "type": "Polygon", "coordinates": [ [ [ -58.47646, -34.61307 ], [ -58.47806, -34.61107 ], [ -58.47552, -34.60973 ], [ -58.47472, -34.61073 ], [ -58.47602, -34.61142 ], [ -58.47522, -34.61242 ], [ -58.47646, -34.61307 ] ] ] } },
{ "type": "Feature", "properties": { "indice_acceso": 0.76 }, "geometry": { "type": "Polygon", "coordinates": [ [ [ -58.47566, -34.61408 ], [ -58.47646, -34.61307 ], [ -58.47522, -34.61242 ], [ -58.47602, -34.61142 ], [ -58.47472, -34.61073 ], [ -58.47313, -34.61274 ], [ -58.47566, -34.61408 ] ] ] } },
{ "type": "Feature", "properties": { "indice_acceso": 0.764 }, "geometry": { "type": "Polygon", "coordinates": [ [ [ -58.47405, -34.6161 ], [ -58.47566, -34.61408 ], [ -58.47313, -34.61274 ], [ -58.47222, -34.61388 ], [ -58.47344, -34.61577 ], [ -58.47405, -34.6161 ] ] ] } },
{ "type": "Feature", "properties": { "indice_acceso": 0.764 }, "geometry": { "type": "Polygon", "coordinates": [ [ [ -58.46992, -34.61676 ], [ -58.47122, -34.61744 ], [ -58.47202, -34.61644 ], [ -58.47326, -34.61709 ], [ -58.47405, -34.6161 ], [ -58.47344, -34.61577 ], [ -58.47222, -34.61388 ], [ -58.46992, -34.61676 ] ] ] } },
{ "type": "Feature", "properties": { "indice_acceso": 0.764 }, "geometry": { "type": "Polygon", "coordinates": [ [ [ -58.46909, -34.6178 ], [ -58.47162, -34.61915 ], [ -58.47326, -34.61709 ], [ -58.47202, -34.61644 ], [ -58.47122, -34.61744 ], [ -58.46992, -34.61676 ], [ -58.46909, -34.6178 ] ] ] } },
{ "type": "Feature", "properties": { "indice_acceso": 0.784 }, "geometry": { "type": "Polygon", "coordinates": [ [ [ -58.47244, -34.60529 ], [ -58.47108, -34.6047 ], [ -58.4703, -34.60572 ], [ -58.47396, -34.60747 ], [ -58.47511, -34.60599 ], [ -58.47298, -34.60467 ], [ -58.47244, -34.60529 ] ] ] } },
{ "type": "Feature", "properties": { "indice_acceso": 0.787 }, "geometry": { "type": "Polygon", "coordinates": [ [ [ -58.46883, -34.60509 ], [ -58.4703, -34.60572 ], [ -58.47108, -34.6047 ], [ -58.47244, -34.60529 ], [ -58.47298, -34.60467 ], [ -58.47043, -34.60293 ], [ -58.46883, -34.60509 ] ] ] } },
{ "type": "Feature", "properties": { "indice_acceso": 0.782 }, "geometry": { "type": "Polygon", "coordinates": [ [ [ -58.46729, -34.60713 ], [ -58.47012, -34.60833 ], [ -58.47167, -34.6063 ], [ -58.46883, -34.60509 ], [ -58.46729, -34.60713 ] ] ] } },
{ "type": "Feature", "properties": { "indice_acceso": 0.766 }, "geometry": { "type": "Polygon", "coordinates": [ [ [ -58.47012, -34.60833 ], [ -58.47239, -34.60949 ], [ -58.47396, -34.60747 ], [ -58.47167, -34.6063 ], [ -58.47012, -34.60833 ] ] ] } },
{ "type": "Feature", "properties": { "indice_acceso": 0.766 }, "geometry": { "type": "Polygon", "coordinates": [ [ [ -58.47239, -34.60949 ], [ -58.47472, -34.61073 ], [ -58.47633, -34.60872 ], [ -58.47396, -34.60747 ], [ -58.47239, -34.60949 ] ] ] } },
{ "type": "Feature", "properties": { "indice_acceso": 0.763 }, "geometry": { "type": "Polygon", "coordinates": [ [ [ -58.47117, -34.61314 ], [ -58.47222, -34.61388 ], [ -58.47472, -34.61073 ], [ -58.47353, -34.6101 ], [ -58.47117, -34.61314 ] ] ] } },
{ "type": "Feature", "properties": { "indice_acceso": 0.752 }, "geometry": { "type": "Polygon", "coordinates": [ [ [ -58.47161, -34.61051 ], [ -58.47004, -34.61253 ], [ -58.47117, -34.61314 ], [ -58.47353, -34.6101 ], [ -58.47239, -34.60949 ], [ -58.47161, -34.61051 ] ] ] } },
{ "type": "Feature", "properties": { "indice_acceso": 0.77 }, "geometry": { "type": "Polygon", "coordinates": [ [ [ -58.46935, -34.60933 ], [ -58.47161, -34.61051 ], [ -58.47239, -34.60949 ], [ -58.47012, -34.60833 ], [ -58.46935, -34.60933 ] ] ] } },
{ "type": "Feature", "properties": { "indice_acceso": 0.799 }, "geometry": { "type": "Polygon", "coordinates": [ [ [ -58.46652, -34.60814 ], [ -58.46795, -34.6088 ], [ -58.46935, -34.60933 ], [ -58.47012, -34.60833 ], [ -58.46729, -34.60713 ], [ -58.46652, -34.60814 ] ] ] } },
{ "type": "Feature", "properties": { "indice_acceso": 0.798 }, "geometry": { "type": "Polygon", "coordinates": [ [ [ -58.46513, -34.60994 ], [ -58.46896, -34.61196 ], [ -58.46973, -34.61094 ], [ -58.46859, -34.61033 ], [ -58.46935, -34.60933 ], [ -58.46652, -34.60814 ], [ -58.46513, -34.60994 ] ] ] } },
{ "type": "Feature", "properties": { "indice_acceso": 0.772 }, "geometry": { "type": "Polygon", "coordinates": [ [ [ -58.46859, -34.61033 ], [ -58.46973, -34.61094 ], [ -58.46896, -34.61196 ], [ -58.47004, -34.61253 ], [ -58.47161, -34.61051 ], [ -58.46935, -34.60933 ], [ -58.46859, -34.61033 ] ] ] } },
{ "type": "Feature", "properties": { "indice_acceso": 0.79 }, "geometry": { "type": "Polygon", "coordinates": [ [ [ -58.46608, -34.60256 ], [ -58.46961, -34.60407 ], [ -58.47043, -34.60293 ], [ -58.46891, -34.60186 ], [ -58.46608, -34.60256 ] ] ] } },
{ "type": "Feature", "properties": { "indice_acceso": 0.801 }, "geometry": { "type": "Polygon", "coordinates": [ [ [ -58.4675, -34.60452 ], [ -58.46608, -34.60391 ], [ -58.46553, -34.60503 ], [ -58.46806, -34.60611 ], [ -58.46961, -34.60407 ], [ -58.46827, -34.60351 ], [ -58.4675, -34.60452 ] ] ] } },
{ "type": "Feature", "properties": { "indice_acceso": 0.793 }, "geometry": { "type": "Polygon", "coordinates": [ [ [ -58.46471, -34.60332 ], [ -58.4675, -34.60452 ], [ -58.46827, -34.60351 ], [ -58.46608, -34.60256 ], [ -58.46495, -34.60284 ], [ -58.46471, -34.60332 ] ] ] } },
{ "type": "Feature", "properties": { "indice_acceso": 0.816 }, "geometry": { "type": "Polygon", "coordinates": [ [ [ -58.46211, -34.60356 ], [ -58.46553, -34.60503 ], [ -58.46608, -34.60391 ], [ -58.46471, -34.60332 ], [ -58.46495, -34.60284 ], [ -58.46211, -34.60356 ] ] ] } },
{ "type": "Feature", "properties": { "indice_acceso": 0.847 }, "geometry": { "type": "Polygon", "coordinates": [ [ [ -58.46012, -34.60406 ], [ -58.45847, -34.60449 ], [ -58.46051, -34.60589 ], [ -58.46118, -34.60452 ], [ -58.46232, -34.605 ], [ -58.46288, -34.60389 ], [ -58.46211, -34.60356 ], [ -58.46012, -34.60406 ] ] ] } },
{ "type": "Feature", "properties": { "indice_acceso": 0.86 }, "geometry": { "type": "Polygon", "coordinates": [ [ [ -58.46232, -34.605 ], [ -58.46118, -34.60452 ], [ -58.46064, -34.60564 ], [ -58.46305, -34.60666 ], [ -58.46415, -34.60444 ], [ -58.46288, -34.60389 ], [ -58.46232, -34.605 ] ] ] } },
{ "type": "Feature", "properties": { "indice_acceso": 0.854 }, "geometry": { "type": "Polygon", "coordinates": [ [ [ -58.46305, -34.60666 ], [ -58.46442, -34.60725 ], [ -58.46553, -34.60503 ], [ -58.46415, -34.60444 ], [ -58.46305, -34.60666 ] ] ] } },
{ "type": "Feature", "properties": { "indice_acceso": 0.838 }, "geometry": { "type": "Polygon", "coordinates": [ [ [ -58.46442, -34.60725 ], [ -58.46518, -34.60757 ], [ -58.46596, -34.60656 ], [ -58.46729, -34.60713 ], [ -58.46806, -34.60611 ], [ -58.46553, -34.60503 ], [ -58.46442, -34.60725 ] ] ] } },
{ "type": "Feature", "properties": { "indice_acceso": 0.842 }, "geometry": { "type": "Polygon", "coordinates": [ [ [ -58.46652, -34.60814 ], [ -58.46729, -34.60713 ], [ -58.46596, -34.60656 ], [ -58.46518, -34.60757 ], [ -58.46652, -34.60814 ] ] ] } },
{ "type": "Feature", "properties": { "indice_acceso": 0.849 }, "geometry": { "type": "Polygon", "coordinates": [ [ [ -58.46518, -34.60757 ], [ -58.4644, -34.60861 ], [ -58.46271, -34.60737 ], [ -58.46219, -34.60841 ], [ -58.46513, -34.60994 ], [ -58.46652, -34.60814 ], [ -58.46518, -34.60757 ] ] ] } },
{ "type": "Feature", "properties": { "indice_acceso": 0.867 }, "geometry": { "type": "Polygon", "coordinates": [ [ [ -58.4644, -34.60861 ], [ -58.46518, -34.60757 ], [ -58.46064, -34.60564 ], [ -58.46051, -34.60589 ], [ -58.4644, -34.60861 ] ] ] } },
{ "type": "Feature", "properties": { "indice_acceso": 0.807 }, "geometry": { "type": "Polygon", "coordinates": [ [ [ -58.46285, -34.61016 ], [ -58.46225, -34.61129 ], [ -58.4637, -34.61204 ], [ -58.46513, -34.60994 ], [ -58.46219, -34.60841 ], [ -58.46164, -34.60952 ], [ -58.46285, -34.61016 ] ] ] } },
{ "type": "Feature", "properties": { "indice_acceso": 0.776 }, "geometry": { "type": "Polygon", "coordinates": [ [ [ -58.4637, -34.61204 ], [ -58.46496, -34.61271 ], [ -58.46575, -34.61169 ], [ -58.46704, -34.61237 ], [ -58.46785, -34.6113 ], [ -58.46513, -34.60994 ], [ -58.4637, -34.61204 ] ] ] } },
{ "type": "Feature", "properties": { "indice_acceso": 0.738 }, "geometry": { "type": "Polygon", "coordinates": [ [ [ -58.46548, -34.61441 ], [ -58.46768, -34.61557 ], [ -58.46846, -34.61456 ], [ -58.4674, -34.614 ], [ -58.46896, -34.61196 ], [ -58.46781, -34.61135 ], [ -58.46548, -34.61441 ] ] ] } },
{ "type": "Feature", "properties": { "indice_acceso": 0.744 }, "geometry": { "type": "Polygon", "coordinates": [ [ [ -58.46818, -34.61298 ], [ -58.47152, -34.61475 ], [ -58.47222, -34.61388 ], [ -58.47196, -34.61358 ], [ -58.46896, -34.61196 ], [ -58.46818, -34.61298 ] ] ] } },
{ "type": "Feature", "properties": { "indice_acceso": 0.752 }, "geometry": { "type": "Polygon", "coordinates": [ [ [ -58.46992, -34.61676 ], [ -58.47152, -34.61475 ], [ -58.46818, -34.61298 ], [ -58.4674, -34.614 ], [ -58.4696, -34.61516 ], [ -58.46882, -34.61617 ], [ -58.46992, -34.61676 ] ] ] } },
{ "type": "Feature", "properties": { "indice_acceso": 0.747 }, "geometry": { "type": "Polygon", "coordinates": [ [ [ -58.46677, -34.61675 ], [ -58.46909, -34.6178 ], [ -58.46992, -34.61676 ], [ -58.46882, -34.61617 ], [ -58.4696, -34.61516 ], [ -58.46846, -34.61456 ], [ -58.46677, -34.61675 ] ] ] } },
{ "type": "Feature", "properties": { "indice_acceso": 0.722 }, "geometry": { "type": "Polygon", "coordinates": [ [ [ -58.46447, -34.61576 ], [ -58.46677, -34.61675 ], [ -58.46768, -34.61557 ], [ -58.46548, -34.61441 ], [ -58.46447, -34.61576 ] ] ] } },
{ "type": "Feature", "properties": { "indice_acceso": 0.751 }, "geometry": { "type": "Polygon", "coordinates": [ [ [ -58.46301, -34.61306 ], [ -58.46419, -34.61371 ], [ -58.46363, -34.61444 ], [ -58.46499, -34.61508 ], [ -58.46704, -34.61237 ], [ -58.46575, -34.61169 ], [ -58.46496, -34.61271 ], [ -58.4637, -34.61204 ], [ -58.46301, -34.61306 ] ] ] } },
{ "type": "Feature", "properties": { "indice_acceso": 0.763 }, "geometry": { "type": "Polygon", "coordinates": [ [ [ -58.46055, -34.61172 ], [ -58.46301, -34.61306 ], [ -58.4637, -34.61204 ], [ -58.46225, -34.61129 ], [ -58.46285, -34.61016 ], [ -58.46164, -34.60952 ], [ -58.46055, -34.61172 ] ] ] } },
{ "type": "Feature", "properties": { "indice_acceso": 0.748 }, "geometry": { "type": "Polygon", "coordinates": [ [ [ -58.45944, -34.61389 ], [ -58.46186, -34.6148 ], [ -58.46301, -34.61306 ], [ -58.46055, -34.61172 ], [ -58.45944, -34.61389 ] ] ] } },
{ "type": "Feature", "properties": { "indice_acceso": 0.734 }, "geometry": { "type": "Polygon", "coordinates": [ [ [ -58.46447, -34.61576 ], [ -58.46499, -34.61508 ], [ -58.46363, -34.61444 ], [ -58.46419, -34.61371 ], [ -58.46301, -34.61306 ], [ -58.46186, -34.6148 ], [ -58.46447, -34.61576 ] ] ] } },
{ "type": "Feature", "properties": { "indice_acceso": 0.683 }, "geometry": { "type": "Polygon", "coordinates": [ [ [ -58.50495, -34.56351 ], [ -58.50377, -34.56422 ], [ -58.50302, -34.56424 ], [ -58.5028, -34.56528 ], [ -58.50211, -34.56504 ], [ -58.50143, -34.56587 ], [ -58.50882, -34.56951 ], [ -58.50916, -34.56995 ], [ -58.50987, -34.56925 ], [ -58.5066, -34.56239 ], [ -58.50543, -34.56245 ], [ -58.50495, -34.56351 ] ] ] } },
{ "type": "Feature", "properties": { "indice_acceso": 0.659 }, "geometry": { "type": "Polygon", "coordinates": [ [ [ -58.50143, -34.56587 ], [ -58.50211, -34.56504 ], [ -58.5028, -34.56528 ], [ -58.50302, -34.56424 ], [ -58.50377, -34.56422 ], [ -58.50495, -34.56351 ], [ -58.50541, -34.56234 ], [ -58.50459, -34.56169 ], [ -58.503, -34.56148 ], [ -58.5031, -34.56078 ], [ -58.50263, -34.56018 ], [ -58.49905, -34.56472 ], [ -58.50143, -34.56587 ] ] ] } },
{ "type": "Feature", "properties": { "indice_acceso": 0.66 }, "geometry": { "type": "Polygon", "coordinates": [ [ [ -58.49593, -34.55523 ], [ -58.49505, -34.55525 ], [ -58.49397, -34.5547 ], [ -58.49002, -34.56039 ], [ -58.49905, -34.56472 ], [ -58.50263, -34.56018 ], [ -58.5031, -34.56078 ], [ -58.503, -34.56148 ], [ -58.50472, -34.56174 ], [ -58.50543, -34.56245 ], [ -58.5066, -34.56239 ], [ -58.50161, -34.55173 ], [ -58.50065, -34.55205 ], [ -58.49994, -34.55174 ], [ -58.49902, -34.5521 ], [ -58.49868, -34.55191 ], [ -58.49593, -34.55523 ] ] ] } },
{ "type": "Feature", "properties": { "indice_acceso": 0.705 }, "geometry": { "type": "Polygon", "coordinates": [ [ [ -58.49902, -34.5521 ], [ -58.49969, -34.55177 ], [ -58.50065, -34.55205 ], [ -58.50161, -34.55173 ], [ -58.5005, -34.54953 ], [ -58.49733, -34.54807 ], [ -58.49574, -34.55037 ], [ -58.49902, -34.5521 ] ] ] } },
{ "type": "Feature", "properties": { "indice_acceso": 0.693 }, "geometry": { "type": "Polygon", "coordinates": [ [ [ -58.49574, -34.55037 ], [ -58.49733, -34.54807 ], [ -58.49443, -34.54679 ], [ -58.49296, -34.5489 ], [ -58.49574, -34.55037 ] ] ] } },
{ "type": "Feature", "properties": { "indice_acceso": 0.694 }, "geometry": { "type": "Polygon", "coordinates": [ [ [ -58.49273, -34.54604 ], [ -58.49087, -34.54887 ], [ -58.49213, -34.54954 ], [ -58.49159, -34.55032 ], [ -58.49186, -34.55047 ], [ -58.49241, -34.54968 ], [ -58.49806, -34.55267 ], [ -58.49868, -34.55191 ], [ -58.49296, -34.5489 ], [ -58.49443, -34.54679 ], [ -58.49273, -34.54604 ] ] ] } },
{ "type": "Feature", "properties": { "indice_acceso": 0.697 }, "geometry": { "type": "Polygon", "coordinates": [ [ [ -58.48683, -34.55105 ], [ -58.48846, -34.55171 ], [ -58.49258, -34.54597 ], [ -58.49174, -34.5456 ], [ -58.4905, -34.54762 ], [ -58.49005, -34.5474 ], [ -58.48683, -34.55105 ] ] ] } },
{ "type": "Feature", "properties": { "indice_acceso": 0.691 }, "geometry": { "type": "Polygon", "coordinates": [ [ [ -58.48846, -34.55171 ], [ -58.4899, -34.55273 ], [ -58.49213, -34.54954 ], [ -58.49087, -34.54887 ], [ -58.49273, -34.54604 ], [ -58.48846, -34.55171 ] ] ] } },
{ "type": "Feature", "properties": { "indice_acceso": 0.683 }, "geometry": { "type": "Polygon", "coordinates": [ [ [ -58.49502, -34.55321 ], [ -58.49612, -34.55164 ], [ -58.49241, -34.54968 ], [ -58.49103, -34.5511 ], [ -58.49502, -34.55321 ] ] ] } },
{ "type": "Feature", "properties": { "indice_acceso": 0.695 }, "geometry": { "type": "Polygon", "coordinates": [ [ [ -58.49397, -34.5547 ], [ -58.49488, -34.55521 ], [ -58.49593, -34.55523 ], [ -58.49806, -34.55267 ], [ -58.49612, -34.55164 ], [ -58.49397, -34.5547 ] ] ] } },
{ "type": "Feature", "properties": { "indice_acceso": 0.673 }, "geometry": { "type": "Polygon", "coordinates": [ [ [ -58.49388, -34.55482 ], [ -58.49502, -34.55321 ], [ -58.49103, -34.5511 ], [ -58.4899, -34.55273 ], [ -58.49388, -34.55482 ] ] ] } },
{ "type": "Feature", "properties": { "indice_acceso": 0.679 }, "geometry": { "type": "Polygon", "coordinates": [ [ [ -58.48628, -34.5549 ], [ -58.49361, -34.55522 ], [ -58.49388, -34.55482 ], [ -58.4899, -34.55273 ], [ -58.48855, -34.5517 ], [ -58.48628, -34.5549 ] ] ] } },
{ "type": "Feature", "properties": { "indice_acceso": 0.693 }, "geometry": { "type": "Polygon", "coordinates": [ [ [ -58.48671, -34.55421 ], [ -58.48846, -34.55171 ], [ -58.48683, -34.55105 ], [ -58.48566, -34.55257 ], [ -58.48651, -34.55302 ], [ -58.48593, -34.5538 ], [ -58.48671, -34.55421 ] ] ] } },
{ "type": "Feature", "properties": { "indice_acceso": 0.693 }, "geometry": { "type": "Polygon", "coordinates": [ [ [ -58.48628, -34.5549 ], [ -58.48671, -34.55421 ], [ -58.48593, -34.5538 ], [ -58.48651, -34.55302 ], [ -58.48566, -34.55257 ], [ -58.48448, -34.55412 ], [ -58.48628, -34.5549 ] ] ] } },
{ "type": "Feature", "properties": { "indice_acceso": 0.673 }, "geometry": { "type": "Polygon", "coordinates": [ [ [ -58.48594, -34.55594 ], [ -58.4885, -34.55716 ], [ -58.48954, -34.55563 ], [ -58.49239, -34.55698 ], [ -58.49361, -34.55522 ], [ -58.48677, -34.5549 ], [ -58.48594, -34.55594 ] ] ] } },
{ "type": "Feature", "properties": { "indice_acceso": 0.662 }, "geometry": { "type": "Polygon", "coordinates": [ [ [ -58.4885, -34.55716 ], [ -58.49132, -34.55851 ], [ -58.49239, -34.55698 ], [ -58.48954, -34.55563 ], [ -58.4885, -34.55716 ] ] ] } },
{ "type": "Feature", "properties": { "indice_acceso": 0.664 }, "geometry": { "type": "Polygon", "coordinates": [ [ [ -58.49002, -34.56039 ], [ -58.49132, -34.55851 ], [ -58.4885, -34.55716 ], [ -58.48721, -34.55905 ], [ -58.49002, -34.56039 ] ] ] } },
{ "type": "Feature", "properties": { "indice_acceso": 0.66 }, "geometry": { "type": "Polygon", "coordinates": [ [ [ -58.49099, -34.56265 ], [ -58.49193, -34.5613 ], [ -58.48622, -34.55857 ], [ -58.4853, -34.55994 ], [ -58.49099, -34.56265 ] ] ] } },
{ "type": "Feature", "properties": { "indice_acceso": 0.68 }, "geometry": { "type": "Polygon", "coordinates": [ [ [ -58.4834, -34.55903 ], [ -58.4853, -34.55994 ], [ -58.48622, -34.55857 ], [ -58.48721, -34.55905 ], [ -58.4885, -34.55716 ], [ -58.48594, -34.55594 ], [ -58.48667, -34.5549 ], [ -58.48628, -34.5549 ], [ -58.4834, -34.55903 ] ] ] } },
{ "type": "Feature", "properties": { "indice_acceso": 0.683 }, "geometry": { "type": "Polygon", "coordinates": [ [ [ -58.48576, -34.5473 ], [ -58.48887, -34.54893 ], [ -58.49005, -34.5474 ], [ -58.4905, -34.54762 ], [ -58.49174, -34.5456 ], [ -58.4882, -34.54404 ], [ -58.48576, -34.5473 ] ] ] } },
{ "type": "Feature", "properties": { "indice_acceso": 0.689 }, "geometry": { "type": "Polygon", "coordinates": [ [ [ -58.48658, -34.54332 ], [ -58.48567, -34.54401 ], [ -58.48391, -34.54632 ], [ -58.48576, -34.5473 ], [ -58.4882, -34.54404 ], [ -58.48658, -34.54332 ] ] ] } },
{ "type": "Feature", "properties": { "indice_acceso": 0.701 }, "geometry": { "type": "Polygon", "coordinates": [ [ [ -58.48171, -34.54411 ], [ -58.48358, -34.54507 ], [ -58.48299, -34.54584 ], [ -58.48391, -34.54632 ], [ -58.48567, -34.54401 ], [ -58.48671, -34.54321 ], [ -58.48335, -34.5419 ], [ -58.48171, -34.54411 ] ] ] } },
{ "type": "Feature", "properties": { "indice_acceso": 0.679 }, "geometry": { "type": "Polygon", "coordinates": [ [ [ -58.47996, -34.54641 ], [ -58.48183, -34.54738 ], [ -58.48358, -34.54507 ], [ -58.48171, -34.54411 ], [ -58.47996, -34.54641 ] ] ] } },
{ "type": "Feature", "properties": { "indice_acceso": 0.678 }, "geometry": { "type": "Polygon", "coordinates": [ [ [ -58.48183, -34.54738 ], [ -58.4846, -34.54882 ], [ -58.48576, -34.5473 ], [ -58.48299, -34.54584 ], [ -58.48183, -34.54738 ] ] ] } },
{ "type": "Feature", "properties": { "indice_acceso": 0.671 }, "geometry": { "type": "Polygon", "coordinates": [ [ [ -58.4846, -34.54882 ], [ -58.48766, -34.55045 ], [ -58.48887, -34.54893 ], [ -58.48576, -34.5473 ], [ -58.4846, -34.54882 ] ] ] } },
{ "type": "Feature", "properties": { "indice_acceso": 0.689 }, "geometry": { "type": "Polygon", "coordinates": [ [ [ -58.48683, -34.55105 ], [ -58.4874, -34.55031 ], [ -58.4846, -34.54882 ], [ -58.48401, -34.54961 ], [ -58.48683, -34.55105 ] ] ] } },
{ "type": "Feature", "properties": { "indice_acceso": 0.674 }, "geometry": { "type": "Polygon", "coordinates": [ [ [ -58.48401, -34.54961 ], [ -58.4846, -34.54882 ], [ -58.47996, -34.54641 ], [ -58.47939, -34.54716 ], [ -58.48401, -34.54961 ] ] ] } },
{ "type": "Feature", "properties": { "indice_acceso": 0.685 }, "geometry": { "type": "Polygon", "coordinates": [ [ [ -58.47704, -34.55025 ], [ -58.47745, -34.55093 ], [ -58.47822, -34.55155 ], [ -58.47968, -34.55205 ], [ -58.48079, -34.55217 ], [ -58.48237, -34.55163 ], [ -58.4828, -34.55114 ], [ -58.4827, -34.55062 ], [ -58.48149, -34.54953 ], [ -58.48217, -34.54862 ], [ -58.47939, -34.54716 ], [ -58.47704, -34.55025 ] ] ] } },
{ "type": "Feature", "properties": { "indice_acceso": 0.688 }, "geometry": { "type": "Polygon", "coordinates": [ [ [ -58.48149, -34.54953 ], [ -58.48243, -34.55022 ], [ -58.4828, -34.55114 ], [ -58.48206, -34.55179 ], [ -58.48321, -34.55238 ], [ -58.48496, -34.55008 ], [ -58.48217, -34.54862 ], [ -58.48149, -34.54953 ] ] ] } },
{ "type": "Feature", "properties": { "indice_acceso": 0.691 }, "geometry": { "type": "Polygon", "coordinates": [ [ [ -58.48321, -34.55238 ], [ -58.48507, -34.55336 ], [ -58.48683, -34.55105 ], [ -58.48496, -34.55008 ], [ -58.48321, -34.55238 ] ] ] } },
{ "type": "Feature", "properties": { "indice_acceso": 0.693 }, "geometry": { "type": "Polygon", "coordinates": [ [ [ -58.48092, -34.54288 ], [ -58.4793, -34.54618 ], [ -58.47996, -34.54641 ], [ -58.48335, -34.5419 ], [ -58.48175, -34.54119 ], [ -58.48092, -34.54288 ] ] ] } },
{ "type": "Feature", "properties": { "indice_acceso": 0.699 }, "geometry": { "type": "Polygon", "coordinates": [ [ [ -58.47939, -34.54716 ], [ -58.47996, -34.54641 ], [ -58.4793, -34.54618 ], [ -58.48175, -34.54119 ], [ -58.48074, -34.54074 ], [ -58.4779, -34.54668 ], [ -58.47939, -34.54716 ] ] ] } },
{ "type": "Feature", "properties": { "indice_acceso": 0.675 }, "geometry": { "type": "Polygon", "coordinates": [ [ [ -58.47589, -34.54602 ], [ -58.4779, -34.54668 ], [ -58.47951, -34.54338 ], [ -58.4775, -34.54273 ], [ -58.47589, -34.54602 ] ] ] } },
{ "type": "Feature", "properties": { "indice_acceso": 0.695 }, "geometry": { "type": "Polygon", "coordinates": [ [ [ -58.47931, -34.54141 ], [ -58.4773, -34.54074 ], [ -58.47649, -34.5424 ], [ -58.47951, -34.54338 ], [ -58.48074, -34.54074 ], [ -58.47974, -34.5403 ], [ -58.47931, -34.54141 ] ] ] } },
{ "type": "Feature", "properties": { "indice_acceso": 0.707 }, "geometry": { "type": "Polygon", "coordinates": [ [ [ -58.47492, -34.53999 ], [ -58.47542, -34.54012 ], [ -58.47462, -34.54177 ], [ -58.47649, -34.5424 ], [ -58.4773, -34.54074 ], [ -58.47931, -34.54141 ], [ -58.47974, -34.5403 ], [ -58.47596, -34.53863 ], [ -58.47492, -34.53999 ] ] ] } },
{ "type": "Feature", "properties": { "indice_acceso": 0.691 }, "geometry": { "type": "Polygon", "coordinates": [ [ [ -58.47383, -34.54339 ], [ -58.47671, -34.54435 ], [ -58.4775, -34.54273 ], [ -58.47462, -34.54177 ], [ -58.47383, -34.54339 ] ] ] } },
{ "type": "Feature", "properties": { "indice_acceso": 0.704 }, "geometry": { "type": "Polygon", "coordinates": [ [ [ -58.47209, -34.54382 ], [ -58.47154, -34.54457 ], [ -58.47296, -34.54505 ], [ -58.47542, -34.54012 ], [ -58.47492, -34.53999 ], [ -58.47209, -34.54382 ] ] ] } },
{ "type": "Feature", "properties": { "indice_acceso": 0.677 }, "geometry": { "type": "Polygon", "coordinates": [ [ [ -58.47296, -34.54505 ], [ -58.47589, -34.54602 ], [ -58.47671, -34.54435 ], [ -58.47383, -34.54339 ], [ -58.47296, -34.54505 ] ] ] } },
{ "type": "Feature", "properties": { "indice_acceso": 0.668 }, "geometry": { "type": "Polygon", "coordinates": [ [ [ -58.4731, -34.54699 ], [ -58.47508, -34.54766 ], [ -58.47589, -34.54602 ], [ -58.47391, -34.54536 ], [ -58.4731, -34.54699 ] ] ] } },
{ "type": "Feature", "properties": { "indice_acceso": 0.667 }, "geometry": { "type": "Polygon", "coordinates": [ [ [ -58.47508, -34.54766 ], [ -58.4782, -34.54873 ], [ -58.47939, -34.54716 ], [ -58.47589, -34.54602 ], [ -58.47508, -34.54766 ] ] ] } },
{ "type": "Feature", "properties": { "indice_acceso": 0.672 }, "geometry": { "type": "Polygon", "coordinates": [ [ [ -58.4741, -34.54965 ], [ -58.47704, -34.55025 ], [ -58.4782, -34.54873 ], [ -58.47508, -34.54766 ], [ -58.4741, -34.54965 ] ] ] } },
{ "type": "Feature", "properties": { "indice_acceso": 0.664 }, "geometry": { "type": "Polygon", "coordinates": [ [ [ -58.47199, -34.54923 ], [ -58.4741, -34.54965 ], [ -58.47508, -34.54766 ], [ -58.4731, -34.54699 ], [ -58.47199, -34.54923 ] ] ] } },
{ "type": "Feature", "properties": { "indice_acceso": 0.664 }, "geometry": { "type": "Polygon", "coordinates": [ [ [ -58.47169, -34.54749 ], [ -58.47068, -34.54716 ], [ -58.46989, -34.54881 ], [ -58.47199, -34.54923 ], [ -58.4731, -34.54699 ], [ -58.4721, -34.54664 ], [ -58.47169, -34.54749 ] ] ] } },
{ "type": "Feature", "properties": { "indice_acceso": 0.668 }, "geometry": { "type": "Polygon", "coordinates": [ [ [ -58.4721, -34.54664 ], [ -58.4731, -34.54699 ], [ -58.47391, -34.54536 ], [ -58.47287, -34.54502 ], [ -58.4721, -34.54664 ] ] ] } },
{ "type": "Feature", "properties": { "indice_acceso": 0.668 }, "geometry": { "type": "Polygon", "coordinates": [ [ [ -58.47043, -34.54607 ], [ -58.4721, -34.54664 ], [ -58.47287, -34.54502 ], [ -58.47154, -34.54457 ], [ -58.47043, -34.54607 ] ] ] } },
{ "type": "Feature", "properties": { "indice_acceso": 0.661 }, "geometry": { "type": "Polygon", "coordinates": [ [ [ -58.46851, -34.54854 ], [ -58.46989, -34.54881 ], [ -58.47068, -34.54716 ], [ -58.47169, -34.54749 ], [ -58.4721, -34.54664 ], [ -58.47043, -34.54607 ], [ -58.46851, -34.54854 ] ] ] } },
{ "type": "Feature", "properties": { "indice_acceso": 0.661 }, "geometry": { "type": "Polygon", "coordinates": [ [ [ -58.47015, -34.55006 ], [ -58.47085, -34.54915 ], [ -58.47171, -34.5496 ], [ -58.47199, -34.54923 ], [ -58.46851, -34.54854 ], [ -58.46819, -34.54894 ], [ -58.47015, -34.55006 ] ] ] } },
{ "type": "Feature", "properties": { "indice_acceso": 0.665 }, "geometry": { "type": "Polygon", "coordinates": [ [ [ -58.471, -34.55053 ], [ -58.47171, -34.5496 ], [ -58.47085, -34.54915 ], [ -58.47015, -34.55006 ], [ -58.471, -34.55053 ] ] ] } },
{ "type": "Feature", "properties": { "indice_acceso": 0.664 }, "geometry": { "type": "Polygon", "coordinates": [ [ [ -58.47432, -34.55095 ], [ -58.47491, -34.55019 ], [ -58.4741, -34.54965 ], [ -58.47199, -34.54923 ], [ -58.47171, -34.5496 ], [ -58.47432, -34.55095 ] ] ] } },
{ "type": "Feature", "properties": { "indice_acceso": 0.675 }, "geometry": { "type": "Polygon", "coordinates": [ [ [ -58.47491, -34.55019 ], [ -58.47432, -34.55095 ], [ -58.47521, -34.55141 ], [ -58.47444, -34.55242 ], [ -58.4751, -34.55279 ], [ -58.47704, -34.55025 ], [ -58.4741, -34.54965 ], [ -58.47491, -34.55019 ] ] ] } },
{ "type": "Feature", "properties": { "indice_acceso": 0.67 }, "geometry": { "type": "Polygon", "coordinates": [ [ [ -58.47444, -34.55242 ], [ -58.47521, -34.55141 ], [ -58.47171, -34.5496 ], [ -58.471, -34.55053 ], [ -58.47444, -34.55242 ] ] ] } },
{ "type": "Feature", "properties": { "indice_acceso": 0.691 }, "geometry": { "type": "Polygon", "coordinates": [ [ [ -58.48508, -34.55658 ], [ -58.48628, -34.5549 ], [ -58.48448, -34.55412 ], [ -58.4833, -34.55565 ], [ -58.48508, -34.55658 ] ] ] } },
{ "type": "Feature", "properties": { "indice_acceso": 0.692 }, "geometry": { "type": "Polygon", "coordinates": [ [ [ -58.48145, -34.55469 ], [ -58.4833, -34.55565 ], [ -58.48507, -34.55336 ], [ -58.48321, -34.55238 ], [ -58.48145, -34.55469 ] ] ] } },
{ "type": "Feature", "properties": { "indice_acceso": 0.688 }, "geometry": { "type": "Polygon", "coordinates": [ [ [ -58.4796, -34.55373 ], [ -58.48145, -34.55469 ], [ -58.48321, -34.55238 ], [ -58.48206, -34.55179 ], [ -58.48079, -34.55217 ], [ -58.4796, -34.55373 ] ] ] } },
{ "type": "Feature", "properties": { "indice_acceso": 0.68 }, "geometry": { "type": "Polygon", "coordinates": [ [ [ -58.4796, -34.55373 ], [ -58.48079, -34.55217 ], [ -58.47822, -34.55155 ], [ -58.47704, -34.55025 ], [ -58.47588, -34.55177 ], [ -58.4796, -34.55373 ] ] ] } },
{ "type": "Feature", "properties": { "indice_acceso": 0.687 }, "geometry": { "type": "Polygon", "coordinates": [ [ [ -58.48059, -34.55583 ], [ -58.48145, -34.55469 ], [ -58.47682, -34.55226 ], [ -58.47603, -34.5533 ], [ -58.48059, -34.55583 ] ] ] } },
{ "type": "Feature", "properties": { "indice_acceso": 0.68 }, "geometry": { "type": "Polygon", "coordinates": [ [ [ -58.47444, -34.55242 ], [ -58.47359, -34.55353 ], [ -58.47608, -34.55493 ], [ -58.47694, -34.55381 ], [ -58.47603, -34.5533 ], [ -58.47682, -34.55226 ], [ -58.47588, -34.55177 ], [ -58.47518, -34.55269 ], [ -58.47444, -34.55242 ] ] ] } },
{ "type": "Feature", "properties": { "indice_acceso": 0.687 }, "geometry": { "type": "Polygon", "coordinates": [ [ [ -58.47791, -34.55595 ], [ -58.47877, -34.55482 ], [ -58.47694, -34.55381 ], [ -58.47608, -34.55493 ], [ -58.47791, -34.55595 ] ] ] } },
{ "type": "Feature", "properties": { "indice_acceso": 0.691 }, "geometry": { "type": "Polygon", "coordinates": [ [ [ -58.47972, -34.55697 ], [ -58.48059, -34.55583 ], [ -58.47877, -34.55482 ], [ -58.47791, -34.55595 ], [ -58.47972, -34.55697 ] ] ] } },
{ "type": "Feature", "properties": { "indice_acceso": 0.692 }, "geometry": { "type": "Polygon", "coordinates": [ [ [ -58.48154, -34.55798 ], [ -58.4833, -34.55565 ], [ -58.48145, -34.55469 ], [ -58.47972, -34.55697 ], [ -58.48154, -34.55798 ] ] ] } },
{ "type": "Feature", "properties": { "indice_acceso": 0.687 }, "geometry": { "type": "Polygon", "coordinates": [ [ [ -58.4834, -34.55903 ], [ -58.48508, -34.55658 ], [ -58.4833, -34.55565 ], [ -58.48154, -34.55798 ], [ -58.4834, -34.55903 ] ] ] } },
{ "type": "Feature", "properties": { "indice_acceso": 0.688 }, "geometry": { "type": "Polygon", "coordinates": [ [ [ -58.47935, -34.55677 ], [ -58.47608, -34.55493 ], [ -58.47498, -34.55637 ], [ -58.47761, -34.55776 ], [ -58.47935, -34.55677 ] ] ] } },
{ "type": "Feature", "properties": { "indice_acceso": 0.682 }, "geometry": { "type": "Polygon", "coordinates": [ [ [ -58.47498, -34.55637 ], [ -58.47608, -34.55493 ], [ -58.47359, -34.55353 ], [ -58.47245, -34.55502 ], [ -58.47498, -34.55637 ] ] ] } },
{ "type": "Feature", "properties": { "indice_acceso": 0.678 }, "geometry": { "type": "Polygon", "coordinates": [ [ [ -58.4701, -34.55941 ], [ -58.47179, -34.55753 ], [ -58.47407, -34.55588 ], [ -58.47245, -34.55502 ], [ -58.46918, -34.55893 ], [ -58.4701, -34.55941 ] ] ] } },
{ "type": "Feature", "properties": { "indice_acceso": 0.684 }, "geometry": { "type": "Polygon", "coordinates": [ [ [ -58.47143, -34.56009 ], [ -58.47227, -34.55976 ], [ -58.47498, -34.55637 ], [ -58.47407, -34.55588 ], [ -58.47179, -34.55753 ], [ -58.4701, -34.55941 ], [ -58.47143, -34.56009 ] ] ] } },
{ "type": "Feature", "properties": { "indice_acceso": 0.687 }, "geometry": { "type": "Polygon", "coordinates": [ [ [ -58.47227, -34.55976 ], [ -58.47736, -34.55763 ], [ -58.47498, -34.55637 ], [ -58.47227, -34.55976 ] ] ] } },
{ "type": "Feature", "properties": { "indice_acceso": 0.689 }, "geometry": { "type": "Polygon", "coordinates": [ [ [ -58.47143, -34.56009 ], [ -58.4727, -34.56077 ], [ -58.47355, -34.5598 ], [ -58.47549, -34.56083 ], [ -58.47777, -34.55784 ], [ -58.47736, -34.55763 ], [ -58.47143, -34.56009 ] ] ] } },
{ "type": "Feature", "properties": { "indice_acceso": 0.689 }, "geometry": { "type": "Polygon", "coordinates": [ [ [ -58.47016, -34.56189 ], [ -58.47219, -34.56304 ], [ -58.47457, -34.56034 ], [ -58.47355, -34.5598 ], [ -58.4727, -34.56077 ], [ -58.4716, -34.56023 ], [ -58.47016, -34.56189 ] ] ] } },
{ "type": "Feature", "properties": { "indice_acceso": 0.682 }, "geometry": { "type": "Polygon", "coordinates": [ [ [ -58.47016, -34.56189 ], [ -58.4716, -34.56023 ], [ -58.46918, -34.55893 ], [ -58.46774, -34.56053 ], [ -58.47016, -34.56189 ] ] ] } },
{ "type": "Feature", "properties": { "indice_acceso": 0.686 }, "geometry": { "type": "Polygon", "coordinates": [ [ [ -58.46861, -34.56368 ], [ -58.47016, -34.56189 ], [ -58.46774, -34.56053 ], [ -58.46704, -34.56132 ], [ -58.46768, -34.56169 ], [ -58.46649, -34.56219 ], [ -58.46861, -34.56368 ] ] ] } },
{ "type": "Feature", "properties": { "indice_acceso": 0.695 }, "geometry": { "type": "Polygon", "coordinates": [ [ [ -58.46861, -34.56368 ], [ -58.47044, -34.56487 ], [ -58.47219, -34.56304 ], [ -58.47016, -34.56189 ], [ -58.46861, -34.56368 ] ] ] } },
{ "type": "Feature", "properties": { "indice_acceso": 0.688 }, "geometry": { "type": "Polygon", "coordinates": [ [ [ -58.48356, -34.55911 ], [ -58.47935, -34.55677 ], [ -58.47823, -34.55722 ], [ -58.47777, -34.55784 ], [ -58.48052, -34.55933 ], [ -58.47974, -34.56044 ], [ -58.48173, -34.56147 ], [ -58.48356, -34.55911 ] ] ] } },
{ "type": "Feature", "properties": { "indice_acceso": 0.69 }, "geometry": { "type": "Polygon", "coordinates": [ [ [ -58.47879, -34.55995 ], [ -58.47808, -34.56094 ], [ -58.47901, -34.56146 ], [ -58.48052, -34.55933 ], [ -58.47777, -34.55784 ], [ -58.4769, -34.55898 ], [ -58.47879, -34.55995 ] ] ] } },
{ "type": "Feature", "properties": { "indice_acceso": 0.689 }, "geometry": { "type": "Polygon", "coordinates": [ [ [ -58.47647, -34.56135 ], [ -58.47579, -34.56231 ], [ -58.47772, -34.56329 ], [ -58.47901, -34.56146 ], [ -58.47808, -34.56094 ], [ -58.47879, -34.55995 ], [ -58.4769, -34.55898 ], [ -58.47549, -34.56083 ], [ -58.47647, -34.56135 ] ] ] } },
{ "type": "Feature", "properties": { "indice_acceso": 0.683 }, "geometry": { "type": "Polygon", "coordinates": [ [ [ -58.47772, -34.56329 ], [ -58.47682, -34.5643 ], [ -58.4773, -34.56459 ], [ -58.47954, -34.56377 ], [ -58.48115, -34.56251 ], [ -58.48184, -34.56153 ], [ -58.47974, -34.56044 ], [ -58.47772, -34.56329 ] ] ] } },
{ "type": "Feature", "properties": { "indice_acceso": 0.683 }, "geometry": { "type": "Polygon", "coordinates": [ [ [ -58.47591, -34.56375 ], [ -58.47682, -34.5643 ], [ -58.47772, -34.56329 ], [ -58.47674, -34.5628 ], [ -58.47591, -34.56375 ] ] ] } },
{ "type": "Feature", "properties": { "indice_acceso": 0.692 }, "geometry": { "type": "Polygon", "coordinates": [ [ [ -58.47312, -34.56207 ], [ -58.47499, -34.56319 ], [ -58.47647, -34.56135 ], [ -58.47457, -34.56034 ], [ -58.47312, -34.56207 ] ] ] } },
{ "type": "Feature", "properties": { "indice_acceso": 0.691 }, "geometry": { "type": "Polygon", "coordinates": [ [ [ -58.47499, -34.56319 ], [ -58.47312, -34.56207 ], [ -58.47219, -34.56304 ], [ -58.47507, -34.5647 ], [ -58.47674, -34.5628 ], [ -58.47579, -34.56231 ], [ -58.47499, -34.56319 ] ] ] } },
{ "type": "Feature", "properties": { "indice_acceso": 0.702 }, "geometry": { "type": "Polygon", "coordinates": [ [ [ -58.47044, -34.56487 ], [ -58.47242, -34.5661 ], [ -58.47416, -34.56414 ], [ -58.47219, -34.56304 ], [ -58.47044, -34.56487 ] ] ] } },
{ "type": "Feature", "properties": { "indice_acceso": 0.697 }, "geometry": { "type": "Polygon", "coordinates": [ [ [ -58.47507, -34.5647 ], [ -58.47416, -34.56414 ], [ -58.47242, -34.5661 ], [ -58.47459, -34.56681 ], [ -58.47581, -34.56544 ], [ -58.4773, -34.56459 ], [ -58.47591, -34.56375 ], [ -58.47507, -34.5647 ] ] ] } },
{ "type": "Feature", "properties": { "indice_acceso": 0.691 }, "geometry": { "type": "Polygon", "coordinates": [ [ [ -58.47688, -34.56478 ], [ -58.47697, -34.56497 ], [ -58.47611, -34.56532 ], [ -58.47718, -34.56597 ], [ -58.47931, -34.56406 ], [ -58.47905, -34.56393 ], [ -58.47688, -34.56478 ] ] ] } },
{ "type": "Feature", "properties": { "indice_acceso": 0.698 }, "geometry": { "type": "Polygon", "coordinates": [ [ [ -58.47512, -34.56622 ], [ -58.47619, -34.56685 ], [ -58.47718, -34.56597 ], [ -58.47611, -34.56532 ], [ -58.47512, -34.56622 ] ] ] } },
{ "type": "Feature", "properties": { "indice_acceso": 0.647 }, "geometry": { "type": "Polygon", "coordinates": [ [ [ -58.49868, -34.56632 ], [ -58.49972, -34.56504 ], [ -58.49542, -34.56297 ], [ -58.49446, -34.5643 ], [ -58.49868, -34.56632 ] ] ] } },
{ "type": "Feature", "properties": { "indice_acceso": 0.649 }, "geometry": { "type": "Polygon", "coordinates": [ [ [ -58.49749, -34.5678 ], [ -58.49868, -34.56632 ], [ -58.49446, -34.5643 ], [ -58.49348, -34.56565 ], [ -58.49749, -34.5678 ] ] ] } },
{ "type": "Feature", "properties": { "indice_acceso": 0.645 }, "geometry": { "type": "Polygon", "coordinates": [ [ [ -58.49332, -34.56375 ], [ -58.49236, -34.56509 ], [ -58.49348, -34.56565 ], [ -58.49542, -34.56297 ], [ -58.49193, -34.5613 ], [ -58.49099, -34.56265 ], [ -58.49332, -34.56375 ] ] ] } },
{ "type": "Feature", "properties": { "indice_acceso": 0.653 }, "geometry": { "type": "Polygon", "coordinates": [ [ [ -58.49382, -34.56728 ], [ -58.49464, -34.56622 ], [ -58.49236, -34.56509 ], [ -58.49332, -34.56375 ], [ -58.49194, -34.5631 ], [ -58.49035, -34.5653 ], [ -58.49382, -34.56728 ] ] ] } },
{ "type": "Feature", "properties": { "indice_acceso": 0.653 }, "geometry": { "type": "Polygon", "coordinates": [ [ [ -58.49035, -34.5653 ], [ -58.49194, -34.5631 ], [ -58.49099, -34.56265 ], [ -58.49004, -34.56401 ], [ -58.48622, -34.56219 ], [ -58.48538, -34.56307 ], [ -58.49035, -34.5653 ] ] ] } },
{ "type": "Feature", "properties": { "indice_acceso": 0.658 }, "geometry": { "type": "Polygon", "coordinates": [ [ [ -58.49004, -34.56401 ], [ -58.49099, -34.56265 ], [ -58.48717, -34.56083 ], [ -58.48622, -34.56219 ], [ -58.49004, -34.56401 ] ] ] } },
{ "type": "Feature", "properties": { "indice_acceso": 0.677 }, "geometry": { "type": "Polygon", "coordinates": [ [ [ -58.48184, -34.56153 ], [ -58.48538, -34.56307 ], [ -58.48717, -34.56083 ], [ -58.48356, -34.55911 ], [ -58.48184, -34.56153 ] ] ] } },
{ "type": "Feature", "properties": { "indice_acceso": 0.667 }, "geometry": { "type": "Polygon", "coordinates": [ [ [ -58.48637, -34.56502 ], [ -58.4855, -34.56597 ], [ -58.4874, -34.56696 ], [ -58.48929, -34.56484 ], [ -58.48635, -34.56353 ], [ -58.48541, -34.56454 ], [ -58.48637, -34.56502 ] ] ] } },
{ "type": "Feature", "properties": { "indice_acceso": 0.672 }, "geometry": { "type": "Polygon", "coordinates": [ [ [ -58.48661, -34.56786 ], [ -58.4874, -34.56696 ], [ -58.4855, -34.56597 ], [ -58.48637, -34.56502 ], [ -58.48445, -34.56406 ], [ -58.48276, -34.56586 ], [ -58.48661, -34.56786 ] ] ] } },
{ "type": "Feature", "properties": { "indice_acceso": 0.67 }, "geometry": { "type": "Polygon", "coordinates": [ [ [ -58.48213, -34.56423 ], [ -58.4831, -34.56473 ], [ -58.48239, -34.56566 ], [ -58.48276, -34.56586 ], [ -58.48445, -34.56406 ], [ -58.48541, -34.56454 ], [ -58.48635, -34.56353 ], [ -58.48363, -34.56225 ], [ -58.48213, -34.56423 ] ] ] } },
{ "type": "Feature", "properties": { "indice_acceso": 0.674 }, "geometry": { "type": "Polygon", "coordinates": [ [ [ -58.48037, -34.56332 ], [ -58.47905, -34.56393 ], [ -58.48239, -34.56566 ], [ -58.4831, -34.56473 ], [ -58.48213, -34.56423 ], [ -58.48363, -34.56225 ], [ -58.48184, -34.56153 ], [ -58.48037, -34.56332 ] ] ] } },
{ "type": "Feature", "properties": { "indice_acceso": 0.69 }, "geometry": { "type": "Polygon", "coordinates": [ [ [ -58.47619, -34.56685 ], [ -58.47512, -34.56622 ], [ -58.47452, -34.5669 ], [ -58.47689, -34.56773 ], [ -58.4799, -34.56438 ], [ -58.47931, -34.56406 ], [ -58.47619, -34.56685 ] ] ] } },
{ "type": "Feature", "properties": { "indice_acceso": 0.683 }, "geometry": { "type": "Polygon", "coordinates": [ [ [ -58.47884, -34.56553 ], [ -58.48159, -34.56719 ], [ -58.48243, -34.56624 ], [ -58.48151, -34.56569 ], [ -58.4818, -34.56536 ], [ -58.4799, -34.56438 ], [ -58.47884, -34.56553 ] ] ] } },
{ "type": "Feature", "properties": { "indice_acceso": 0.68 }, "geometry": { "type": "Polygon", "coordinates": [ [ [ -58.48673, -34.56885 ], [ -58.48745, -34.5683 ], [ -58.4818, -34.56536 ], [ -58.48151, -34.56569 ], [ -58.48673, -34.56885 ] ] ] } },
{ "type": "Feature", "properties": { "indice_acceso": 0.691 }, "geometry": { "type": "Polygon", "coordinates": [ [ [ -58.48358, -34.57126 ], [ -58.48673, -34.56885 ], [ -58.48517, -34.56791 ], [ -58.48281, -34.57057 ], [ -58.48358, -34.57126 ] ] ] } },
{ "type": "Feature", "properties": { "indice_acceso": 0.686 }, "geometry": { "type": "Polygon", "coordinates": [ [ [ -58.48281, -34.57057 ], [ -58.48517, -34.56791 ], [ -58.48243, -34.56624 ], [ -58.48159, -34.56719 ], [ -58.48341, -34.5683 ], [ -58.48199, -34.56991 ], [ -58.48281, -34.57057 ] ] ] } },
{ "type": "Feature", "properties": { "indice_acceso": 0.696 }, "geometry": { "type": "Polygon", "coordinates": [ [ [ -58.48342, -34.57138 ], [ -58.48358, -34.57126 ], [ -58.48199, -34.56991 ], [ -58.48341, -34.5683 ], [ -58.48159, -34.56719 ], [ -58.48075, -34.56814 ], [ -58.47983, -34.56758 ], [ -58.47912, -34.56838 ], [ -58.48342, -34.57138 ] ] ] } },
{ "type": "Feature", "properties": { "indice_acceso": 0.693 }, "geometry": { "type": "Polygon", "coordinates": [ [ [ -58.47689, -34.56773 ], [ -58.48003, -34.56894 ], [ -58.47912, -34.56838 ], [ -58.47983, -34.56758 ], [ -58.48075, -34.56814 ], [ -58.48159, -34.56719 ], [ -58.47884, -34.56553 ], [ -58.47689, -34.56773 ] ] ] } },
{ "type": "Feature", "properties": { "indice_acceso": 0.707 }, "geometry": { "type": "Polygon", "coordinates": [ [ [ -58.47758, -34.57171 ], [ -58.47851, -34.57225 ], [ -58.48082, -34.56964 ], [ -58.4799, -34.56908 ], [ -58.47758, -34.57171 ] ] ] } },
{ "type": "Feature", "properties": { "indice_acceso": 0.705 }, "geometry": { "type": "Polygon", "coordinates": [ [ [ -58.47721, -34.56895 ], [ -58.47905, -34.57004 ], [ -58.4799, -34.56908 ], [ -58.48082, -34.56964 ], [ -58.48098, -34.56945 ], [ -58.47795, -34.56813 ], [ -58.47721, -34.56895 ] ] ] } },
{ "type": "Feature", "properties": { "indice_acceso": 0.709 }, "geometry": { "type": "Polygon", "coordinates": [ [ [ -58.47758, -34.57171 ], [ -58.47905, -34.57004 ], [ -58.47721, -34.56895 ], [ -58.47561, -34.57054 ], [ -58.47758, -34.57171 ] ] ] } },
{ "type": "Feature", "properties": { "indice_acceso": 0.713 }, "geometry": { "type": "Polygon", "coordinates": [ [ [ -58.47427, -34.57379 ], [ -58.47616, -34.57489 ], [ -58.47851, -34.57225 ], [ -58.47655, -34.5711 ], [ -58.47427, -34.57379 ] ] ] } },
{ "type": "Feature", "properties": { "indice_acceso": 0.708 }, "geometry": { "type": "Polygon", "coordinates": [ [ [ -58.47257, -34.57413 ], [ -58.47537, -34.57578 ], [ -58.47616, -34.57489 ], [ -58.47427, -34.57379 ], [ -58.47655, -34.5711 ], [ -58.47561, -34.57054 ], [ -58.47257, -34.57413 ] ] ] } },
{ "type": "Feature", "properties": { "indice_acceso": 0.704 }, "geometry": { "type": "Polygon", "coordinates": [ [ [ -58.47469, -34.56999 ], [ -58.47317, -34.57178 ], [ -58.4741, -34.57232 ], [ -58.47795, -34.56813 ], [ -58.47689, -34.56773 ], [ -58.47469, -34.56999 ] ] ] } },
{ "type": "Feature", "properties": { "indice_acceso": 0.707 }, "geometry": { "type": "Polygon", "coordinates": [ [ [ -58.47317, -34.57178 ], [ -58.47629, -34.5684 ], [ -58.47519, -34.56775 ], [ -58.47226, -34.57123 ], [ -58.47317, -34.57178 ] ] ] } },
{ "type": "Feature", "properties": { "indice_acceso": 0.704 }, "geometry": { "type": "Polygon", "coordinates": [ [ [ -58.47303, -34.56871 ], [ -58.47132, -34.57069 ], [ -58.47226, -34.57123 ], [ -58.47519, -34.56775 ], [ -58.47629, -34.5684 ], [ -58.47689, -34.56773 ], [ -58.47452, -34.5669 ], [ -58.47303, -34.56871 ] ] ] } },
{ "type": "Feature", "properties": { "indice_acceso": 0.706 }, "geometry": { "type": "Polygon", "coordinates": [ [ [ -58.47132, -34.57069 ], [ -58.47459, -34.56681 ], [ -58.47301, -34.56644 ], [ -58.47337, -34.56666 ], [ -58.47042, -34.57015 ], [ -58.47132, -34.57069 ] ] ] } },
{ "type": "Feature", "properties": { "indice_acceso": 0.69 }, "geometry": { "type": "Polygon", "coordinates": [ [ [ -58.47257, -34.57413 ], [ -58.4741, -34.57232 ], [ -58.47042, -34.57015 ], [ -58.46884, -34.57201 ], [ -58.47257, -34.57413 ] ] ] } },
{ "type": "Feature", "properties": { "indice_acceso": 0.704 }, "geometry": { "type": "Polygon", "coordinates": [ [ [ -58.47462, -34.57664 ], [ -58.47537, -34.57578 ], [ -58.46884, -34.57201 ], [ -58.46808, -34.57291 ], [ -58.47462, -34.57664 ] ] ] } },
{ "type": "Feature", "properties": { "indice_acceso": 0.752 }, "geometry": { "type": "Polygon", "coordinates": [ [ [ -58.48176, -34.57575 ], [ -58.48274, -34.57662 ], [ -58.48429, -34.57558 ], [ -58.48289, -34.57478 ], [ -58.48176, -34.57575 ] ] ] } },
{ "type": "Feature", "properties": { "indice_acceso": 0.74 }, "geometry": { "type": "Polygon", "coordinates": [ [ [ -58.48176, -34.57575 ], [ -58.48289, -34.57478 ], [ -58.48066, -34.57349 ], [ -58.47973, -34.57418 ], [ -58.48176, -34.57575 ] ] ] } },
{ "type": "Feature", "properties": { "indice_acceso": 0.724 }, "geometry": { "type": "Polygon", "coordinates": [ [ [ -58.47695, -34.57401 ], [ -58.47785, -34.57453 ], [ -58.47886, -34.57378 ], [ -58.47973, -34.57418 ], [ -58.48066, -34.57349 ], [ -58.47851, -34.57225 ], [ -58.47695, -34.57401 ] ] ] } },
{ "type": "Feature", "properties": { "indice_acceso": 0.73 }, "geometry": { "type": "Polygon", "coordinates": [ [ [ -58.47537, -34.57578 ], [ -58.47462, -34.57664 ], [ -58.47559, -34.57719 ], [ -58.47973, -34.57418 ], [ -58.47886, -34.57378 ], [ -58.47785, -34.57453 ], [ -58.47695, -34.57401 ], [ -58.47537, -34.57578 ] ] ] } },
{ "type": "Feature", "properties": { "indice_acceso": 0.745 }, "geometry": { "type": "Polygon", "coordinates": [ [ [ -58.47877, -34.57615 ], [ -58.47832, -34.57675 ], [ -58.47912, -34.57752 ], [ -58.48176, -34.57575 ], [ -58.47973, -34.57418 ], [ -58.47803, -34.57544 ], [ -58.47877, -34.57615 ] ] ] } },
{ "type": "Feature", "properties": { "indice_acceso": 0.754 }, "geometry": { "type": "Polygon", "coordinates": [ [ [ -58.48058, -34.57654 ], [ -58.4814, -34.57752 ], [ -58.48274, -34.57662 ], [ -58.48176, -34.57575 ], [ -58.48058, -34.57654 ] ] ] } },
{ "type": "Feature", "properties": { "indice_acceso": 0.753 }, "geometry": { "type": "Polygon", "coordinates": [ [ [ -58.47777, -34.57843 ], [ -58.47899, -34.57912 ], [ -58.4814, -34.57752 ], [ -58.48058, -34.57654 ], [ -58.47777, -34.57843 ] ] ] } },
{ "type": "Feature", "properties": { "indice_acceso": 0.741 }, "geometry": { "type": "Polygon", "coordinates": [ [ [ -58.47777, -34.57843 ], [ -58.47912, -34.57752 ], [ -58.47832, -34.57675 ], [ -58.47877, -34.57615 ], [ -58.47803, -34.57544 ], [ -58.47559, -34.57719 ], [ -58.47777, -34.57843 ] ] ] } },
{ "type": "Feature", "properties": { "indice_acceso": 0.714 }, "geometry": { "type": "Polygon", "coordinates": [ [ [ -58.48251, -34.57208 ], [ -58.48548, -34.57382 ], [ -58.48589, -34.57331 ], [ -58.48342, -34.57138 ], [ -58.48251, -34.57208 ] ] ] } },
{ "type": "Feature", "properties": { "indice_acceso": 0.704 }, "geometry": { "type": "Polygon", "coordinates": [ [ [ -58.47997, -34.57059 ], [ -58.48251, -34.57208 ], [ -58.48342, -34.57138 ], [ -58.48135, -34.56968 ], [ -58.48082, -34.56964 ], [ -58.47997, -34.57059 ] ] ] } },
{ "type": "Feature", "properties": { "indice_acceso": 0.712 }, "geometry": { "type": "Polygon", "coordinates": [ [ [ -58.47851, -34.57225 ], [ -58.48066, -34.57349 ], [ -58.48164, -34.57275 ], [ -58.48024, -34.57189 ], [ -58.4809, -34.57114 ], [ -58.47997, -34.57059 ], [ -58.47851, -34.57225 ] ] ] } },
{ "type": "Feature", "properties": { "indice_acceso": 0.72 }, "geometry": { "type": "Polygon", "coordinates": [ [ [ -58.48024, -34.57189 ], [ -58.48164, -34.57275 ], [ -58.48359, -34.57389 ], [ -58.48423, -34.5731 ], [ -58.4809, -34.57114 ], [ -58.48024, -34.57189 ] ] ] } },
{ "type": "Feature", "properties": { "indice_acceso": 0.733 }, "geometry": { "type": "Polygon", "coordinates": [ [ [ -58.48289, -34.57478 ], [ -58.48359, -34.57389 ], [ -58.48164, -34.57275 ], [ -58.48066, -34.57349 ], [ -58.48289, -34.57478 ] ] ] } },
{ "type": "Feature", "properties": { "indice_acceso": 0.737 }, "geometry": { "type": "Polygon", "coordinates": [ [ [ -58.48429, -34.57558 ], [ -58.4854, -34.57497 ], [ -58.48359, -34.57389 ], [ -58.48289, -34.57478 ], [ -58.48429, -34.57558 ] ] ] } },
{ "type": "Feature", "properties": { "indice_acceso": 0.728 }, "geometry": { "type": "Polygon", "coordinates": [ [ [ -58.48548, -34.57382 ], [ -58.48423, -34.5731 ], [ -58.48359, -34.57389 ], [ -58.4854, -34.57497 ], [ -58.4868, -34.57396 ], [ -58.48589, -34.57331 ], [ -58.48548, -34.57382 ] ] ] } },
{ "type": "Feature", "properties": { "indice_acceso": 0.742 }, "geometry": { "type": "Polygon", "coordinates": [ [ [ -58.48693, -34.57709 ], [ -58.48833, -34.57543 ], [ -58.48733, -34.57485 ], [ -58.48592, -34.57651 ], [ -58.48693, -34.57709 ] ] ] } },
{ "type": "Feature", "properties": { "indice_acceso": 0.746 }, "geometry": { "type": "Polygon", "coordinates": [ [ [ -58.48592, -34.57651 ], [ -58.48733, -34.57485 ], [ -58.48645, -34.57435 ], [ -58.48429, -34.57558 ], [ -58.48592, -34.57651 ] ] ] } },
{ "type": "Feature", "properties": { "indice_acceso": 0.75 }, "geometry": { "type": "Polygon", "coordinates": [ [ [ -58.48381, -34.57722 ], [ -58.48482, -34.5778 ], [ -58.48592, -34.57651 ], [ -58.48491, -34.57593 ], [ -58.48381, -34.57722 ] ] ] } },
{ "type": "Feature", "properties": { "indice_acceso": 0.752 }, "geometry": { "type": "Polygon", "coordinates": [ [ [ -58.48482, -34.5778 ], [ -58.48583, -34.57838 ], [ -58.48693, -34.57709 ], [ -58.48592, -34.57651 ], [ -58.48482, -34.5778 ] ] ] } },
{ "type": "Feature", "properties": { "indice_acceso": 0.751 }, "geometry": { "type": "Polygon", "coordinates": [ [ [ -58.48583, -34.57838 ], [ -58.48683, -34.57895 ], [ -58.48793, -34.57767 ], [ -58.48693, -34.57709 ], [ -58.48583, -34.57838 ] ] ] } },
{ "type": "Feature", "properties": { "indice_acceso": 0.758 }, "geometry": { "type": "Polygon", "coordinates": [ [ [ -58.48387, -34.57892 ], [ -58.48589, -34.58004 ], [ -58.48683, -34.57895 ], [ -58.48482, -34.5778 ], [ -58.48387, -34.57892 ] ] ] } },
{ "type": "Feature", "properties": { "indice_acceso": 0.757 }, "geometry": { "type": "Polygon", "coordinates": [ [ [ -58.48387, -34.57892 ], [ -58.48482, -34.5778 ], [ -58.48381, -34.57722 ], [ -58.48491, -34.57593 ], [ -58.48429, -34.57558 ], [ -58.4814, -34.57752 ], [ -58.48387, -34.57892 ] ] ] } },
{ "type": "Feature", "properties": { "indice_acceso": 0.757 }, "geometry": { "type": "Polygon", "coordinates": [ [ [ -58.48295, -34.58001 ], [ -58.48387, -34.57892 ], [ -58.4814, -34.57752 ], [ -58.48011, -34.57839 ], [ -58.48295, -34.58001 ] ] ] } },
{ "type": "Feature", "properties": { "indice_acceso": 0.757 }, "geometry": { "type": "Polygon", "coordinates": [ [ [ -58.48295, -34.58001 ], [ -58.48395, -34.58058 ], [ -58.48313, -34.58154 ], [ -58.48412, -34.58211 ], [ -58.48589, -34.58004 ], [ -58.48387, -34.57892 ], [ -58.48295, -34.58001 ] ] ] } },
{ "type": "Feature", "properties": { "indice_acceso": 0.757 }, "geometry": { "type": "Polygon", "coordinates": [ [ [ -58.48395, -34.58058 ], [ -58.48011, -34.57839 ], [ -58.47899, -34.57912 ], [ -58.48301, -34.58146 ], [ -58.48395, -34.58058 ] ] ] } },
{ "type": "Feature", "properties": { "indice_acceso": 0.728 }, "geometry": { "type": "Polygon", "coordinates": [ [ [ -58.49166, -34.57984 ], [ -58.49345, -34.58088 ], [ -58.49591, -34.57903 ], [ -58.49331, -34.57793 ], [ -58.49166, -34.57984 ] ] ] } },
{ "type": "Feature", "properties": { "indice_acceso": 0.737 }, "geometry": { "type": "Polygon", "coordinates": [ [ [ -58.49211, -34.57744 ], [ -58.4906, -34.57923 ], [ -58.49166, -34.57984 ], [ -58.49331, -34.57793 ], [ -58.49211, -34.57744 ] ] ] } },
{ "type": "Feature", "properties": { "indice_acceso": 0.741 }, "geometry": { "type": "Polygon", "coordinates": [ [ [ -58.49021, -34.57781 ], [ -58.48953, -34.5786 ], [ -58.4906, -34.57923 ], [ -58.49211, -34.57744 ], [ -58.48998, -34.57618 ], [ -58.48913, -34.57717 ], [ -58.49021, -34.57781 ] ] ] } },
{ "type": "Feature", "properties": { "indice_acceso": 0.73 }, "geometry": { "type": "Polygon", "coordinates": [ [ [ -58.48636, -34.57431 ], [ -58.48833, -34.57543 ], [ -58.48762, -34.57628 ], [ -58.48913, -34.57717 ], [ -58.48998, -34.57618 ], [ -58.49309, -34.57799 ], [ -58.49339, -34.57778 ], [ -58.48908, -34.57531 ], [ -58.48943, -34.57487 ], [ -58.4872, -34.57364 ], [ -58.48636, -34.57431 ] ] ] } },
{ "type": "Feature", "properties": { "indice_acceso": 0.744 }, "geometry": { "type": "Polygon", "coordinates": [ [ [ -58.48693, -34.57709 ], [ -58.48953, -34.5786 ], [ -58.49021, -34.57781 ], [ -58.48762, -34.57628 ], [ -58.48693, -34.57709 ] ] ] } },
{ "type": "Feature", "properties": { "indice_acceso": 0.752 }, "geometry": { "type": "Polygon", "coordinates": [ [ [ -58.48683, -34.57895 ], [ -58.48765, -34.57941 ], [ -58.48868, -34.5781 ], [ -58.48793, -34.57767 ], [ -58.48683, -34.57895 ] ] ] } },
{ "type": "Feature", "properties": { "indice_acceso": 0.754 }, "geometry": { "type": "Polygon", "coordinates": [ [ [ -58.48765, -34.57941 ], [ -58.48852, -34.5799 ], [ -58.48953, -34.5786 ], [ -58.48868, -34.5781 ], [ -58.48765, -34.57941 ] ] ] } },
{ "type": "Feature", "properties": { "indice_acceso": 0.759 }, "geometry": { "type": "Polygon", "coordinates": [ [ [ -58.48767, -34.58101 ], [ -58.48874, -34.5816 ], [ -58.4906, -34.57923 ], [ -58.48953, -34.5786 ], [ -58.48767, -34.58101 ] ] ] } },
{ "type": "Feature", "properties": { "indice_acceso": 0.752 }, "geometry": { "type": "Polygon", "coordinates": [ [ [ -58.48959, -34.58051 ], [ -58.49066, -34.58112 ], [ -58.49107, -34.58061 ], [ -58.49254, -34.5816 ], [ -58.49345, -34.58088 ], [ -58.4906, -34.57923 ], [ -58.48959, -34.58051 ] ] ] } },
{ "type": "Feature", "properties": { "indice_acceso": 0.753 }, "geometry": { "type": "Polygon", "coordinates": [ [ [ -58.48874, -34.5816 ], [ -58.48982, -34.5822 ], [ -58.4881, -34.58442 ], [ -58.4888, -34.58482 ], [ -58.49254, -34.5816 ], [ -58.49107, -34.58061 ], [ -58.49066, -34.58112 ], [ -58.48959, -34.58051 ], [ -58.48874, -34.5816 ] ] ] } },
{ "type": "Feature", "properties": { "indice_acceso": 0.753 }, "geometry": { "type": "Polygon", "coordinates": [ [ [ -58.48596, -34.58317 ], [ -58.4881, -34.58442 ], [ -58.48982, -34.5822 ], [ -58.48767, -34.58101 ], [ -58.48596, -34.58317 ] ] ] } },
{ "type": "Feature", "properties": { "indice_acceso": 0.755 }, "geometry": { "type": "Polygon", "coordinates": [ [ [ -58.48596, -34.58317 ], [ -58.48767, -34.58101 ], [ -58.48589, -34.58004 ], [ -58.48412, -34.58211 ], [ -58.48596, -34.58317 ] ] ] } },
{ "type": "Feature", "properties": { "indice_acceso": 0.758 }, "geometry": { "type": "Polygon", "coordinates": [ [ [ -58.48589, -34.58004 ], [ -58.48767, -34.58101 ], [ -58.48852, -34.5799 ], [ -58.48683, -34.57895 ], [ -58.48589, -34.58004 ] ] ] } },
{ "type": "Feature", "properties": { "indice_acceso": 0.699 }, "geometry": { "type": "Polygon", "coordinates": [ [ [ -58.49298, -34.57244 ], [ -58.49187, -34.57183 ], [ -58.49066, -34.57332 ], [ -58.49396, -34.57513 ], [ -58.49586, -34.57275 ], [ -58.49365, -34.5716 ], [ -58.49298, -34.57244 ] ] ] } },
{ "type": "Feature", "properties": { "indice_acceso": 0.695 }, "geometry": { "type": "Polygon", "coordinates": [ [ [ -58.4897, -34.57172 ], [ -58.49127, -34.57258 ], [ -58.49187, -34.57183 ], [ -58.49298, -34.57244 ], [ -58.49365, -34.5716 ], [ -58.49139, -34.57042 ], [ -58.4897, -34.57172 ] ] ] } },
{ "type": "Feature", "properties": { "indice_acceso": 0.695 }, "geometry": { "type": "Polygon", "coordinates": [ [ [ -58.48842, -34.5721 ], [ -58.49066, -34.57332 ], [ -58.49127, -34.57258 ], [ -58.4897, -34.57172 ], [ -58.49139, -34.57042 ], [ -58.49026, -34.56981 ], [ -58.48842, -34.5721 ] ] ] } },
{ "type": "Feature", "properties": { "indice_acceso": 0.683 }, "geometry": { "type": "Polygon", "coordinates": [ [ [ -58.48903, -34.57135 ], [ -58.49026, -34.56981 ], [ -58.48789, -34.56853 ], [ -58.48728, -34.5693 ], [ -58.48854, -34.57 ], [ -58.48794, -34.57075 ], [ -58.48903, -34.57135 ] ] ] } },
{ "type": "Feature", "properties": { "indice_acceso": 0.693 }, "geometry": { "type": "Polygon", "coordinates": [ [ [ -58.48842, -34.5721 ], [ -58.48903, -34.57135 ], [ -58.48794, -34.57075 ], [ -58.48854, -34.57 ], [ -58.48728, -34.5693 ], [ -58.48607, -34.57081 ], [ -58.48842, -34.5721 ] ] ] } },
{ "type": "Feature", "properties": { "indice_acceso": 0.694 }, "geometry": { "type": "Polygon", "coordinates": [ [ [ -58.48578, -34.56957 ], [ -58.48415, -34.57083 ], [ -58.48546, -34.57155 ], [ -58.48789, -34.56853 ], [ -58.48745, -34.5683 ], [ -58.48578, -34.56957 ] ] ] } },
{ "type": "Feature", "properties": { "indice_acceso": 0.711 }, "geometry": { "type": "MultiPolygon", "coordinates": [ [ [ [ -58.48546, -34.57155 ], [ -58.48415, -34.57083 ], [ -58.48358, -34.57126 ], [ -58.48483, -34.57234 ], [ -58.48546, -34.57155 ] ] ], [ [ [ -58.4868, -34.57396 ], [ -58.48806, -34.57298 ], [ -58.48674, -34.57225 ], [ -58.4861, -34.57304 ], [ -58.48483, -34.57234 ], [ -58.4868, -34.57396 ] ] ] ] } },
{ "type": "Feature", "properties": { "indice_acceso": 0.703 }, "geometry": { "type": "Polygon", "coordinates": [ [ [ -58.48483, -34.57234 ], [ -58.4861, -34.57304 ], [ -58.48734, -34.5715 ], [ -58.48607, -34.57081 ], [ -58.48483, -34.57234 ] ] ] } },
{ "type": "Feature", "properties": { "indice_acceso": 0.708 }, "geometry": { "type": "Polygon", "coordinates": [ [ [ -58.48674, -34.57225 ], [ -58.48806, -34.57298 ], [ -58.48887, -34.57235 ], [ -58.48734, -34.5715 ], [ -58.48674, -34.57225 ] ] ] } },
{ "type": "Feature", "properties": { "indice_acceso": 0.712 }, "geometry": { "type": "Polygon", "coordinates": [ [ [ -58.48896, -34.57347 ], [ -58.48832, -34.57426 ], [ -58.48943, -34.57487 ], [ -58.49066, -34.57332 ], [ -58.48887, -34.57235 ], [ -58.48806, -34.57298 ], [ -58.48896, -34.57347 ] ] ] } },
{ "type": "Feature", "properties": { "indice_acceso": 0.71 }, "geometry": { "type": "Polygon", "coordinates": [ [ [ -58.49335, -34.57588 ], [ -58.49396, -34.57513 ], [ -58.49066, -34.57332 ], [ -58.49006, -34.57408 ], [ -58.49335, -34.57588 ] ] ] } },
{ "type": "Feature", "properties": { "indice_acceso": 0.716 }, "geometry": { "type": "Polygon", "coordinates": [ [ [ -58.49163, -34.57607 ], [ -58.49226, -34.57529 ], [ -58.49006, -34.57408 ], [ -58.48943, -34.57487 ], [ -58.49163, -34.57607 ] ] ] } },
{ "type": "Feature", "properties": { "indice_acceso": 0.72 }, "geometry": { "type": "Polygon", "coordinates": [ [ [ -58.49163, -34.57607 ], [ -58.48943, -34.57487 ], [ -58.48908, -34.57531 ], [ -58.49232, -34.57716 ], [ -58.49335, -34.57588 ], [ -58.49226, -34.57529 ], [ -58.49163, -34.57607 ] ] ] } },
{ "type": "Feature", "properties": { "indice_acceso": 0.718 }, "geometry": { "type": "Polygon", "coordinates": [ [ [ -58.48832, -34.57426 ], [ -58.48896, -34.57347 ], [ -58.48806, -34.57298 ], [ -58.4872, -34.57364 ], [ -58.48832, -34.57426 ] ] ] } },
{ "type": "Feature", "properties": { "indice_acceso": 0.662 }, "geometry": { "type": "Polygon", "coordinates": [ [ [ -58.49749, -34.5678 ], [ -58.49914, -34.56871 ], [ -58.50143, -34.56587 ], [ -58.49972, -34.56504 ], [ -58.49749, -34.5678 ] ] ] } },
{ "type": "Feature", "properties": { "indice_acceso": 0.656 }, "geometry": { "type": "Polygon", "coordinates": [ [ [ -58.49835, -34.56969 ], [ -58.49914, -34.56871 ], [ -58.49464, -34.56622 ], [ -58.49382, -34.56728 ], [ -58.49835, -34.56969 ] ] ] } },
{ "type": "Feature", "properties": { "indice_acceso": 0.665 }, "geometry": { "type": "Polygon", "coordinates": [ [ [ -58.49752, -34.57071 ], [ -58.49835, -34.56969 ], [ -58.49382, -34.56728 ], [ -58.49302, -34.56831 ], [ -58.49752, -34.57071 ] ] ] } },
{ "type": "Feature", "properties": { "indice_acceso": 0.66 }, "geometry": { "type": "Polygon", "coordinates": [ [ [ -58.48837, -34.56588 ], [ -58.49302, -34.56831 ], [ -58.49382, -34.56728 ], [ -58.48929, -34.56484 ], [ -58.48837, -34.56588 ] ] ] } },
{ "type": "Feature", "properties": { "indice_acceso": 0.67 }, "geometry": { "type": "Polygon", "coordinates": [ [ [ -58.49215, -34.56942 ], [ -58.49302, -34.56831 ], [ -58.48837, -34.56588 ], [ -58.4874, -34.56696 ], [ -58.49215, -34.56942 ] ] ] } },
{ "type": "Feature", "properties": { "indice_acceso": 0.674 }, "geometry": { "type": "Polygon", "coordinates": [ [ [ -58.49553, -34.57121 ], [ -58.49641, -34.57011 ], [ -58.49302, -34.56831 ], [ -58.49215, -34.56942 ], [ -58.49553, -34.57121 ] ] ] } },
{ "type": "Feature", "properties": { "indice_acceso": 0.679 }, "geometry": { "type": "Polygon", "coordinates": [ [ [ -58.49553, -34.57121 ], [ -58.49289, -34.5698 ], [ -58.49209, -34.57078 ], [ -58.49586, -34.57275 ], [ -58.49752, -34.57071 ], [ -58.49641, -34.57011 ], [ -58.49553, -34.57121 ] ] ] } },
{ "type": "Feature", "properties": { "indice_acceso": 0.677 }, "geometry": { "type": "Polygon", "coordinates": [ [ [ -58.49209, -34.57078 ], [ -58.49289, -34.5698 ], [ -58.4874, -34.56696 ], [ -58.48661, -34.56786 ], [ -58.49209, -34.57078 ] ] ] } },
{ "type": "Feature", "properties": { "indice_acceso": 0.702 }, "geometry": { "type": "Polygon", "coordinates": [ [ [ -58.50788, -34.57071 ], [ -58.50904, -34.57 ], [ -58.50882, -34.56951 ], [ -58.50521, -34.56773 ], [ -58.50421, -34.56896 ], [ -58.50788, -34.57071 ] ] ] } },
{ "type": "Feature", "properties": { "indice_acceso": 0.678 }, "geometry": { "type": "Polygon", "coordinates": [ [ [ -58.50421, -34.56896 ], [ -58.50521, -34.56773 ], [ -58.50143, -34.56587 ], [ -58.50041, -34.56714 ], [ -58.50421, -34.56896 ] ] ] } },
{ "type": "Feature", "properties": { "indice_acceso": 0.69 }, "geometry": { "type": "Polygon", "coordinates": [ [ [ -58.50667, -34.5714 ], [ -58.50788, -34.57071 ], [ -58.50151, -34.56768 ], [ -58.50079, -34.56859 ], [ -58.50667, -34.5714 ] ] ] } },
{ "type": "Feature", "properties": { "indice_acceso": 0.685 }, "geometry": { "type": "Polygon", "coordinates": [ [ [ -58.50534, -34.57214 ], [ -58.50667, -34.5714 ], [ -58.50079, -34.56859 ], [ -58.50022, -34.56931 ], [ -58.50534, -34.57214 ] ] ] } },
{ "type": "Feature", "properties": { "indice_acceso": 0.674 }, "geometry": { "type": "Polygon", "coordinates": [ [ [ -58.50419, -34.5728 ], [ -58.50534, -34.57214 ], [ -58.50022, -34.56931 ], [ -58.49944, -34.57027 ], [ -58.50419, -34.5728 ] ] ] } },
{ "type": "Feature", "properties": { "indice_acceso": 0.669 }, "geometry": { "type": "Polygon", "coordinates": [ [ [ -58.49835, -34.56969 ], [ -58.49664, -34.5718 ], [ -58.49774, -34.57238 ], [ -58.50151, -34.56768 ], [ -58.50041, -34.56714 ], [ -58.49835, -34.56969 ] ] ] } },
{ "type": "Feature", "properties": { "indice_acceso": 0.685 }, "geometry": { "type": "Polygon", "coordinates": [ [ [ -58.50295, -34.57355 ], [ -58.50419, -34.5728 ], [ -58.49944, -34.57027 ], [ -58.49862, -34.57128 ], [ -58.50295, -34.57355 ] ] ] } },
{ "type": "Feature", "properties": { "indice_acceso": 0.678 }, "geometry": { "type": "Polygon", "coordinates": [ [ [ -58.50173, -34.57449 ], [ -58.50295, -34.57355 ], [ -58.49862, -34.57128 ], [ -58.49774, -34.57238 ], [ -58.50173, -34.57449 ] ] ] } },
{ "type": "Feature", "properties": { "indice_acceso": 0.678 }, "geometry": { "type": "Polygon", "coordinates": [ [ [ -58.49586, -34.57275 ], [ -58.50069, -34.5753 ], [ -58.50173, -34.57449 ], [ -58.49664, -34.5718 ], [ -58.49586, -34.57275 ] ] ] } },
{ "type": "Feature", "properties": { "indice_acceso": 0.685 }, "geometry": { "type": "Polygon", "coordinates": [ [ [ -58.49884, -34.57673 ], [ -58.50069, -34.5753 ], [ -58.49696, -34.57334 ], [ -58.49564, -34.57497 ], [ -58.49884, -34.57673 ] ] ] } },
{ "type": "Feature", "properties": { "indice_acceso": 0.703 }, "geometry": { "type": "Polygon", "coordinates": [ [ [ -58.49456, -34.57438 ], [ -58.49335, -34.57588 ], [ -58.49444, -34.57647 ], [ -58.49696, -34.57334 ], [ -58.49586, -34.57275 ], [ -58.49456, -34.57438 ] ] ] } },
{ "type": "Feature", "properties": { "indice_acceso": 0.696 }, "geometry": { "type": "Polygon", "coordinates": [ [ [ -58.4938, -34.57727 ], [ -58.49636, -34.57867 ], [ -58.49884, -34.57673 ], [ -58.49564, -34.57497 ], [ -58.4938, -34.57727 ] ] ] } },
{ "type": "Feature", "properties": { "indice_acceso": 0.718 }, "geometry": { "type": "Polygon", "coordinates": [ [ [ -58.49232, -34.57716 ], [ -58.49591, -34.57903 ], [ -58.49636, -34.57867 ], [ -58.4938, -34.57727 ], [ -58.49444, -34.57647 ], [ -58.49335, -34.57588 ], [ -58.49232, -34.57716 ] ] ] } },
{ "type": "Feature", "properties": { "indice_acceso": 0.715 }, "geometry": { "type": "Polygon", "coordinates": [ [ [ -58.51021, -34.57442 ], [ -58.51166, -34.57319 ], [ -58.50987, -34.56925 ], [ -58.50687, -34.57129 ], [ -58.5092, -34.57266 ], [ -58.51021, -34.57442 ] ] ] } },
{ "type": "Feature", "properties": { "indice_acceso": 0.718 }, "geometry": { "type": "Polygon", "coordinates": [ [ [ -58.50902, -34.57566 ], [ -58.51, -34.57449 ], [ -58.5092, -34.57266 ], [ -58.50738, -34.57469 ], [ -58.50902, -34.57566 ] ] ] } },
{ "type": "Feature", "properties": { "indice_acceso": 0.712 }, "geometry": { "type": "Polygon", "coordinates": [ [ [ -58.50902, -34.57566 ], [ -58.51278, -34.5779 ], [ -58.51373, -34.5776 ], [ -58.51166, -34.57319 ], [ -58.50902, -34.57566 ] ] ] } },
{ "type": "Feature", "properties": { "indice_acceso": 0.701 }, "geometry": { "type": "Polygon", "coordinates": [ [ [ -58.51061, -34.57921 ], [ -58.51195, -34.58004 ], [ -58.51103, -34.58106 ], [ -58.51249, -34.58112 ], [ -58.51274, -34.58164 ], [ -58.51457, -34.58168 ], [ -58.51546, -34.58127 ], [ -58.51373, -34.5776 ], [ -58.51278, -34.5779 ], [ -58.51214, -34.57751 ], [ -58.51061, -34.57921 ] ] ] } },
{ "type": "Feature", "properties": { "indice_acceso": 0.7 }, "geometry": { "type": "Polygon", "coordinates": [ [ [ -58.50828, -34.57664 ], [ -58.50885, -34.57698 ], [ -58.50754, -34.57843 ], [ -58.50995, -34.57993 ], [ -58.51214, -34.57751 ], [ -58.50909, -34.57569 ], [ -58.50828, -34.57664 ] ] ] } },
{ "type": "Feature", "properties": { "indice_acceso": 0.694 }, "geometry": { "type": "Polygon", "coordinates": [ [ [ -58.50527, -34.57703 ], [ -58.5064, -34.57773 ], [ -58.50575, -34.57845 ], [ -58.50688, -34.57915 ], [ -58.50885, -34.57698 ], [ -58.50828, -34.57664 ], [ -58.50909, -34.57569 ], [ -58.50738, -34.57469 ], [ -58.50527, -34.57703 ] ] ] } },
{ "type": "Feature", "properties": { "indice_acceso": 0.689 }, "geometry": { "type": "Polygon", "coordinates": [ [ [ -58.50299, -34.57352 ], [ -58.50148, -34.57469 ], [ -58.50527, -34.57703 ], [ -58.5092, -34.57266 ], [ -58.50667, -34.5714 ], [ -58.50299, -34.57352 ] ] ] } },
{ "type": "Feature", "properties": { "indice_acceso": 0.667 }, "geometry": { "type": "Polygon", "coordinates": [ [ [ -58.49803, -34.57736 ], [ -58.50022, -34.5787 ], [ -58.503, -34.57563 ], [ -58.50148, -34.57469 ], [ -58.49803, -34.57736 ] ] ] } },
{ "type": "Feature", "properties": { "indice_acceso": 0.669 }, "geometry": { "type": "Polygon", "coordinates": [ [ [ -58.50088, -34.57797 ], [ -58.50315, -34.57937 ], [ -58.50461, -34.57775 ], [ -58.50348, -34.57705 ], [ -58.50414, -34.57633 ], [ -58.503, -34.57563 ], [ -58.50088, -34.57797 ] ] ] } },
{ "type": "Feature", "properties": { "indice_acceso": 0.682 }, "geometry": { "type": "Polygon", "coordinates": [ [ [ -58.50348, -34.57705 ], [ -58.50461, -34.57775 ], [ -58.50315, -34.57937 ], [ -58.50569, -34.58047 ], [ -58.50688, -34.57915 ], [ -58.50575, -34.57845 ], [ -58.5064, -34.57773 ], [ -58.50414, -34.57633 ], [ -58.50348, -34.57705 ] ] ] } },
{ "type": "Feature", "properties": { "indice_acceso": 0.697 }, "geometry": { "type": "Polygon", "coordinates": [ [ [ -58.50569, -34.58047 ], [ -58.50691, -34.58056 ], [ -58.50721, -34.58074 ], [ -58.5069, -34.58108 ], [ -58.51248, -34.58151 ], [ -58.51249, -34.58112 ], [ -58.51103, -34.58106 ], [ -58.51195, -34.58004 ], [ -58.51061, -34.57921 ], [ -58.50995, -34.57993 ], [ -58.50754, -34.57843 ], [ -58.50569, -34.58047 ] ] ] } },
{ "type": "Feature", "properties": { "indice_acceso": 0.673 }, "geometry": { "type": "Polygon", "coordinates": [ [ [ -58.49895, -34.58012 ], [ -58.50221, -34.58107 ], [ -58.50243, -34.58083 ], [ -58.50683, -34.58103 ], [ -58.50721, -34.58074 ], [ -58.50569, -34.58047 ], [ -58.50455, -34.57977 ], [ -58.50428, -34.58007 ], [ -58.50088, -34.57797 ], [ -58.49895, -34.58012 ] ] ] } },
{ "type": "Feature", "properties": { "indice_acceso": 0.683 }, "geometry": { "type": "Polygon", "coordinates": [ [ [ -58.49578, -34.57913 ], [ -58.49895, -34.58012 ], [ -58.50022, -34.5787 ], [ -58.49803, -34.57736 ], [ -58.49578, -34.57913 ] ] ] } },
{ "type": "Feature", "properties": { "indice_acceso": 0.696 }, "geometry": { "type": "Polygon", "coordinates": [ [ [ -58.50715, -34.58535 ], [ -58.5058, -34.58451 ], [ -58.50716, -34.583 ], [ -58.50587, -34.5822 ], [ -58.50375, -34.58456 ], [ -58.50623, -34.5861 ], [ -58.50715, -34.58535 ] ] ] } },
{ "type": "Feature", "properties": { "indice_acceso": 0.696 }, "geometry": { "type": "Polygon", "coordinates": [ [ [ -58.50485, -34.58788 ], [ -58.50639, -34.58619 ], [ -58.50375, -34.58456 ], [ -58.50218, -34.58628 ], [ -58.50485, -34.58788 ] ] ] } },
{ "type": "Feature", "properties": { "indice_acceso": 0.691 }, "geometry": { "type": "Polygon", "coordinates": [ [ [ -58.50072, -34.58401 ], [ -58.50185, -34.58471 ], [ -58.50105, -34.58558 ], [ -58.50218, -34.58628 ], [ -58.50451, -34.58371 ], [ -58.50225, -34.58231 ], [ -58.50072, -34.58401 ] ] ] } },
{ "type": "Feature", "properties": { "indice_acceso": 0.686 }, "geometry": { "type": "Polygon", "coordinates": [ [ [ -58.50221, -34.58107 ], [ -58.50295, -34.58154 ], [ -58.50225, -34.58231 ], [ -58.50451, -34.58371 ], [ -58.50697, -34.581 ], [ -58.50243, -34.58083 ], [ -58.50221, -34.58107 ] ] ] } },
{ "type": "Feature", "properties": { "indice_acceso": 0.681 }, "geometry": { "type": "Polygon", "coordinates": [ [ [ -58.4985, -34.58 ], [ -58.49884, -34.58022 ], [ -58.49809, -34.58105 ], [ -58.50148, -34.58316 ], [ -58.50295, -34.58154 ], [ -58.50182, -34.58083 ], [ -58.4985, -34.58 ] ] ] } },
{ "type": "Feature", "properties": { "indice_acceso": 0.696 }, "geometry": { "type": "Polygon", "coordinates": [ [ [ -58.50105, -34.58558 ], [ -58.50185, -34.58471 ], [ -58.50072, -34.58401 ], [ -58.50148, -34.58316 ], [ -58.49922, -34.58176 ], [ -58.49765, -34.58348 ], [ -58.50105, -34.58558 ] ] ] } },
{ "type": "Feature", "properties": { "indice_acceso": 0.691 }, "geometry": { "type": "Polygon", "coordinates": [ [ [ -58.49765, -34.58348 ], [ -58.49922, -34.58176 ], [ -58.49809, -34.58105 ], [ -58.49884, -34.58022 ], [ -58.49751, -34.57975 ], [ -58.49618, -34.5812 ], [ -58.49732, -34.5819 ], [ -58.49652, -34.58278 ], [ -58.49765, -34.58348 ] ] ] } },
{ "type": "Feature", "properties": { "indice_acceso": 0.711 }, "geometry": { "type": "Polygon", "coordinates": [ [ [ -58.49578, -34.57913 ], [ -58.49345, -34.58088 ], [ -58.49652, -34.58278 ], [ -58.49732, -34.5819 ], [ -58.49618, -34.5812 ], [ -58.49751, -34.57975 ], [ -58.49578, -34.57913 ] ] ] } },
{ "type": "Feature", "properties": { "indice_acceso": 0.705 }, "geometry": { "type": "Polygon", "coordinates": [ [ [ -58.49853, -34.58642 ], [ -58.5008, -34.58783 ], [ -58.50218, -34.58628 ], [ -58.49992, -34.58488 ], [ -58.49853, -34.58642 ] ] ] } },
{ "type": "Feature", "properties": { "indice_acceso": 0.703 }, "geometry": { "type": "Polygon", "coordinates": [ [ [ -58.49626, -34.58502 ], [ -58.49853, -34.58642 ], [ -58.49992, -34.58488 ], [ -58.49765, -34.58348 ], [ -58.49626, -34.58502 ] ] ] } },
{ "type": "Feature", "properties": { "indice_acceso": 0.706 }, "geometry": { "type": "Polygon", "coordinates": [ [ [ -58.49399, -34.58361 ], [ -58.49626, -34.58502 ], [ -58.49765, -34.58348 ], [ -58.49538, -34.58208 ], [ -58.49399, -34.58361 ] ] ] } },
{ "type": "Feature", "properties": { "indice_acceso": 0.732 }, "geometry": { "type": "Polygon", "coordinates": [ [ [ -58.49221, -34.58363 ], [ -58.49286, -34.58291 ], [ -58.49399, -34.58361 ], [ -58.49538, -34.58208 ], [ -58.49345, -34.58088 ], [ -58.49104, -34.58288 ], [ -58.49221, -34.58363 ] ] ] } },
{ "type": "Feature", "properties": { "indice_acceso": 0.738 }, "geometry": { "type": "Polygon", "coordinates": [ [ [ -58.4895, -34.58421 ], [ -58.49204, -34.58577 ], [ -58.49399, -34.58361 ], [ -58.49286, -34.58291 ], [ -58.49221, -34.58363 ], [ -58.49104, -34.58288 ], [ -58.4895, -34.58421 ] ] ] } },
{ "type": "Feature", "properties": { "indice_acceso": 0.711 }, "geometry": { "type": "Polygon", "coordinates": [ [ [ -58.49269, -34.58505 ], [ -58.49609, -34.58716 ], [ -58.49674, -34.58643 ], [ -58.49561, -34.58574 ], [ -58.49626, -34.58502 ], [ -58.49399, -34.58361 ], [ -58.49269, -34.58505 ] ] ] } },
{ "type": "Feature", "properties": { "indice_acceso": 0.708 }, "geometry": { "type": "Polygon", "coordinates": [ [ [ -58.49561, -34.58574 ], [ -58.49674, -34.58643 ], [ -58.49609, -34.58716 ], [ -58.4995, -34.58926 ], [ -58.5008, -34.58783 ], [ -58.49626, -34.58502 ], [ -58.49561, -34.58574 ] ] ] } },
{ "type": "Feature", "properties": { "indice_acceso": 0.705 }, "geometry": { "type": "Polygon", "coordinates": [ [ [ -58.4982, -34.5907 ], [ -58.4995, -34.58926 ], [ -58.49609, -34.58716 ], [ -58.49544, -34.58788 ], [ -58.49601, -34.58823 ], [ -58.49536, -34.58895 ], [ -58.4982, -34.5907 ] ] ] } },
{ "type": "Feature", "properties": { "indice_acceso": 0.704 }, "geometry": { "type": "Polygon", "coordinates": [ [ [ -58.49536, -34.58895 ], [ -58.49601, -34.58823 ], [ -58.49544, -34.58788 ], [ -58.49609, -34.58716 ], [ -58.49382, -34.58575 ], [ -58.49254, -34.58718 ], [ -58.49536, -34.58895 ] ] ] } },
{ "type": "Feature", "properties": { "indice_acceso": 0.739 }, "geometry": { "type": "Polygon", "coordinates": [ [ [ -58.49254, -34.58718 ], [ -58.49382, -34.58575 ], [ -58.49269, -34.58505 ], [ -58.49204, -34.58577 ], [ -58.4895, -34.58421 ], [ -58.4888, -34.58482 ], [ -58.49254, -34.58718 ] ] ] } },
{ "type": "Feature", "properties": { "indice_acceso": 0.699 }, "geometry": { "type": "Polygon", "coordinates": [ [ [ -58.50983, -34.58238 ], [ -58.51246, -34.58401 ], [ -58.51457, -34.58168 ], [ -58.51046, -34.58138 ], [ -58.51065, -34.58149 ], [ -58.50983, -34.58238 ] ] ] } },
{ "type": "Feature", "properties": { "indice_acceso": 0.696 }, "geometry": { "type": "Polygon", "coordinates": [ [ [ -58.50587, -34.5822 ], [ -58.50851, -34.58384 ], [ -58.51065, -34.58149 ], [ -58.5069, -34.58108 ], [ -58.50587, -34.5822 ] ] ] } },
{ "type": "Feature", "properties": { "indice_acceso": 0.699 }, "geometry": { "type": "Polygon", "coordinates": [ [ [ -58.51049, -34.5862 ], [ -58.51246, -34.58401 ], [ -58.50983, -34.58238 ], [ -58.50851, -34.58384 ], [ -58.51057, -34.5851 ], [ -58.50989, -34.58582 ], [ -58.51049, -34.5862 ] ] ] } },
{ "type": "Feature", "properties": { "indice_acceso": 0.697 }, "geometry": { "type": "Polygon", "coordinates": [ [ [ -58.5058, -34.58451 ], [ -58.50847, -34.58616 ], [ -58.50984, -34.58465 ], [ -58.50716, -34.583 ], [ -58.5058, -34.58451 ] ] ] } },
{ "type": "Feature", "properties": { "indice_acceso": 0.701 }, "geometry": { "type": "Polygon", "coordinates": [ [ [ -58.50692, -34.58786 ], [ -58.50764, -34.58831 ], [ -58.50689, -34.58912 ], [ -58.50751, -34.5895 ], [ -58.51049, -34.5862 ], [ -58.50989, -34.58582 ], [ -58.51057, -34.5851 ], [ -58.50984, -34.58465 ], [ -58.50692, -34.58786 ] ] ] } },
{ "type": "Feature", "properties": { "indice_acceso": 0.697 }, "geometry": { "type": "Polygon", "coordinates": [ [ [ -58.50485, -34.58788 ], [ -58.50689, -34.58912 ], [ -58.50764, -34.58831 ], [ -58.50692, -34.58786 ], [ -58.50847, -34.58616 ], [ -58.50715, -34.58535 ], [ -58.50485, -34.58788 ] ] ] } },
{ "type": "Feature", "properties": { "indice_acceso": 0.697 }, "geometry": { "type": "Polygon", "coordinates": [ [ [ -58.50342, -34.58945 ], [ -58.50607, -34.59109 ], [ -58.50751, -34.5895 ], [ -58.50485, -34.58788 ], [ -58.50342, -34.58945 ] ] ] } },
{ "type": "Feature", "properties": { "indice_acceso": 0.701 }, "geometry": { "type": "Polygon", "coordinates": [ [ [ -58.50476, -34.59252 ], [ -58.50607, -34.59109 ], [ -58.50342, -34.58945 ], [ -58.50212, -34.59089 ], [ -58.50476, -34.59252 ] ] ] } },
{ "type": "Feature", "properties": { "indice_acceso": 0.707 }, "geometry": { "type": "Polygon", "coordinates": [ [ [ -58.50015, -34.58855 ], [ -58.50277, -34.59016 ], [ -58.50485, -34.58788 ], [ -58.50218, -34.58628 ], [ -58.50015, -34.58855 ] ] ] } },
{ "type": "Feature", "properties": { "indice_acceso": 0.706 }, "geometry": { "type": "Polygon", "coordinates": [ [ [ -58.4982, -34.5907 ], [ -58.50082, -34.59232 ], [ -58.50277, -34.59016 ], [ -58.50015, -34.58855 ], [ -58.4982, -34.5907 ] ] ] } },
{ "type": "Feature", "properties": { "indice_acceso": 0.704 }, "geometry": { "type": "Polygon", "coordinates": [ [ [ -58.50082, -34.59232 ], [ -58.50347, -34.59395 ], [ -58.50476, -34.59252 ], [ -58.50212, -34.59089 ], [ -58.50082, -34.59232 ] ] ] } },
{ "type": "Feature", "properties": { "indice_acceso": 0.72 }, "geometry": { "type": "Polygon", "coordinates": [ [ [ -58.47436, -34.54076 ], [ -58.47596, -34.53863 ], [ -58.47268, -34.53718 ], [ -58.47127, -34.5392 ], [ -58.47436, -34.54076 ] ] ] } },
{ "type": "Feature", "properties": { "indice_acceso": 0.697 }, "geometry": { "type": "Polygon", "coordinates": [ [ [ -58.47127, -34.5392 ], [ -58.47268, -34.53718 ], [ -58.47045, -34.5362 ], [ -58.4694, -34.53825 ], [ -58.47127, -34.5392 ] ] ] } },
{ "type": "Feature", "properties": { "indice_acceso": 0.698 }, "geometry": { "type": "Polygon", "coordinates": [ [ [ -58.46724, -34.53822 ], [ -58.46883, -34.53902 ], [ -58.46995, -34.53751 ], [ -58.47045, -34.5362 ], [ -58.46845, -34.53532 ], [ -58.46724, -34.53822 ] ] ] } },
{ "type": "Feature", "properties": { "indice_acceso": 0.695 }, "geometry": { "type": "MultiPolygon", "coordinates": [ [ [ [ -58.46845, -34.53532 ], [ -58.46739, -34.53485 ], [ -58.4663, -34.53668 ], [ -58.46756, -34.53733 ], [ -58.46845, -34.53532 ] ] ], [ [ [ -58.46696, -34.53807 ], [ -58.46581, -34.53749 ], [ -58.4653, -34.5383 ], [ -58.4669, -34.53911 ], [ -58.46756, -34.53733 ], [ -58.46696, -34.53807 ] ] ] ] } },
{ "type": "Feature", "properties": { "indice_acceso": 0.688 }, "geometry": { "type": "Polygon", "coordinates": [ [ [ -58.46581, -34.53749 ], [ -58.46696, -34.53807 ], [ -58.46756, -34.53733 ], [ -58.4663, -34.53668 ], [ -58.46581, -34.53749 ] ] ] } },
{ "type": "Feature", "properties": { "indice_acceso": 0.669 }, "geometry": { "type": "Polygon", "coordinates": [ [ [ -58.46382, -34.5407 ], [ -58.46585, -34.54172 ], [ -58.4669, -34.53911 ], [ -58.4653, -34.5383 ], [ -58.46382, -34.5407 ] ] ] } },
{ "type": "Feature", "properties": { "indice_acceso": 0.671 }, "geometry": { "type": "Polygon", "coordinates": [ [ [ -58.46585, -34.54172 ], [ -58.46844, -34.54303 ], [ -58.46959, -34.54148 ], [ -58.46772, -34.54053 ], [ -58.46883, -34.53902 ], [ -58.46724, -34.53822 ], [ -58.46585, -34.54172 ] ] ] } },
{ "type": "Feature", "properties": { "indice_acceso": 0.678 }, "geometry": { "type": "Polygon", "coordinates": [ [ [ -58.46772, -34.54053 ], [ -58.47051, -34.54195 ], [ -58.47105, -34.54121 ], [ -58.46826, -34.5398 ], [ -58.46772, -34.54053 ] ] ] } },
{ "type": "Feature", "properties": { "indice_acceso": 0.68 }, "geometry": { "type": "Polygon", "coordinates": [ [ [ -58.47105, -34.54121 ], [ -58.47162, -34.54043 ], [ -58.46883, -34.53902 ], [ -58.46826, -34.5398 ], [ -58.47105, -34.54121 ] ] ] } },
{ "type": "Feature", "properties": { "indice_acceso": 0.69 }, "geometry": { "type": "Polygon", "coordinates": [ [ [ -58.47162, -34.54043 ], [ -58.47219, -34.53967 ], [ -58.4694, -34.53825 ], [ -58.46883, -34.53902 ], [ -58.47162, -34.54043 ] ] ] } },
{ "type": "Feature", "properties": { "indice_acceso": 0.699 }, "geometry": { "type": "Polygon", "coordinates": [ [ [ -58.47105, -34.54121 ], [ -58.47199, -34.54168 ], [ -58.47257, -34.54091 ], [ -58.47379, -34.54153 ], [ -58.47436, -34.54076 ], [ -58.47219, -34.53967 ], [ -58.47105, -34.54121 ] ] ] } },
{ "type": "Feature", "properties": { "indice_acceso": 0.693 }, "geometry": { "type": "Polygon", "coordinates": [ [ [ -58.47051, -34.54195 ], [ -58.47269, -34.54301 ], [ -58.47379, -34.54153 ], [ -58.47257, -34.54091 ], [ -58.47199, -34.54168 ], [ -58.47105, -34.54121 ], [ -58.47051, -34.54195 ] ] ] } },
{ "type": "Feature", "properties": { "indice_acceso": 0.679 }, "geometry": { "type": "Polygon", "coordinates": [ [ [ -58.46844, -34.54303 ], [ -58.46936, -34.5435 ], [ -58.46994, -34.54272 ], [ -58.47209, -34.54382 ], [ -58.47269, -34.54301 ], [ -58.46959, -34.54148 ], [ -58.46844, -34.54303 ] ] ] } },
{ "type": "Feature", "properties": { "indice_acceso": 0.676 }, "geometry": { "type": "Polygon", "coordinates": [ [ [ -58.47154, -34.54457 ], [ -58.47209, -34.54382 ], [ -58.46994, -34.54272 ], [ -58.46936, -34.5435 ], [ -58.47154, -34.54457 ] ] ] } },
{ "type": "Feature", "properties": { "indice_acceso": 0.661 }, "geometry": { "type": "Polygon", "coordinates": [ [ [ -58.46821, -34.54682 ], [ -58.4694, -34.54741 ], [ -58.47154, -34.54457 ], [ -58.4703, -34.54398 ], [ -58.46821, -34.54682 ] ] ] } },
{ "type": "Feature", "properties": { "indice_acceso": 0.652 }, "geometry": { "type": "Polygon", "coordinates": [ [ [ -58.46639, -34.54404 ], [ -58.46921, -34.54547 ], [ -58.4703, -34.54398 ], [ -58.4675, -34.54256 ], [ -58.46639, -34.54404 ] ] ] } },
{ "type": "Feature", "properties": { "indice_acceso": 0.652 }, "geometry": { "type": "Polygon", "coordinates": [ [ [ -58.46633, -34.54587 ], [ -58.46821, -34.54682 ], [ -58.46921, -34.54547 ], [ -58.46734, -34.54452 ], [ -58.46633, -34.54587 ] ] ] } },
{ "type": "Feature", "properties": { "indice_acceso": 0.648 }, "geometry": { "type": "Polygon", "coordinates": [ [ [ -58.46456, -34.54497 ], [ -58.4649, -34.54474 ], [ -58.46501, -34.5452 ], [ -58.46633, -34.54587 ], [ -58.46734, -34.54452 ], [ -58.46639, -34.54404 ], [ -58.4675, -34.54256 ], [ -58.46585, -34.54172 ], [ -58.46456, -34.54497 ] ] ] } },
{ "type": "Feature", "properties": { "indice_acceso": 0.653 }, "geometry": { "type": "Polygon", "coordinates": [ [ [ -58.46318, -34.54159 ], [ -58.46465, -34.54476 ], [ -58.46585, -34.54172 ], [ -58.46382, -34.5407 ], [ -58.46318, -34.54159 ] ] ] } },
{ "type": "Feature", "properties": { "indice_acceso": 0.643 }, "geometry": { "type": "Polygon", "coordinates": [ [ [ -58.46062, -34.54395 ], [ -58.46301, -34.54517 ], [ -58.46353, -34.54446 ], [ -58.46259, -34.54398 ], [ -58.46311, -34.54327 ], [ -58.46198, -34.54268 ], [ -58.46062, -34.54395 ] ] ] } },
{ "type": "Feature", "properties": { "indice_acceso": 0.644 }, "geometry": { "type": "Polygon", "coordinates": [ [ [ -58.46259, -34.54398 ], [ -58.46353, -34.54446 ], [ -58.46301, -34.54517 ], [ -58.46421, -34.54577 ], [ -58.46465, -34.54476 ], [ -58.46439, -34.54391 ], [ -58.46311, -34.54327 ], [ -58.46259, -34.54398 ] ] ] } },
{ "type": "Feature", "properties": { "indice_acceso": 0.649 }, "geometry": { "type": "Polygon", "coordinates": [ [ [ -58.46575, -34.54667 ], [ -58.46884, -34.54812 ], [ -58.4694, -34.54741 ], [ -58.46501, -34.5452 ], [ -58.4649, -34.54474 ], [ -58.46475, -34.54507 ], [ -58.46575, -34.54667 ] ] ] } },
{ "type": "Feature", "properties": { "indice_acceso": 0.651 }, "geometry": { "type": "Polygon", "coordinates": [ [ [ -58.46372, -34.54671 ], [ -58.46819, -34.54894 ], [ -58.46884, -34.54812 ], [ -58.46575, -34.54667 ], [ -58.46456, -34.54497 ], [ -58.46372, -34.54671 ] ] ] } },
{ "type": "Feature", "properties": { "indice_acceso": 0.645 }, "geometry": { "type": "Polygon", "coordinates": [ [ [ -58.45979, -34.54472 ], [ -58.46372, -34.54671 ], [ -58.46421, -34.54577 ], [ -58.46062, -34.54395 ], [ -58.45979, -34.54472 ] ] ] } },
{ "type": "Feature", "properties": { "indice_acceso": 0.645 }, "geometry": { "type": "Polygon", "coordinates": [ [ [ -58.46406, -34.54375 ], [ -58.46439, -34.54391 ], [ -58.46318, -34.54159 ], [ -58.46198, -34.54268 ], [ -58.46406, -34.54375 ] ] ] } },
{ "type": "Feature", "properties": { "indice_acceso": 0.645 }, "geometry": { "type": "Polygon", "coordinates": [ [ [ -58.46122, -34.54761 ], [ -58.46216, -34.54808 ], [ -58.46161, -34.54888 ], [ -58.4628, -34.54947 ], [ -58.46445, -34.54708 ], [ -58.46237, -34.54604 ], [ -58.46122, -34.54761 ] ] ] } },
{ "type": "Feature", "properties": { "indice_acceso": 0.656 }, "geometry": { "type": "Polygon", "coordinates": [ [ [ -58.45592, -34.52795 ], [ -58.45591, -34.52866 ], [ -58.45405, -34.5299 ], [ -58.45357, -34.53136 ], [ -58.45572, -34.53314 ], [ -58.45503, -34.53412 ], [ -58.45494, -34.53525 ], [ -58.45875, -34.53708 ], [ -58.45944, -34.5378 ], [ -58.45474, -34.54033 ], [ -58.4517, -34.54132 ], [ -58.44928, -34.54266 ], [ -58.45366, -34.54831 ], [ -58.45416, -34.54941 ], [ -58.45893, -34.54541 ], [ -58.46179, -34.54684 ], [ -58.46237, -34.54604 ], [ -58.45979, -34.54472 ], [ -58.46336, -34.54137 ], [ -58.46739, -34.53485 ], [ -58.4638, -34.53326 ], [ -58.45889, -34.52762 ], [ -58.45648, -34.5276 ], [ -58.45592, -34.52795 ] ] ] } },
{ "type": "Feature", "properties": { "indice_acceso": 0.645 }, "geometry": { "type": "Polygon", "coordinates": [ [ [ -58.45876, -34.54746 ], [ -58.46064, -34.5484 ], [ -58.46179, -34.54684 ], [ -58.45989, -34.54589 ], [ -58.45876, -34.54746 ] ] ] } },
{ "type": "Feature", "properties": { "indice_acceso": 0.647 }, "geometry": { "type": "Polygon", "coordinates": [ [ [ -58.45712, -34.54971 ], [ -58.45989, -34.54589 ], [ -58.45893, -34.54541 ], [ -58.45504, -34.54864 ], [ -58.45712, -34.54971 ] ] ] } },
{ "type": "Feature", "properties": { "indice_acceso": 0.643 }, "geometry": { "type": "Polygon", "coordinates": [ [ [ -58.46008, -34.54916 ], [ -58.45976, -34.5496 ], [ -58.46107, -34.55024 ], [ -58.46203, -34.54909 ], [ -58.46161, -34.54888 ], [ -58.46216, -34.54808 ], [ -58.46122, -34.54761 ], [ -58.46064, -34.5484 ], [ -58.45876, -34.54746 ], [ -58.45823, -34.54823 ], [ -58.46008, -34.54916 ] ] ] } },
{ "type": "Feature", "properties": { "indice_acceso": 0.645 }, "geometry": { "type": "Polygon", "coordinates": [ [ [ -58.46046, -34.55143 ], [ -58.46239, -34.54927 ], [ -58.46203, -34.54909 ], [ -58.46107, -34.55024 ], [ -58.45976, -34.5496 ], [ -58.46008, -34.54916 ], [ -58.45823, -34.54823 ], [ -58.45712, -34.54971 ], [ -58.46046, -34.55143 ] ] ] } },
{ "type": "Feature", "properties": { "indice_acceso": 0.645 }, "geometry": { "type": "Polygon", "coordinates": [ [ [ -58.45729, -34.55122 ], [ -58.45821, -34.55171 ], [ -58.4574, -34.5528 ], [ -58.45812, -34.55317 ], [ -58.46011, -34.55125 ], [ -58.45805, -34.55019 ], [ -58.45729, -34.55122 ] ] ] } },
{ "type": "Feature", "properties": { "indice_acceso": 0.644 }, "geometry": { "type": "Polygon", "coordinates": [ [ [ -58.4574, -34.5528 ], [ -58.45821, -34.55171 ], [ -58.45636, -34.55074 ], [ -58.45546, -34.55179 ], [ -58.4574, -34.5528 ] ] ] } },
{ "type": "Feature", "properties": { "indice_acceso": 0.644 }, "geometry": { "type": "Polygon", "coordinates": [ [ [ -58.45524, -34.55016 ], [ -58.45428, -34.55117 ], [ -58.45546, -34.55179 ], [ -58.45636, -34.55074 ], [ -58.45729, -34.55122 ], [ -58.45805, -34.55019 ], [ -58.45615, -34.54922 ], [ -58.45524, -34.55016 ] ] ] } },
{ "type": "Feature", "properties": { "indice_acceso": 0.646 }, "geometry": { "type": "Polygon", "coordinates": [ [ [ -58.45339, -34.55005 ], [ -58.453, -34.5505 ], [ -58.45428, -34.55117 ], [ -58.45615, -34.54922 ], [ -58.45504, -34.54864 ], [ -58.45339, -34.55005 ] ] ] } },
{ "type": "Feature", "properties": { "indice_acceso": 0.655 }, "geometry": { "type": "Polygon", "coordinates": [ [ [ -58.46756, -34.54973 ], [ -58.46819, -34.54894 ], [ -58.46612, -34.54791 ], [ -58.46553, -34.54871 ], [ -58.46756, -34.54973 ] ] ] } },
{ "type": "Feature", "properties": { "indice_acceso": 0.647 }, "geometry": { "type": "Polygon", "coordinates": [ [ [ -58.46337, -34.5487 ], [ -58.46402, -34.54902 ], [ -58.46459, -34.54825 ], [ -58.46553, -34.54871 ], [ -58.46612, -34.54791 ], [ -58.46445, -34.54708 ], [ -58.46337, -34.5487 ] ] ] } },
{ "type": "Feature", "properties": { "indice_acceso": 0.652 }, "geometry": { "type": "Polygon", "coordinates": [ [ [ -58.46695, -34.55048 ], [ -58.46756, -34.54973 ], [ -58.46459, -34.54825 ], [ -58.46402, -34.54902 ], [ -58.46695, -34.55048 ] ] ] } },
{ "type": "Feature", "properties": { "indice_acceso": 0.649 }, "geometry": { "type": "Polygon", "coordinates": [ [ [ -58.4628, -34.54947 ], [ -58.46634, -34.55125 ], [ -58.46695, -34.55048 ], [ -58.46337, -34.5487 ], [ -58.4628, -34.54947 ] ] ] } },
{ "type": "Feature", "properties": { "indice_acceso": 0.656 }, "geometry": { "type": "Polygon", "coordinates": [ [ [ -58.4642, -34.55229 ], [ -58.46513, -34.55275 ], [ -58.46634, -34.55125 ], [ -58.46533, -34.55074 ], [ -58.4642, -34.55229 ] ] ] } },
{ "type": "Feature", "properties": { "indice_acceso": 0.648 }, "geometry": { "type": "Polygon", "coordinates": [ [ [ -58.46177, -34.55001 ], [ -58.46476, -34.55151 ], [ -58.46533, -34.55074 ], [ -58.46239, -34.54927 ], [ -58.46177, -34.55001 ] ] ] } },
{ "type": "Feature", "properties": { "indice_acceso": 0.652 }, "geometry": { "type": "Polygon", "coordinates": [ [ [ -58.46231, -34.55135 ], [ -58.4642, -34.55229 ], [ -58.46476, -34.55151 ], [ -58.46288, -34.55057 ], [ -58.46231, -34.55135 ] ] ] } },
{ "type": "Feature", "properties": { "indice_acceso": 0.646 }, "geometry": { "type": "Polygon", "coordinates": [ [ [ -58.46046, -34.55143 ], [ -58.4627, -34.55258 ], [ -58.46326, -34.55182 ], [ -58.46231, -34.55135 ], [ -58.46288, -34.55057 ], [ -58.46177, -34.55001 ], [ -58.46046, -34.55143 ] ] ] } },
{ "type": "Feature", "properties": { "indice_acceso": 0.654 }, "geometry": { "type": "Polygon", "coordinates": [ [ [ -58.4627, -34.55258 ], [ -58.46452, -34.55351 ], [ -58.46513, -34.55275 ], [ -58.46326, -34.55182 ], [ -58.4627, -34.55258 ] ] ] } },
{ "type": "Feature", "properties": { "indice_acceso": 0.657 }, "geometry": { "type": "Polygon", "coordinates": [ [ [ -58.46268, -34.55403 ], [ -58.46354, -34.55448 ], [ -58.46452, -34.55351 ], [ -58.46347, -34.55297 ], [ -58.46268, -34.55403 ] ] ] } },
{ "type": "Feature", "properties": { "indice_acceso": 0.649 }, "geometry": { "type": "Polygon", "coordinates": [ [ [ -58.46037, -34.55282 ], [ -58.46268, -34.55403 ], [ -58.46347, -34.55297 ], [ -58.46125, -34.55183 ], [ -58.46037, -34.55282 ] ] ] } },
{ "type": "Feature", "properties": { "indice_acceso": 0.644 }, "geometry": { "type": "Polygon", "coordinates": [ [ [ -58.45812, -34.55317 ], [ -58.46041, -34.55437 ], [ -58.46131, -34.55332 ], [ -58.46037, -34.55282 ], [ -58.46125, -34.55183 ], [ -58.46011, -34.55125 ], [ -58.45812, -34.55317 ] ] ] } },
{ "type": "Feature", "properties": { "indice_acceso": 0.651 }, "geometry": { "type": "Polygon", "coordinates": [ [ [ -58.46041, -34.55437 ], [ -58.46135, -34.55486 ], [ -58.46226, -34.55381 ], [ -58.46131, -34.55332 ], [ -58.46041, -34.55437 ] ] ] } },
{ "type": "Feature", "properties": { "indice_acceso": 0.654 }, "geometry": { "type": "Polygon", "coordinates": [ [ [ -58.46135, -34.55486 ], [ -58.46254, -34.55548 ], [ -58.46354, -34.55448 ], [ -58.46226, -34.55381 ], [ -58.46135, -34.55486 ] ] ] } },
{ "type": "Feature", "properties": { "indice_acceso": 0.675 }, "geometry": { "type": "Polygon", "coordinates": [ [ [ -58.47213, -34.55385 ], [ -58.47158, -34.55456 ], [ -58.47245, -34.55502 ], [ -58.47444, -34.55242 ], [ -58.47357, -34.55194 ], [ -58.47213, -34.55385 ] ] ] } },
{ "type": "Feature", "properties": { "indice_acceso": 0.666 }, "geometry": { "type": "Polygon", "coordinates": [ [ [ -58.47272, -34.55305 ], [ -58.47357, -34.55194 ], [ -58.471, -34.55053 ], [ -58.47017, -34.55163 ], [ -58.47272, -34.55305 ] ] ] } },
{ "type": "Feature", "properties": { "indice_acceso": 0.664 }, "geometry": { "type": "Polygon", "coordinates": [ [ [ -58.47017, -34.55163 ], [ -58.471, -34.55053 ], [ -58.46819, -34.54894 ], [ -58.46731, -34.55003 ], [ -58.47017, -34.55163 ] ] ] } },
{ "type": "Feature", "properties": { "indice_acceso": 0.661 }, "geometry": { "type": "Polygon", "coordinates": [ [ [ -58.46668, -34.55083 ], [ -58.46954, -34.55242 ], [ -58.47017, -34.55163 ], [ -58.46731, -34.55003 ], [ -58.46668, -34.55083 ] ] ] } },
{ "type": "Feature", "properties": { "indice_acceso": 0.668 }, "geometry": { "type": "Polygon", "coordinates": [ [ [ -58.46896, -34.55316 ], [ -58.47158, -34.55456 ], [ -58.47272, -34.55305 ], [ -58.47017, -34.55163 ], [ -58.46896, -34.55316 ] ] ] } },
{ "type": "Feature", "properties": { "indice_acceso": 0.662 }, "geometry": { "type": "Polygon", "coordinates": [ [ [ -58.46603, -34.55163 ], [ -58.46896, -34.55316 ], [ -58.46954, -34.55242 ], [ -58.46668, -34.55083 ], [ -58.46603, -34.55163 ] ] ] } },
{ "type": "Feature", "properties": { "indice_acceso": 0.66 }, "geometry": { "type": "Polygon", "coordinates": [ [ [ -58.46452, -34.55351 ], [ -58.46561, -34.5541 ], [ -58.46725, -34.55226 ], [ -58.46603, -34.55163 ], [ -58.46452, -34.55351 ] ] ] } },
{ "type": "Feature", "properties": { "indice_acceso": 0.663 }, "geometry": { "type": "Polygon", "coordinates": [ [ [ -58.46635, -34.55344 ], [ -58.46561, -34.5541 ], [ -58.46638, -34.55452 ], [ -58.46723, -34.55389 ], [ -58.46812, -34.55272 ], [ -58.46725, -34.55226 ], [ -58.46635, -34.55344 ] ] ] } },
{ "type": "Feature", "properties": { "indice_acceso": 0.664 }, "geometry": { "type": "Polygon", "coordinates": [ [ [ -58.46723, -34.55389 ], [ -58.46967, -34.55516 ], [ -58.47071, -34.55409 ], [ -58.46812, -34.55272 ], [ -58.46723, -34.55389 ] ] ] } },
{ "type": "Feature", "properties": { "indice_acceso": 0.674 }, "geometry": { "type": "Polygon", "coordinates": [ [ [ -58.47007, -34.55795 ], [ -58.47245, -34.55502 ], [ -58.47071, -34.55409 ], [ -58.46967, -34.55516 ], [ -58.4706, -34.55566 ], [ -58.46909, -34.55742 ], [ -58.47007, -34.55795 ] ] ] } },
{ "type": "Feature", "properties": { "indice_acceso": 0.67 }, "geometry": { "type": "Polygon", "coordinates": [ [ [ -58.46709, -34.55636 ], [ -58.46909, -34.55742 ], [ -58.4706, -34.55566 ], [ -58.46877, -34.55469 ], [ -58.46709, -34.55636 ] ] ] } },
{ "type": "Feature", "properties": { "indice_acceso": 0.664 }, "geometry": { "type": "Polygon", "coordinates": [ [ [ -58.46522, -34.55537 ], [ -58.46616, -34.55587 ], [ -58.46711, -34.55493 ], [ -58.46802, -34.55544 ], [ -58.46877, -34.55469 ], [ -58.46723, -34.55389 ], [ -58.46522, -34.55537 ] ] ] } },
{ "type": "Feature", "properties": { "indice_acceso": 0.661 }, "geometry": { "type": "Polygon", "coordinates": [ [ [ -58.46354, -34.55448 ], [ -58.46522, -34.55537 ], [ -58.46638, -34.55452 ], [ -58.46452, -34.55351 ], [ -58.46354, -34.55448 ] ] ] } },
{ "type": "Feature", "properties": { "indice_acceso": 0.662 }, "geometry": { "type": "Polygon", "coordinates": [ [ [ -58.46254, -34.55548 ], [ -58.46434, -34.5564 ], [ -58.46522, -34.55537 ], [ -58.46354, -34.55448 ], [ -58.46254, -34.55548 ] ] ] } },
{ "type": "Feature", "properties": { "indice_acceso": 0.664 }, "geometry": { "type": "Polygon", "coordinates": [ [ [ -58.46434, -34.5564 ], [ -58.46622, -34.55738 ], [ -58.46802, -34.55544 ], [ -58.46711, -34.55493 ], [ -58.46616, -34.55587 ], [ -58.46522, -34.55537 ], [ -58.46434, -34.5564 ] ] ] } },
{ "type": "Feature", "properties": { "indice_acceso": 0.672 }, "geometry": { "type": "Polygon", "coordinates": [ [ [ -58.46918, -34.55893 ], [ -58.47007, -34.55795 ], [ -58.46709, -34.55636 ], [ -58.46622, -34.55738 ], [ -58.46918, -34.55893 ] ] ] } },
{ "type": "Feature", "properties": { "indice_acceso": 0.672 }, "geometry": { "type": "Polygon", "coordinates": [ [ [ -58.46774, -34.56053 ], [ -58.46918, -34.55893 ], [ -58.46718, -34.55789 ], [ -58.46582, -34.55946 ], [ -58.46774, -34.56053 ] ] ] } },
{ "type": "Feature", "properties": { "indice_acceso": 0.664 }, "geometry": { "type": "Polygon", "coordinates": [ [ [ -58.46462, -34.55766 ], [ -58.4665, -34.55867 ], [ -58.46718, -34.55789 ], [ -58.46527, -34.55689 ], [ -58.46462, -34.55766 ] ] ] } },
{ "type": "Feature", "properties": { "indice_acceso": 0.661 }, "geometry": { "type": "Polygon", "coordinates": [ [ [ -58.46462, -34.55766 ], [ -58.46527, -34.55689 ], [ -58.46254, -34.55548 ], [ -58.46187, -34.55618 ], [ -58.46462, -34.55766 ] ] ] } },
{ "type": "Feature", "properties": { "indice_acceso": 0.659 }, "geometry": { "type": "Polygon", "coordinates": [ [ [ -58.46122, -34.55689 ], [ -58.46305, -34.55791 ], [ -58.46369, -34.55716 ], [ -58.46187, -34.55618 ], [ -58.46122, -34.55689 ] ] ] } },
{ "type": "Feature", "properties": { "indice_acceso": 0.661 }, "geometry": { "type": "Polygon", "coordinates": [ [ [ -58.46056, -34.55759 ], [ -58.46241, -34.55865 ], [ -58.46305, -34.55791 ], [ -58.46122, -34.55689 ], [ -58.46056, -34.55759 ] ] ] } },
{ "type": "Feature", "properties": { "indice_acceso": 0.664 }, "geometry": { "type": "Polygon", "coordinates": [ [ [ -58.46332, -34.55917 ], [ -58.46462, -34.55766 ], [ -58.46369, -34.55716 ], [ -58.46241, -34.55865 ], [ -58.46332, -34.55917 ] ] ] } },
{ "type": "Feature", "properties": { "indice_acceso": 0.665 }, "geometry": { "type": "Polygon", "coordinates": [ [ [ -58.46422, -34.5597 ], [ -58.46555, -34.55816 ], [ -58.46462, -34.55766 ], [ -58.46332, -34.55917 ], [ -58.46422, -34.5597 ] ] ] } },
{ "type": "Feature", "properties": { "indice_acceso": 0.665 }, "geometry": { "type": "Polygon", "coordinates": [ [ [ -58.46516, -34.56024 ], [ -58.4665, -34.55867 ], [ -58.46555, -34.55816 ], [ -58.46422, -34.5597 ], [ -58.46516, -34.56024 ] ] ] } },
{ "type": "Feature", "properties": { "indice_acceso": 0.671 }, "geometry": { "type": "Polygon", "coordinates": [ [ [ -58.46704, -34.56132 ], [ -58.46774, -34.56053 ], [ -58.46582, -34.55946 ], [ -58.46516, -34.56024 ], [ -58.46704, -34.56132 ] ] ] } },
{ "type": "Feature", "properties": { "indice_acceso": 0.658 }, "geometry": { "type": "Polygon", "coordinates": [ [ [ -58.46053, -34.55582 ], [ -58.46165, -34.55643 ], [ -58.46254, -34.55548 ], [ -58.46135, -34.55486 ], [ -58.46053, -34.55582 ] ] ] } },
{ "type": "Feature", "properties": { "indice_acceso": 0.65 }, "geometry": { "type": "Polygon", "coordinates": [ [ [ -58.4596, -34.55532 ], [ -58.46053, -34.55582 ], [ -58.46135, -34.55486 ], [ -58.46041, -34.55437 ], [ -58.4596, -34.55532 ] ] ] } },
{ "type": "Feature", "properties": { "indice_acceso": 0.648 }, "geometry": { "type": "Polygon", "coordinates": [ [ [ -58.4588, -34.55623 ], [ -58.46041, -34.55437 ], [ -58.45947, -34.55387 ], [ -58.45788, -34.55571 ], [ -58.4588, -34.55623 ] ] ] } },
{ "type": "Feature", "properties": { "indice_acceso": 0.645 }, "geometry": { "type": "Polygon", "coordinates": [ [ [ -58.45788, -34.55571 ], [ -58.45947, -34.55387 ], [ -58.45826, -34.55324 ], [ -58.45727, -34.55404 ], [ -58.45774, -34.5543 ], [ -58.45697, -34.55519 ], [ -58.45788, -34.55571 ] ] ] } },
{ "type": "Feature", "properties": { "indice_acceso": 0.641 }, "geometry": { "type": "Polygon", "coordinates": [ [ [ -58.45578, -34.55502 ], [ -58.4545, -34.5565 ], [ -58.45539, -34.55702 ], [ -58.45774, -34.5543 ], [ -58.45727, -34.55404 ], [ -58.45578, -34.55502 ] ] ] } },
{ "type": "Feature", "properties": { "indice_acceso": 0.645 }, "geometry": { "type": "Polygon", "coordinates": [ [ [ -58.4562, -34.55608 ], [ -58.4571, -34.55661 ], [ -58.45788, -34.55571 ], [ -58.45697, -34.55519 ], [ -58.4562, -34.55608 ] ] ] } },
{ "type": "Feature", "properties": { "indice_acceso": 0.646 }, "geometry": { "type": "Polygon", "coordinates": [ [ [ -58.4571, -34.55661 ], [ -58.45801, -34.55715 ], [ -58.4588, -34.55623 ], [ -58.45788, -34.55571 ], [ -58.4571, -34.55661 ] ] ] } },
{ "type": "Feature", "properties": { "indice_acceso": 0.654 }, "geometry": { "type": "Polygon", "coordinates": [ [ [ -58.45801, -34.55715 ], [ -58.45991, -34.55829 ], [ -58.46077, -34.55736 ], [ -58.4588, -34.55623 ], [ -58.45801, -34.55715 ] ] ] } },
{ "type": "Feature", "properties": { "indice_acceso": 0.652 }, "geometry": { "type": "Polygon", "coordinates": [ [ [ -58.4588, -34.55623 ], [ -58.45972, -34.55676 ], [ -58.46053, -34.55582 ], [ -58.4596, -34.55532 ], [ -58.4588, -34.55623 ] ] ] } },
{ "type": "Feature", "properties": { "indice_acceso": 0.656 }, "geometry": { "type": "Polygon", "coordinates": [ [ [ -58.45972, -34.55676 ], [ -58.46077, -34.55736 ], [ -58.46165, -34.55643 ], [ -58.46053, -34.55582 ], [ -58.45972, -34.55676 ] ] ] } },
{ "type": "Feature", "properties": { "indice_acceso": 0.641 }, "geometry": { "type": "Polygon", "coordinates": [ [ [ -58.45539, -34.55702 ], [ -58.45628, -34.55756 ], [ -58.4571, -34.55661 ], [ -58.4562, -34.55608 ], [ -58.45539, -34.55702 ] ] ] } },
{ "type": "Feature", "properties": { "indice_acceso": 0.642 }, "geometry": { "type": "Polygon", "coordinates": [ [ [ -58.45628, -34.55756 ], [ -58.45811, -34.55864 ], [ -58.45892, -34.5577 ], [ -58.4571, -34.55661 ], [ -58.45628, -34.55756 ] ] ] } },
{ "type": "Feature", "properties": { "indice_acceso": 0.653 }, "geometry": { "type": "Polygon", "coordinates": [ [ [ -58.45811, -34.55864 ], [ -58.45909, -34.55923 ], [ -58.45991, -34.55829 ], [ -58.45892, -34.5577 ], [ -58.45811, -34.55864 ] ] ] } },
{ "type": "Feature", "properties": { "indice_acceso": 0.639 }, "geometry": { "type": "Polygon", "coordinates": [ [ [ -58.4573, -34.55957 ], [ -58.4583, -34.56016 ], [ -58.45909, -34.55923 ], [ -58.45811, -34.55864 ], [ -58.4573, -34.55957 ] ] ] } },
{ "type": "Feature", "properties": { "indice_acceso": 0.636 }, "geometry": { "type": "Polygon", "coordinates": [ [ [ -58.45548, -34.55848 ], [ -58.4573, -34.55957 ], [ -58.45811, -34.55864 ], [ -58.45628, -34.55756 ], [ -58.45548, -34.55848 ] ] ] } },
{ "type": "Feature", "properties": { "indice_acceso": 0.63 }, "geometry": { "type": "Polygon", "coordinates": [ [ [ -58.45369, -34.55743 ], [ -58.45548, -34.55848 ], [ -58.45628, -34.55756 ], [ -58.4545, -34.5565 ], [ -58.45369, -34.55743 ] ] ] } },
{ "type": "Feature", "properties": { "indice_acceso": 0.635 }, "geometry": { "type": "Polygon", "coordinates": [ [ [ -58.4529, -34.55835 ], [ -58.45378, -34.55888 ], [ -58.45459, -34.55796 ], [ -58.45369, -34.55743 ], [ -58.4529, -34.55835 ] ] ] } },
{ "type": "Feature", "properties": { "indice_acceso": 0.634 }, "geometry": { "type": "Polygon", "coordinates": [ [ [ -58.45378, -34.55888 ], [ -58.45468, -34.55941 ], [ -58.45548, -34.55848 ], [ -58.45459, -34.55796 ], [ -58.45378, -34.55888 ] ] ] } },
{ "type": "Feature", "properties": { "indice_acceso": 0.635 }, "geometry": { "type": "Polygon", "coordinates": [ [ [ -58.45468, -34.55941 ], [ -58.45558, -34.55995 ], [ -58.45639, -34.55902 ], [ -58.45548, -34.55848 ], [ -58.45468, -34.55941 ] ] ] } },
{ "type": "Feature", "properties": { "indice_acceso": 0.639 }, "geometry": { "type": "Polygon", "coordinates": [ [ [ -58.45558, -34.55995 ], [ -58.4575, -34.56109 ], [ -58.4583, -34.56016 ], [ -58.45639, -34.55902 ], [ -58.45558, -34.55995 ] ] ] } },
{ "type": "Feature", "properties": { "indice_acceso": 0.64 }, "geometry": { "type": "Polygon", "coordinates": [ [ [ -58.45682, -34.55379 ], [ -58.45578, -34.55323 ], [ -58.45504, -34.55409 ], [ -58.4562, -34.55475 ], [ -58.45822, -34.55332 ], [ -58.45759, -34.55289 ], [ -58.45682, -34.55379 ] ] ] } },
{ "type": "Feature", "properties": { "indice_acceso": 0.642 }, "geometry": { "type": "Polygon", "coordinates": [ [ [ -58.45328, -34.55434 ], [ -58.4551, -34.55542 ], [ -58.4562, -34.55475 ], [ -58.45504, -34.55409 ], [ -58.45578, -34.55323 ], [ -58.45682, -34.55379 ], [ -58.45759, -34.55289 ], [ -58.45546, -34.55179 ], [ -58.45328, -34.55434 ] ] ] } },
{ "type": "Feature", "properties": { "indice_acceso": 0.645 }, "geometry": { "type": "Polygon", "coordinates": [ [ [ -58.45157, -34.55217 ], [ -58.45283, -34.55283 ], [ -58.45355, -34.552 ], [ -58.45472, -34.55265 ], [ -58.45546, -34.55179 ], [ -58.453, -34.5505 ], [ -58.45157, -34.55217 ] ] ] } },
{ "type": "Feature", "properties": { "indice_acceso": 0.641 }, "geometry": { "type": "Polygon", "coordinates": [ [ [ -58.4493, -34.55482 ], [ -58.45051, -34.55554 ], [ -58.45283, -34.55283 ], [ -58.45157, -34.55217 ], [ -58.4493, -34.55482 ] ] ] } },
{ "type": "Feature", "properties": { "indice_acceso": 0.639 }, "geometry": { "type": "Polygon", "coordinates": [ [ [ -58.45051, -34.55554 ], [ -58.45166, -34.55622 ], [ -58.45472, -34.55265 ], [ -58.45355, -34.552 ], [ -58.45051, -34.55554 ] ] ] } },
{ "type": "Feature", "properties": { "indice_acceso": 0.632 }, "geometry": { "type": "Polygon", "coordinates": [ [ [ -58.45166, -34.55622 ], [ -58.45264, -34.5568 ], [ -58.4551, -34.55542 ], [ -58.45328, -34.55434 ], [ -58.45166, -34.55622 ] ] ] } },
{ "type": "Feature", "properties": { "indice_acceso": 0.632 }, "geometry": { "type": "Polygon", "coordinates": [ [ [ -58.45269, -34.55675 ], [ -58.452, -34.55781 ], [ -58.4529, -34.55835 ], [ -58.45578, -34.55502 ], [ -58.45269, -34.55675 ] ] ] } },
{ "type": "Feature", "properties": { "indice_acceso": 0.638 }, "geometry": { "type": "Polygon", "coordinates": [ [ [ -58.45115, -34.55879 ], [ -58.45206, -34.55933 ], [ -58.4529, -34.55835 ], [ -58.452, -34.55781 ], [ -58.45115, -34.55879 ] ] ] } },
{ "type": "Feature", "properties": { "indice_acceso": 0.638 }, "geometry": { "type": "Polygon", "coordinates": [ [ [ -58.45028, -34.55794 ], [ -58.45005, -34.55809 ], [ -58.45115, -34.55879 ], [ -58.4528, -34.5569 ], [ -58.45245, -34.55669 ], [ -58.45028, -34.55794 ] ] ] } },
{ "type": "Feature", "properties": { "indice_acceso": 0.636 }, "geometry": { "type": "Polygon", "coordinates": [ [ [ -58.4489, -34.55741 ], [ -58.45005, -34.55809 ], [ -58.45245, -34.55669 ], [ -58.45051, -34.55554 ], [ -58.4489, -34.55741 ] ] ] } },
{ "type": "Feature", "properties": { "indice_acceso": 0.637 }, "geometry": { "type": "Polygon", "coordinates": [ [ [ -58.44769, -34.55668 ], [ -58.4489, -34.55741 ], [ -58.45051, -34.55554 ], [ -58.4493, -34.55482 ], [ -58.44769, -34.55668 ] ] ] } },
{ "type": "Feature", "properties": { "indice_acceso": 0.613 }, "geometry": { "type": "Polygon", "coordinates": [ [ [ -58.45078, -34.53257 ], [ -58.45001, -34.53516 ], [ -58.45047, -34.53555 ], [ -58.45321, -34.53577 ], [ -58.45477, -34.53729 ], [ -58.4549, -34.53815 ], [ -58.45463, -34.53802 ], [ -58.4541, -34.5388 ], [ -58.45217, -34.53957 ], [ -58.45118, -34.53814 ], [ -58.44988, -34.53737 ], [ -58.45002, -34.53612 ], [ -58.44895, -34.53555 ], [ -58.4488, -34.53582 ], [ -58.44939, -34.53632 ], [ -58.44871, -34.53722 ], [ -58.44917, -34.53793 ], [ -58.44847, -34.53739 ], [ -58.44179, -34.54113 ], [ -58.44333, -34.53991 ], [ -58.44361, -34.53915 ], [ -58.44429, -34.53869 ], [ -58.44604, -34.53769 ], [ -58.44672, -34.53772 ], [ -58.44737, -34.53709 ], [ -58.44815, -34.53729 ], [ -58.44664, -34.53611 ], [ -58.44332, -34.53664 ], [ -58.44157, -34.53816 ], [ -58.44095, -34.53915 ], [ -58.44074, -34.5403 ], [ -58.44041, -34.5403 ], [ -58.44029, -34.53971 ], [ -58.43949, -34.54031 ], [ -58.43796, -34.53986 ], [ -58.43623, -34.54037 ], [ -58.4355, -34.5412 ], [ -58.43501, -34.54255 ], [ -58.4333, -34.54304 ], [ -58.43183, -34.54402 ], [ -58.43076, -34.54559 ], [ -58.43057, -34.54711 ], [ -58.42996, -34.54674 ], [ -58.4297, -34.54711 ], [ -58.4299, -34.54769 ], [ -58.4306, -34.54735 ], [ -58.43063, -34.54778 ], [ -58.42935, -34.5491 ], [ -58.42829, -34.54935 ], [ -58.42785, -34.5491 ], [ -58.42731, -34.5498 ], [ -58.42606, -34.54954 ], [ -58.42573, -34.55006 ], [ -58.42514, -34.54893 ], [ -58.4267, -34.55205 ], [ -58.42976, -34.55094 ], [ -58.43098, -34.55112 ], [ -58.43233, -34.55186 ], [ -58.44578, -34.54451 ], [ -58.4459, -34.54517 ], [ -58.44729, -34.54702 ], [ -58.44963, -34.54666 ], [ -58.4501, -34.54885 ], [ -58.45366, -34.54831 ], [ -58.44928, -34.54266 ], [ -58.4517, -34.54132 ], [ -58.45474, -34.54033 ], [ -58.45944, -34.5378 ], [ -58.45867, -34.53716 ], [ -58.45741, -34.53686 ], [ -58.45364, -34.53492 ], [ -58.45366, -34.53432 ], [ -58.45236, -34.53293 ], [ -58.45158, -34.53155 ], [ -58.45078, -34.53257 ] ] ] } },
{ "type": "Feature", "properties": { "indice_acceso": 0.644 }, "geometry": { "type": "Polygon", "coordinates": [ [ [ -58.44113, -34.54802 ], [ -58.44219, -34.54778 ], [ -58.44763, -34.551 ], [ -58.44803, -34.55035 ], [ -58.45031, -34.54988 ], [ -58.44963, -34.54666 ], [ -58.44729, -34.54702 ], [ -58.4459, -34.54517 ], [ -58.44578, -34.54451 ], [ -58.44059, -34.54737 ], [ -58.44113, -34.54802 ] ] ] } },
{ "type": "Feature", "properties": { "indice_acceso": 0.651 }, "geometry": { "type": "Polygon", "coordinates": [ [ [ -58.45031, -34.54988 ], [ -58.4518, -34.54978 ], [ -58.453, -34.5505 ], [ -58.45416, -34.54941 ], [ -58.45366, -34.54831 ], [ -58.4501, -34.54885 ], [ -58.45031, -34.54988 ] ] ] } },
{ "type": "Feature", "properties": { "indice_acceso": 0.648 }, "geometry": { "type": "Polygon", "coordinates": [ [ [ -58.45102, -34.55262 ], [ -58.45092, -34.55295 ], [ -58.453, -34.5505 ], [ -58.4518, -34.54978 ], [ -58.45054, -34.54997 ], [ -58.45102, -34.55262 ] ] ] } },
{ "type": "Feature", "properties": { "indice_acceso": 0.649 }, "geometry": { "type": "Polygon", "coordinates": [ [ [ -58.44803, -34.55035 ], [ -58.44763, -34.551 ], [ -58.45092, -34.55295 ], [ -58.45046, -34.55038 ], [ -58.45068, -34.55008 ], [ -58.45031, -34.54988 ], [ -58.44803, -34.55035 ] ] ] } },
{ "type": "Feature", "properties": { "indice_acceso": 0.645 }, "geometry": { "type": "Polygon", "coordinates": [ [ [ -58.4501, -34.55388 ], [ -58.45092, -34.55295 ], [ -58.44428, -34.54901 ], [ -58.44346, -34.54996 ], [ -58.4501, -34.55388 ] ] ] } },
{ "type": "Feature", "properties": { "indice_acceso": 0.629 }, "geometry": { "type": "Polygon", "coordinates": [ [ [ -58.4493, -34.55482 ], [ -58.4501, -34.55388 ], [ -58.44346, -34.54996 ], [ -58.44266, -34.55088 ], [ -58.4493, -34.55482 ] ] ] } },
{ "type": "Feature", "properties": { "indice_acceso": 0.637 }, "geometry": { "type": "Polygon", "coordinates": [ [ [ -58.44553, -34.5554 ], [ -58.44769, -34.55668 ], [ -58.4493, -34.55482 ], [ -58.44713, -34.55353 ], [ -58.44553, -34.5554 ] ] ] } },
{ "type": "Feature", "properties": { "indice_acceso": 0.634 }, "geometry": { "type": "Polygon", "coordinates": [ [ [ -58.443, -34.55245 ], [ -58.44636, -34.55444 ], [ -58.44713, -34.55353 ], [ -58.44378, -34.55155 ], [ -58.443, -34.55245 ] ] ] } },
{ "type": "Feature", "properties": { "indice_acceso": 0.645 }, "geometry": { "type": "Polygon", "coordinates": [ [ [ -58.44471, -34.55634 ], [ -58.44636, -34.55444 ], [ -58.4441, -34.5531 ], [ -58.44248, -34.55501 ], [ -58.44471, -34.55634 ] ] ] } },
{ "type": "Feature", "properties": { "indice_acceso": 0.643 }, "geometry": { "type": "Polygon", "coordinates": [ [ [ -58.44248, -34.55501 ], [ -58.4441, -34.5531 ], [ -58.443, -34.55245 ], [ -58.44378, -34.55155 ], [ -58.44266, -34.55088 ], [ -58.44024, -34.55368 ], [ -58.44248, -34.55501 ] ] ] } },
{ "type": "Feature", "properties": { "indice_acceso": 0.638 }, "geometry": { "type": "Polygon", "coordinates": [ [ [ -58.43644, -34.54961 ], [ -58.43233, -34.55186 ], [ -58.43443, -34.55305 ], [ -58.43466, -34.55359 ], [ -58.43541, -34.5537 ], [ -58.43746, -34.55491 ], [ -58.4391, -34.55301 ], [ -58.44024, -34.55368 ], [ -58.44428, -34.54901 ], [ -58.44219, -34.54778 ], [ -58.44113, -34.54802 ], [ -58.44059, -34.54737 ], [ -58.43644, -34.54961 ] ] ] } },
{ "type": "Feature", "properties": { "indice_acceso": 0.65 }, "geometry": { "type": "Polygon", "coordinates": [ [ [ -58.4391, -34.55301 ], [ -58.43746, -34.55491 ], [ -58.43858, -34.55558 ], [ -58.43941, -34.55463 ], [ -58.44053, -34.55531 ], [ -58.44137, -34.55434 ], [ -58.4391, -34.55301 ] ] ] } },
{ "type": "Feature", "properties": { "indice_acceso": 0.651 }, "geometry": { "type": "Polygon", "coordinates": [ [ [ -58.44053, -34.55531 ], [ -58.43941, -34.55463 ], [ -58.43858, -34.55558 ], [ -58.44084, -34.55693 ], [ -58.44248, -34.55501 ], [ -58.44137, -34.55434 ], [ -58.44053, -34.55531 ] ] ] } },
{ "type": "Feature", "properties": { "indice_acceso": 0.649 }, "geometry": { "type": "Polygon", "coordinates": [ [ [ -58.44501, -34.55798 ], [ -58.44665, -34.55606 ], [ -58.44553, -34.5554 ], [ -58.44471, -34.55634 ], [ -58.44248, -34.55501 ], [ -58.44181, -34.55608 ], [ -58.44501, -34.55798 ] ] ] } },
{ "type": "Feature", "properties": { "indice_acceso": 0.651 }, "geometry": { "type": "Polygon", "coordinates": [ [ [ -58.4442, -34.55893 ], [ -58.44501, -34.55798 ], [ -58.44165, -34.55598 ], [ -58.44084, -34.55693 ], [ -58.4442, -34.55893 ] ] ] } },
{ "type": "Feature", "properties": { "indice_acceso": 0.645 }, "geometry": { "type": "Polygon", "coordinates": [ [ [ -58.43495, -34.56179 ], [ -58.43486, -34.56209 ], [ -58.43541, -34.56255 ], [ -58.43822, -34.56249 ], [ -58.44117, -34.5621 ], [ -58.44348, -34.56137 ], [ -58.44258, -34.56082 ], [ -58.4442, -34.55893 ], [ -58.43561, -34.55381 ], [ -58.43466, -34.55359 ], [ -58.43411, -34.55396 ], [ -58.43598, -34.55486 ], [ -58.43769, -34.55615 ], [ -58.44016, -34.5571 ], [ -58.44106, -34.5579 ], [ -58.44134, -34.55857 ], [ -58.44096, -34.55992 ], [ -58.4399, -34.56089 ], [ -58.43847, -34.56161 ], [ -58.43678, -34.56192 ], [ -58.43495, -34.56179 ] ] ] } },
{ "type": "Feature", "properties": { "indice_acceso": 0.643 }, "geometry": { "type": "Polygon", "coordinates": [ [ [ -58.4494, -34.55915 ], [ -58.44888, -34.55874 ], [ -58.44755, -34.55948 ], [ -58.45044, -34.56119 ], [ -58.45206, -34.55933 ], [ -58.45074, -34.55854 ], [ -58.4494, -34.55915 ] ] ] } },
{ "type": "Feature", "properties": { "indice_acceso": 0.642 }, "geometry": { "type": "Polygon", "coordinates": [ [ [ -58.44807, -34.55836 ], [ -58.4494, -34.55915 ], [ -58.45074, -34.55854 ], [ -58.4489, -34.55741 ], [ -58.44807, -34.55836 ] ] ] } },
{ "type": "Feature", "properties": { "indice_acceso": 0.647 }, "geometry": { "type": "Polygon", "coordinates": [ [ [ -58.44583, -34.55702 ], [ -58.44807, -34.55836 ], [ -58.4489, -34.55741 ], [ -58.44665, -34.55606 ], [ -58.44583, -34.55702 ] ] ] } },
{ "type": "Feature", "properties": { "indice_acceso": 0.647 }, "geometry": { "type": "Polygon", "coordinates": [ [ [ -58.44605, -34.55859 ], [ -58.44755, -34.55948 ], [ -58.44879, -34.55879 ], [ -58.44687, -34.55764 ], [ -58.44605, -34.55859 ] ] ] } },
{ "type": "Feature", "properties": { "indice_acceso": 0.648 }, "geometry": { "type": "Polygon", "coordinates": [ [ [ -58.44501, -34.55798 ], [ -58.44605, -34.55859 ], [ -58.44687, -34.55764 ], [ -58.44583, -34.55702 ], [ -58.44501, -34.55798 ] ] ] } },
{ "type": "Feature", "properties": { "indice_acceso": 0.65 }, "geometry": { "type": "Polygon", "coordinates": [ [ [ -58.4442, -34.55893 ], [ -58.44523, -34.55954 ], [ -58.44605, -34.55859 ], [ -58.44501, -34.55798 ], [ -58.4442, -34.55893 ] ] ] } },
{ "type": "Feature", "properties": { "indice_acceso": 0.65 }, "geometry": { "type": "Polygon", "coordinates": [ [ [ -58.44523, -34.55954 ], [ -58.44629, -34.56016 ], [ -58.44755, -34.55948 ], [ -58.44605, -34.55859 ], [ -58.44523, -34.55954 ] ] ] } },
{ "type": "Feature", "properties": { "indice_acceso": 0.649 }, "geometry": { "type": "Polygon", "coordinates": [ [ [ -58.44629, -34.56016 ], [ -58.44669, -34.5604 ], [ -58.44553, -34.56114 ], [ -58.447, -34.56201 ], [ -58.44781, -34.56106 ], [ -58.44962, -34.56214 ], [ -58.45044, -34.56119 ], [ -58.44755, -34.55948 ], [ -58.44629, -34.56016 ] ] ] } },
{ "type": "Feature", "properties": { "indice_acceso": 0.65 }, "geometry": { "type": "Polygon", "coordinates": [ [ [ -58.44791, -34.56254 ], [ -58.44872, -34.5616 ], [ -58.44781, -34.56106 ], [ -58.447, -34.56201 ], [ -58.44791, -34.56254 ] ] ] } },
{ "type": "Feature", "properties": { "indice_acceso": 0.649 }, "geometry": { "type": "Polygon", "coordinates": [ [ [ -58.44791, -34.56254 ], [ -58.44881, -34.56308 ], [ -58.44962, -34.56214 ], [ -58.44872, -34.5616 ], [ -58.44791, -34.56254 ] ] ] } },
{ "type": "Feature", "properties": { "indice_acceso": 0.649 }, "geometry": { "type": "Polygon", "coordinates": [ [ [ -58.4462, -34.56294 ], [ -58.44802, -34.56401 ], [ -58.44881, -34.56308 ], [ -58.447, -34.56201 ], [ -58.4462, -34.56294 ] ] ] } },
{ "type": "Feature", "properties": { "indice_acceso": 0.649 }, "geometry": { "type": "Polygon", "coordinates": [ [ [ -58.44418, -34.56176 ], [ -58.4462, -34.56294 ], [ -58.447, -34.56201 ], [ -58.44553, -34.56114 ], [ -58.44416, -34.56149 ], [ -58.44418, -34.56176 ] ] ] } },
{ "type": "Feature", "properties": { "indice_acceso": 0.649 }, "geometry": { "type": "Polygon", "coordinates": [ [ [ -58.44338, -34.55987 ], [ -58.44442, -34.56048 ], [ -58.44348, -34.56137 ], [ -58.44553, -34.56114 ], [ -58.44669, -34.5604 ], [ -58.4442, -34.55893 ], [ -58.44338, -34.55987 ] ] ] } },
{ "type": "Feature", "properties": { "indice_acceso": 0.652 }, "geometry": { "type": "Polygon", "coordinates": [ [ [ -58.44258, -34.56082 ], [ -58.4435, -34.56135 ], [ -58.44442, -34.56048 ], [ -58.44338, -34.55987 ], [ -58.44258, -34.56082 ] ] ] } },
{ "type": "Feature", "properties": { "indice_acceso": 0.635 }, "geometry": { "type": "Polygon", "coordinates": [ [ [ -58.45383, -34.56039 ], [ -58.45474, -34.56093 ], [ -58.45558, -34.55995 ], [ -58.45468, -34.55941 ], [ -58.45383, -34.56039 ] ] ] } },
{ "type": "Feature", "properties": { "indice_acceso": 0.636 }, "geometry": { "type": "Polygon", "coordinates": [ [ [ -58.45294, -34.55986 ], [ -58.45383, -34.56039 ], [ -58.45468, -34.55941 ], [ -58.45378, -34.55888 ], [ -58.45294, -34.55986 ] ] ] } },
{ "type": "Feature", "properties": { "indice_acceso": 0.638 }, "geometry": { "type": "Polygon", "coordinates": [ [ [ -58.45206, -34.55933 ], [ -58.45294, -34.55986 ], [ -58.45378, -34.55888 ], [ -58.4529, -34.55835 ], [ -58.45206, -34.55933 ] ] ] } },
{ "type": "Feature", "properties": { "indice_acceso": 0.641 }, "geometry": { "type": "Polygon", "coordinates": [ [ [ -58.45126, -34.56026 ], [ -58.45215, -34.56078 ], [ -58.45294, -34.55986 ], [ -58.45206, -34.55933 ], [ -58.45126, -34.56026 ] ] ] } },
{ "type": "Feature", "properties": { "indice_acceso": 0.639 }, "geometry": { "type": "Polygon", "coordinates": [ [ [ -58.45215, -34.56078 ], [ -58.45304, -34.56131 ], [ -58.45383, -34.56039 ], [ -58.45294, -34.55986 ], [ -58.45215, -34.56078 ] ] ] } },
{ "type": "Feature", "properties": { "indice_acceso": 0.638 }, "geometry": { "type": "Polygon", "coordinates": [ [ [ -58.45474, -34.56093 ], [ -58.45383, -34.56039 ], [ -58.45304, -34.56131 ], [ -58.45587, -34.56299 ], [ -58.4575, -34.56109 ], [ -58.45558, -34.55995 ], [ -58.45474, -34.56093 ] ] ] } },
{ "type": "Feature", "properties": { "indice_acceso": 0.641 }, "geometry": { "type": "Polygon", "coordinates": [ [ [ -58.45406, -34.56333 ], [ -58.45506, -34.56393 ], [ -58.45587, -34.56299 ], [ -58.45486, -34.56239 ], [ -58.45406, -34.56333 ] ] ] } },
{ "type": "Feature", "properties": { "indice_acceso": 0.638 }, "geometry": { "type": "Polygon", "coordinates": [ [ [ -58.45314, -34.56279 ], [ -58.45406, -34.56333 ], [ -58.45486, -34.56239 ], [ -58.45395, -34.56185 ], [ -58.45314, -34.56279 ] ] ] } },
{ "type": "Feature", "properties": { "indice_acceso": 0.64 }, "geometry": { "type": "Polygon", "coordinates": [ [ [ -58.45223, -34.56225 ], [ -58.45314, -34.56279 ], [ -58.45395, -34.56185 ], [ -58.45304, -34.56131 ], [ -58.45223, -34.56225 ] ] ] } },
{ "type": "Feature", "properties": { "indice_acceso": 0.643 }, "geometry": { "type": "Polygon", "coordinates": [ [ [ -58.45133, -34.56172 ], [ -58.45223, -34.56225 ], [ -58.45304, -34.56131 ], [ -58.45215, -34.56078 ], [ -58.45133, -34.56172 ] ] ] } },
{ "type": "Feature", "properties": { "indice_acceso": 0.644 }, "geometry": { "type": "Polygon", "coordinates": [ [ [ -58.45044, -34.56119 ], [ -58.45133, -34.56172 ], [ -58.45215, -34.56078 ], [ -58.45126, -34.56026 ], [ -58.45044, -34.56119 ] ] ] } },
{ "type": "Feature", "properties": { "indice_acceso": 0.648 }, "geometry": { "type": "Polygon", "coordinates": [ [ [ -58.45849, -34.56166 ], [ -58.45938, -34.5622 ], [ -58.46017, -34.56127 ], [ -58.45928, -34.56075 ], [ -58.45849, -34.56166 ] ] ] } },
{ "type": "Feature", "properties": { "indice_acceso": 0.646 }, "geometry": { "type": "Polygon", "coordinates": [ [ [ -58.45669, -34.56204 ], [ -58.45767, -34.56261 ], [ -58.45928, -34.56075 ], [ -58.4583, -34.56016 ], [ -58.45669, -34.56204 ] ] ] } },
{ "type": "Feature", "properties": { "indice_acceso": 0.649 }, "geometry": { "type": "Polygon", "coordinates": [ [ [ -58.45767, -34.56261 ], [ -58.45945, -34.56367 ], [ -58.46027, -34.56272 ], [ -58.45849, -34.56166 ], [ -58.45767, -34.56261 ] ] ] } },
{ "type": "Feature", "properties": { "indice_acceso": 0.656 }, "geometry": { "type": "Polygon", "coordinates": [ [ [ -58.45945, -34.56367 ], [ -58.46034, -34.5642 ], [ -58.46117, -34.56324 ], [ -58.46027, -34.56272 ], [ -58.45945, -34.56367 ] ] ] } },
{ "type": "Feature", "properties": { "indice_acceso": 0.659 }, "geometry": { "type": "Polygon", "coordinates": [ [ [ -58.46034, -34.5642 ], [ -58.4613, -34.56476 ], [ -58.46213, -34.56381 ], [ -58.46117, -34.56324 ], [ -58.46034, -34.5642 ] ] ] } },
{ "type": "Feature", "properties": { "indice_acceso": 0.658 }, "geometry": { "type": "Polygon", "coordinates": [ [ [ -58.45953, -34.56514 ], [ -58.46049, -34.56571 ], [ -58.4613, -34.56476 ], [ -58.46034, -34.5642 ], [ -58.45953, -34.56514 ] ] ] } },
{ "type": "Feature", "properties": { "indice_acceso": 0.655 }, "geometry": { "type": "Polygon", "coordinates": [ [ [ -58.45864, -34.56462 ], [ -58.45953, -34.56514 ], [ -58.46034, -34.5642 ], [ -58.45945, -34.56367 ], [ -58.45864, -34.56462 ] ] ] } },
{ "type": "Feature", "properties": { "indice_acceso": 0.651 }, "geometry": { "type": "Polygon", "coordinates": [ [ [ -58.45775, -34.56409 ], [ -58.45864, -34.56462 ], [ -58.45945, -34.56367 ], [ -58.45857, -34.56314 ], [ -58.45775, -34.56409 ] ] ] } },
{ "type": "Feature", "properties": { "indice_acceso": 0.647 }, "geometry": { "type": "Polygon", "coordinates": [ [ [ -58.45506, -34.56393 ], [ -58.45604, -34.56451 ], [ -58.45685, -34.56357 ], [ -58.45775, -34.56409 ], [ -58.45857, -34.56314 ], [ -58.45669, -34.56204 ], [ -58.45506, -34.56393 ] ] ] } },
{ "type": "Feature", "properties": { "indice_acceso": 0.65 }, "geometry": { "type": "Polygon", "coordinates": [ [ [ -58.45694, -34.56504 ], [ -58.45775, -34.56409 ], [ -58.45685, -34.56357 ], [ -58.45604, -34.56451 ], [ -58.45694, -34.56504 ] ] ] } },
{ "type": "Feature", "properties": { "indice_acceso": 0.652 }, "geometry": { "type": "Polygon", "coordinates": [ [ [ -58.45694, -34.56504 ], [ -58.45782, -34.56556 ], [ -58.45864, -34.56462 ], [ -58.45775, -34.56409 ], [ -58.45694, -34.56504 ] ] ] } },
{ "type": "Feature", "properties": { "indice_acceso": 0.657 }, "geometry": { "type": "Polygon", "coordinates": [ [ [ -58.45782, -34.56556 ], [ -58.45872, -34.56609 ], [ -58.45953, -34.56514 ], [ -58.45864, -34.56462 ], [ -58.45782, -34.56556 ] ] ] } },
{ "type": "Feature", "properties": { "indice_acceso": 0.665 }, "geometry": { "type": "Polygon", "coordinates": [ [ [ -58.46268, -34.55993 ], [ -58.46452, -34.56102 ], [ -58.46516, -34.56024 ], [ -58.46332, -34.55917 ], [ -58.46268, -34.55993 ] ] ] } },
{ "type": "Feature", "properties": { "indice_acceso": 0.662 }, "geometry": { "type": "Polygon", "coordinates": [ [ [ -58.46088, -34.55886 ], [ -58.46268, -34.55993 ], [ -58.46332, -34.55917 ], [ -58.46151, -34.55813 ], [ -58.46088, -34.55886 ] ] ] } },
{ "type": "Feature", "properties": { "indice_acceso": 0.652 }, "geometry": { "type": "Polygon", "coordinates": [ [ [ -58.45991, -34.55829 ], [ -58.4583, -34.56016 ], [ -58.45928, -34.56075 ], [ -58.46151, -34.55813 ], [ -58.46056, -34.55759 ], [ -58.45991, -34.55829 ] ] ] } },
{ "type": "Feature", "properties": { "indice_acceso": 0.656 }, "geometry": { "type": "Polygon", "coordinates": [ [ [ -58.46008, -34.55981 ], [ -58.46097, -34.56033 ], [ -58.46178, -34.55939 ], [ -58.46088, -34.55886 ], [ -58.46008, -34.55981 ] ] ] } },
{ "type": "Feature", "properties": { "indice_acceso": 0.661 }, "geometry": { "type": "Polygon", "coordinates": [ [ [ -58.46097, -34.56033 ], [ -58.46187, -34.56087 ], [ -58.46268, -34.55993 ], [ -58.46178, -34.55939 ], [ -58.46097, -34.56033 ] ] ] } },
{ "type": "Feature", "properties": { "indice_acceso": 0.662 }, "geometry": { "type": "Polygon", "coordinates": [ [ [ -58.46187, -34.56087 ], [ -58.46276, -34.5614 ], [ -58.46357, -34.56046 ], [ -58.46268, -34.55993 ], [ -58.46187, -34.56087 ] ] ] } },
{ "type": "Feature", "properties": { "indice_acceso": 0.661 }, "geometry": { "type": "Polygon", "coordinates": [ [ [ -58.46276, -34.5614 ], [ -58.46372, -34.56197 ], [ -58.46452, -34.56102 ], [ -58.46357, -34.56046 ], [ -58.46276, -34.5614 ] ] ] } },
{ "type": "Feature", "properties": { "indice_acceso": 0.659 }, "geometry": { "type": "Polygon", "coordinates": [ [ [ -58.46196, -34.56233 ], [ -58.46292, -34.5629 ], [ -58.46372, -34.56197 ], [ -58.46276, -34.5614 ], [ -58.46196, -34.56233 ] ] ] } },
{ "type": "Feature", "properties": { "indice_acceso": 0.654 }, "geometry": { "type": "Polygon", "coordinates": [ [ [ -58.46106, -34.5618 ], [ -58.46196, -34.56233 ], [ -58.46276, -34.5614 ], [ -58.46187, -34.56087 ], [ -58.46106, -34.5618 ] ] ] } },
{ "type": "Feature", "properties": { "indice_acceso": 0.65 }, "geometry": { "type": "Polygon", "coordinates": [ [ [ -58.45928, -34.56075 ], [ -58.46106, -34.5618 ], [ -58.46187, -34.56087 ], [ -58.46008, -34.55981 ], [ -58.45928, -34.56075 ] ] ] } },
{ "type": "Feature", "properties": { "indice_acceso": 0.652 }, "geometry": { "type": "Polygon", "coordinates": [ [ [ -58.45938, -34.5622 ], [ -58.46027, -34.56272 ], [ -58.46106, -34.5618 ], [ -58.46017, -34.56127 ], [ -58.45938, -34.5622 ] ] ] } },
{ "type": "Feature", "properties": { "indice_acceso": 0.655 }, "geometry": { "type": "Polygon", "coordinates": [ [ [ -58.46027, -34.56272 ], [ -58.46117, -34.56324 ], [ -58.46196, -34.56233 ], [ -58.46106, -34.5618 ], [ -58.46027, -34.56272 ] ] ] } },
{ "type": "Feature", "properties": { "indice_acceso": 0.659 }, "geometry": { "type": "Polygon", "coordinates": [ [ [ -58.46117, -34.56324 ], [ -58.46213, -34.56381 ], [ -58.46292, -34.5629 ], [ -58.46196, -34.56233 ], [ -58.46117, -34.56324 ] ] ] } },
{ "type": "Feature", "properties": { "indice_acceso": 0.672 }, "geometry": { "type": "Polygon", "coordinates": [ [ [ -58.46649, -34.56219 ], [ -58.46768, -34.56169 ], [ -58.46516, -34.56024 ], [ -58.46452, -34.56102 ], [ -58.46649, -34.56219 ] ] ] } },
{ "type": "Feature", "properties": { "indice_acceso": 0.666 }, "geometry": { "type": "Polygon", "coordinates": [ [ [ -58.46371, -34.56337 ], [ -58.46649, -34.56219 ], [ -58.46452, -34.56102 ], [ -58.46292, -34.5629 ], [ -58.46371, -34.56337 ] ] ] } },
{ "type": "Feature", "properties": { "indice_acceso": 0.679 }, "geometry": { "type": "Polygon", "coordinates": [ [ [ -58.46497, -34.56411 ], [ -58.46658, -34.56226 ], [ -58.46371, -34.56337 ], [ -58.46497, -34.56411 ] ] ] } },
{ "type": "Feature", "properties": { "indice_acceso": 0.686 }, "geometry": { "type": "Polygon", "coordinates": [ [ [ -58.46497, -34.56411 ], [ -58.46601, -34.56473 ], [ -58.46681, -34.56381 ], [ -58.46577, -34.56318 ], [ -58.46497, -34.56411 ] ] ] } },
{ "type": "Feature", "properties": { "indice_acceso": 0.692 }, "geometry": { "type": "Polygon", "coordinates": [ [ [ -58.46793, -34.56446 ], [ -58.46861, -34.56368 ], [ -58.46658, -34.56226 ], [ -58.46577, -34.56318 ], [ -58.46793, -34.56446 ] ] ] } },
{ "type": "Feature", "properties": { "indice_acceso": 0.696 }, "geometry": { "type": "Polygon", "coordinates": [ [ [ -58.46601, -34.56473 ], [ -58.46713, -34.56538 ], [ -58.46793, -34.56446 ], [ -58.46681, -34.56381 ], [ -58.46601, -34.56473 ] ] ] } },
{ "type": "Feature", "properties": { "indice_acceso": 0.684 }, "geometry": { "type": "Polygon", "coordinates": [ [ [ -58.46523, -34.56565 ], [ -58.4644, -34.5666 ], [ -58.46487, -34.56688 ], [ -58.46638, -34.56642 ], [ -58.46713, -34.56538 ], [ -58.46601, -34.56473 ], [ -58.46523, -34.56565 ] ] ] } },
{ "type": "Feature", "properties": { "indice_acceso": 0.677 }, "geometry": { "type": "Polygon", "coordinates": [ [ [ -58.46418, -34.56502 ], [ -58.46523, -34.56565 ], [ -58.46601, -34.56473 ], [ -58.46497, -34.56411 ], [ -58.46418, -34.56502 ] ] ] } },
{ "type": "Feature", "properties": { "indice_acceso": 0.658 }, "geometry": { "type": "Polygon", "coordinates": [ [ [ -58.46213, -34.56381 ], [ -58.46418, -34.56502 ], [ -58.46497, -34.56411 ], [ -58.46292, -34.5629 ], [ -58.46213, -34.56381 ] ] ] } },
{ "type": "Feature", "properties": { "indice_acceso": 0.66 }, "geometry": { "type": "Polygon", "coordinates": [ [ [ -58.46336, -34.56598 ], [ -58.46418, -34.56502 ], [ -58.46213, -34.56381 ], [ -58.4613, -34.56476 ], [ -58.46336, -34.56598 ] ] ] } },
{ "type": "Feature", "properties": { "indice_acceso": 0.666 }, "geometry": { "type": "Polygon", "coordinates": [ [ [ -58.46336, -34.56598 ], [ -58.4644, -34.5666 ], [ -58.46523, -34.56565 ], [ -58.46418, -34.56502 ], [ -58.46336, -34.56598 ] ] ] } },
{ "type": "Feature", "properties": { "indice_acceso": 0.705 }, "geometry": { "type": "Polygon", "coordinates": [ [ [ -58.47196, -34.56833 ], [ -58.47337, -34.56666 ], [ -58.47044, -34.56623 ], [ -58.46965, -34.56692 ], [ -58.47196, -34.56833 ] ] ] } },
{ "type": "Feature", "properties": { "indice_acceso": 0.702 }, "geometry": { "type": "Polygon", "coordinates": [ [ [ -58.46896, -34.56508 ], [ -58.47084, -34.56598 ], [ -58.47044, -34.56623 ], [ -58.4732, -34.56656 ], [ -58.46961, -34.56433 ], [ -58.46896, -34.56508 ] ] ] } },
{ "type": "Feature", "properties": { "indice_acceso": 0.697 }, "geometry": { "type": "Polygon", "coordinates": [ [ [ -58.46713, -34.56538 ], [ -58.4663, -34.56634 ], [ -58.46812, -34.56605 ], [ -58.46789, -34.56631 ], [ -58.46863, -34.56641 ], [ -58.47084, -34.56598 ], [ -58.46896, -34.56508 ], [ -58.46961, -34.56433 ], [ -58.46861, -34.56368 ], [ -58.46713, -34.56538 ] ] ] } },
{ "type": "Feature", "properties": { "indice_acceso": 0.696 }, "geometry": { "type": "Polygon", "coordinates": [ [ [ -58.46738, -34.56692 ], [ -58.46874, -34.56773 ], [ -58.47044, -34.56623 ], [ -58.46789, -34.56631 ], [ -58.46738, -34.56692 ] ] ] } },
{ "type": "Feature", "properties": { "indice_acceso": 0.699 }, "geometry": { "type": "Polygon", "coordinates": [ [ [ -58.46776, -34.56859 ], [ -58.46947, -34.5696 ], [ -58.47104, -34.56777 ], [ -58.46965, -34.56692 ], [ -58.46776, -34.56859 ] ] ] } },
{ "type": "Feature", "properties": { "indice_acceso": 0.692 }, "geometry": { "type": "Polygon", "coordinates": [ [ [ -58.46947, -34.5696 ], [ -58.46776, -34.56859 ], [ -58.46681, -34.56943 ], [ -58.46958, -34.57113 ], [ -58.47196, -34.56833 ], [ -58.47104, -34.56777 ], [ -58.46947, -34.5696 ] ] ] } },
{ "type": "Feature", "properties": { "indice_acceso": 0.679 }, "geometry": { "type": "Polygon", "coordinates": [ [ [ -58.46812, -34.56605 ], [ -58.46487, -34.56688 ], [ -58.46551, -34.56725 ], [ -58.46388, -34.56914 ], [ -58.46492, -34.56975 ], [ -58.46574, -34.5688 ], [ -58.46681, -34.56943 ], [ -58.46874, -34.56773 ], [ -58.46738, -34.56692 ], [ -58.46812, -34.56605 ] ] ] } },
{ "type": "Feature", "properties": { "indice_acceso": 0.672 }, "geometry": { "type": "Polygon", "coordinates": [ [ [ -58.46088, -34.57261 ], [ -58.46173, -34.57344 ], [ -58.46415, -34.57063 ], [ -58.46494, -34.57109 ], [ -58.46681, -34.56943 ], [ -58.46574, -34.5688 ], [ -58.46492, -34.56975 ], [ -58.46388, -34.56914 ], [ -58.46088, -34.57261 ] ] ] } },
{ "type": "Feature", "properties": { "indice_acceso": 0.679 }, "geometry": { "type": "Polygon", "coordinates": [ [ [ -58.46494, -34.57109 ], [ -58.46808, -34.57291 ], [ -58.46958, -34.57113 ], [ -58.46681, -34.56943 ], [ -58.46494, -34.57109 ] ] ] } },
{ "type": "Feature", "properties": { "indice_acceso": 0.67 }, "geometry": { "type": "Polygon", "coordinates": [ [ [ -58.46415, -34.57063 ], [ -58.46173, -34.57344 ], [ -58.46335, -34.57501 ], [ -58.46737, -34.5725 ], [ -58.46415, -34.57063 ] ] ] } },
{ "type": "Feature", "properties": { "indice_acceso": 0.666 }, "geometry": { "type": "Polygon", "coordinates": [ [ [ -58.46255, -34.56692 ], [ -58.4647, -34.56819 ], [ -58.46551, -34.56725 ], [ -58.46336, -34.56598 ], [ -58.46255, -34.56692 ] ] ] } },
{ "type": "Feature", "properties": { "indice_acceso": 0.66 }, "geometry": { "type": "Polygon", "coordinates": [ [ [ -58.46152, -34.5663 ], [ -58.46255, -34.56692 ], [ -58.46336, -34.56598 ], [ -58.46233, -34.56537 ], [ -58.46152, -34.5663 ] ] ] } },
{ "type": "Feature", "properties": { "indice_acceso": 0.658 }, "geometry": { "type": "Polygon", "coordinates": [ [ [ -58.46049, -34.56571 ], [ -58.46152, -34.5663 ], [ -58.46233, -34.56537 ], [ -58.4613, -34.56476 ], [ -58.46049, -34.56571 ] ] ] } },
{ "type": "Feature", "properties": { "indice_acceso": 0.659 }, "geometry": { "type": "Polygon", "coordinates": [ [ [ -58.45966, -34.56665 ], [ -58.46069, -34.56726 ], [ -58.46152, -34.5663 ], [ -58.46049, -34.56571 ], [ -58.45966, -34.56665 ] ] ] } },
{ "type": "Feature", "properties": { "indice_acceso": 0.664 }, "geometry": { "type": "Polygon", "coordinates": [ [ [ -58.46069, -34.56726 ], [ -58.46388, -34.56914 ], [ -58.4647, -34.56819 ], [ -58.46152, -34.5663 ], [ -58.46069, -34.56726 ] ] ] } },
{ "type": "Feature", "properties": { "indice_acceso": 0.668 }, "geometry": { "type": "Polygon", "coordinates": [ [ [ -58.462, -34.56937 ], [ -58.46311, -34.57002 ], [ -58.46388, -34.56914 ], [ -58.46276, -34.56849 ], [ -58.462, -34.56937 ] ] ] } },
{ "type": "Feature", "properties": { "indice_acceso": 0.667 }, "geometry": { "type": "Polygon", "coordinates": [ [ [ -58.45996, -34.57008 ], [ -58.46095, -34.57061 ], [ -58.46006, -34.57119 ], [ -58.46141, -34.572 ], [ -58.46311, -34.57002 ], [ -58.46095, -34.56877 ], [ -58.45996, -34.57008 ] ] ] } },
{ "type": "Feature", "properties": { "indice_acceso": 0.666 }, "geometry": { "type": "Polygon", "coordinates": [ [ [ -58.462, -34.56937 ], [ -58.46276, -34.56849 ], [ -58.46069, -34.56726 ], [ -58.45991, -34.56816 ], [ -58.462, -34.56937 ] ] ] } },
{ "type": "Feature", "properties": { "indice_acceso": 0.66 }, "geometry": { "type": "Polygon", "coordinates": [ [ [ -58.45889, -34.56754 ], [ -58.45991, -34.56816 ], [ -58.46069, -34.56726 ], [ -58.45966, -34.56665 ], [ -58.45889, -34.56754 ] ] ] } },
{ "type": "Feature", "properties": { "indice_acceso": 0.663 }, "geometry": { "type": "Polygon", "coordinates": [ [ [ -58.45763, -34.569 ], [ -58.45771, -34.56953 ], [ -58.45879, -34.56908 ], [ -58.45965, -34.568 ], [ -58.45889, -34.56754 ], [ -58.45763, -34.569 ] ] ] } },
{ "type": "Feature", "properties": { "indice_acceso": 0.662 }, "geometry": { "type": "Polygon", "coordinates": [ [ [ -58.45888, -34.56898 ], [ -58.4604, -34.56845 ], [ -58.45965, -34.568 ], [ -58.45888, -34.56898 ] ] ] } },
{ "type": "Feature", "properties": { "indice_acceso": 0.665 }, "geometry": { "type": "Polygon", "coordinates": [ [ [ -58.45771, -34.56953 ], [ -58.46088, -34.57261 ], [ -58.46141, -34.572 ], [ -58.46006, -34.57119 ], [ -58.46095, -34.57061 ], [ -58.45996, -34.57008 ], [ -58.46095, -34.56877 ], [ -58.4604, -34.56845 ], [ -58.45771, -34.56953 ] ] ] } },
{ "type": "Feature", "properties": { "indice_acceso": 0.658 }, "geometry": { "type": "Polygon", "coordinates": [ [ [ -58.45872, -34.56609 ], [ -58.45966, -34.56665 ], [ -58.46049, -34.56571 ], [ -58.45953, -34.56514 ], [ -58.45872, -34.56609 ] ] ] } },
{ "type": "Feature", "properties": { "indice_acceso": 0.661 }, "geometry": { "type": "Polygon", "coordinates": [ [ [ -58.45794, -34.56699 ], [ -58.45889, -34.56754 ], [ -58.45966, -34.56665 ], [ -58.45872, -34.56609 ], [ -58.45794, -34.56699 ] ] ] } },
{ "type": "Feature", "properties": { "indice_acceso": 0.656 }, "geometry": { "type": "Polygon", "coordinates": [ [ [ -58.45702, -34.56649 ], [ -58.45791, -34.56702 ], [ -58.45872, -34.56609 ], [ -58.45782, -34.56556 ], [ -58.45702, -34.56649 ] ] ] } },
{ "type": "Feature", "properties": { "indice_acceso": 0.652 }, "geometry": { "type": "Polygon", "coordinates": [ [ [ -58.45613, -34.56597 ], [ -58.45702, -34.56649 ], [ -58.45782, -34.56556 ], [ -58.45694, -34.56504 ], [ -58.45613, -34.56597 ] ] ] } },
{ "type": "Feature", "properties": { "indice_acceso": 0.649 }, "geometry": { "type": "Polygon", "coordinates": [ [ [ -58.45424, -34.56487 ], [ -58.45613, -34.56597 ], [ -58.45694, -34.56504 ], [ -58.45506, -34.56393 ], [ -58.45424, -34.56487 ] ] ] } },
{ "type": "Feature", "properties": { "indice_acceso": 0.647 }, "geometry": { "type": "Polygon", "coordinates": [ [ [ -58.45543, -34.56679 ], [ -58.45613, -34.56597 ], [ -58.45424, -34.56487 ], [ -58.45331, -34.56554 ], [ -58.45543, -34.56679 ] ] ] } },
{ "type": "Feature", "properties": { "indice_acceso": 0.654 }, "geometry": { "type": "Polygon", "coordinates": [ [ [ -58.45543, -34.56679 ], [ -58.45722, -34.56783 ], [ -58.45791, -34.56702 ], [ -58.45613, -34.56597 ], [ -58.45543, -34.56679 ] ] ] } },
{ "type": "Feature", "properties": { "indice_acceso": 0.662 }, "geometry": { "type": "Polygon", "coordinates": [ [ [ -58.45657, -34.56859 ], [ -58.45747, -34.56911 ], [ -58.45889, -34.56754 ], [ -58.45791, -34.56702 ], [ -58.45657, -34.56859 ] ] ] } },
{ "type": "Feature", "properties": { "indice_acceso": 0.656 }, "geometry": { "type": "Polygon", "coordinates": [ [ [ -58.45567, -34.56806 ], [ -58.45657, -34.56859 ], [ -58.45722, -34.56783 ], [ -58.45632, -34.56731 ], [ -58.45567, -34.56806 ] ] ] } },
{ "type": "Feature", "properties": { "indice_acceso": 0.653 }, "geometry": { "type": "Polygon", "coordinates": [ [ [ -58.45479, -34.56753 ], [ -58.45567, -34.56806 ], [ -58.45632, -34.56731 ], [ -58.45543, -34.56679 ], [ -58.45479, -34.56753 ] ] ] } },
{ "type": "Feature", "properties": { "indice_acceso": 0.65 }, "geometry": { "type": "Polygon", "coordinates": [ [ [ -58.45387, -34.567 ], [ -58.45479, -34.56753 ], [ -58.45543, -34.56679 ], [ -58.45453, -34.56626 ], [ -58.45387, -34.567 ] ] ] } },
{ "type": "Feature", "properties": { "indice_acceso": 0.646 }, "geometry": { "type": "Polygon", "coordinates": [ [ [ -58.45228, -34.56611 ], [ -58.45387, -34.567 ], [ -58.45453, -34.56626 ], [ -58.45315, -34.56563 ], [ -58.45228, -34.56611 ] ] ] } },
{ "type": "Feature", "properties": { "indice_acceso": 0.641 }, "geometry": { "type": "Polygon", "coordinates": [ [ [ -58.45324, -34.56428 ], [ -58.45232, -34.56373 ], [ -58.45152, -34.56467 ], [ -58.45315, -34.56563 ], [ -58.45506, -34.56393 ], [ -58.45406, -34.56333 ], [ -58.45324, -34.56428 ] ] ] } },
{ "type": "Feature", "properties": { "indice_acceso": 0.639 }, "geometry": { "type": "Polygon", "coordinates": [ [ [ -58.45232, -34.56373 ], [ -58.45324, -34.56428 ], [ -58.45406, -34.56333 ], [ -58.45314, -34.56279 ], [ -58.45232, -34.56373 ] ] ] } },
{ "type": "Feature", "properties": { "indice_acceso": 0.642 }, "geometry": { "type": "Polygon", "coordinates": [ [ [ -58.45141, -34.5632 ], [ -58.45232, -34.56373 ], [ -58.45314, -34.56279 ], [ -58.45223, -34.56225 ], [ -58.45141, -34.5632 ] ] ] } },
{ "type": "Feature", "properties": { "indice_acceso": 0.645 }, "geometry": { "type": "Polygon", "coordinates": [ [ [ -58.45052, -34.56267 ], [ -58.45141, -34.5632 ], [ -58.45223, -34.56225 ], [ -58.45133, -34.56172 ], [ -58.45052, -34.56267 ] ] ] } },
{ "type": "Feature", "properties": { "indice_acceso": 0.648 }, "geometry": { "type": "Polygon", "coordinates": [ [ [ -58.44962, -34.56214 ], [ -58.45052, -34.56267 ], [ -58.45133, -34.56172 ], [ -58.45044, -34.56119 ], [ -58.44962, -34.56214 ] ] ] } },
{ "type": "Feature", "properties": { "indice_acceso": 0.648 }, "geometry": { "type": "Polygon", "coordinates": [ [ [ -58.44881, -34.56308 ], [ -58.44972, -34.56361 ], [ -58.45052, -34.56267 ], [ -58.44962, -34.56214 ], [ -58.44881, -34.56308 ] ] ] } },
{ "type": "Feature", "properties": { "indice_acceso": 0.646 }, "geometry": { "type": "Polygon", "coordinates": [ [ [ -58.44972, -34.56361 ], [ -58.45061, -34.56414 ], [ -58.45141, -34.5632 ], [ -58.45052, -34.56267 ], [ -58.44972, -34.56361 ] ] ] } },
{ "type": "Feature", "properties": { "indice_acceso": 0.644 }, "geometry": { "type": "Polygon", "coordinates": [ [ [ -58.45061, -34.56414 ], [ -58.45152, -34.56467 ], [ -58.45232, -34.56373 ], [ -58.45141, -34.5632 ], [ -58.45061, -34.56414 ] ] ] } },
{ "type": "Feature", "properties": { "indice_acceso": 0.642 }, "geometry": { "type": "Polygon", "coordinates": [ [ [ -58.44981, -34.56507 ], [ -58.45228, -34.56611 ], [ -58.45315, -34.56563 ], [ -58.45061, -34.56414 ], [ -58.44981, -34.56507 ] ] ] } },
{ "type": "Feature", "properties": { "indice_acceso": 0.647 }, "geometry": { "type": "Polygon", "coordinates": [ [ [ -58.44802, -34.56401 ], [ -58.44981, -34.56507 ], [ -58.45061, -34.56414 ], [ -58.44881, -34.56308 ], [ -58.44802, -34.56401 ] ] ] } },
{ "type": "Feature", "properties": { "indice_acceso": 0.642 }, "geometry": { "type": "Polygon", "coordinates": [ [ [ -58.44946, -34.5667 ], [ -58.44895, -34.56596 ], [ -58.44812, -34.56547 ], [ -58.44732, -34.5664 ], [ -58.44904, -34.56785 ], [ -58.45228, -34.56611 ], [ -58.45127, -34.56569 ], [ -58.44946, -34.5667 ] ] ] } },
{ "type": "Feature", "properties": { "indice_acceso": 0.642 }, "geometry": { "type": "Polygon", "coordinates": [ [ [ -58.45021, -34.56628 ], [ -58.45127, -34.56569 ], [ -58.44981, -34.56507 ], [ -58.44947, -34.56547 ], [ -58.45021, -34.56628 ] ] ] } },
{ "type": "Feature", "properties": { "indice_acceso": 0.644 }, "geometry": { "type": "Polygon", "coordinates": [ [ [ -58.44946, -34.5667 ], [ -58.45021, -34.56628 ], [ -58.44947, -34.56547 ], [ -58.44895, -34.56596 ], [ -58.44946, -34.5667 ] ] ] } },
{ "type": "Feature", "properties": { "indice_acceso": 0.647 }, "geometry": { "type": "Polygon", "coordinates": [ [ [ -58.44632, -34.56441 ], [ -58.44895, -34.56596 ], [ -58.44981, -34.56507 ], [ -58.44711, -34.56348 ], [ -58.44632, -34.56441 ] ] ] } },
{ "type": "Feature", "properties": { "indice_acceso": 0.65 }, "geometry": { "type": "Polygon", "coordinates": [ [ [ -58.44462, -34.5648 ], [ -58.44732, -34.5664 ], [ -58.44812, -34.56547 ], [ -58.44632, -34.56441 ], [ -58.44711, -34.56348 ], [ -58.4462, -34.56294 ], [ -58.44462, -34.5648 ] ] ] } },
{ "type": "Feature", "properties": { "indice_acceso": 0.65 }, "geometry": { "type": "Polygon", "coordinates": [ [ [ -58.44363, -34.56283 ], [ -58.44541, -34.56387 ], [ -58.4462, -34.56294 ], [ -58.44462, -34.56201 ], [ -58.44363, -34.56283 ] ] ] } },
{ "type": "Feature", "properties": { "indice_acceso": 0.651 }, "geometry": { "type": "Polygon", "coordinates": [ [ [ -58.44462, -34.5648 ], [ -58.44541, -34.56387 ], [ -58.44363, -34.56283 ], [ -58.44262, -34.56362 ], [ -58.44462, -34.5648 ] ] ] } },
{ "type": "Feature", "properties": { "indice_acceso": 0.65 }, "geometry": { "type": "Polygon", "coordinates": [ [ [ -58.4411, -34.56201 ], [ -58.44253, -34.56369 ], [ -58.44363, -34.56283 ], [ -58.44281, -34.56234 ], [ -58.44297, -34.56214 ], [ -58.44418, -34.56176 ], [ -58.44416, -34.56149 ], [ -58.44348, -34.56137 ], [ -58.4411, -34.56201 ] ] ] } },
{ "type": "Feature", "properties": { "indice_acceso": 0.65 }, "geometry": { "type": "Polygon", "coordinates": [ [ [ -58.44297, -34.56214 ], [ -58.44281, -34.56234 ], [ -58.44363, -34.56283 ], [ -58.44462, -34.56201 ], [ -58.44418, -34.56176 ], [ -58.44297, -34.56214 ] ] ] } },
{ "type": "Feature", "properties": { "indice_acceso": 0.648 }, "geometry": { "type": "Polygon", "coordinates": [ [ [ -58.45536, -34.56929 ], [ -58.45477, -34.56859 ], [ -58.45017, -34.57122 ], [ -58.44659, -34.57286 ], [ -58.44705, -34.57362 ], [ -58.45388, -34.57088 ], [ -58.45772, -34.56978 ], [ -58.4579, -34.57017 ], [ -58.45812, -34.57008 ], [ -58.45763, -34.569 ], [ -58.45657, -34.56859 ], [ -58.45536, -34.56929 ] ] ] } },
{ "type": "Feature", "properties": { "indice_acceso": 0.657 }, "geometry": { "type": "Polygon", "coordinates": [ [ [ -58.45567, -34.56806 ], [ -58.45477, -34.56859 ], [ -58.45536, -34.56929 ], [ -58.45657, -34.56859 ], [ -58.45567, -34.56806 ] ] ] } },
{ "type": "Feature", "properties": { "indice_acceso": 0.654 }, "geometry": { "type": "Polygon", "coordinates": [ [ [ -58.45479, -34.56753 ], [ -58.45328, -34.56841 ], [ -58.45383, -34.56912 ], [ -58.45567, -34.56806 ], [ -58.45479, -34.56753 ] ] ] } },
{ "type": "Feature", "properties": { "indice_acceso": 0.652 }, "geometry": { "type": "Polygon", "coordinates": [ [ [ -58.45387, -34.567 ], [ -58.45271, -34.56768 ], [ -58.45328, -34.56841 ], [ -58.45479, -34.56753 ], [ -58.45387, -34.567 ] ] ] } },
{ "type": "Feature", "properties": { "indice_acceso": 0.648 }, "geometry": { "type": "Polygon", "coordinates": [ [ [ -58.45271, -34.56768 ], [ -58.45387, -34.567 ], [ -58.45228, -34.56611 ], [ -58.45172, -34.56641 ], [ -58.45271, -34.56768 ] ] ] } },
{ "type": "Feature", "properties": { "indice_acceso": 0.647 }, "geometry": { "type": "Polygon", "coordinates": [ [ [ -58.45179, -34.5682 ], [ -58.45271, -34.56768 ], [ -58.45172, -34.56641 ], [ -58.45078, -34.56692 ], [ -58.45179, -34.5682 ] ] ] } },
{ "type": "Feature", "properties": { "indice_acceso": 0.65 }, "geometry": { "type": "Polygon", "coordinates": [ [ [ -58.45236, -34.56894 ], [ -58.45328, -34.56841 ], [ -58.45271, -34.56768 ], [ -58.45179, -34.5682 ], [ -58.45236, -34.56894 ] ] ] } },
{ "type": "Feature", "properties": { "indice_acceso": 0.652 }, "geometry": { "type": "Polygon", "coordinates": [ [ [ -58.45291, -34.56965 ], [ -58.45383, -34.56912 ], [ -58.45328, -34.56841 ], [ -58.45236, -34.56894 ], [ -58.45291, -34.56965 ] ] ] } },
{ "type": "Feature", "properties": { "indice_acceso": 0.654 }, "geometry": { "type": "Polygon", "coordinates": [ [ [ -58.45064, -34.56994 ], [ -58.45119, -34.57065 ], [ -58.45291, -34.56965 ], [ -58.45236, -34.56894 ], [ -58.45064, -34.56994 ] ] ] } },
{ "type": "Feature", "properties": { "indice_acceso": 0.651 }, "geometry": { "type": "Polygon", "coordinates": [ [ [ -58.45153, -34.56943 ], [ -58.45236, -34.56894 ], [ -58.45179, -34.5682 ], [ -58.45095, -34.56868 ], [ -58.45153, -34.56943 ] ] ] } },
{ "type": "Feature", "properties": { "indice_acceso": 0.644 }, "geometry": { "type": "Polygon", "coordinates": [ [ [ -58.45095, -34.56868 ], [ -58.45179, -34.5682 ], [ -58.45078, -34.56692 ], [ -58.44993, -34.56738 ], [ -58.45095, -34.56868 ] ] ] } },
{ "type": "Feature", "properties": { "indice_acceso": 0.672 }, "geometry": { "type": "Polygon", "coordinates": [ [ [ -58.4594, -34.57441 ], [ -58.46018, -34.57547 ], [ -58.46252, -34.5742 ], [ -58.46173, -34.57344 ], [ -58.4594, -34.57441 ] ] ] } },
{ "type": "Feature", "properties": { "indice_acceso": 0.67 }, "geometry": { "type": "Polygon", "coordinates": [ [ [ -58.45953, -34.57322 ], [ -58.4598, -34.57426 ], [ -58.46173, -34.57344 ], [ -58.46088, -34.57261 ], [ -58.45953, -34.57322 ] ] ] } },
{ "type": "Feature", "properties": { "indice_acceso": 0.667 }, "geometry": { "type": "Polygon", "coordinates": [ [ [ -58.45793, -34.57248 ], [ -58.4594, -34.57441 ], [ -58.4598, -34.57426 ], [ -58.45953, -34.57322 ], [ -58.46088, -34.57261 ], [ -58.45968, -34.57144 ], [ -58.45793, -34.57248 ] ] ] } },
{ "type": "Feature", "properties": { "indice_acceso": 0.664 }, "geometry": { "type": "Polygon", "coordinates": [ [ [ -58.4579, -34.57017 ], [ -58.45772, -34.56978 ], [ -58.45622, -34.57024 ], [ -58.45712, -34.57142 ], [ -58.45817, -34.57087 ], [ -58.4588, -34.57201 ], [ -58.45968, -34.57144 ], [ -58.45799, -34.5698 ], [ -58.4579, -34.57017 ] ] ] } },
{ "type": "Feature", "properties": { "indice_acceso": 0.665 }, "geometry": { "type": "Polygon", "coordinates": [ [ [ -58.45686, -34.57306 ], [ -58.4588, -34.57201 ], [ -58.45817, -34.57087 ], [ -58.45712, -34.57142 ], [ -58.45622, -34.57024 ], [ -58.45498, -34.57061 ], [ -58.45686, -34.57306 ] ] ] } },
{ "type": "Feature", "properties": { "indice_acceso": 0.667 }, "geometry": { "type": "Polygon", "coordinates": [ [ [ -58.45892, -34.57577 ], [ -58.46018, -34.57547 ], [ -58.45793, -34.57248 ], [ -58.45686, -34.57306 ], [ -58.45892, -34.57577 ] ] ] } },
{ "type": "Feature", "properties": { "indice_acceso": 0.665 }, "geometry": { "type": "Polygon", "coordinates": [ [ [ -58.45587, -34.57498 ], [ -58.45672, -34.57606 ], [ -58.45892, -34.57577 ], [ -58.45767, -34.57411 ], [ -58.45587, -34.57498 ] ] ] } },
{ "type": "Feature", "properties": { "indice_acceso": 0.663 }, "geometry": { "type": "Polygon", "coordinates": [ [ [ -58.45443, -34.57158 ], [ -58.45674, -34.57456 ], [ -58.45767, -34.57411 ], [ -58.45537, -34.57112 ], [ -58.45443, -34.57158 ] ] ] } },
{ "type": "Feature", "properties": { "indice_acceso": 0.667 }, "geometry": { "type": "Polygon", "coordinates": [ [ [ -58.45564, -34.57637 ], [ -58.45672, -34.57606 ], [ -58.45587, -34.57498 ], [ -58.45674, -34.57456 ], [ -58.45515, -34.5725 ], [ -58.45338, -34.57346 ], [ -58.45564, -34.57637 ] ] ] } },
{ "type": "Feature", "properties": { "indice_acceso": 0.662 }, "geometry": { "type": "Polygon", "coordinates": [ [ [ -58.45191, -34.57157 ], [ -58.45338, -34.57346 ], [ -58.45515, -34.5725 ], [ -58.45443, -34.57158 ], [ -58.45537, -34.57112 ], [ -58.45498, -34.57061 ], [ -58.45191, -34.57157 ] ] ] } },
{ "type": "Feature", "properties": { "indice_acceso": 0.67 }, "geometry": { "type": "Polygon", "coordinates": [ [ [ -58.46018, -34.57547 ], [ -58.46082, -34.57639 ], [ -58.46335, -34.57501 ], [ -58.46252, -34.5742 ], [ -58.46018, -34.57547 ] ] ] } },
{ "type": "Feature", "properties": { "indice_acceso": 0.671 }, "geometry": { "type": "Polygon", "coordinates": [ [ [ -58.4599, -34.57685 ], [ -58.46023, -34.5783 ], [ -58.46318, -34.5751 ], [ -58.46082, -34.57639 ], [ -58.46018, -34.57547 ], [ -58.45892, -34.57577 ], [ -58.4599, -34.57685 ] ] ] } },
{ "type": "Feature", "properties": { "indice_acceso": 0.669 }, "geometry": { "type": "Polygon", "coordinates": [ [ [ -58.45759, -34.57718 ], [ -58.45979, -34.57691 ], [ -58.45892, -34.57577 ], [ -58.45672, -34.57606 ], [ -58.45759, -34.57718 ] ] ] } },
{ "type": "Feature", "properties": { "indice_acceso": 0.667 }, "geometry": { "type": "Polygon", "coordinates": [ [ [ -58.45734, -34.57855 ], [ -58.4601, -34.57829 ], [ -58.4599, -34.57685 ], [ -58.45759, -34.57718 ], [ -58.45672, -34.57606 ], [ -58.45564, -34.57637 ], [ -58.45734, -34.57855 ] ] ] } },
{ "type": "Feature", "properties": { "indice_acceso": 0.665 }, "geometry": { "type": "Polygon", "coordinates": [ [ [ -58.45597, -34.57892 ], [ -58.45734, -34.57855 ], [ -58.45564, -34.57637 ], [ -58.45479, -34.57661 ], [ -58.45597, -34.57892 ] ] ] } },
{ "type": "Feature", "properties": { "indice_acceso": 0.666 }, "geometry": { "type": "Polygon", "coordinates": [ [ [ -58.45253, -34.57892 ], [ -58.45424, -34.5781 ], [ -58.45486, -34.57924 ], [ -58.45597, -34.57892 ], [ -58.45479, -34.57661 ], [ -58.45201, -34.57794 ], [ -58.45253, -34.57892 ] ] ] } },
{ "type": "Feature", "properties": { "indice_acceso": 0.664 }, "geometry": { "type": "Polygon", "coordinates": [ [ [ -58.45302, -34.57983 ], [ -58.45486, -34.57924 ], [ -58.45424, -34.5781 ], [ -58.45253, -34.57892 ], [ -58.45302, -34.57983 ] ] ] } },
{ "type": "Feature", "properties": { "indice_acceso": 0.666 }, "geometry": { "type": "Polygon", "coordinates": [ [ [ -58.44998, -34.57893 ], [ -58.45096, -34.5805 ], [ -58.45302, -34.57983 ], [ -58.45201, -34.57794 ], [ -58.44998, -34.57893 ] ] ] } },
{ "type": "Feature", "properties": { "indice_acceso": 0.667 }, "geometry": { "type": "Polygon", "coordinates": [ [ [ -58.45322, -34.57622 ], [ -58.45149, -34.57697 ], [ -58.45201, -34.57794 ], [ -58.45564, -34.57637 ], [ -58.45419, -34.57449 ], [ -58.45266, -34.5753 ], [ -58.45322, -34.57622 ] ] ] } },
{ "type": "Feature", "properties": { "indice_acceso": 0.667 }, "geometry": { "type": "Polygon", "coordinates": [ [ [ -58.45266, -34.5753 ], [ -58.45419, -34.57449 ], [ -58.4526, -34.57246 ], [ -58.4513, -34.5731 ], [ -58.45266, -34.5753 ] ] ] } },
{ "type": "Feature", "properties": { "indice_acceso": 0.662 }, "geometry": { "type": "Polygon", "coordinates": [ [ [ -58.44921, -34.57272 ], [ -58.4498, -34.57383 ], [ -58.4526, -34.57246 ], [ -58.45191, -34.57157 ], [ -58.44921, -34.57272 ] ] ] } },
{ "type": "Feature", "properties": { "indice_acceso": 0.664 }, "geometry": { "type": "Polygon", "coordinates": [ [ [ -58.45045, -34.57504 ], [ -58.45195, -34.57414 ], [ -58.4513, -34.5731 ], [ -58.4498, -34.57383 ], [ -58.45045, -34.57504 ] ] ] } },
{ "type": "Feature", "properties": { "indice_acceso": 0.67 }, "geometry": { "type": "Polygon", "coordinates": [ [ [ -58.45149, -34.57697 ], [ -58.45322, -34.57622 ], [ -58.45195, -34.57414 ], [ -58.45045, -34.57504 ], [ -58.45149, -34.57697 ] ] ] } },
{ "type": "Feature", "properties": { "indice_acceso": 0.67 }, "geometry": { "type": "Polygon", "coordinates": [ [ [ -58.45109, -34.57839 ], [ -58.45201, -34.57794 ], [ -58.45097, -34.57601 ], [ -58.45006, -34.57646 ], [ -58.45109, -34.57839 ] ] ] } },
{ "type": "Feature", "properties": { "indice_acceso": 0.67 }, "geometry": { "type": "Polygon", "coordinates": [ [ [ -58.44998, -34.57893 ], [ -58.45109, -34.57839 ], [ -58.45057, -34.57742 ], [ -58.44941, -34.57798 ], [ -58.44998, -34.57893 ] ] ] } },
{ "type": "Feature", "properties": { "indice_acceso": 0.671 }, "geometry": { "type": "Polygon", "coordinates": [ [ [ -58.44941, -34.57798 ], [ -58.45057, -34.57742 ], [ -58.45006, -34.57646 ], [ -58.44889, -34.57702 ], [ -58.44941, -34.57798 ] ] ] } },
{ "type": "Feature", "properties": { "indice_acceso": 0.669 }, "geometry": { "type": "Polygon", "coordinates": [ [ [ -58.44837, -34.57604 ], [ -58.44889, -34.57702 ], [ -58.45097, -34.57601 ], [ -58.45045, -34.57504 ], [ -58.44837, -34.57604 ] ] ] } },
{ "type": "Feature", "properties": { "indice_acceso": 0.653 }, "geometry": { "type": "Polygon", "coordinates": [ [ [ -58.44954, -34.57548 ], [ -58.45045, -34.57504 ], [ -58.44921, -34.57272 ], [ -58.44828, -34.5731 ], [ -58.44954, -34.57548 ] ] ] } },
{ "type": "Feature", "properties": { "indice_acceso": 0.653 }, "geometry": { "type": "Polygon", "coordinates": [ [ [ -58.44837, -34.57604 ], [ -58.44954, -34.57548 ], [ -58.44828, -34.5731 ], [ -58.44705, -34.57362 ], [ -58.44837, -34.57604 ] ] ] } },
{ "type": "Feature", "properties": { "indice_acceso": 0.647 }, "geometry": { "type": "Polygon", "coordinates": [ [ [ -58.45064, -34.56994 ], [ -58.45153, -34.56943 ], [ -58.45095, -34.56868 ], [ -58.45006, -34.56919 ], [ -58.45064, -34.56994 ] ] ] } },
{ "type": "Feature", "properties": { "indice_acceso": 0.645 }, "geometry": { "type": "Polygon", "coordinates": [ [ [ -58.45006, -34.56919 ], [ -58.45095, -34.56868 ], [ -58.44993, -34.56738 ], [ -58.44904, -34.56785 ], [ -58.45006, -34.56919 ] ] ] } },
{ "type": "Feature", "properties": { "indice_acceso": 0.646 }, "geometry": { "type": "Polygon", "coordinates": [ [ [ -58.44922, -34.56967 ], [ -58.45006, -34.56919 ], [ -58.44904, -34.56785 ], [ -58.44813, -34.56833 ], [ -58.44922, -34.56967 ] ] ] } },
{ "type": "Feature", "properties": { "indice_acceso": 0.646 }, "geometry": { "type": "Polygon", "coordinates": [ [ [ -58.4498, -34.57042 ], [ -58.44887, -34.57096 ], [ -58.4494, -34.57157 ], [ -58.45119, -34.57065 ], [ -58.45006, -34.56919 ], [ -58.44922, -34.56967 ], [ -58.4498, -34.57042 ] ] ] } },
{ "type": "Feature", "properties": { "indice_acceso": 0.648 }, "geometry": { "type": "Polygon", "coordinates": [ [ [ -58.44887, -34.57096 ], [ -58.4498, -34.57042 ], [ -58.44922, -34.56967 ], [ -58.44822, -34.57024 ], [ -58.44887, -34.57096 ] ] ] } },
{ "type": "Feature", "properties": { "indice_acceso": 0.647 }, "geometry": { "type": "Polygon", "coordinates": [ [ [ -58.44822, -34.57024 ], [ -58.44922, -34.56967 ], [ -58.44813, -34.56833 ], [ -58.44705, -34.56889 ], [ -58.44822, -34.57024 ] ] ] } },
{ "type": "Feature", "properties": { "indice_acceso": 0.649 }, "geometry": { "type": "Polygon", "coordinates": [ [ [ -58.44864, -34.57192 ], [ -58.4494, -34.57157 ], [ -58.44705, -34.56889 ], [ -58.4465, -34.56916 ], [ -58.44864, -34.57192 ] ] ] } },
{ "type": "Feature", "properties": { "indice_acceso": 0.649 }, "geometry": { "type": "Polygon", "coordinates": [ [ [ -58.44756, -34.57242 ], [ -58.44864, -34.57192 ], [ -58.44761, -34.57059 ], [ -58.4467, -34.57111 ], [ -58.44756, -34.57242 ] ] ] } },
{ "type": "Feature", "properties": { "indice_acceso": 0.65 }, "geometry": { "type": "Polygon", "coordinates": [ [ [ -58.4467, -34.57111 ], [ -58.44761, -34.57059 ], [ -58.4465, -34.56916 ], [ -58.4457, -34.56955 ], [ -58.4467, -34.57111 ] ] ] } },
{ "type": "Feature", "properties": { "indice_acceso": 0.651 }, "geometry": { "type": "Polygon", "coordinates": [ [ [ -58.44659, -34.57286 ], [ -58.44756, -34.57242 ], [ -58.4467, -34.57111 ], [ -58.44583, -34.57161 ], [ -58.44659, -34.57286 ] ] ] } },
{ "type": "Feature", "properties": { "indice_acceso": 0.652 }, "geometry": { "type": "Polygon", "coordinates": [ [ [ -58.44583, -34.57161 ], [ -58.4467, -34.57111 ], [ -58.4457, -34.56955 ], [ -58.44489, -34.56995 ], [ -58.44583, -34.57161 ] ] ] } },
{ "type": "Feature", "properties": { "indice_acceso": 0.652 }, "geometry": { "type": "Polygon", "coordinates": [ [ [ -58.44382, -34.57047 ], [ -58.44489, -34.5722 ], [ -58.44583, -34.57161 ], [ -58.44489, -34.56995 ], [ -58.44382, -34.57047 ] ] ] } },
{ "type": "Feature", "properties": { "indice_acceso": 0.652 }, "geometry": { "type": "Polygon", "coordinates": [ [ [ -58.44541, -34.57304 ], [ -58.44633, -34.57243 ], [ -58.44583, -34.57161 ], [ -58.44489, -34.5722 ], [ -58.44541, -34.57304 ] ] ] } },
{ "type": "Feature", "properties": { "indice_acceso": 0.651 }, "geometry": { "type": "Polygon", "coordinates": [ [ [ -58.44314, -34.57453 ], [ -58.44397, -34.57536 ], [ -58.44705, -34.57362 ], [ -58.44633, -34.57243 ], [ -58.44314, -34.57453 ] ] ] } },
{ "type": "Feature", "properties": { "indice_acceso": 0.65 }, "geometry": { "type": "Polygon", "coordinates": [ [ [ -58.44242, -34.5738 ], [ -58.44314, -34.57453 ], [ -58.44541, -34.57304 ], [ -58.44489, -34.5722 ], [ -58.44242, -34.5738 ] ] ] } },
{ "type": "Feature", "properties": { "indice_acceso": 0.65 }, "geometry": { "type": "Polygon", "coordinates": [ [ [ -58.4417, -34.57308 ], [ -58.44242, -34.5738 ], [ -58.44349, -34.5731 ], [ -58.44279, -34.57236 ], [ -58.4417, -34.57308 ] ] ] } },
{ "type": "Feature", "properties": { "indice_acceso": 0.651 }, "geometry": { "type": "Polygon", "coordinates": [ [ [ -58.44279, -34.57236 ], [ -58.44349, -34.5731 ], [ -58.44489, -34.5722 ], [ -58.44435, -34.57132 ], [ -58.44279, -34.57236 ] ] ] } },
{ "type": "Feature", "properties": { "indice_acceso": 0.65 }, "geometry": { "type": "Polygon", "coordinates": [ [ [ -58.44195, -34.57144 ], [ -58.44279, -34.57236 ], [ -58.44435, -34.57132 ], [ -58.44382, -34.57047 ], [ -58.44195, -34.57144 ] ] ] } },
{ "type": "Feature", "properties": { "indice_acceso": 0.65 }, "geometry": { "type": "Polygon", "coordinates": [ [ [ -58.44074, -34.57211 ], [ -58.4417, -34.57308 ], [ -58.44279, -34.57236 ], [ -58.44195, -34.57144 ], [ -58.44074, -34.57211 ] ] ] } },
{ "type": "Feature", "properties": { "indice_acceso": 0.667 }, "geometry": { "type": "Polygon", "coordinates": [ [ [ -58.44944, -34.5811 ], [ -58.45096, -34.5805 ], [ -58.45055, -34.57987 ], [ -58.44966, -34.5803 ], [ -58.44798, -34.57741 ], [ -58.44723, -34.57772 ], [ -58.44944, -34.5811 ] ] ] } },
{ "type": "Feature", "properties": { "indice_acceso": 0.666 }, "geometry": { "type": "Polygon", "coordinates": [ [ [ -58.44966, -34.5803 ], [ -58.45055, -34.57987 ], [ -58.44941, -34.57798 ], [ -58.44856, -34.57841 ], [ -58.44966, -34.5803 ] ] ] } },
{ "type": "Feature", "properties": { "indice_acceso": 0.666 }, "geometry": { "type": "Polygon", "coordinates": [ [ [ -58.44742, -34.57645 ], [ -58.44856, -34.57841 ], [ -58.44941, -34.57798 ], [ -58.44837, -34.57604 ], [ -58.44742, -34.57645 ] ] ] } },
{ "type": "Feature", "properties": { "indice_acceso": 0.652 }, "geometry": { "type": "Polygon", "coordinates": [ [ [ -58.44723, -34.57772 ], [ -58.44798, -34.57741 ], [ -58.44742, -34.57645 ], [ -58.44837, -34.57604 ], [ -58.44773, -34.57484 ], [ -58.44588, -34.57563 ], [ -58.44723, -34.57772 ] ] ] } },
{ "type": "Feature", "properties": { "indice_acceso": 0.651 }, "geometry": { "type": "Polygon", "coordinates": [ [ [ -58.445, -34.57471 ], [ -58.44588, -34.57563 ], [ -58.44773, -34.57484 ], [ -58.44705, -34.57362 ], [ -58.445, -34.57471 ] ] ] } },
{ "type": "Feature", "properties": { "indice_acceso": 0.651 }, "geometry": { "type": "Polygon", "coordinates": [ [ [ -58.44292, -34.57604 ], [ -58.44369, -34.57683 ], [ -58.44473, -34.57613 ], [ -58.44574, -34.57715 ], [ -58.44667, -34.57676 ], [ -58.445, -34.57471 ], [ -58.44292, -34.57604 ] ] ] } },
{ "type": "Feature", "properties": { "indice_acceso": 0.662 }, "geometry": { "type": "Polygon", "coordinates": [ [ [ -58.44839, -34.58148 ], [ -58.44944, -34.5811 ], [ -58.44667, -34.57676 ], [ -58.44574, -34.57715 ], [ -58.44839, -34.58148 ] ] ] } },
{ "type": "Feature", "properties": { "indice_acceso": 0.661 }, "geometry": { "type": "Polygon", "coordinates": [ [ [ -58.44709, -34.58203 ], [ -58.44839, -34.58148 ], [ -58.44574, -34.57715 ], [ -58.44473, -34.57613 ], [ -58.44369, -34.57683 ], [ -58.44638, -34.57958 ], [ -58.44595, -34.57992 ], [ -58.44709, -34.58203 ] ] ] } },
{ "type": "Feature", "properties": { "indice_acceso": 0.674 }, "geometry": { "type": "Polygon", "coordinates": [ [ [ -58.44555, -34.58217 ], [ -58.44578, -34.58259 ], [ -58.44709, -34.58203 ], [ -58.44678, -34.58142 ], [ -58.44555, -34.58217 ] ] ] } },
{ "type": "Feature", "properties": { "indice_acceso": 0.667 }, "geometry": { "type": "Polygon", "coordinates": [ [ [ -58.44517, -34.58147 ], [ -58.44555, -34.58217 ], [ -58.44678, -34.58142 ], [ -58.44641, -34.58067 ], [ -58.44517, -34.58147 ] ] ] } },
{ "type": "Feature", "properties": { "indice_acceso": 0.654 }, "geometry": { "type": "Polygon", "coordinates": [ [ [ -58.43994, -34.57855 ], [ -58.44343, -34.5818 ], [ -58.44445, -34.58317 ], [ -58.44578, -34.58259 ], [ -58.44517, -34.58147 ], [ -58.44641, -34.58067 ], [ -58.44595, -34.57992 ], [ -58.44638, -34.57958 ], [ -58.44292, -34.57604 ], [ -58.43994, -34.57855 ] ] ] } },
{ "type": "Feature", "properties": { "indice_acceso": 0.646 }, "geometry": { "type": "Polygon", "coordinates": [ [ [ -58.44813, -34.56833 ], [ -58.44904, -34.56785 ], [ -58.44839, -34.56722 ], [ -58.44753, -34.5677 ], [ -58.44813, -34.56833 ] ] ] } },
{ "type": "Feature", "properties": { "indice_acceso": 0.647 }, "geometry": { "type": "Polygon", "coordinates": [ [ [ -58.44651, -34.56827 ], [ -58.44705, -34.56889 ], [ -58.44813, -34.56833 ], [ -58.44753, -34.5677 ], [ -58.44651, -34.56827 ] ] ] } },
{ "type": "Feature", "properties": { "indice_acceso": 0.649 }, "geometry": { "type": "Polygon", "coordinates": [ [ [ -58.44562, -34.56819 ], [ -58.4465, -34.56916 ], [ -58.44705, -34.56889 ], [ -58.44651, -34.56827 ], [ -58.44753, -34.5677 ], [ -58.44683, -34.56697 ], [ -58.44562, -34.56819 ] ] ] } },
{ "type": "Feature", "properties": { "indice_acceso": 0.65 }, "geometry": { "type": "Polygon", "coordinates": [ [ [ -58.44472, -34.56627 ], [ -58.44611, -34.56782 ], [ -58.44683, -34.56697 ], [ -58.44753, -34.5677 ], [ -58.44839, -34.56722 ], [ -58.44552, -34.56534 ], [ -58.44472, -34.56627 ] ] ] } },
{ "type": "Feature", "properties": { "indice_acceso": 0.65 }, "geometry": { "type": "Polygon", "coordinates": [ [ [ -58.44445, -34.5682 ], [ -58.4457, -34.56955 ], [ -58.4465, -34.56916 ], [ -58.44562, -34.56819 ], [ -58.44616, -34.56787 ], [ -58.44542, -34.56706 ], [ -58.44445, -34.5682 ] ] ] } },
{ "type": "Feature", "properties": { "indice_acceso": 0.652 }, "geometry": { "type": "Polygon", "coordinates": [ [ [ -58.44489, -34.56995 ], [ -58.4457, -34.56955 ], [ -58.44374, -34.56742 ], [ -58.44298, -34.568 ], [ -58.44489, -34.56995 ] ] ] } },
{ "type": "Feature", "properties": { "indice_acceso": 0.652 }, "geometry": { "type": "Polygon", "coordinates": [ [ [ -58.44411, -34.57033 ], [ -58.44489, -34.56995 ], [ -58.44298, -34.568 ], [ -58.44219, -34.56862 ], [ -58.44411, -34.57033 ] ] ] } },
{ "type": "Feature", "properties": { "indice_acceso": 0.651 }, "geometry": { "type": "Polygon", "coordinates": [ [ [ -58.44235, -34.56585 ], [ -58.4406, -34.5672 ], [ -58.44219, -34.56862 ], [ -58.44374, -34.56742 ], [ -58.44445, -34.5682 ], [ -58.44542, -34.56706 ], [ -58.44472, -34.56627 ], [ -58.44552, -34.56534 ], [ -58.44365, -34.56424 ], [ -58.44235, -34.56585 ] ] ] } },
{ "type": "Feature", "properties": { "indice_acceso": 0.652 }, "geometry": { "type": "Polygon", "coordinates": [ [ [ -58.44151, -34.5665 ], [ -58.44235, -34.56585 ], [ -58.44126, -34.56461 ], [ -58.44038, -34.56534 ], [ -58.44151, -34.5665 ] ] ] } },
{ "type": "Feature", "properties": { "indice_acceso": 0.651 }, "geometry": { "type": "Polygon", "coordinates": [ [ [ -58.43941, -34.56614 ], [ -58.4406, -34.5672 ], [ -58.44151, -34.5665 ], [ -58.44033, -34.56538 ], [ -58.43941, -34.56614 ] ] ] } },
{ "type": "Feature", "properties": { "indice_acceso": 0.652 }, "geometry": { "type": "Polygon", "coordinates": [ [ [ -58.44126, -34.56461 ], [ -58.44235, -34.56585 ], [ -58.44365, -34.56424 ], [ -58.44253, -34.56369 ], [ -58.44126, -34.56461 ] ] ] } },
{ "type": "Feature", "properties": { "indice_acceso": 0.652 }, "geometry": { "type": "Polygon", "coordinates": [ [ [ -58.44059, -34.5639 ], [ -58.44126, -34.56461 ], [ -58.44253, -34.56369 ], [ -58.44197, -34.56305 ], [ -58.44059, -34.5639 ] ] ] } },
{ "type": "Feature", "properties": { "indice_acceso": 0.651 }, "geometry": { "type": "Polygon", "coordinates": [ [ [ -58.43985, -34.56305 ], [ -58.44059, -34.5639 ], [ -58.44197, -34.56305 ], [ -58.44134, -34.56235 ], [ -58.43985, -34.56305 ] ] ] } },
{ "type": "Feature", "properties": { "indice_acceso": 0.649 }, "geometry": { "type": "Polygon", "coordinates": [ [ [ -58.43956, -34.56453 ], [ -58.44059, -34.5639 ], [ -58.43985, -34.56305 ], [ -58.43881, -34.56367 ], [ -58.43956, -34.56453 ] ] ] } },
{ "type": "Feature", "properties": { "indice_acceso": 0.652 }, "geometry": { "type": "Polygon", "coordinates": [ [ [ -58.43956, -34.56453 ], [ -58.44033, -34.56538 ], [ -58.44126, -34.56461 ], [ -58.44059, -34.5639 ], [ -58.43956, -34.56453 ] ] ] } },
{ "type": "Feature", "properties": { "indice_acceso": 0.651 }, "geometry": { "type": "Polygon", "coordinates": [ [ [ -58.43941, -34.56614 ], [ -58.44033, -34.56538 ], [ -58.43956, -34.56453 ], [ -58.43846, -34.56519 ], [ -58.43941, -34.56614 ] ] ] } },
{ "type": "Feature", "properties": { "indice_acceso": 0.649 }, "geometry": { "type": "Polygon", "coordinates": [ [ [ -58.43757, -34.5644 ], [ -58.43846, -34.56519 ], [ -58.43956, -34.56453 ], [ -58.43881, -34.56367 ], [ -58.43757, -34.5644 ] ] ] } },
{ "type": "Feature", "properties": { "indice_acceso": 0.645 }, "geometry": { "type": "Polygon", "coordinates": [ [ [ -58.44086, -34.56244 ], [ -58.43805, -34.56297 ], [ -58.43664, -34.56356 ], [ -58.43757, -34.5644 ], [ -58.44086, -34.56244 ] ] ] } },
{ "type": "Feature", "properties": { "indice_acceso": 0.645 }, "geometry": { "type": "Polygon", "coordinates": [ [ [ -58.43548, -34.56425 ], [ -58.43627, -34.56518 ], [ -58.43757, -34.5644 ], [ -58.43656, -34.56361 ], [ -58.43548, -34.56425 ] ] ] } },
{ "type": "Feature", "properties": { "indice_acceso": 0.645 }, "geometry": { "type": "Polygon", "coordinates": [ [ [ -58.43627, -34.56518 ], [ -58.43702, -34.56606 ], [ -58.43846, -34.56519 ], [ -58.43757, -34.5644 ], [ -58.43627, -34.56518 ] ] ] } },
{ "type": "Feature", "properties": { "indice_acceso": 0.648 }, "geometry": { "type": "Polygon", "coordinates": [ [ [ -58.43702, -34.56606 ], [ -58.4381, -34.56733 ], [ -58.43941, -34.56614 ], [ -58.43846, -34.56519 ], [ -58.43702, -34.56606 ] ] ] } },
{ "type": "Feature", "properties": { "indice_acceso": 0.647 }, "geometry": { "type": "Polygon", "coordinates": [ [ [ -58.43666, -34.56754 ], [ -58.43616, -34.56784 ], [ -58.43702, -34.56884 ], [ -58.4381, -34.56733 ], [ -58.43702, -34.56606 ], [ -58.43594, -34.56669 ], [ -58.43666, -34.56754 ] ] ] } },
{ "type": "Feature", "properties": { "indice_acceso": 0.645 }, "geometry": { "type": "Polygon", "coordinates": [ [ [ -58.43594, -34.56669 ], [ -58.43702, -34.56606 ], [ -58.43627, -34.56518 ], [ -58.4352, -34.56582 ], [ -58.43594, -34.56669 ] ] ] } },
{ "type": "Feature", "properties": { "indice_acceso": 0.644 }, "geometry": { "type": "Polygon", "coordinates": [ [ [ -58.4352, -34.56582 ], [ -58.43627, -34.56518 ], [ -58.43548, -34.56425 ], [ -58.43441, -34.56489 ], [ -58.4352, -34.56582 ] ] ] } },
{ "type": "Feature", "properties": { "indice_acceso": 0.642 }, "geometry": { "type": "Polygon", "coordinates": [ [ [ -58.4341, -34.56645 ], [ -58.4352, -34.56582 ], [ -58.43441, -34.56489 ], [ -58.43331, -34.56554 ], [ -58.4341, -34.56645 ] ] ] } },
{ "type": "Feature", "properties": { "indice_acceso": 0.644 }, "geometry": { "type": "Polygon", "coordinates": [ [ [ -58.43484, -34.56732 ], [ -58.43594, -34.56669 ], [ -58.4352, -34.56582 ], [ -58.4341, -34.56645 ], [ -58.43484, -34.56732 ] ] ] } },
{ "type": "Feature", "properties": { "indice_acceso": 0.644 }, "geometry": { "type": "Polygon", "coordinates": [ [ [ -58.43558, -34.56818 ], [ -58.43666, -34.56754 ], [ -58.43594, -34.56669 ], [ -58.43484, -34.56732 ], [ -58.43558, -34.56818 ] ] ] } },
{ "type": "Feature", "properties": { "indice_acceso": 0.645 }, "geometry": { "type": "Polygon", "coordinates": [ [ [ -58.43573, -34.57024 ], [ -58.43702, -34.56884 ], [ -58.43616, -34.56784 ], [ -58.43558, -34.56818 ], [ -58.43631, -34.56904 ], [ -58.43523, -34.56967 ], [ -58.43573, -34.57024 ] ] ] } },
{ "type": "Feature", "properties": { "indice_acceso": 0.644 }, "geometry": { "type": "Polygon", "coordinates": [ [ [ -58.43523, -34.56967 ], [ -58.43631, -34.56904 ], [ -58.43558, -34.56818 ], [ -58.4345, -34.5688 ], [ -58.43523, -34.56967 ] ] ] } },
{ "type": "Feature", "properties": { "indice_acceso": 0.643 }, "geometry": { "type": "Polygon", "coordinates": [ [ [ -58.4345, -34.5688 ], [ -58.43558, -34.56818 ], [ -58.43484, -34.56732 ], [ -58.43376, -34.56794 ], [ -58.4345, -34.5688 ] ] ] } },
{ "type": "Feature", "properties": { "indice_acceso": 0.642 }, "geometry": { "type": "Polygon", "coordinates": [ [ [ -58.43376, -34.56794 ], [ -58.43484, -34.56732 ], [ -58.4341, -34.56645 ], [ -58.43303, -34.56708 ], [ -58.43376, -34.56794 ] ] ] } },
{ "type": "Feature", "properties": { "indice_acceso": 0.641 }, "geometry": { "type": "Polygon", "coordinates": [ [ [ -58.43303, -34.56708 ], [ -58.4341, -34.56645 ], [ -58.43331, -34.56554 ], [ -58.43225, -34.56617 ], [ -58.43303, -34.56708 ] ] ] } },
{ "type": "Feature", "properties": { "indice_acceso": 0.651 }, "geometry": { "type": "Polygon", "coordinates": [ [ [ -58.44295, -34.57091 ], [ -58.44411, -34.57033 ], [ -58.44296, -34.56931 ], [ -58.44176, -34.56985 ], [ -58.44295, -34.57091 ] ] ] } },
{ "type": "Feature", "properties": { "indice_acceso": 0.65 }, "geometry": { "type": "Polygon", "coordinates": [ [ [ -58.43812, -34.56738 ], [ -58.43963, -34.56795 ], [ -58.44176, -34.56985 ], [ -58.44296, -34.56931 ], [ -58.43941, -34.56614 ], [ -58.43812, -34.56738 ] ] ] } },
{ "type": "Feature", "properties": { "indice_acceso": 0.649 }, "geometry": { "type": "Polygon", "coordinates": [ [ [ -58.44087, -34.57068 ], [ -58.44176, -34.56985 ], [ -58.43963, -34.56795 ], [ -58.4381, -34.56733 ], [ -58.43735, -34.56835 ], [ -58.44087, -34.57068 ] ] ] } },
{ "type": "Feature", "properties": { "indice_acceso": 0.649 }, "geometry": { "type": "Polygon", "coordinates": [ [ [ -58.44195, -34.57144 ], [ -58.44295, -34.57091 ], [ -58.44176, -34.56985 ], [ -58.44087, -34.57068 ], [ -58.44195, -34.57144 ] ] ] } },
{ "type": "Feature", "properties": { "indice_acceso": 0.646 }, "geometry": { "type": "Polygon", "coordinates": [ [ [ -58.43672, -34.56916 ], [ -58.44141, -34.57174 ], [ -58.44195, -34.57144 ], [ -58.43735, -34.56835 ], [ -58.43672, -34.56916 ] ] ] } },
{ "type": "Feature", "properties": { "indice_acceso": 0.649 }, "geometry": { "type": "Polygon", "coordinates": [ [ [ -58.43224, -34.57392 ], [ -58.43175, -34.57435 ], [ -58.43392, -34.57418 ], [ -58.43443, -34.57445 ], [ -58.43808, -34.57243 ], [ -58.439, -34.57306 ], [ -58.44141, -34.57174 ], [ -58.43658, -34.56931 ], [ -58.43224, -34.57392 ] ] ] } },
{ "type": "Feature", "properties": { "indice_acceso": 0.643 }, "geometry": { "type": "Polygon", "coordinates": [ [ [ -58.43711, -34.57411 ], [ -58.439, -34.57306 ], [ -58.43808, -34.57243 ], [ -58.43631, -34.57342 ], [ -58.43711, -34.57411 ] ] ] } },
{ "type": "Feature", "properties": { "indice_acceso": 0.667 }, "geometry": { "type": "Polygon", "coordinates": [ [ [ -58.43392, -34.57418 ], [ -58.43175, -34.57435 ], [ -58.43145, -34.57462 ], [ -58.43314, -34.57503 ], [ -58.43443, -34.57445 ], [ -58.43392, -34.57418 ] ] ] } },
{ "type": "Feature", "properties": { "indice_acceso": 0.655 }, "geometry": { "type": "Polygon", "coordinates": [ [ [ -58.43314, -34.57503 ], [ -58.43173, -34.57454 ], [ -58.43131, -34.57475 ], [ -58.43235, -34.57527 ], [ -58.43284, -34.57603 ], [ -58.43711, -34.57411 ], [ -58.43631, -34.57342 ], [ -58.43314, -34.57503 ] ] ] } },
{ "type": "Feature", "properties": { "indice_acceso": 0.685 }, "geometry": { "type": "Polygon", "coordinates": [ [ [ -58.43235, -34.57527 ], [ -58.43131, -34.57475 ], [ -58.4285, -34.57726 ], [ -58.42931, -34.57727 ], [ -58.43284, -34.57603 ], [ -58.43235, -34.57527 ] ] ] } },
{ "type": "Feature", "properties": { "indice_acceso": 0.644 }, "geometry": { "type": "Polygon", "coordinates": [ [ [ -58.44271, -34.57567 ], [ -58.44167, -34.57656 ], [ -58.44188, -34.57677 ], [ -58.44397, -34.57536 ], [ -58.44366, -34.57505 ], [ -58.44271, -34.57567 ] ] ] } },
{ "type": "Feature", "properties": { "indice_acceso": 0.644 }, "geometry": { "type": "Polygon", "coordinates": [ [ [ -58.44126, -34.57581 ], [ -58.44105, -34.57595 ], [ -58.44167, -34.57656 ], [ -58.44358, -34.57497 ], [ -58.44126, -34.57581 ] ] ] } },
{ "type": "Feature", "properties": { "indice_acceso": 0.648 }, "geometry": { "type": "Polygon", "coordinates": [ [ [ -58.44069, -34.57375 ], [ -58.44138, -34.57447 ], [ -58.44028, -34.57518 ], [ -58.44088, -34.57578 ], [ -58.43865, -34.57621 ], [ -58.44088, -34.57592 ], [ -58.44358, -34.57497 ], [ -58.4417, -34.57308 ], [ -58.44069, -34.57375 ] ] ] } },
{ "type": "Feature", "properties": { "indice_acceso": 0.646 }, "geometry": { "type": "Polygon", "coordinates": [ [ [ -58.44069, -34.57375 ], [ -58.4417, -34.57308 ], [ -58.44074, -34.57211 ], [ -58.43966, -34.5727 ], [ -58.44069, -34.57375 ] ] ] } },
{ "type": "Feature", "properties": { "indice_acceso": 0.645 }, "geometry": { "type": "Polygon", "coordinates": [ [ [ -58.43845, -34.57337 ], [ -58.4396, -34.57451 ], [ -58.44069, -34.57375 ], [ -58.43966, -34.5727 ], [ -58.43845, -34.57337 ] ] ] } },
{ "type": "Feature", "properties": { "indice_acceso": 0.646 }, "geometry": { "type": "Polygon", "coordinates": [ [ [ -58.44028, -34.57518 ], [ -58.44138, -34.57447 ], [ -58.44069, -34.57375 ], [ -58.4396, -34.57451 ], [ -58.44028, -34.57518 ] ] ] } },
{ "type": "Feature", "properties": { "indice_acceso": 0.646 }, "geometry": { "type": "Polygon", "coordinates": [ [ [ -58.43737, -34.57605 ], [ -58.43668, -34.57594 ], [ -58.4369, -34.57612 ], [ -58.43865, -34.57621 ], [ -58.44088, -34.57578 ], [ -58.4396, -34.57451 ], [ -58.43737, -34.57605 ] ] ] } },
{ "type": "Feature", "properties": { "indice_acceso": 0.645 }, "geometry": { "type": "Polygon", "coordinates": [ [ [ -58.4369, -34.57612 ], [ -58.43994, -34.57855 ], [ -58.44188, -34.57677 ], [ -58.44105, -34.57595 ], [ -58.44124, -34.57582 ], [ -58.43865, -34.57621 ], [ -58.4369, -34.57612 ] ] ] } },
{ "type": "Feature", "properties": { "indice_acceso": 0.643 }, "geometry": { "type": "Polygon", "coordinates": [ [ [ -58.43717, -34.57603 ], [ -58.43838, -34.57536 ], [ -58.43711, -34.57411 ], [ -58.43535, -34.57493 ], [ -58.43717, -34.57603 ] ] ] } },
{ "type": "Feature", "properties": { "indice_acceso": 0.645 }, "geometry": { "type": "Polygon", "coordinates": [ [ [ -58.43838, -34.57536 ], [ -58.4396, -34.57451 ], [ -58.43845, -34.57337 ], [ -58.43711, -34.57411 ], [ -58.43838, -34.57536 ] ] ] } },
{ "type": "Feature", "properties": { "indice_acceso": 0.665 }, "geometry": { "type": "Polygon", "coordinates": [ [ [ -58.43665, -34.57766 ], [ -58.43775, -34.57679 ], [ -58.43535, -34.57493 ], [ -58.43414, -34.57546 ], [ -58.43665, -34.57766 ] ] ] } },
{ "type": "Feature", "properties": { "indice_acceso": 0.659 }, "geometry": { "type": "Polygon", "coordinates": [ [ [ -58.43873, -34.57949 ], [ -58.43994, -34.57855 ], [ -58.43775, -34.57679 ], [ -58.43665, -34.57766 ], [ -58.43873, -34.57949 ] ] ] } },
{ "type": "Feature", "properties": { "indice_acceso": 0.681 }, "geometry": { "type": "Polygon", "coordinates": [ [ [ -58.43665, -34.57766 ], [ -58.43461, -34.57927 ], [ -58.43669, -34.58109 ], [ -58.43873, -34.57949 ], [ -58.43665, -34.57766 ] ] ] } },
{ "type": "Feature", "properties": { "indice_acceso": 0.677 }, "geometry": { "type": "Polygon", "coordinates": [ [ [ -58.435, -34.57792 ], [ -58.43399, -34.57873 ], [ -58.43461, -34.57927 ], [ -58.43665, -34.57766 ], [ -58.43503, -34.57625 ], [ -58.434, -34.57705 ], [ -58.435, -34.57792 ] ] ] } },
{ "type": "Feature", "properties": { "indice_acceso": 0.676 }, "geometry": { "type": "Polygon", "coordinates": [ [ [ -58.434, -34.57705 ], [ -58.43503, -34.57625 ], [ -58.43414, -34.57546 ], [ -58.43284, -34.57603 ], [ -58.434, -34.57705 ] ] ] } },
{ "type": "Feature", "properties": { "indice_acceso": 0.681 }, "geometry": { "type": "Polygon", "coordinates": [ [ [ -58.43298, -34.57785 ], [ -58.434, -34.57705 ], [ -58.43284, -34.57603 ], [ -58.4314, -34.57666 ], [ -58.43298, -34.57785 ] ] ] } },
{ "type": "Feature", "properties": { "indice_acceso": 0.682 }, "geometry": { "type": "Polygon", "coordinates": [ [ [ -58.43399, -34.57873 ], [ -58.435, -34.57792 ], [ -58.434, -34.57705 ], [ -58.43298, -34.57785 ], [ -58.43399, -34.57873 ] ] ] } },
{ "type": "Feature", "properties": { "indice_acceso": 0.687 }, "geometry": { "type": "Polygon", "coordinates": [ [ [ -58.43298, -34.57785 ], [ -58.43196, -34.57865 ], [ -58.43297, -34.57954 ], [ -58.43399, -34.57873 ], [ -58.43298, -34.57785 ] ] ] } },
{ "type": "Feature", "properties": { "indice_acceso": 0.691 }, "geometry": { "type": "Polygon", "coordinates": [ [ [ -58.43201, -34.57701 ], [ -58.43097, -34.57779 ], [ -58.43196, -34.57865 ], [ -58.43298, -34.57785 ], [ -58.43201, -34.57701 ] ] ] } },
{ "type": "Feature", "properties": { "indice_acceso": 0.689 }, "geometry": { "type": "Polygon", "coordinates": [ [ [ -58.43011, -34.57703 ], [ -58.43097, -34.57779 ], [ -58.43201, -34.57701 ], [ -58.4314, -34.57666 ], [ -58.43011, -34.57703 ] ] ] } },
{ "type": "Feature", "properties": { "indice_acceso": 0.699 }, "geometry": { "type": "Polygon", "coordinates": [ [ [ -58.4444, -34.5832 ], [ -58.43786, -34.58774 ], [ -58.43808, -34.58837 ], [ -58.43861, -34.58862 ], [ -58.44478, -34.58451 ], [ -58.4444, -34.5832 ] ] ] } },
{ "type": "Feature", "properties": { "indice_acceso": 0.672 }, "geometry": { "type": "Polygon", "coordinates": [ [ [ -58.44343, -34.5818 ], [ -58.44022, -34.58417 ], [ -58.44144, -34.58525 ], [ -58.44445, -34.58317 ], [ -58.44343, -34.5818 ] ] ] } },
{ "type": "Feature", "properties": { "indice_acceso": 0.67 }, "geometry": { "type": "Polygon", "coordinates": [ [ [ -58.44251, -34.58094 ], [ -58.44137, -34.58179 ], [ -58.4404, -34.58094 ], [ -58.43836, -34.58255 ], [ -58.44022, -34.58417 ], [ -58.44343, -34.5818 ], [ -58.44251, -34.58094 ] ] ] } },
{ "type": "Feature", "properties": { "indice_acceso": 0.652 }, "geometry": { "type": "Polygon", "coordinates": [ [ [ -58.44054, -34.5791 ], [ -58.43939, -34.58006 ], [ -58.44137, -34.58179 ], [ -58.44251, -34.58094 ], [ -58.44054, -34.5791 ] ] ] } },
{ "type": "Feature", "properties": { "indice_acceso": 0.681 }, "geometry": { "type": "Polygon", "coordinates": [ [ [ -58.43994, -34.57855 ], [ -58.43669, -34.58109 ], [ -58.43836, -34.58255 ], [ -58.4404, -34.58094 ], [ -58.43939, -34.58006 ], [ -58.44054, -34.5791 ], [ -58.43994, -34.57855 ] ] ] } },
{ "type": "Feature", "properties": { "indice_acceso": 0.692 }, "geometry": { "type": "Polygon", "coordinates": [ [ [ -58.43669, -34.58109 ], [ -58.43464, -34.58269 ], [ -58.43719, -34.58492 ], [ -58.43824, -34.58413 ], [ -58.43641, -34.58254 ], [ -58.4374, -34.58171 ], [ -58.43669, -34.58109 ] ] ] } },
{ "type": "Feature", "properties": { "indice_acceso": 0.69 }, "geometry": { "type": "Polygon", "coordinates": [ [ [ -58.4374, -34.58171 ], [ -58.43641, -34.58254 ], [ -58.44038, -34.586 ], [ -58.44144, -34.58525 ], [ -58.4374, -34.58171 ] ] ] } },
{ "type": "Feature", "properties": { "indice_acceso": 0.692 }, "geometry": { "type": "Polygon", "coordinates": [ [ [ -58.43626, -34.58563 ], [ -58.43832, -34.58742 ], [ -58.44038, -34.586 ], [ -58.43824, -34.58413 ], [ -58.43626, -34.58563 ] ] ] } },
{ "type": "Feature", "properties": { "indice_acceso": 0.691 }, "geometry": { "type": "Polygon", "coordinates": [ [ [ -58.43792, -34.58771 ], [ -58.43832, -34.58742 ], [ -58.43626, -34.58563 ], [ -58.43719, -34.58492 ], [ -58.43464, -34.58269 ], [ -58.43293, -34.58403 ], [ -58.43792, -34.58771 ] ] ] } },
{ "type": "Feature", "properties": { "indice_acceso": 0.692 }, "geometry": { "type": "Polygon", "coordinates": [ [ [ -58.43553, -34.58007 ], [ -58.43256, -34.58241 ], [ -58.43166, -34.58161 ], [ -58.43069, -34.58238 ], [ -58.43293, -34.58403 ], [ -58.43669, -34.58109 ], [ -58.43553, -34.58007 ] ] ] } },
{ "type": "Feature", "properties": { "indice_acceso": 0.692 }, "geometry": { "type": "Polygon", "coordinates": [ [ [ -58.43399, -34.57873 ], [ -58.43196, -34.58035 ], [ -58.43348, -34.58168 ], [ -58.43553, -34.58007 ], [ -58.43399, -34.57873 ] ] ] } },
{ "type": "Feature", "properties": { "indice_acceso": 0.693 }, "geometry": { "type": "Polygon", "coordinates": [ [ [ -58.43196, -34.57865 ], [ -58.43093, -34.57945 ], [ -58.43196, -34.58035 ], [ -58.43297, -34.57954 ], [ -58.43196, -34.57865 ] ] ] } },
{ "type": "Feature", "properties": { "indice_acceso": 0.692 }, "geometry": { "type": "Polygon", "coordinates": [ [ [ -58.43097, -34.57779 ], [ -58.42993, -34.57858 ], [ -58.43093, -34.57945 ], [ -58.43196, -34.57865 ], [ -58.43097, -34.57779 ] ] ] } },
{ "type": "Feature", "properties": { "indice_acceso": 0.693 }, "geometry": { "type": "Polygon", "coordinates": [ [ [ -58.42868, -34.57749 ], [ -58.42993, -34.57858 ], [ -58.43097, -34.57779 ], [ -58.43011, -34.57703 ], [ -58.42868, -34.57749 ] ] ] } },
{ "type": "Feature", "properties": { "indice_acceso": 0.694 }, "geometry": { "type": "Polygon", "coordinates": [ [ [ -58.42666, -34.57786 ], [ -58.42678, -34.5781 ], [ -58.42741, -34.57791 ], [ -58.42899, -34.57929 ], [ -58.42993, -34.57858 ], [ -58.42868, -34.57749 ], [ -58.4293, -34.57725 ], [ -58.42666, -34.57786 ] ] ] } },
{ "type": "Feature", "properties": { "indice_acceso": 0.693 }, "geometry": { "type": "Polygon", "coordinates": [ [ [ -58.42806, -34.57998 ], [ -58.42899, -34.57929 ], [ -58.42741, -34.57791 ], [ -58.42653, -34.57817 ], [ -58.42806, -34.57998 ] ] ] } },
{ "type": "Feature", "properties": { "indice_acceso": 0.693 }, "geometry": { "type": "Polygon", "coordinates": [ [ [ -58.42806, -34.57998 ], [ -58.42901, -34.58096 ], [ -58.43093, -34.57945 ], [ -58.42993, -34.57858 ], [ -58.42806, -34.57998 ] ] ] } },
{ "type": "Feature", "properties": { "indice_acceso": 0.693 }, "geometry": { "type": "Polygon", "coordinates": [ [ [ -58.43093, -34.57945 ], [ -58.42901, -34.58096 ], [ -58.43069, -34.58238 ], [ -58.43166, -34.58161 ], [ -58.43256, -34.58241 ], [ -58.43348, -34.58168 ], [ -58.43093, -34.57945 ] ] ] } },
{ "type": "Feature", "properties": { "indice_acceso": 0.643 }, "geometry": { "type": "Polygon", "coordinates": [ [ [ -58.43314, -34.57089 ], [ -58.43408, -34.57199 ], [ -58.43573, -34.57024 ], [ -58.43523, -34.56967 ], [ -58.43314, -34.57089 ] ] ] } },
{ "type": "Feature", "properties": { "indice_acceso": 0.643 }, "geometry": { "type": "Polygon", "coordinates": [ [ [ -58.43272, -34.56854 ], [ -58.4342, -34.57027 ], [ -58.43523, -34.56967 ], [ -58.43376, -34.56794 ], [ -58.43272, -34.56854 ] ] ] } },
{ "type": "Feature", "properties": { "indice_acceso": 0.642 }, "geometry": { "type": "Polygon", "coordinates": [ [ [ -58.43314, -34.57089 ], [ -58.4342, -34.57027 ], [ -58.43272, -34.56854 ], [ -58.43167, -34.56916 ], [ -58.43314, -34.57089 ] ] ] } },
{ "type": "Feature", "properties": { "indice_acceso": 0.641 }, "geometry": { "type": "Polygon", "coordinates": [ [ [ -58.43094, -34.56829 ], [ -58.43167, -34.56916 ], [ -58.43346, -34.56811 ], [ -58.43237, -34.56746 ], [ -58.43094, -34.56829 ] ] ] } },
{ "type": "Feature", "properties": { "indice_acceso": 0.641 }, "geometry": { "type": "Polygon", "coordinates": [ [ [ -58.43346, -34.56811 ], [ -58.43376, -34.56794 ], [ -58.43303, -34.56708 ], [ -58.43237, -34.56746 ], [ -58.43346, -34.56811 ] ] ] } },
{ "type": "Feature", "properties": { "indice_acceso": 0.64 }, "geometry": { "type": "Polygon", "coordinates": [ [ [ -58.43237, -34.56746 ], [ -58.43303, -34.56708 ], [ -58.43225, -34.56617 ], [ -58.43123, -34.56677 ], [ -58.43237, -34.56746 ] ] ] } },
{ "type": "Feature", "properties": { "indice_acceso": 0.64 }, "geometry": { "type": "Polygon", "coordinates": [ [ [ -58.43017, -34.56739 ], [ -58.43094, -34.56829 ], [ -58.43237, -34.56746 ], [ -58.43123, -34.56677 ], [ -58.43017, -34.56739 ] ] ] } },
{ "type": "Feature", "properties": { "indice_acceso": 0.64 }, "geometry": { "type": "Polygon", "coordinates": [ [ [ -58.43153, -34.56911 ], [ -58.43091, -34.56976 ], [ -58.43157, -34.57052 ], [ -58.43241, -34.57002 ], [ -58.43017, -34.56739 ], [ -58.42971, -34.56765 ], [ -58.43153, -34.56911 ] ] ] } },
{ "type": "Feature", "properties": { "indice_acceso": 0.647 }, "geometry": { "type": "Polygon", "coordinates": [ [ [ -58.42938, -34.57179 ], [ -58.43013, -34.57265 ], [ -58.43314, -34.57089 ], [ -58.43241, -34.57002 ], [ -58.42938, -34.57179 ] ] ] } },
{ "type": "Feature", "properties": { "indice_acceso": 0.643 }, "geometry": { "type": "Polygon", "coordinates": [ [ [ -58.43343, -34.57267 ], [ -58.43408, -34.57199 ], [ -58.43314, -34.57089 ], [ -58.4323, -34.57138 ], [ -58.43343, -34.57267 ] ] ] } },
{ "type": "Feature", "properties": { "indice_acceso": 0.656 }, "geometry": { "type": "Polygon", "coordinates": [ [ [ -58.43252, -34.57362 ], [ -58.43343, -34.57267 ], [ -58.4323, -34.57138 ], [ -58.43117, -34.57205 ], [ -58.43252, -34.57362 ] ] ] } },
{ "type": "Feature", "properties": { "indice_acceso": 0.675 }, "geometry": { "type": "Polygon", "coordinates": [ [ [ -58.42666, -34.57786 ], [ -58.4285, -34.57726 ], [ -58.43252, -34.57362 ], [ -58.43117, -34.57205 ], [ -58.42869, -34.57349 ], [ -58.42414, -34.57104 ], [ -58.42325, -34.57117 ], [ -58.42666, -34.57786 ] ] ] } },
{ "type": "Feature", "properties": { "indice_acceso": 0.657 }, "geometry": { "type": "Polygon", "coordinates": [ [ [ -58.42869, -34.57349 ], [ -58.43013, -34.57265 ], [ -58.42938, -34.57179 ], [ -58.43157, -34.57052 ], [ -58.43091, -34.56976 ], [ -58.43153, -34.56911 ], [ -58.42971, -34.56765 ], [ -58.42381, -34.57093 ], [ -58.42869, -34.57349 ] ] ] } },
{ "type": "Feature", "properties": { "indice_acceso": 0.626 }, "geometry": { "type": "Polygon", "coordinates": [ [ [ -58.41555, -34.55495 ], [ -58.41115, -34.55736 ], [ -58.40949, -34.5566 ], [ -58.40943, -34.55714 ], [ -58.41017, -34.55807 ], [ -58.40806, -34.56002 ], [ -58.40486, -34.56376 ], [ -58.40459, -34.56385 ], [ -58.40013, -34.56124 ], [ -58.40456, -34.56413 ], [ -58.40403, -34.56486 ], [ -58.40137, -34.56371 ], [ -58.39929, -34.5641 ], [ -58.39806, -34.5652 ], [ -58.39791, -34.56634 ], [ -58.40023, -34.56902 ], [ -58.39996, -34.56922 ], [ -58.39749, -34.56668 ], [ -58.39698, -34.56667 ], [ -58.39578, -34.56774 ], [ -58.39521, -34.56895 ], [ -58.39456, -34.56923 ], [ -58.39279, -34.57224 ], [ -58.3952, -34.5722 ], [ -58.40013, -34.56935 ], [ -58.39972, -34.57076 ], [ -58.40279, -34.57428 ], [ -58.40513, -34.57163 ], [ -58.40608, -34.5723 ], [ -58.40781, -34.57483 ], [ -58.40947, -34.5763 ], [ -58.40986, -34.57728 ], [ -58.41472, -34.57509 ], [ -58.41488, -34.57454 ], [ -58.41626, -34.57435 ], [ -58.4242, -34.57074 ], [ -58.43717, -34.56328 ], [ -58.44134, -34.56235 ], [ -58.44117, -34.5621 ], [ -58.43541, -34.56255 ], [ -58.43486, -34.56209 ], [ -58.43495, -34.56179 ], [ -58.43728, -34.56188 ], [ -58.43925, -34.56129 ], [ -58.44066, -34.56028 ], [ -58.44138, -34.55882 ], [ -58.44106, -34.5579 ], [ -58.44016, -34.5571 ], [ -58.43769, -34.55615 ], [ -58.43598, -34.55486 ], [ -58.43411, -34.55396 ], [ -58.43466, -34.55359 ], [ -58.43443, -34.55305 ], [ -58.43098, -34.55112 ], [ -58.42979, -34.55094 ], [ -58.4267, -34.55205 ], [ -58.42657, -34.55183 ], [ -58.42569, -34.55208 ], [ -58.4242, -34.54926 ], [ -58.42557, -34.55206 ], [ -58.41555, -34.55495 ] ] ] } },
{ "type": "Feature", "properties": { "indice_acceso": 0.678 }, "geometry": { "type": "Polygon", "coordinates": [ [ [ -58.42425, -34.57636 ], [ -58.42352, -34.5768 ], [ -58.42526, -34.57867 ], [ -58.42678, -34.5781 ], [ -58.42499, -34.57456 ], [ -58.42353, -34.57507 ], [ -58.42425, -34.57636 ] ] ] } },
{ "type": "Feature", "properties": { "indice_acceso": 0.664 }, "geometry": { "type": "Polygon", "coordinates": [ [ [ -58.42353, -34.57507 ], [ -58.42499, -34.57456 ], [ -58.42325, -34.57117 ], [ -58.42175, -34.57182 ], [ -58.42353, -34.57507 ] ] ] } },
{ "type": "Feature", "properties": { "indice_acceso": 0.668 }, "geometry": { "type": "Polygon", "coordinates": [ [ [ -58.42126, -34.57363 ], [ -58.42243, -34.57311 ], [ -58.42175, -34.57182 ], [ -58.42055, -34.57237 ], [ -58.42126, -34.57363 ] ] ] } },
{ "type": "Feature", "properties": { "indice_acceso": 0.674 }, "geometry": { "type": "Polygon", "coordinates": [ [ [ -58.42002, -34.57417 ], [ -58.42126, -34.57363 ], [ -58.42055, -34.57237 ], [ -58.41921, -34.57297 ], [ -58.42002, -34.57417 ] ] ] } },
{ "type": "Feature", "properties": { "indice_acceso": 0.671 }, "geometry": { "type": "Polygon", "coordinates": [ [ [ -58.42002, -34.57417 ], [ -58.42058, -34.57499 ], [ -58.42291, -34.57397 ], [ -58.42243, -34.57311 ], [ -58.42002, -34.57417 ] ] ] } },
{ "type": "Feature", "properties": { "indice_acceso": 0.675 }, "geometry": { "type": "Polygon", "coordinates": [ [ [ -58.42291, -34.57397 ], [ -58.42058, -34.57499 ], [ -58.42122, -34.5759 ], [ -58.42353, -34.57507 ], [ -58.42291, -34.57397 ] ] ] } },
{ "type": "Feature", "properties": { "indice_acceso": 0.674 }, "geometry": { "type": "Polygon", "coordinates": [ [ [ -58.42352, -34.5768 ], [ -58.42425, -34.57636 ], [ -58.42353, -34.57507 ], [ -58.42231, -34.5755 ], [ -58.42352, -34.5768 ] ] ] } },
{ "type": "Feature", "properties": { "indice_acceso": 0.681 }, "geometry": { "type": "Polygon", "coordinates": [ [ [ -58.42259, -34.57736 ], [ -58.42352, -34.5768 ], [ -58.42231, -34.5755 ], [ -58.42122, -34.5759 ], [ -58.42259, -34.57736 ] ] ] } },
{ "type": "Feature", "properties": { "indice_acceso": 0.679 }, "geometry": { "type": "Polygon", "coordinates": [ [ [ -58.42341, -34.57825 ], [ -58.42435, -34.57769 ], [ -58.42352, -34.5768 ], [ -58.42259, -34.57736 ], [ -58.42341, -34.57825 ] ] ] } },
{ "type": "Feature", "properties": { "indice_acceso": 0.687 }, "geometry": { "type": "Polygon", "coordinates": [ [ [ -58.42426, -34.57916 ], [ -58.42526, -34.57867 ], [ -58.42435, -34.57769 ], [ -58.42341, -34.57825 ], [ -58.42426, -34.57916 ] ] ] } },
{ "type": "Feature", "properties": { "indice_acceso": 0.693 }, "geometry": { "type": "Polygon", "coordinates": [ [ [ -58.42341, -34.57825 ], [ -58.42253, -34.57879 ], [ -58.42312, -34.57972 ], [ -58.42426, -34.57916 ], [ -58.42341, -34.57825 ] ] ] } },
{ "type": "Feature", "properties": { "indice_acceso": 0.681 }, "geometry": { "type": "Polygon", "coordinates": [ [ [ -58.42122, -34.5759 ], [ -58.42002, -34.5763 ], [ -58.41835, -34.57586 ], [ -58.41727, -34.57735 ], [ -58.42059, -34.58079 ], [ -58.4216, -34.58085 ], [ -58.42341, -34.57964 ], [ -58.42312, -34.57972 ], [ -58.42253, -34.57879 ], [ -58.42341, -34.57825 ], [ -58.42122, -34.5759 ] ] ] } },
{ "type": "Feature", "properties": { "indice_acceso": 0.687 }, "geometry": { "type": "Polygon", "coordinates": [ [ [ -58.41921, -34.57297 ], [ -58.41626, -34.57435 ], [ -58.41488, -34.57454 ], [ -58.41472, -34.57509 ], [ -58.41557, -34.57554 ], [ -58.41727, -34.57735 ], [ -58.41835, -34.57586 ], [ -58.42002, -34.5763 ], [ -58.42122, -34.5759 ], [ -58.42058, -34.57499 ], [ -58.41943, -34.5755 ], [ -58.41882, -34.5747 ], [ -58.42002, -34.57417 ], [ -58.41921, -34.57297 ] ] ] } },
{ "type": "Feature", "properties": { "indice_acceso": 0.68 }, "geometry": { "type": "Polygon", "coordinates": [ [ [ -58.42002, -34.57417 ], [ -58.41882, -34.5747 ], [ -58.41943, -34.5755 ], [ -58.42058, -34.57499 ], [ -58.42002, -34.57417 ] ] ] } },
{ "type": "Feature", "properties": { "indice_acceso": 0.682 }, "geometry": { "type": "Polygon", "coordinates": [ [ [ -58.42426, -34.57916 ], [ -58.42533, -34.58035 ], [ -58.4262, -34.57973 ], [ -58.428, -34.58179 ], [ -58.42901, -34.58096 ], [ -58.42653, -34.57817 ], [ -58.42426, -34.57916 ] ] ] } },
{ "type": "Feature", "properties": { "indice_acceso": 0.692 }, "geometry": { "type": "Polygon", "coordinates": [ [ [ -58.42624, -34.58136 ], [ -58.42707, -34.58074 ], [ -58.4262, -34.57973 ], [ -58.42533, -34.58035 ], [ -58.42624, -34.58136 ] ] ] } },
{ "type": "Feature", "properties": { "indice_acceso": 0.695 }, "geometry": { "type": "Polygon", "coordinates": [ [ [ -58.42544, -34.58195 ], [ -58.42639, -34.58302 ], [ -58.428, -34.58179 ], [ -58.42707, -34.58074 ], [ -58.42544, -34.58195 ] ] ] } },
{ "type": "Feature", "properties": { "indice_acceso": 0.7 }, "geometry": { "type": "Polygon", "coordinates": [ [ [ -58.42544, -34.58195 ], [ -58.42624, -34.58136 ], [ -58.42533, -34.58035 ], [ -58.42453, -34.58094 ], [ -58.42544, -34.58195 ] ] ] } },
{ "type": "Feature", "properties": { "indice_acceso": 0.7 }, "geometry": { "type": "Polygon", "coordinates": [ [ [ -58.42453, -34.58094 ], [ -58.42533, -34.58035 ], [ -58.42426, -34.57916 ], [ -58.42341, -34.57964 ], [ -58.42453, -34.58094 ] ] ] } },
{ "type": "Feature", "properties": { "indice_acceso": 0.706 }, "geometry": { "type": "Polygon", "coordinates": [ [ [ -58.42376, -34.5815 ], [ -58.42453, -34.58094 ], [ -58.42341, -34.57964 ], [ -58.42233, -34.58036 ], [ -58.42376, -34.5815 ] ] ] } },
{ "type": "Feature", "properties": { "indice_acceso": 0.705 }, "geometry": { "type": "Polygon", "coordinates": [ [ [ -58.42487, -34.58238 ], [ -58.42544, -34.58195 ], [ -58.42453, -34.58094 ], [ -58.42376, -34.5815 ], [ -58.42487, -34.58238 ] ] ] } },
{ "type": "Feature", "properties": { "indice_acceso": 0.705 }, "geometry": { "type": "Polygon", "coordinates": [ [ [ -58.42602, -34.58329 ], [ -58.42639, -34.58302 ], [ -58.42544, -34.58195 ], [ -58.42487, -34.58238 ], [ -58.42602, -34.58329 ] ] ] } },
{ "type": "Feature", "properties": { "indice_acceso": 0.713 }, "geometry": { "type": "Polygon", "coordinates": [ [ [ -58.42518, -34.58394 ], [ -58.42602, -34.58329 ], [ -58.42487, -34.58238 ], [ -58.42402, -34.58302 ], [ -58.42518, -34.58394 ] ] ] } },
{ "type": "Feature", "properties": { "indice_acceso": 0.71 }, "geometry": { "type": "Polygon", "coordinates": [ [ [ -58.42402, -34.58302 ], [ -58.42487, -34.58238 ], [ -58.42376, -34.5815 ], [ -58.4229, -34.58212 ], [ -58.42402, -34.58302 ] ] ] } },
{ "type": "Feature", "properties": { "indice_acceso": 0.712 }, "geometry": { "type": "Polygon", "coordinates": [ [ [ -58.4229, -34.58212 ], [ -58.42376, -34.5815 ], [ -58.42233, -34.58036 ], [ -58.4216, -34.58085 ], [ -58.4229, -34.58212 ] ] ] } },
{ "type": "Feature", "properties": { "indice_acceso": 0.701 }, "geometry": { "type": "Polygon", "coordinates": [ [ [ -58.43712, -34.58961 ], [ -58.43861, -34.58862 ], [ -58.43808, -34.58837 ], [ -58.43792, -34.58771 ], [ -58.43475, -34.58537 ], [ -58.4329, -34.58684 ], [ -58.43712, -34.58961 ] ] ] } },
{ "type": "Feature", "properties": { "indice_acceso": 0.695 }, "geometry": { "type": "Polygon", "coordinates": [ [ [ -58.42718, -34.58241 ], [ -58.42939, -34.58488 ], [ -58.43017, -34.58427 ], [ -58.43183, -34.58617 ], [ -58.4329, -34.58684 ], [ -58.43475, -34.58537 ], [ -58.42901, -34.58096 ], [ -58.42718, -34.58241 ] ] ] } },
{ "type": "Feature", "properties": { "indice_acceso": 0.701 }, "geometry": { "type": "Polygon", "coordinates": [ [ [ -58.42602, -34.58329 ], [ -58.42716, -34.58419 ], [ -58.4281, -34.58344 ], [ -58.42718, -34.58241 ], [ -58.42602, -34.58329 ] ] ] } },
{ "type": "Feature", "properties": { "indice_acceso": 0.7 }, "geometry": { "type": "Polygon", "coordinates": [ [ [ -58.42631, -34.58486 ], [ -58.42799, -34.58598 ], [ -58.42939, -34.58488 ], [ -58.4281, -34.58344 ], [ -58.42631, -34.58486 ] ] ] } },
{ "type": "Feature", "properties": { "indice_acceso": 0.697 }, "geometry": { "type": "Polygon", "coordinates": [ [ [ -58.42799, -34.58598 ], [ -58.42915, -34.58674 ], [ -58.43035, -34.58594 ], [ -58.43108, -34.58675 ], [ -58.43183, -34.58617 ], [ -58.43017, -34.58427 ], [ -58.42799, -34.58598 ] ] ] } },
{ "type": "Feature", "properties": { "indice_acceso": 0.707 }, "geometry": { "type": "Polygon", "coordinates": [ [ [ -58.43035, -34.58594 ], [ -58.4272, -34.58804 ], [ -58.42923, -34.58934 ], [ -58.42995, -34.58887 ], [ -58.42915, -34.58805 ], [ -58.43108, -34.58675 ], [ -58.43035, -34.58594 ] ] ] } },
{ "type": "Feature", "properties": { "indice_acceso": 0.693 }, "geometry": { "type": "Polygon", "coordinates": [ [ [ -58.43013, -34.58739 ], [ -58.42915, -34.58805 ], [ -58.42995, -34.58887 ], [ -58.42923, -34.58934 ], [ -58.43025, -34.59001 ], [ -58.43218, -34.58876 ], [ -58.43013, -34.58739 ] ] ] } },
{ "type": "Feature", "properties": { "indice_acceso": 0.686 }, "geometry": { "type": "Polygon", "coordinates": [ [ [ -58.43183, -34.58617 ], [ -58.43013, -34.58739 ], [ -58.43218, -34.58876 ], [ -58.43395, -34.5875 ], [ -58.43183, -34.58617 ] ] ] } },
{ "type": "Feature", "properties": { "indice_acceso": 0.693 }, "geometry": { "type": "Polygon", "coordinates": [ [ [ -58.43617, -34.59025 ], [ -58.43712, -34.58961 ], [ -58.43395, -34.5875 ], [ -58.43313, -34.58816 ], [ -58.43617, -34.59025 ] ] ] } },
{ "type": "Feature", "properties": { "indice_acceso": 0.701 }, "geometry": { "type": "Polygon", "coordinates": [ [ [ -58.43398, -34.58872 ], [ -58.43309, -34.58936 ], [ -58.43437, -34.59021 ], [ -58.43344, -34.59084 ], [ -58.43436, -34.59145 ], [ -58.43617, -34.59025 ], [ -58.43398, -34.58872 ] ] ] } },
{ "type": "Feature", "properties": { "indice_acceso": 0.693 }, "geometry": { "type": "Polygon", "coordinates": [ [ [ -58.43313, -34.58816 ], [ -58.43121, -34.58939 ], [ -58.43344, -34.59084 ], [ -58.43437, -34.59021 ], [ -58.43309, -34.58936 ], [ -58.43398, -34.58872 ], [ -58.43313, -34.58816 ] ] ] } },
{ "type": "Feature", "properties": { "indice_acceso": 0.706 }, "geometry": { "type": "Polygon", "coordinates": [ [ [ -58.43344, -34.59206 ], [ -58.43436, -34.59145 ], [ -58.43121, -34.58939 ], [ -58.43025, -34.59001 ], [ -58.43344, -34.59206 ] ] ] } },
{ "type": "Feature", "properties": { "indice_acceso": 0.71 }, "geometry": { "type": "Polygon", "coordinates": [ [ [ -58.42631, -34.58486 ], [ -58.42716, -34.58419 ], [ -58.42602, -34.58329 ], [ -58.42518, -34.58394 ], [ -58.42631, -34.58486 ] ] ] } },
{ "type": "Feature", "properties": { "indice_acceso": 0.716 }, "geometry": { "type": "Polygon", "coordinates": [ [ [ -58.42538, -34.5856 ], [ -58.42631, -34.58486 ], [ -58.42518, -34.58394 ], [ -58.42423, -34.58467 ], [ -58.42538, -34.5856 ] ] ] } },
{ "type": "Feature", "properties": { "indice_acceso": 0.723 }, "geometry": { "type": "Polygon", "coordinates": [ [ [ -58.42451, -34.58629 ], [ -58.42538, -34.5856 ], [ -58.42423, -34.58467 ], [ -58.42326, -34.58541 ], [ -58.42451, -34.58629 ] ] ] } },
{ "type": "Feature", "properties": { "indice_acceso": 0.718 }, "geometry": { "type": "Polygon", "coordinates": [ [ [ -58.42631, -34.58486 ], [ -58.42451, -34.58629 ], [ -58.42519, -34.58674 ], [ -58.42699, -34.58531 ], [ -58.42631, -34.58486 ] ] ] } },
{ "type": "Feature", "properties": { "indice_acceso": 0.716 }, "geometry": { "type": "Polygon", "coordinates": [ [ [ -58.42699, -34.58531 ], [ -58.42519, -34.58674 ], [ -58.4262, -34.58738 ], [ -58.42799, -34.58598 ], [ -58.42699, -34.58531 ] ] ] } },
{ "type": "Feature", "properties": { "indice_acceso": 0.709 }, "geometry": { "type": "Polygon", "coordinates": [ [ [ -58.42799, -34.58598 ], [ -58.4262, -34.58738 ], [ -58.4272, -34.58804 ], [ -58.42915, -34.58674 ], [ -58.42799, -34.58598 ] ] ] } },
{ "type": "Feature", "properties": { "indice_acceso": 0.719 }, "geometry": { "type": "Polygon", "coordinates": [ [ [ -58.42451, -34.58629 ], [ -58.4236, -34.58701 ], [ -58.4262, -34.58871 ], [ -58.4272, -34.58804 ], [ -58.42451, -34.58629 ] ] ] } },
{ "type": "Feature", "properties": { "indice_acceso": 0.724 }, "geometry": { "type": "Polygon", "coordinates": [ [ [ -58.42326, -34.58541 ], [ -58.42229, -34.58616 ], [ -58.4236, -34.58701 ], [ -58.42451, -34.58629 ], [ -58.42326, -34.58541 ] ] ] } },
{ "type": "Feature", "properties": { "indice_acceso": 0.725 }, "geometry": { "type": "Polygon", "coordinates": [ [ [ -58.42229, -34.58616 ], [ -58.42124, -34.58697 ], [ -58.42257, -34.58782 ], [ -58.4236, -34.58701 ], [ -58.42229, -34.58616 ] ] ] } },
{ "type": "Feature", "properties": { "indice_acceso": 0.75 }, "geometry": { "type": "Polygon", "coordinates": [ [ [ -58.42124, -34.58697 ], [ -58.42017, -34.58779 ], [ -58.42148, -34.58861 ], [ -58.42257, -34.58782 ], [ -58.42124, -34.58697 ] ] ] } },
{ "type": "Feature", "properties": { "indice_acceso": 0.769 }, "geometry": { "type": "Polygon", "coordinates": [ [ [ -58.4203, -34.58898 ], [ -58.42148, -34.58861 ], [ -58.42017, -34.58779 ], [ -58.41937, -34.58842 ], [ -58.4203, -34.58898 ] ] ] } },
{ "type": "Feature", "properties": { "indice_acceso": 0.723 }, "geometry": { "type": "Polygon", "coordinates": [ [ [ -58.42423, -34.58467 ], [ -58.42518, -34.58394 ], [ -58.42402, -34.58302 ], [ -58.42307, -34.58373 ], [ -58.42423, -34.58467 ] ] ] } },
{ "type": "Feature", "properties": { "indice_acceso": 0.72 }, "geometry": { "type": "Polygon", "coordinates": [ [ [ -58.42307, -34.58373 ], [ -58.42402, -34.58302 ], [ -58.4229, -34.58212 ], [ -58.42193, -34.58281 ], [ -58.42307, -34.58373 ] ] ] } },
{ "type": "Feature", "properties": { "indice_acceso": 0.722 }, "geometry": { "type": "Polygon", "coordinates": [ [ [ -58.42193, -34.58281 ], [ -58.4229, -34.58212 ], [ -58.42173, -34.58118 ], [ -58.42075, -34.58187 ], [ -58.42193, -34.58281 ] ] ] } },
{ "type": "Feature", "properties": { "indice_acceso": 0.726 }, "geometry": { "type": "Polygon", "coordinates": [ [ [ -58.42123, -34.58332 ], [ -58.42193, -34.58281 ], [ -58.42075, -34.58187 ], [ -58.42005, -34.58235 ], [ -58.42123, -34.58332 ] ] ] } },
{ "type": "Feature", "properties": { "indice_acceso": 0.727 }, "geometry": { "type": "Polygon", "coordinates": [ [ [ -58.42235, -34.58426 ], [ -58.42307, -34.58373 ], [ -58.42193, -34.58281 ], [ -58.42123, -34.58332 ], [ -58.42235, -34.58426 ] ] ] } },
{ "type": "Feature", "properties": { "indice_acceso": 0.726 }, "geometry": { "type": "Polygon", "coordinates": [ [ [ -58.422, -34.58452 ], [ -58.42326, -34.58541 ], [ -58.42423, -34.58467 ], [ -58.42307, -34.58373 ], [ -58.422, -34.58452 ] ] ] } },
{ "type": "Feature", "properties": { "indice_acceso": 0.726 }, "geometry": { "type": "Polygon", "coordinates": [ [ [ -58.42178, -34.58469 ], [ -58.42235, -34.58426 ], [ -58.42123, -34.58332 ], [ -58.42041, -34.58392 ], [ -58.42178, -34.58469 ] ] ] } },
{ "type": "Feature", "properties": { "indice_acceso": 0.726 }, "geometry": { "type": "Polygon", "coordinates": [ [ [ -58.42005, -34.58235 ], [ -58.41826, -34.58358 ], [ -58.41965, -34.58447 ], [ -58.42123, -34.58332 ], [ -58.42005, -34.58235 ] ] ] } },
{ "type": "Feature", "properties": { "indice_acceso": 0.696 }, "geometry": { "type": "Polygon", "coordinates": [ [ [ -58.41597, -34.58008 ], [ -58.41447, -34.58055 ], [ -58.41523, -34.58168 ], [ -58.42012, -34.58137 ], [ -58.42059, -34.58079 ], [ -58.41557, -34.57554 ], [ -58.41472, -34.57509 ], [ -58.41316, -34.5758 ], [ -58.41597, -34.58008 ] ] ] } },
{ "type": "Feature", "properties": { "indice_acceso": 0.735 }, "geometry": { "type": "Polygon", "coordinates": [ [ [ -58.41447, -34.58055 ], [ -58.41597, -34.58008 ], [ -58.41543, -34.57926 ], [ -58.41393, -34.57973 ], [ -58.41447, -34.58055 ] ] ] } },
{ "type": "Feature", "properties": { "indice_acceso": 0.735 }, "geometry": { "type": "Polygon", "coordinates": [ [ [ -58.41393, -34.57973 ], [ -58.41543, -34.57926 ], [ -58.41473, -34.57818 ], [ -58.41325, -34.5787 ], [ -58.41393, -34.57973 ] ] ] } },
{ "type": "Feature", "properties": { "indice_acceso": 0.729 }, "geometry": { "type": "Polygon", "coordinates": [ [ [ -58.41325, -34.5787 ], [ -58.41473, -34.57818 ], [ -58.41398, -34.57705 ], [ -58.41253, -34.57762 ], [ -58.41325, -34.5787 ] ] ] } },
{ "type": "Feature", "properties": { "indice_acceso": 0.716 }, "geometry": { "type": "Polygon", "coordinates": [ [ [ -58.41253, -34.57762 ], [ -58.41398, -34.57705 ], [ -58.41316, -34.5758 ], [ -58.41175, -34.57643 ], [ -58.41253, -34.57762 ] ] ] } },
{ "type": "Feature", "properties": { "indice_acceso": 0.717 }, "geometry": { "type": "Polygon", "coordinates": [ [ [ -58.4117, -34.57796 ], [ -58.41253, -34.57762 ], [ -58.41175, -34.57643 ], [ -58.41094, -34.5768 ], [ -58.4117, -34.57796 ] ] ] } },
{ "type": "Feature", "properties": { "indice_acceso": 0.727 }, "geometry": { "type": "Polygon", "coordinates": [ [ [ -58.4124, -34.57901 ], [ -58.41325, -34.5787 ], [ -58.41253, -34.57762 ], [ -58.4117, -34.57796 ], [ -58.4124, -34.57901 ] ] ] } },
{ "type": "Feature", "properties": { "indice_acceso": 0.735 }, "geometry": { "type": "Polygon", "coordinates": [ [ [ -58.41422, -34.58174 ], [ -58.41523, -34.58168 ], [ -58.41447, -34.58055 ], [ -58.4136, -34.58081 ], [ -58.41422, -34.58174 ] ] ] } },
{ "type": "Feature", "properties": { "indice_acceso": 0.736 }, "geometry": { "type": "Polygon", "coordinates": [ [ [ -58.4136, -34.58081 ], [ -58.41447, -34.58055 ], [ -58.41325, -34.5787 ], [ -58.4124, -34.57901 ], [ -58.4136, -34.58081 ] ] ] } },
{ "type": "Feature", "properties": { "indice_acceso": 0.73 }, "geometry": { "type": "Polygon", "coordinates": [ [ [ -58.4127, -34.58185 ], [ -58.41422, -34.58174 ], [ -58.41306, -34.58 ], [ -58.41183, -34.58039 ], [ -58.4127, -34.58185 ] ] ] } },
{ "type": "Feature", "properties": { "indice_acceso": 0.731 }, "geometry": { "type": "Polygon", "coordinates": [ [ [ -58.41183, -34.58039 ], [ -58.41306, -34.58 ], [ -58.4124, -34.57901 ], [ -58.41123, -34.57937 ], [ -58.41183, -34.58039 ] ] ] } },
{ "type": "Feature", "properties": { "indice_acceso": 0.729 }, "geometry": { "type": "Polygon", "coordinates": [ [ [ -58.41132, -34.57941 ], [ -58.4124, -34.57901 ], [ -58.4117, -34.57796 ], [ -58.41064, -34.57838 ], [ -58.41132, -34.57941 ] ] ] } },
{ "type": "Feature", "properties": { "indice_acceso": 0.716 }, "geometry": { "type": "Polygon", "coordinates": [ [ [ -58.40862, -34.57784 ], [ -58.40927, -34.57893 ], [ -58.4117, -34.57796 ], [ -58.41094, -34.5768 ], [ -58.40862, -34.57784 ] ] ] } },
{ "type": "Feature", "properties": { "indice_acceso": 0.733 }, "geometry": { "type": "Polygon", "coordinates": [ [ [ -58.4104, -34.58083 ], [ -58.41183, -34.58039 ], [ -58.41064, -34.57838 ], [ -58.40927, -34.57893 ], [ -58.4104, -34.58083 ] ] ] } },
{ "type": "Feature", "properties": { "indice_acceso": 0.737 }, "geometry": { "type": "Polygon", "coordinates": [ [ [ -58.41109, -34.58198 ], [ -58.4127, -34.58185 ], [ -58.41183, -34.58039 ], [ -58.4104, -34.58083 ], [ -58.41109, -34.58198 ] ] ] } },
{ "type": "Feature", "properties": { "indice_acceso": 0.719 }, "geometry": { "type": "Polygon", "coordinates": [ [ [ -58.42012, -34.58137 ], [ -58.41422, -34.58174 ], [ -58.41606, -34.58386 ], [ -58.415, -34.58454 ], [ -58.41595, -34.58515 ], [ -58.42173, -34.58118 ], [ -58.42128, -34.58067 ], [ -58.42059, -34.58079 ], [ -58.42012, -34.58137 ] ] ] } },
{ "type": "Feature", "properties": { "indice_acceso": 0.733 }, "geometry": { "type": "Polygon", "coordinates": [ [ [ -58.415, -34.58454 ], [ -58.41606, -34.58386 ], [ -58.41552, -34.58323 ], [ -58.41428, -34.58407 ], [ -58.415, -34.58454 ] ] ] } },
{ "type": "Feature", "properties": { "indice_acceso": 0.733 }, "geometry": { "type": "Polygon", "coordinates": [ [ [ -58.41338, -34.58349 ], [ -58.41428, -34.58407 ], [ -58.41552, -34.58323 ], [ -58.41484, -34.58245 ], [ -58.41338, -34.58349 ] ] ] } },
{ "type": "Feature", "properties": { "indice_acceso": 0.731 }, "geometry": { "type": "Polygon", "coordinates": [ [ [ -58.41411, -34.58296 ], [ -58.41484, -34.58245 ], [ -58.41422, -34.58174 ], [ -58.4127, -34.58185 ], [ -58.41411, -34.58296 ] ] ] } },
{ "type": "Feature", "properties": { "indice_acceso": 0.726 }, "geometry": { "type": "Polygon", "coordinates": [ [ [ -58.41338, -34.58349 ], [ -58.41411, -34.58296 ], [ -58.4127, -34.58185 ], [ -58.41109, -34.58198 ], [ -58.41338, -34.58349 ] ] ] } },
{ "type": "Feature", "properties": { "indice_acceso": 0.732 }, "geometry": { "type": "Polygon", "coordinates": [ [ [ -58.41338, -34.58349 ], [ -58.41257, -34.58406 ], [ -58.4134, -34.58466 ], [ -58.41428, -34.58407 ], [ -58.41338, -34.58349 ] ] ] } },
{ "type": "Feature", "properties": { "indice_acceso": 0.732 }, "geometry": { "type": "Polygon", "coordinates": [ [ [ -58.41428, -34.58407 ], [ -58.4134, -34.58466 ], [ -58.41407, -34.58514 ], [ -58.415, -34.58454 ], [ -58.41428, -34.58407 ] ] ] } },
{ "type": "Feature", "properties": { "indice_acceso": 0.733 }, "geometry": { "type": "Polygon", "coordinates": [ [ [ -58.415, -34.58454 ], [ -58.41407, -34.58514 ], [ -58.41499, -34.58579 ], [ -58.41595, -34.58515 ], [ -58.415, -34.58454 ] ] ] } },
{ "type": "Feature", "properties": { "indice_acceso": 0.725 }, "geometry": { "type": "Polygon", "coordinates": [ [ [ -58.42095, -34.58531 ], [ -58.42178, -34.58469 ], [ -58.42041, -34.58392 ], [ -58.41965, -34.58447 ], [ -58.42095, -34.58531 ] ] ] } },
{ "type": "Feature", "properties": { "indice_acceso": 0.727 }, "geometry": { "type": "Polygon", "coordinates": [ [ [ -58.42095, -34.58531 ], [ -58.42229, -34.58616 ], [ -58.42326, -34.58541 ], [ -58.422, -34.58452 ], [ -58.42095, -34.58531 ] ] ] } },
{ "type": "Feature", "properties": { "indice_acceso": 0.731 }, "geometry": { "type": "Polygon", "coordinates": [ [ [ -58.42095, -34.58531 ], [ -58.41989, -34.5861 ], [ -58.42124, -34.58697 ], [ -58.42229, -34.58616 ], [ -58.42095, -34.58531 ] ] ] } },
{ "type": "Feature", "properties": { "indice_acceso": 0.726 }, "geometry": { "type": "Polygon", "coordinates": [ [ [ -58.41965, -34.58447 ], [ -58.41855, -34.58527 ], [ -58.41989, -34.5861 ], [ -58.42095, -34.58531 ], [ -58.41965, -34.58447 ] ] ] } },
{ "type": "Feature", "properties": { "indice_acceso": 0.725 }, "geometry": { "type": "Polygon", "coordinates": [ [ [ -58.41826, -34.58358 ], [ -58.41711, -34.58437 ], [ -58.41855, -34.58527 ], [ -58.41965, -34.58447 ], [ -58.41826, -34.58358 ] ] ] } },
{ "type": "Feature", "properties": { "indice_acceso": 0.74 }, "geometry": { "type": "Polygon", "coordinates": [ [ [ -58.41989, -34.5861 ], [ -58.41878, -34.58693 ], [ -58.42017, -34.58779 ], [ -58.42124, -34.58697 ], [ -58.41989, -34.5861 ] ] ] } },
{ "type": "Feature", "properties": { "indice_acceso": 0.732 }, "geometry": { "type": "Polygon", "coordinates": [ [ [ -58.41855, -34.58527 ], [ -58.41743, -34.58608 ], [ -58.41878, -34.58693 ], [ -58.41989, -34.5861 ], [ -58.41855, -34.58527 ] ] ] } },
{ "type": "Feature", "properties": { "indice_acceso": 0.733 }, "geometry": { "type": "Polygon", "coordinates": [ [ [ -58.41711, -34.58437 ], [ -58.41595, -34.58515 ], [ -58.41743, -34.58608 ], [ -58.41855, -34.58527 ], [ -58.41711, -34.58437 ] ] ] } },
{ "type": "Feature", "properties": { "indice_acceso": 0.735 }, "geometry": { "type": "Polygon", "coordinates": [ [ [ -58.41653, -34.58672 ], [ -58.41743, -34.58608 ], [ -58.41595, -34.58515 ], [ -58.41499, -34.58579 ], [ -58.41653, -34.58672 ] ] ] } },
{ "type": "Feature", "properties": { "indice_acceso": 0.746 }, "geometry": { "type": "Polygon", "coordinates": [ [ [ -58.41792, -34.58755 ], [ -58.41878, -34.58693 ], [ -58.41743, -34.58608 ], [ -58.41653, -34.58672 ], [ -58.41792, -34.58755 ] ] ] } },
{ "type": "Feature", "properties": { "indice_acceso": 0.749 }, "geometry": { "type": "Polygon", "coordinates": [ [ [ -58.41878, -34.58693 ], [ -58.41792, -34.58755 ], [ -58.41866, -34.588 ], [ -58.41948, -34.58735 ], [ -58.41878, -34.58693 ] ] ] } },
{ "type": "Feature", "properties": { "indice_acceso": 0.768 }, "geometry": { "type": "Polygon", "coordinates": [ [ [ -58.41948, -34.58735 ], [ -58.41866, -34.588 ], [ -58.41937, -34.58842 ], [ -58.42017, -34.58779 ], [ -58.41948, -34.58735 ] ] ] } },
{ "type": "Feature", "properties": { "indice_acceso": 0.723 }, "geometry": { "type": "Polygon", "coordinates": [ [ [ -58.43127, -34.59066 ], [ -58.42916, -34.59218 ], [ -58.43122, -34.59354 ], [ -58.43344, -34.59206 ], [ -58.43127, -34.59066 ] ] ] } },
{ "type": "Feature", "properties": { "indice_acceso": 0.709 }, "geometry": { "type": "Polygon", "coordinates": [ [ [ -58.43025, -34.59001 ], [ -58.42687, -34.59218 ], [ -58.42805, -34.59297 ], [ -58.43127, -34.59066 ], [ -58.43025, -34.59001 ] ] ] } },
{ "type": "Feature", "properties": { "indice_acceso": 0.733 }, "geometry": { "type": "Polygon", "coordinates": [ [ [ -58.42923, -34.58934 ], [ -58.42589, -34.59153 ], [ -58.42687, -34.59218 ], [ -58.43025, -34.59001 ], [ -58.42923, -34.58934 ] ] ] } },
{ "type": "Feature", "properties": { "indice_acceso": 0.746 }, "geometry": { "type": "Polygon", "coordinates": [ [ [ -58.42589, -34.59153 ], [ -58.42705, -34.59078 ], [ -58.42508, -34.58947 ], [ -58.42394, -34.59023 ], [ -58.42589, -34.59153 ] ] ] } },
{ "type": "Feature", "properties": { "indice_acceso": 0.731 }, "geometry": { "type": "Polygon", "coordinates": [ [ [ -58.42508, -34.58947 ], [ -58.42705, -34.59078 ], [ -58.42923, -34.58934 ], [ -58.4272, -34.58804 ], [ -58.42508, -34.58947 ] ] ] } },
{ "type": "Feature", "properties": { "indice_acceso": 0.733 }, "geometry": { "type": "Polygon", "coordinates": [ [ [ -58.42425, -34.58893 ], [ -58.4232, -34.58975 ], [ -58.42394, -34.59023 ], [ -58.4262, -34.58871 ], [ -58.4236, -34.58701 ], [ -58.42257, -34.58782 ], [ -58.42425, -34.58893 ] ] ] } },
{ "type": "Feature", "properties": { "indice_acceso": 0.767 }, "geometry": { "type": "Polygon", "coordinates": [ [ [ -58.42257, -34.58782 ], [ -58.42148, -34.58861 ], [ -58.4203, -34.58898 ], [ -58.42143, -34.58966 ], [ -58.42249, -34.58927 ], [ -58.42221, -34.58909 ], [ -58.42326, -34.58826 ], [ -58.42257, -34.58782 ] ] ] } },
{ "type": "Feature", "properties": { "indice_acceso": 0.761 }, "geometry": { "type": "Polygon", "coordinates": [ [ [ -58.42425, -34.58893 ], [ -58.42326, -34.58826 ], [ -58.42221, -34.58909 ], [ -58.42249, -34.58927 ], [ -58.42143, -34.58966 ], [ -58.42245, -34.59034 ], [ -58.42425, -34.58893 ] ] ] } },
{ "type": "Feature", "properties": { "indice_acceso": 0.765 }, "geometry": { "type": "Polygon", "coordinates": [ [ [ -58.4232, -34.58975 ], [ -58.42245, -34.59034 ], [ -58.42513, -34.59215 ], [ -58.42589, -34.59153 ], [ -58.4232, -34.58975 ] ] ] } },
{ "type": "Feature", "properties": { "indice_acceso": 0.737 }, "geometry": { "type": "Polygon", "coordinates": [ [ [ -58.42589, -34.59153 ], [ -58.42513, -34.59215 ], [ -58.42723, -34.59356 ], [ -58.42805, -34.59297 ], [ -58.42589, -34.59153 ] ] ] } },
{ "type": "Feature", "properties": { "indice_acceso": 0.727 }, "geometry": { "type": "Polygon", "coordinates": [ [ [ -58.42723, -34.59356 ], [ -58.42917, -34.59486 ], [ -58.43122, -34.59354 ], [ -58.42916, -34.59218 ], [ -58.42723, -34.59356 ] ] ] } },
{ "type": "Feature", "properties": { "indice_acceso": 0.737 }, "geometry": { "type": "Polygon", "coordinates": [ [ [ -58.42609, -34.59279 ], [ -58.4252, -34.5935 ], [ -58.42809, -34.59552 ], [ -58.42917, -34.59486 ], [ -58.42609, -34.59279 ] ] ] } },
{ "type": "Feature", "properties": { "indice_acceso": 0.761 }, "geometry": { "type": "Polygon", "coordinates": [ [ [ -58.42268, -34.59273 ], [ -58.42331, -34.5922 ], [ -58.4252, -34.5935 ], [ -58.42609, -34.59279 ], [ -58.42317, -34.59083 ], [ -58.42251, -34.59137 ], [ -58.42268, -34.59273 ] ] ] } },
{ "type": "Feature", "properties": { "indice_acceso": 0.775 }, "geometry": { "type": "Polygon", "coordinates": [ [ [ -58.42255, -34.59166 ], [ -58.42251, -34.59137 ], [ -58.42317, -34.59083 ], [ -58.42143, -34.58966 ], [ -58.42024, -34.59007 ], [ -58.42255, -34.59166 ] ] ] } },
{ "type": "Feature", "properties": { "indice_acceso": 0.804 }, "geometry": { "type": "Polygon", "coordinates": [ [ [ -58.41914, -34.59156 ], [ -58.42246, -34.5916 ], [ -58.42024, -34.59007 ], [ -58.41907, -34.59079 ], [ -58.41914, -34.59156 ] ] ] } },
{ "type": "Feature", "properties": { "indice_acceso": 0.808 }, "geometry": { "type": "Polygon", "coordinates": [ [ [ -58.42054, -34.59158 ], [ -58.42106, -34.59416 ], [ -58.42287, -34.5942 ], [ -58.42255, -34.59166 ], [ -58.42054, -34.59158 ] ] ] } },
{ "type": "Feature", "properties": { "indice_acceso": 0.78 }, "geometry": { "type": "Polygon", "coordinates": [ [ [ -58.42301, -34.5953 ], [ -58.4252, -34.5935 ], [ -58.42331, -34.5922 ], [ -58.42268, -34.59273 ], [ -58.42301, -34.5953 ] ] ] } },
{ "type": "Feature", "properties": { "indice_acceso": 0.766 }, "geometry": { "type": "Polygon", "coordinates": [ [ [ -58.4252, -34.5935 ], [ -58.42301, -34.5953 ], [ -58.42315, -34.59635 ], [ -58.4242, -34.59616 ], [ -58.42624, -34.59423 ], [ -58.4252, -34.5935 ] ] ] } },
{ "type": "Feature", "properties": { "indice_acceso": 0.737 }, "geometry": { "type": "Polygon", "coordinates": [ [ [ -58.42624, -34.59423 ], [ -58.4242, -34.59616 ], [ -58.42484, -34.59706 ], [ -58.42809, -34.59552 ], [ -58.42624, -34.59423 ] ] ] } },
{ "type": "Feature", "properties": { "indice_acceso": 0.759 }, "geometry": { "type": "Polygon", "coordinates": [ [ [ -58.42152, -34.59643 ], [ -58.42178, -34.59773 ], [ -58.42336, -34.59775 ], [ -58.42484, -34.59706 ], [ -58.4242, -34.59616 ], [ -58.42152, -34.59643 ] ] ] } },
{ "type": "Feature", "properties": { "indice_acceso": 0.787 }, "geometry": { "type": "Polygon", "coordinates": [ [ [ -58.42152, -34.59643 ], [ -58.42315, -34.59635 ], [ -58.42287, -34.5942 ], [ -58.42106, -34.59416 ], [ -58.42152, -34.59643 ] ] ] } },
{ "type": "Feature", "properties": { "indice_acceso": 0.828 }, "geometry": { "type": "Polygon", "coordinates": [ [ [ -58.41786, -34.59154 ], [ -58.41805, -34.59278 ], [ -58.41934, -34.59277 ], [ -58.41957, -34.59414 ], [ -58.42106, -34.59416 ], [ -58.42054, -34.59158 ], [ -58.41914, -34.59156 ], [ -58.41903, -34.59082 ], [ -58.41786, -34.59154 ] ] ] } },
{ "type": "Feature", "properties": { "indice_acceso": 0.823 }, "geometry": { "type": "Polygon", "coordinates": [ [ [ -58.4161, -34.59275 ], [ -58.41805, -34.59278 ], [ -58.41786, -34.59154 ], [ -58.4161, -34.59275 ] ] ] } },
{ "type": "Feature", "properties": { "indice_acceso": 0.833 }, "geometry": { "type": "Polygon", "coordinates": [ [ [ -58.41642, -34.59408 ], [ -58.41957, -34.59414 ], [ -58.41934, -34.59277 ], [ -58.4161, -34.59275 ], [ -58.41642, -34.59408 ] ] ] } },
{ "type": "Feature", "properties": { "indice_acceso": 0.832 }, "geometry": { "type": "Polygon", "coordinates": [ [ [ -58.41439, -34.59406 ], [ -58.41642, -34.59408 ], [ -58.4161, -34.59275 ], [ -58.41439, -34.59406 ] ] ] } },
{ "type": "Feature", "properties": { "indice_acceso": 0.826 }, "geometry": { "type": "Polygon", "coordinates": [ [ [ -58.41505, -34.5956 ], [ -58.41674, -34.59554 ], [ -58.41642, -34.59408 ], [ -58.41439, -34.59406 ], [ -58.41505, -34.5956 ] ] ] } },
{ "type": "Feature", "properties": { "indice_acceso": 0.828 }, "geometry": { "type": "Polygon", "coordinates": [ [ [ -58.41674, -34.59554 ], [ -58.41853, -34.59547 ], [ -58.41829, -34.59412 ], [ -58.41642, -34.59408 ], [ -58.41674, -34.59554 ] ] ] } },
{ "type": "Feature", "properties": { "indice_acceso": 0.82 }, "geometry": { "type": "Polygon", "coordinates": [ [ [ -58.41853, -34.59547 ], [ -58.4213, -34.59536 ], [ -58.42106, -34.59416 ], [ -58.41829, -34.59412 ], [ -58.41853, -34.59547 ] ] ] } },
{ "type": "Feature", "properties": { "indice_acceso": 0.782 }, "geometry": { "type": "Polygon", "coordinates": [ [ [ -58.41873, -34.59656 ], [ -58.41996, -34.59651 ], [ -58.42016, -34.59777 ], [ -58.42178, -34.59773 ], [ -58.4213, -34.59536 ], [ -58.41853, -34.59547 ], [ -58.41873, -34.59656 ] ] ] } },
{ "type": "Feature", "properties": { "indice_acceso": 0.815 }, "geometry": { "type": "Polygon", "coordinates": [ [ [ -58.41505, -34.5956 ], [ -58.41552, -34.59672 ], [ -58.41873, -34.59656 ], [ -58.41853, -34.59547 ], [ -58.41505, -34.5956 ] ] ] } },
{ "type": "Feature", "properties": { "indice_acceso": 0.787 }, "geometry": { "type": "Polygon", "coordinates": [ [ [ -58.41726, -34.59783 ], [ -58.42016, -34.59777 ], [ -58.41996, -34.59651 ], [ -58.417, -34.59665 ], [ -58.41726, -34.59783 ] ] ] } },
{ "type": "Feature", "properties": { "indice_acceso": 0.811 }, "geometry": { "type": "Polygon", "coordinates": [ [ [ -58.41601, -34.59785 ], [ -58.41726, -34.59783 ], [ -58.417, -34.59665 ], [ -58.41552, -34.59672 ], [ -58.41601, -34.59785 ] ] ] } },
{ "type": "Feature", "properties": { "indice_acceso": 0.818 }, "geometry": { "type": "Polygon", "coordinates": [ [ [ -58.41696, -34.59033 ], [ -58.41595, -34.59114 ], [ -58.41692, -34.59213 ], [ -58.41786, -34.59154 ], [ -58.41696, -34.59033 ] ] ] } },
{ "type": "Feature", "properties": { "indice_acceso": 0.808 }, "geometry": { "type": "Polygon", "coordinates": [ [ [ -58.41535, -34.59054 ], [ -58.41595, -34.59114 ], [ -58.41696, -34.59033 ], [ -58.41665, -34.5898 ], [ -58.41535, -34.59054 ] ] ] } },
{ "type": "Feature", "properties": { "indice_acceso": 0.791 }, "geometry": { "type": "Polygon", "coordinates": [ [ [ -58.41392, -34.59051 ], [ -58.41452, -34.59113 ], [ -58.41645, -34.58974 ], [ -58.41573, -34.5896 ], [ -58.41575, -34.58916 ], [ -58.41392, -34.59051 ] ] ] } },
{ "type": "Feature", "properties": { "indice_acceso": 0.82 }, "geometry": { "type": "Polygon", "coordinates": [ [ [ -58.41535, -34.59054 ], [ -58.41452, -34.59113 ], [ -58.41515, -34.59177 ], [ -58.41595, -34.59114 ], [ -58.41535, -34.59054 ] ] ] } },
{ "type": "Feature", "properties": { "indice_acceso": 0.828 }, "geometry": { "type": "Polygon", "coordinates": [ [ [ -58.4161, -34.59275 ], [ -58.41692, -34.59213 ], [ -58.41595, -34.59114 ], [ -58.41515, -34.59177 ], [ -58.4161, -34.59275 ] ] ] } },
{ "type": "Feature", "properties": { "indice_acceso": 0.838 }, "geometry": { "type": "Polygon", "coordinates": [ [ [ -58.41527, -34.59338 ], [ -58.4161, -34.59275 ], [ -58.41515, -34.59177 ], [ -58.41437, -34.59239 ], [ -58.41527, -34.59338 ] ] ] } },
{ "type": "Feature", "properties": { "indice_acceso": 0.83 }, "geometry": { "type": "Polygon", "coordinates": [ [ [ -58.41452, -34.59113 ], [ -58.41374, -34.59169 ], [ -58.41437, -34.59239 ], [ -58.41515, -34.59177 ], [ -58.41452, -34.59113 ] ] ] } },
{ "type": "Feature", "properties": { "indice_acceso": 0.825 }, "geometry": { "type": "Polygon", "coordinates": [ [ [ -58.41374, -34.59169 ], [ -58.41288, -34.59232 ], [ -58.41352, -34.59308 ], [ -58.41437, -34.59239 ], [ -58.41374, -34.59169 ] ] ] } },
{ "type": "Feature", "properties": { "indice_acceso": 0.838 }, "geometry": { "type": "Polygon", "coordinates": [ [ [ -58.41439, -34.59406 ], [ -58.41527, -34.59338 ], [ -58.41437, -34.59239 ], [ -58.41352, -34.59308 ], [ -58.41439, -34.59406 ] ] ] } },
{ "type": "Feature", "properties": { "indice_acceso": 0.754 }, "geometry": { "type": "Polygon", "coordinates": [ [ [ -58.41706, -34.58818 ], [ -58.41792, -34.58755 ], [ -58.41653, -34.58672 ], [ -58.41566, -34.58736 ], [ -58.41706, -34.58818 ] ] ] } },
{ "type": "Feature", "properties": { "indice_acceso": 0.767 }, "geometry": { "type": "Polygon", "coordinates": [ [ [ -58.41792, -34.58755 ], [ -58.41706, -34.58818 ], [ -58.41791, -34.58869 ], [ -58.41866, -34.588 ], [ -58.41792, -34.58755 ] ] ] } },
{ "type": "Feature", "properties": { "indice_acceso": 0.787 }, "geometry": { "type": "Polygon", "coordinates": [ [ [ -58.41706, -34.58818 ], [ -58.41575, -34.58916 ], [ -58.41573, -34.5896 ], [ -58.41665, -34.5898 ], [ -58.41791, -34.58869 ], [ -58.41706, -34.58818 ] ] ] } },
{ "type": "Feature", "properties": { "indice_acceso": 0.785 }, "geometry": { "type": "Polygon", "coordinates": [ [ [ -58.41877, -34.58807 ], [ -58.41661, -34.58985 ], [ -58.41696, -34.59033 ], [ -58.41787, -34.58962 ], [ -58.41905, -34.58936 ], [ -58.41856, -34.58907 ], [ -58.41937, -34.58842 ], [ -58.41877, -34.58807 ] ] ] } },
{ "type": "Feature", "properties": { "indice_acceso": 0.781 }, "geometry": { "type": "Polygon", "coordinates": [ [ [ -58.41937, -34.58842 ], [ -58.41856, -34.58907 ], [ -58.41905, -34.58936 ], [ -58.4203, -34.58898 ], [ -58.41937, -34.58842 ] ] ] } },
{ "type": "Feature", "properties": { "indice_acceso": 0.783 }, "geometry": { "type": "Polygon", "coordinates": [ [ [ -58.42024, -34.59007 ], [ -58.42143, -34.58966 ], [ -58.4203, -34.58898 ], [ -58.41905, -34.58936 ], [ -58.42024, -34.59007 ] ] ] } },
{ "type": "Feature", "properties": { "indice_acceso": 0.801 }, "geometry": { "type": "Polygon", "coordinates": [ [ [ -58.41907, -34.59079 ], [ -58.42024, -34.59007 ], [ -58.41905, -34.58936 ], [ -58.41809, -34.5896 ], [ -58.41907, -34.59079 ] ] ] } },
{ "type": "Feature", "properties": { "indice_acceso": 0.806 }, "geometry": { "type": "Polygon", "coordinates": [ [ [ -58.41837, -34.58994 ], [ -58.41726, -34.59074 ], [ -58.41786, -34.59154 ], [ -58.41907, -34.59079 ], [ -58.41837, -34.58994 ] ] ] } },
{ "type": "Feature", "properties": { "indice_acceso": 0.805 }, "geometry": { "type": "Polygon", "coordinates": [ [ [ -58.41787, -34.58962 ], [ -58.41696, -34.59033 ], [ -58.41726, -34.59074 ], [ -58.41837, -34.58994 ], [ -58.41787, -34.58962 ] ] ] } },
{ "type": "Feature", "properties": { "indice_acceso": 0.742 }, "geometry": { "type": "Polygon", "coordinates": [ [ [ -58.41566, -34.58736 ], [ -58.41653, -34.58672 ], [ -58.41499, -34.58579 ], [ -58.41406, -34.58641 ], [ -58.41566, -34.58736 ] ] ] } },
{ "type": "Feature", "properties": { "indice_acceso": 0.743 }, "geometry": { "type": "Polygon", "coordinates": [ [ [ -58.41406, -34.58641 ], [ -58.41315, -34.58701 ], [ -58.41411, -34.5878 ], [ -58.41516, -34.58706 ], [ -58.41406, -34.58641 ] ] ] } },
{ "type": "Feature", "properties": { "indice_acceso": 0.753 }, "geometry": { "type": "Polygon", "coordinates": [ [ [ -58.41516, -34.58706 ], [ -58.41411, -34.5878 ], [ -58.41454, -34.58815 ], [ -58.41566, -34.58736 ], [ -58.41516, -34.58706 ] ] ] } },
{ "type": "Feature", "properties": { "indice_acceso": 0.765 }, "geometry": { "type": "Polygon", "coordinates": [ [ [ -58.41566, -34.58736 ], [ -58.41454, -34.58815 ], [ -58.41575, -34.58916 ], [ -58.41706, -34.58818 ], [ -58.41566, -34.58736 ] ] ] } },
{ "type": "Feature", "properties": { "indice_acceso": 0.778 }, "geometry": { "type": "Polygon", "coordinates": [ [ [ -58.41472, -34.58991 ], [ -58.41575, -34.58916 ], [ -58.41454, -34.58815 ], [ -58.4136, -34.58878 ], [ -58.41472, -34.58991 ] ] ] } },
{ "type": "Feature", "properties": { "indice_acceso": 0.75 }, "geometry": { "type": "Polygon", "coordinates": [ [ [ -58.4136, -34.58878 ], [ -58.41454, -34.58815 ], [ -58.41315, -34.58701 ], [ -58.41236, -34.58754 ], [ -58.4136, -34.58878 ] ] ] } },
{ "type": "Feature", "properties": { "indice_acceso": 0.756 }, "geometry": { "type": "Polygon", "coordinates": [ [ [ -58.41154, -34.58807 ], [ -58.41276, -34.58933 ], [ -58.4136, -34.58878 ], [ -58.41218, -34.58765 ], [ -58.41154, -34.58807 ] ] ] } },
{ "type": "Feature", "properties": { "indice_acceso": 0.78 }, "geometry": { "type": "Polygon", "coordinates": [ [ [ -58.41392, -34.59051 ], [ -58.41472, -34.58991 ], [ -58.4136, -34.58878 ], [ -58.41276, -34.58933 ], [ -58.41392, -34.59051 ] ] ] } },
{ "type": "Feature", "properties": { "indice_acceso": 0.784 }, "geometry": { "type": "Polygon", "coordinates": [ [ [ -58.41203, -34.58979 ], [ -58.41317, -34.59105 ], [ -58.41392, -34.59051 ], [ -58.41276, -34.58933 ], [ -58.41203, -34.58979 ] ] ] } },
{ "type": "Feature", "properties": { "indice_acceso": 0.762 }, "geometry": { "type": "Polygon", "coordinates": [ [ [ -58.41226, -34.58965 ], [ -58.41276, -34.58933 ], [ -58.41154, -34.58807 ], [ -58.41105, -34.5884 ], [ -58.41226, -34.58965 ] ] ] } },
{ "type": "Feature", "properties": { "indice_acceso": 0.753 }, "geometry": { "type": "Polygon", "coordinates": [ [ [ -58.41119, -34.59035 ], [ -58.41226, -34.58965 ], [ -58.41105, -34.5884 ], [ -58.41008, -34.58906 ], [ -58.41119, -34.59035 ] ] ] } },
{ "type": "Feature", "properties": { "indice_acceso": 0.781 }, "geometry": { "type": "Polygon", "coordinates": [ [ [ -58.41233, -34.59168 ], [ -58.41317, -34.59105 ], [ -58.41203, -34.58979 ], [ -58.41119, -34.59035 ], [ -58.41233, -34.59168 ] ] ] } },
{ "type": "Feature", "properties": { "indice_acceso": 0.81 }, "geometry": { "type": "Polygon", "coordinates": [ [ [ -58.41317, -34.59105 ], [ -58.41233, -34.59168 ], [ -58.41288, -34.59232 ], [ -58.41374, -34.59169 ], [ -58.41317, -34.59105 ] ] ] } },
{ "type": "Feature", "properties": { "indice_acceso": 0.812 }, "geometry": { "type": "Polygon", "coordinates": [ [ [ -58.41392, -34.59051 ], [ -58.41317, -34.59105 ], [ -58.41374, -34.59169 ], [ -58.41452, -34.59113 ], [ -58.41392, -34.59051 ] ] ] } },
{ "type": "Feature", "properties": { "indice_acceso": 0.733 }, "geometry": { "type": "Polygon", "coordinates": [ [ [ -58.41407, -34.58514 ], [ -58.41316, -34.58573 ], [ -58.41406, -34.58641 ], [ -58.41499, -34.58579 ], [ -58.41407, -34.58514 ] ] ] } },
{ "type": "Feature", "properties": { "indice_acceso": 0.74 }, "geometry": { "type": "Polygon", "coordinates": [ [ [ -58.4134, -34.58466 ], [ -58.41252, -34.58525 ], [ -58.41316, -34.58573 ], [ -58.41407, -34.58514 ], [ -58.4134, -34.58466 ] ] ] } },
{ "type": "Feature", "properties": { "indice_acceso": 0.741 }, "geometry": { "type": "Polygon", "coordinates": [ [ [ -58.41257, -34.58406 ], [ -58.41173, -34.58466 ], [ -58.41252, -34.58525 ], [ -58.4134, -34.58466 ], [ -58.41257, -34.58406 ] ] ] } },
{ "type": "Feature", "properties": { "indice_acceso": 0.754 }, "geometry": { "type": "Polygon", "coordinates": [ [ [ -58.41173, -34.58466 ], [ -58.41096, -34.58521 ], [ -58.41169, -34.5858 ], [ -58.41252, -34.58525 ], [ -58.41173, -34.58466 ] ] ] } },
{ "type": "Feature", "properties": { "indice_acceso": 0.751 }, "geometry": { "type": "Polygon", "coordinates": [ [ [ -58.41252, -34.58525 ], [ -58.41169, -34.5858 ], [ -58.41231, -34.58631 ], [ -58.41316, -34.58573 ], [ -58.41252, -34.58525 ] ] ] } },
{ "type": "Feature", "properties": { "indice_acceso": 0.749 }, "geometry": { "type": "Polygon", "coordinates": [ [ [ -58.41316, -34.58573 ], [ -58.41231, -34.58631 ], [ -58.41315, -34.58701 ], [ -58.41406, -34.58641 ], [ -58.41316, -34.58573 ] ] ] } },
{ "type": "Feature", "properties": { "indice_acceso": 0.746 }, "geometry": { "type": "Polygon", "coordinates": [ [ [ -58.41218, -34.58765 ], [ -58.41315, -34.58701 ], [ -58.41231, -34.58631 ], [ -58.41162, -34.58678 ], [ -58.41218, -34.58765 ] ] ] } },
{ "type": "Feature", "properties": { "indice_acceso": 0.747 }, "geometry": { "type": "Polygon", "coordinates": [ [ [ -58.41154, -34.58807 ], [ -58.41218, -34.58765 ], [ -58.41162, -34.58678 ], [ -58.41099, -34.58722 ], [ -58.41154, -34.58807 ] ] ] } },
{ "type": "Feature", "properties": { "indice_acceso": 0.749 }, "geometry": { "type": "Polygon", "coordinates": [ [ [ -58.41169, -34.5858 ], [ -58.41056, -34.58655 ], [ -58.41099, -34.58722 ], [ -58.41231, -34.58631 ], [ -58.41169, -34.5858 ] ] ] } },
{ "type": "Feature", "properties": { "indice_acceso": 0.751 }, "geometry": { "type": "Polygon", "coordinates": [ [ [ -58.41056, -34.58655 ], [ -58.41169, -34.5858 ], [ -58.41096, -34.58521 ], [ -58.40993, -34.58555 ], [ -58.41056, -34.58655 ] ] ] } },
{ "type": "Feature", "properties": { "indice_acceso": 0.742 }, "geometry": { "type": "Polygon", "coordinates": [ [ [ -58.40903, -34.58756 ], [ -58.41056, -34.58655 ], [ -58.40993, -34.58555 ], [ -58.40803, -34.58615 ], [ -58.40903, -34.58756 ] ] ] } },
{ "type": "Feature", "properties": { "indice_acceso": 0.744 }, "geometry": { "type": "Polygon", "coordinates": [ [ [ -58.41056, -34.58655 ], [ -58.40903, -34.58756 ], [ -58.41008, -34.58906 ], [ -58.41154, -34.58807 ], [ -58.41056, -34.58655 ] ] ] } },
{ "type": "Feature", "properties": { "indice_acceso": 0.739 }, "geometry": { "type": "Polygon", "coordinates": [ [ [ -58.40867, -34.58138 ], [ -58.4104, -34.58083 ], [ -58.40984, -34.57988 ], [ -58.40843, -34.58038 ], [ -58.40867, -34.58138 ] ] ] } },
{ "type": "Feature", "properties": { "indice_acceso": 0.746 }, "geometry": { "type": "Polygon", "coordinates": [ [ [ -58.40623, -34.58118 ], [ -58.40663, -34.58201 ], [ -58.40867, -34.58138 ], [ -58.40825, -34.58046 ], [ -58.40623, -34.58118 ] ] ] } },
{ "type": "Feature", "properties": { "indice_acceso": 0.736 }, "geometry": { "type": "Polygon", "coordinates": [ [ [ -58.40559, -34.58234 ], [ -58.40663, -34.58201 ], [ -58.40623, -34.58118 ], [ -58.40518, -34.58156 ], [ -58.40559, -34.58234 ] ] ] } },
{ "type": "Feature", "properties": { "indice_acceso": 0.743 }, "geometry": { "type": "Polygon", "coordinates": [ [ [ -58.40617, -34.58346 ], [ -58.40719, -34.58316 ], [ -58.40663, -34.58201 ], [ -58.40559, -34.58234 ], [ -58.40617, -34.58346 ] ] ] } },
{ "type": "Feature", "properties": { "indice_acceso": 0.75 }, "geometry": { "type": "Polygon", "coordinates": [ [ [ -58.40719, -34.58316 ], [ -58.40822, -34.58284 ], [ -58.40768, -34.58168 ], [ -58.40663, -34.58201 ], [ -58.40719, -34.58316 ] ] ] } },
{ "type": "Feature", "properties": { "indice_acceso": 0.751 }, "geometry": { "type": "Polygon", "coordinates": [ [ [ -58.40822, -34.58284 ], [ -58.4092, -34.58254 ], [ -58.40867, -34.58138 ], [ -58.40768, -34.58168 ], [ -58.40822, -34.58284 ] ] ] } },
{ "type": "Feature", "properties": { "indice_acceso": 0.745 }, "geometry": { "type": "Polygon", "coordinates": [ [ [ -58.40867, -34.58138 ], [ -58.4092, -34.58254 ], [ -58.41109, -34.58198 ], [ -58.4104, -34.58083 ], [ -58.40867, -34.58138 ] ] ] } },
{ "type": "Feature", "properties": { "indice_acceso": 0.743 }, "geometry": { "type": "Polygon", "coordinates": [ [ [ -58.41143, -34.58325 ], [ -58.41211, -34.58266 ], [ -58.41109, -34.58198 ], [ -58.41019, -34.58224 ], [ -58.41143, -34.58325 ] ] ] } },
{ "type": "Feature", "properties": { "indice_acceso": 0.748 }, "geometry": { "type": "Polygon", "coordinates": [ [ [ -58.40617, -34.58346 ], [ -58.40803, -34.58615 ], [ -58.41096, -34.58521 ], [ -58.41173, -34.58466 ], [ -58.41071, -34.58389 ], [ -58.41143, -34.58325 ], [ -58.41019, -34.58224 ], [ -58.40617, -34.58346 ] ] ] } },
{ "type": "Feature", "properties": { "indice_acceso": 0.749 }, "geometry": { "type": "Polygon", "coordinates": [ [ [ -58.41143, -34.58325 ], [ -58.41071, -34.58389 ], [ -58.41173, -34.58466 ], [ -58.41257, -34.58406 ], [ -58.41143, -34.58325 ] ] ] } },
{ "type": "Feature", "properties": { "indice_acceso": 0.736 }, "geometry": { "type": "Polygon", "coordinates": [ [ [ -58.41257, -34.58406 ], [ -58.41338, -34.58349 ], [ -58.41211, -34.58266 ], [ -58.41143, -34.58325 ], [ -58.41257, -34.58406 ] ] ] } },
{ "type": "Feature", "properties": { "indice_acceso": 0.723 }, "geometry": { "type": "Polygon", "coordinates": [ [ [ -58.40693, -34.57867 ], [ -58.4077, -34.57956 ], [ -58.40927, -34.57893 ], [ -58.40862, -34.57784 ], [ -58.40693, -34.57867 ] ] ] } },
{ "type": "Feature", "properties": { "indice_acceso": 0.731 }, "geometry": { "type": "Polygon", "coordinates": [ [ [ -58.40843, -34.58038 ], [ -58.40984, -34.57988 ], [ -58.40927, -34.57893 ], [ -58.4077, -34.57956 ], [ -58.40843, -34.58038 ] ] ] } },
{ "type": "Feature", "properties": { "indice_acceso": 0.734 }, "geometry": { "type": "Polygon", "coordinates": [ [ [ -58.40632, -34.57916 ], [ -58.40728, -34.5808 ], [ -58.40843, -34.58038 ], [ -58.40687, -34.57873 ], [ -58.40632, -34.57916 ] ] ] } },
{ "type": "Feature", "properties": { "indice_acceso": 0.734 }, "geometry": { "type": "Polygon", "coordinates": [ [ [ -58.40556, -34.57978 ], [ -58.40623, -34.58118 ], [ -58.40728, -34.5808 ], [ -58.40632, -34.57916 ], [ -58.40556, -34.57978 ] ] ] } },
{ "type": "Feature", "properties": { "indice_acceso": 0.72 }, "geometry": { "type": "Polygon", "coordinates": [ [ [ -58.40556, -34.57978 ], [ -58.40367, -34.58129 ], [ -58.40417, -34.58193 ], [ -58.40623, -34.58118 ], [ -58.40556, -34.57978 ] ] ] } },
{ "type": "Feature", "properties": { "indice_acceso": 0.719 }, "geometry": { "type": "Polygon", "coordinates": [ [ [ -58.40471, -34.58262 ], [ -58.40559, -34.58234 ], [ -58.40518, -34.58156 ], [ -58.40417, -34.58193 ], [ -58.40471, -34.58262 ] ] ] } },
{ "type": "Feature", "properties": { "indice_acceso": 0.723 }, "geometry": { "type": "Polygon", "coordinates": [ [ [ -58.40536, -34.58345 ], [ -58.40617, -34.58346 ], [ -58.40559, -34.58234 ], [ -58.40471, -34.58262 ], [ -58.40536, -34.58345 ] ] ] } },
{ "type": "Feature", "properties": { "indice_acceso": 0.715 }, "geometry": { "type": "Polygon", "coordinates": [ [ [ -58.40403, -34.58344 ], [ -58.40536, -34.58345 ], [ -58.40367, -34.58129 ], [ -58.40248, -34.58174 ], [ -58.40403, -34.58344 ] ] ] } },
{ "type": "Feature", "properties": { "indice_acceso": 0.719 }, "geometry": { "type": "Polygon", "coordinates": [ [ [ -58.40205, -34.58343 ], [ -58.40403, -34.58344 ], [ -58.40248, -34.58174 ], [ -58.40153, -34.58205 ], [ -58.40205, -34.58343 ] ] ] } },
{ "type": "Feature", "properties": { "indice_acceso": 0.687 }, "geometry": { "type": "Polygon", "coordinates": [ [ [ -58.40662, -34.5752 ], [ -58.40752, -34.5762 ], [ -58.40663, -34.57673 ], [ -58.40791, -34.57816 ], [ -58.40986, -34.57728 ], [ -58.4096, -34.57646 ], [ -58.40781, -34.57483 ], [ -58.40608, -34.5723 ], [ -58.40497, -34.57158 ], [ -58.40279, -34.57428 ], [ -58.40487, -34.57655 ], [ -58.40662, -34.5752 ] ] ] } },
{ "type": "Feature", "properties": { "indice_acceso": 0.695 }, "geometry": { "type": "Polygon", "coordinates": [ [ [ -58.40752, -34.5762 ], [ -58.40662, -34.5752 ], [ -58.40487, -34.57655 ], [ -58.40505, -34.57675 ], [ -58.4061, -34.57614 ], [ -58.40663, -34.57673 ], [ -58.40752, -34.5762 ] ] ] } },
{ "type": "Feature", "properties": { "indice_acceso": 0.708 }, "geometry": { "type": "Polygon", "coordinates": [ [ [ -58.4061, -34.57614 ], [ -58.40505, -34.57675 ], [ -58.40603, -34.57781 ], [ -58.40704, -34.5772 ], [ -58.4061, -34.57614 ] ] ] } },
{ "type": "Feature", "properties": { "indice_acceso": 0.718 }, "geometry": { "type": "Polygon", "coordinates": [ [ [ -58.40687, -34.57873 ], [ -58.40791, -34.57816 ], [ -58.40704, -34.5772 ], [ -58.40603, -34.57781 ], [ -58.40687, -34.57873 ] ] ] } },
{ "type": "Feature", "properties": { "indice_acceso": 0.717 }, "geometry": { "type": "Polygon", "coordinates": [ [ [ -58.40603, -34.57781 ], [ -58.40467, -34.57862 ], [ -58.40583, -34.57956 ], [ -58.40687, -34.57873 ], [ -58.40603, -34.57781 ] ] ] } },
{ "type": "Feature", "properties": { "indice_acceso": 0.704 }, "geometry": { "type": "Polygon", "coordinates": [ [ [ -58.40487, -34.57655 ], [ -58.40344, -34.57763 ], [ -58.40467, -34.57862 ], [ -58.40603, -34.57781 ], [ -58.40487, -34.57655 ] ] ] } },
{ "type": "Feature", "properties": { "indice_acceso": 0.711 }, "geometry": { "type": "Polygon", "coordinates": [ [ [ -58.40321, -34.58118 ], [ -58.40367, -34.58129 ], [ -58.40583, -34.57956 ], [ -58.40344, -34.57763 ], [ -58.40263, -34.57822 ], [ -58.40321, -34.58118 ] ] ] } },
{ "type": "Feature", "properties": { "indice_acceso": 0.679 }, "geometry": { "type": "Polygon", "coordinates": [ [ [ -58.40264, -34.57414 ], [ -58.40115, -34.57574 ], [ -58.39849, -34.57724 ], [ -58.40027, -34.57963 ], [ -58.40487, -34.57655 ], [ -58.40264, -34.57414 ] ] ] } },
{ "type": "Feature", "properties": { "indice_acceso": 0.678 }, "geometry": { "type": "Polygon", "coordinates": [ [ [ -58.39656, -34.5785 ], [ -58.39811, -34.5807 ], [ -58.40027, -34.57963 ], [ -58.39849, -34.57724 ], [ -58.39656, -34.5785 ] ] ] } },
{ "type": "Feature", "properties": { "indice_acceso": 0.701 }, "geometry": { "type": "Polygon", "coordinates": [ [ [ -58.39811, -34.5807 ], [ -58.39936, -34.58271 ], [ -58.40367, -34.58129 ], [ -58.40321, -34.58118 ], [ -58.40263, -34.57822 ], [ -58.39811, -34.5807 ] ] ] } },
{ "type": "Feature", "properties": { "indice_acceso": 0.725 }, "geometry": { "type": "Polygon", "coordinates": [ [ [ -58.40121, -34.58388 ], [ -58.40205, -34.58343 ], [ -58.40153, -34.58205 ], [ -58.4002, -34.58247 ], [ -58.40121, -34.58388 ] ] ] } },
{ "type": "Feature", "properties": { "indice_acceso": 0.725 }, "geometry": { "type": "Polygon", "coordinates": [ [ [ -58.40054, -34.58447 ], [ -58.40121, -34.58388 ], [ -58.4002, -34.58247 ], [ -58.39936, -34.58271 ], [ -58.40054, -34.58447 ] ] ] } },
{ "type": "Feature", "properties": { "indice_acceso": 0.703 }, "geometry": { "type": "Polygon", "coordinates": [ [ [ -58.50308, -34.59439 ], [ -58.50347, -34.59395 ], [ -58.4982, -34.5907 ], [ -58.49755, -34.59142 ], [ -58.50214, -34.59424 ], [ -58.50308, -34.59439 ] ] ] } },
{ "type": "Feature", "properties": { "indice_acceso": 0.7 }, "geometry": { "type": "Polygon", "coordinates": [ [ [ -58.50288, -34.5947 ], [ -58.50354, -34.59445 ], [ -58.50214, -34.59424 ], [ -58.49755, -34.59142 ], [ -58.49565, -34.59349 ], [ -58.50288, -34.5947 ] ] ] } },
{ "type": "Feature", "properties": { "indice_acceso": 0.701 }, "geometry": { "type": "Polygon", "coordinates": [ [ [ -58.49466, -34.5907 ], [ -58.4958, -34.5914 ], [ -58.49517, -34.59208 ], [ -58.49631, -34.59279 ], [ -58.4982, -34.5907 ], [ -58.49593, -34.5893 ], [ -58.49466, -34.5907 ] ] ] } },
{ "type": "Feature", "properties": { "indice_acceso": 0.694 }, "geometry": { "type": "Polygon", "coordinates": [ [ [ -58.4927, -34.59286 ], [ -58.49583, -34.59331 ], [ -58.49631, -34.59279 ], [ -58.49517, -34.59208 ], [ -58.4958, -34.5914 ], [ -58.49466, -34.5907 ], [ -58.4927, -34.59286 ] ] ] } },
{ "type": "Feature", "properties": { "indice_acceso": 0.678 }, "geometry": { "type": "Polygon", "coordinates": [ [ [ -58.49062, -34.59277 ], [ -58.4927, -34.59286 ], [ -58.49337, -34.59212 ], [ -58.48997, -34.59002 ], [ -58.48859, -34.59153 ], [ -58.49062, -34.59277 ] ] ] } },
{ "type": "Feature", "properties": { "indice_acceso": 0.696 }, "geometry": { "type": "Polygon", "coordinates": [ [ [ -58.4924, -34.58929 ], [ -58.49177, -34.58998 ], [ -58.49064, -34.58928 ], [ -58.48997, -34.59002 ], [ -58.49337, -34.59212 ], [ -58.49404, -34.59138 ], [ -58.49291, -34.59068 ], [ -58.49353, -34.58999 ], [ -58.4924, -34.58929 ] ] ] } },
{ "type": "Feature", "properties": { "indice_acceso": 0.7 }, "geometry": { "type": "Polygon", "coordinates": [ [ [ -58.49404, -34.59138 ], [ -58.49593, -34.5893 ], [ -58.49423, -34.58824 ], [ -58.49296, -34.58964 ], [ -58.49353, -34.58999 ], [ -58.49291, -34.59068 ], [ -58.49404, -34.59138 ] ] ] } },
{ "type": "Feature", "properties": { "indice_acceso": 0.698 }, "geometry": { "type": "Polygon", "coordinates": [ [ [ -58.49064, -34.58928 ], [ -58.49177, -34.58998 ], [ -58.4924, -34.58929 ], [ -58.49296, -34.58964 ], [ -58.49423, -34.58824 ], [ -58.49254, -34.58718 ], [ -58.49064, -34.58928 ] ] ] } },
{ "type": "Feature", "properties": { "indice_acceso": 0.696 }, "geometry": { "type": "Polygon", "coordinates": [ [ [ -58.48941, -34.58869 ], [ -58.48746, -34.59083 ], [ -58.48859, -34.59153 ], [ -58.49254, -34.58718 ], [ -58.49141, -34.58647 ], [ -58.48941, -34.58869 ] ] ] } },
{ "type": "Feature", "properties": { "indice_acceso": 0.701 }, "geometry": { "type": "Polygon", "coordinates": [ [ [ -58.48951, -34.58661 ], [ -58.48633, -34.59014 ], [ -58.48746, -34.59083 ], [ -58.49141, -34.58647 ], [ -58.49029, -34.58576 ], [ -58.48951, -34.58661 ] ] ] } },
{ "type": "Feature", "properties": { "indice_acceso": 0.733 }, "geometry": { "type": "Polygon", "coordinates": [ [ [ -58.4868, -34.58689 ], [ -58.48837, -34.58788 ], [ -58.49029, -34.58576 ], [ -58.4888, -34.58482 ], [ -58.4868, -34.58689 ] ] ] } },
{ "type": "Feature", "properties": { "indice_acceso": 0.714 }, "geometry": { "type": "Polygon", "coordinates": [ [ [ -58.48471, -34.58912 ], [ -58.47588, -34.59168 ], [ -58.47614, -34.59242 ], [ -58.4907, -34.59282 ], [ -58.48633, -34.59014 ], [ -58.48837, -34.58788 ], [ -58.4868, -34.58689 ], [ -58.48471, -34.58912 ] ] ] } },
{ "type": "Feature", "properties": { "indice_acceso": 0.742 }, "geometry": { "type": "Polygon", "coordinates": [ [ [ -58.48532, -34.58598 ], [ -58.4868, -34.58689 ], [ -58.4888, -34.58482 ], [ -58.48703, -34.5838 ], [ -58.48532, -34.58598 ] ] ] } },
{ "type": "Feature", "properties": { "indice_acceso": 0.746 }, "geometry": { "type": "Polygon", "coordinates": [ [ [ -58.48532, -34.58598 ], [ -58.48703, -34.5838 ], [ -58.48475, -34.58247 ], [ -58.48408, -34.58306 ], [ -58.48454, -34.58335 ], [ -58.48338, -34.58478 ], [ -58.48532, -34.58598 ] ] ] } },
{ "type": "Feature", "properties": { "indice_acceso": 0.746 }, "geometry": { "type": "Polygon", "coordinates": [ [ [ -58.48216, -34.58267 ], [ -58.48149, -34.58261 ], [ -58.48122, -34.58345 ], [ -58.48338, -34.58478 ], [ -58.48454, -34.58335 ], [ -58.48408, -34.58306 ], [ -58.48475, -34.58247 ], [ -58.48313, -34.58154 ], [ -58.48216, -34.58267 ] ] ] } },
{ "type": "Feature", "properties": { "indice_acceso": 0.749 }, "geometry": { "type": "Polygon", "coordinates": [ [ [ -58.48024, -34.58166 ], [ -58.48088, -34.58248 ], [ -58.48077, -34.58317 ], [ -58.48122, -34.58345 ], [ -58.48149, -34.58261 ], [ -58.48216, -34.58267 ], [ -58.48313, -34.58154 ], [ -58.48113, -34.58037 ], [ -58.48024, -34.58166 ] ] ] } },
{ "type": "Feature", "properties": { "indice_acceso": 0.751 }, "geometry": { "type": "Polygon", "coordinates": [ [ [ -58.47915, -34.58129 ], [ -58.48024, -34.58166 ], [ -58.48113, -34.58037 ], [ -58.47899, -34.57912 ], [ -58.47915, -34.58129 ] ] ] } },
{ "type": "Feature", "properties": { "indice_acceso": 0.743 }, "geometry": { "type": "Polygon", "coordinates": [ [ [ -58.47937, -34.58424 ], [ -58.48061, -34.58399 ], [ -58.48122, -34.58345 ], [ -58.48077, -34.58317 ], [ -58.48077, -34.58223 ], [ -58.48024, -34.58166 ], [ -58.47915, -34.58129 ], [ -58.47937, -34.58424 ] ] ] } },
{ "type": "Feature", "properties": { "indice_acceso": 0.736 }, "geometry": { "type": "Polygon", "coordinates": [ [ [ -58.48061, -34.58399 ], [ -58.47937, -34.58424 ], [ -58.47943, -34.58514 ], [ -58.4807, -34.58609 ], [ -58.48255, -34.58427 ], [ -58.48122, -34.58345 ], [ -58.48061, -34.58399 ] ] ] } },
{ "type": "Feature", "properties": { "indice_acceso": 0.735 }, "geometry": { "type": "Polygon", "coordinates": [ [ [ -58.48163, -34.58516 ], [ -58.48417, -34.58729 ], [ -58.48532, -34.58598 ], [ -58.48255, -34.58427 ], [ -58.48163, -34.58516 ] ] ] } },
{ "type": "Feature", "properties": { "indice_acceso": 0.711 }, "geometry": { "type": "Polygon", "coordinates": [ [ [ -58.48341, -34.58814 ], [ -58.48417, -34.58729 ], [ -58.48163, -34.58516 ], [ -58.4807, -34.58609 ], [ -58.48341, -34.58814 ] ] ] } },
{ "type": "Feature", "properties": { "indice_acceso": 0.71 }, "geometry": { "type": "Polygon", "coordinates": [ [ [ -58.48341, -34.58814 ], [ -58.48471, -34.58912 ], [ -58.4868, -34.58689 ], [ -58.48532, -34.58598 ], [ -58.48341, -34.58814 ] ] ] } },
{ "type": "Feature", "properties": { "indice_acceso": 0.755 }, "geometry": { "type": "Polygon", "coordinates": [ [ [ -58.4755, -34.57994 ], [ -58.47899, -34.57912 ], [ -58.47559, -34.57719 ], [ -58.4755, -34.57869 ], [ -58.47657, -34.57873 ], [ -58.4755, -34.57994 ] ] ] } },
{ "type": "Feature", "properties": { "indice_acceso": 0.743 }, "geometry": { "type": "Polygon", "coordinates": [ [ [ -58.47367, -34.58092 ], [ -58.47431, -34.58127 ], [ -58.47657, -34.57873 ], [ -58.47368, -34.57862 ], [ -58.47367, -34.58092 ] ] ] } },
{ "type": "Feature", "properties": { "indice_acceso": 0.717 }, "geometry": { "type": "Polygon", "coordinates": [ [ [ -58.46958, -34.57855 ], [ -58.47367, -34.58092 ], [ -58.47368, -34.57912 ], [ -58.47215, -34.57912 ], [ -58.47218, -34.57799 ], [ -58.46958, -34.57855 ] ] ] } },
{ "type": "Feature", "properties": { "indice_acceso": 0.701 }, "geometry": { "type": "Polygon", "coordinates": [ [ [ -58.46958, -34.57855 ], [ -58.47198, -34.57803 ], [ -58.47273, -34.57718 ], [ -58.46994, -34.57559 ], [ -58.4689, -34.57683 ], [ -58.46983, -34.57735 ], [ -58.46906, -34.57825 ], [ -58.46958, -34.57855 ] ] ] } },
{ "type": "Feature", "properties": { "indice_acceso": 0.702 }, "geometry": { "type": "Polygon", "coordinates": [ [ [ -58.47198, -34.57803 ], [ -58.47375, -34.57762 ], [ -58.47462, -34.57664 ], [ -58.47087, -34.5745 ], [ -58.46994, -34.57559 ], [ -58.47263, -34.5773 ], [ -58.47198, -34.57803 ] ] ] } },
{ "type": "Feature", "properties": { "indice_acceso": 0.68 }, "geometry": { "type": "Polygon", "coordinates": [ [ [ -58.46901, -34.57506 ], [ -58.46804, -34.5745 ], [ -58.46588, -34.57644 ], [ -58.46906, -34.57825 ], [ -58.46983, -34.57735 ], [ -58.4689, -34.57683 ], [ -58.47087, -34.5745 ], [ -58.46992, -34.57396 ], [ -58.46901, -34.57506 ] ] ] } },
{ "type": "Feature", "properties": { "indice_acceso": 0.674 }, "geometry": { "type": "Polygon", "coordinates": [ [ [ -58.46499, -34.57399 ], [ -58.46318, -34.5751 ], [ -58.46579, -34.57655 ], [ -58.46804, -34.5745 ], [ -58.46901, -34.57506 ], [ -58.46992, -34.57396 ], [ -58.46737, -34.5725 ], [ -58.46499, -34.57399 ] ] ] } },
{ "type": "Feature", "properties": { "indice_acceso": 0.679 }, "geometry": { "type": "Polygon", "coordinates": [ [ [ -58.4616, -34.57684 ], [ -58.46351, -34.5779 ], [ -58.46472, -34.57596 ], [ -58.46318, -34.5751 ], [ -58.4616, -34.57684 ] ] ] } },
{ "type": "Feature", "properties": { "indice_acceso": 0.682 }, "geometry": { "type": "Polygon", "coordinates": [ [ [ -58.46407, -34.57701 ], [ -58.4652, -34.57766 ], [ -58.46464, -34.57871 ], [ -58.46467, -34.57955 ], [ -58.46608, -34.5795 ], [ -58.46631, -34.57829 ], [ -58.46722, -34.5772 ], [ -58.46472, -34.57596 ], [ -58.46407, -34.57701 ] ] ] } },
{ "type": "Feature", "properties": { "indice_acceso": 0.678 }, "geometry": { "type": "Polygon", "coordinates": [ [ [ -58.46023, -34.5783 ], [ -58.46464, -34.57871 ], [ -58.4652, -34.57766 ], [ -58.46407, -34.57701 ], [ -58.46351, -34.5779 ], [ -58.4616, -34.57684 ], [ -58.46023, -34.5783 ] ] ] } },
{ "type": "Feature", "properties": { "indice_acceso": 0.679 }, "geometry": { "type": "Polygon", "coordinates": [ [ [ -58.46053, -34.58078 ], [ -58.4633, -34.58068 ], [ -58.46325, -34.57959 ], [ -58.46182, -34.57963 ], [ -58.46176, -34.57828 ], [ -58.46052, -34.5783 ], [ -58.46053, -34.58078 ] ] ] } },
{ "type": "Feature", "properties": { "indice_acceso": 0.677 }, "geometry": { "type": "Polygon", "coordinates": [ [ [ -58.46182, -34.57963 ], [ -58.46325, -34.57959 ], [ -58.4633, -34.58068 ], [ -58.46613, -34.58059 ], [ -58.46608, -34.5795 ], [ -58.46467, -34.57955 ], [ -58.46464, -34.57871 ], [ -58.46176, -34.57828 ], [ -58.46182, -34.57963 ] ] ] } },
{ "type": "Feature", "properties": { "indice_acceso": 0.731 }, "geometry": { "type": "Polygon", "coordinates": [ [ [ -58.47375, -34.57762 ], [ -58.47218, -34.57799 ], [ -58.47215, -34.57912 ], [ -58.47368, -34.57912 ], [ -58.47368, -34.57862 ], [ -58.4755, -34.57869 ], [ -58.47559, -34.57719 ], [ -58.47462, -34.57664 ], [ -58.47375, -34.57762 ] ] ] } },
{ "type": "Feature", "properties": { "indice_acceso": 0.716 }, "geometry": { "type": "Polygon", "coordinates": [ [ [ -58.47087, -34.58158 ], [ -58.47209, -34.58156 ], [ -58.47208, -34.58226 ], [ -58.47399, -34.58163 ], [ -58.47431, -34.58127 ], [ -58.47086, -34.57935 ], [ -58.47087, -34.58158 ] ] ] } },
{ "type": "Feature", "properties": { "indice_acceso": 0.694 }, "geometry": { "type": "Polygon", "coordinates": [ [ [ -58.46955, -34.58307 ], [ -58.47208, -34.58226 ], [ -58.47209, -34.58156 ], [ -58.47087, -34.58158 ], [ -58.47086, -34.57935 ], [ -58.46934, -34.5786 ], [ -58.46955, -34.58307 ] ] ] } },
{ "type": "Feature", "properties": { "indice_acceso": 0.685 }, "geometry": { "type": "Polygon", "coordinates": [ [ [ -58.46631, -34.57829 ], [ -58.46608, -34.5795 ], [ -58.46835, -34.57944 ], [ -58.46833, -34.57881 ], [ -58.46958, -34.57855 ], [ -58.46722, -34.5772 ], [ -58.46631, -34.57829 ] ] ] } },
{ "type": "Feature", "properties": { "indice_acceso": 0.684 }, "geometry": { "type": "Polygon", "coordinates": [ [ [ -58.46852, -34.58341 ], [ -58.46955, -34.58307 ], [ -58.46949, -34.57872 ], [ -58.46833, -34.57881 ], [ -58.46852, -34.58341 ] ] ] } },
{ "type": "Feature", "properties": { "indice_acceso": 0.686 }, "geometry": { "type": "Polygon", "coordinates": [ [ [ -58.46739, -34.58378 ], [ -58.46852, -34.58341 ], [ -58.46835, -34.57944 ], [ -58.46722, -34.57947 ], [ -58.46739, -34.58378 ] ] ] } },
{ "type": "Feature", "properties": { "indice_acceso": 0.684 }, "geometry": { "type": "Polygon", "coordinates": [ [ [ -58.46613, -34.58043 ], [ -58.46629, -34.58413 ], [ -58.46739, -34.58378 ], [ -58.46722, -34.57947 ], [ -58.46608, -34.5795 ], [ -58.46613, -34.58043 ] ] ] } },
{ "type": "Feature", "properties": { "indice_acceso": 0.694 }, "geometry": { "type": "Polygon", "coordinates": [ [ [ -58.46344, -34.58396 ], [ -58.46627, -34.58388 ], [ -58.46613, -34.58059 ], [ -58.4633, -34.58068 ], [ -58.46344, -34.58396 ] ] ] } },
{ "type": "Feature", "properties": { "indice_acceso": 0.688 }, "geometry": { "type": "Polygon", "coordinates": [ [ [ -58.46053, -34.58078 ], [ -58.46053, -34.58295 ], [ -58.46196, -34.58291 ], [ -58.46201, -34.584 ], [ -58.46344, -34.58396 ], [ -58.4633, -34.58068 ], [ -58.46053, -34.58078 ] ] ] } },
{ "type": "Feature", "properties": { "indice_acceso": 0.703 }, "geometry": { "type": "Polygon", "coordinates": [ [ [ -58.46076, -34.58514 ], [ -58.46341, -34.5851 ], [ -58.46629, -34.58413 ], [ -58.46627, -34.58388 ], [ -58.46201, -34.584 ], [ -58.46196, -34.58291 ], [ -58.46053, -34.58295 ], [ -58.46076, -34.58514 ] ] ] } },
{ "type": "Feature", "properties": { "indice_acceso": 0.704 }, "geometry": { "type": "Polygon", "coordinates": [ [ [ -58.46038, -34.58553 ], [ -58.46186, -34.58604 ], [ -58.46298, -34.58698 ], [ -58.46435, -34.58597 ], [ -58.46529, -34.58684 ], [ -58.4674, -34.5853 ], [ -58.46629, -34.58413 ], [ -58.46341, -34.5851 ], [ -58.46054, -34.58495 ], [ -58.46038, -34.58553 ] ] ] } },
{ "type": "Feature", "properties": { "indice_acceso": 0.702 }, "geometry": { "type": "Polygon", "coordinates": [ [ [ -58.46629, -34.58413 ], [ -58.4674, -34.5853 ], [ -58.46679, -34.58574 ], [ -58.46774, -34.58662 ], [ -58.46973, -34.58521 ], [ -58.46955, -34.58307 ], [ -58.46629, -34.58413 ] ] ] } },
{ "type": "Feature", "properties": { "indice_acceso": 0.702 }, "geometry": { "type": "Polygon", "coordinates": [ [ [ -58.46955, -34.58307 ], [ -58.46966, -34.58379 ], [ -58.47205, -34.58377 ], [ -58.47213, -34.58496 ], [ -58.47366, -34.58192 ], [ -58.46955, -34.58307 ] ] ] } },
{ "type": "Feature", "properties": { "indice_acceso": 0.718 }, "geometry": { "type": "Polygon", "coordinates": [ [ [ -58.46973, -34.58521 ], [ -58.46834, -34.58618 ], [ -58.47023, -34.58793 ], [ -58.47082, -34.58745 ], [ -58.47213, -34.58496 ], [ -58.47205, -34.58377 ], [ -58.46966, -34.58379 ], [ -58.46973, -34.58521 ] ] ] } },
{ "type": "Feature", "properties": { "indice_acceso": 0.705 }, "geometry": { "type": "Polygon", "coordinates": [ [ [ -58.46529, -34.58684 ], [ -58.46435, -34.58597 ], [ -58.46298, -34.58698 ], [ -58.46683, -34.5906 ], [ -58.47023, -34.58793 ], [ -58.46834, -34.58618 ], [ -58.46774, -34.58662 ], [ -58.46679, -34.58574 ], [ -58.46529, -34.58684 ] ] ] } },
{ "type": "Feature", "properties": { "indice_acceso": 0.755 }, "geometry": { "type": "Polygon", "coordinates": [ [ [ -58.475, -34.58047 ], [ -58.47598, -34.58045 ], [ -58.47642, -34.58081 ], [ -58.47758, -34.58054 ], [ -58.47907, -34.58019 ], [ -58.47899, -34.57912 ], [ -58.4755, -34.57994 ], [ -58.475, -34.58047 ] ] ] } },
{ "type": "Feature", "properties": { "indice_acceso": 0.745 }, "geometry": { "type": "Polygon", "coordinates": [ [ [ -58.47431, -34.58127 ], [ -58.47549, -34.58216 ], [ -58.47599, -34.58169 ], [ -58.47572, -34.58148 ], [ -58.47691, -34.5812 ], [ -58.47925, -34.58251 ], [ -58.47907, -34.58019 ], [ -58.47642, -34.58081 ], [ -58.47598, -34.58045 ], [ -58.475, -34.58047 ], [ -58.47431, -34.58127 ] ] ] } },
{ "type": "Feature", "properties": { "indice_acceso": 0.74 }, "geometry": { "type": "Polygon", "coordinates": [ [ [ -58.478, -34.58406 ], [ -58.47844, -34.58292 ], [ -58.4793, -34.58328 ], [ -58.47925, -34.58251 ], [ -58.47691, -34.5812 ], [ -58.47572, -34.58148 ], [ -58.47599, -34.58169 ], [ -58.47549, -34.58216 ], [ -58.478, -34.58406 ] ] ] } },
{ "type": "Feature", "properties": { "indice_acceso": 0.725 }, "geometry": { "type": "Polygon", "coordinates": [ [ [ -58.47246, -34.58433 ], [ -58.47304, -34.58505 ], [ -58.47549, -34.58216 ], [ -58.47431, -34.58127 ], [ -58.47357, -34.58176 ], [ -58.47246, -34.58433 ] ] ] } },
{ "type": "Feature", "properties": { "indice_acceso": 0.717 }, "geometry": { "type": "Polygon", "coordinates": [ [ [ -58.47304, -34.58505 ], [ -58.47398, -34.5862 ], [ -58.47665, -34.58304 ], [ -58.47549, -34.58216 ], [ -58.47304, -34.58505 ] ] ] } },
{ "type": "Feature", "properties": { "indice_acceso": 0.712 }, "geometry": { "type": "Polygon", "coordinates": [ [ [ -58.47686, -34.58699 ], [ -58.478, -34.58575 ], [ -58.47714, -34.58508 ], [ -58.47763, -34.5845 ], [ -58.47627, -34.58347 ], [ -58.47469, -34.58536 ], [ -58.47686, -34.58699 ] ] ] } },
{ "type": "Feature", "properties": { "indice_acceso": 0.731 }, "geometry": { "type": "Polygon", "coordinates": [ [ [ -58.47763, -34.5845 ], [ -58.47714, -34.58508 ], [ -58.47883, -34.5864 ], [ -58.47949, -34.58592 ], [ -58.4793, -34.58328 ], [ -58.47844, -34.58292 ], [ -58.478, -34.58406 ], [ -58.47665, -34.58304 ], [ -58.47627, -34.58347 ], [ -58.47763, -34.5845 ] ] ] } },
{ "type": "Feature", "properties": { "indice_acceso": 0.715 }, "geometry": { "type": "Polygon", "coordinates": [ [ [ -58.47686, -34.58699 ], [ -58.47469, -34.58536 ], [ -58.47398, -34.5862 ], [ -58.47689, -34.58873 ], [ -58.47896, -34.58649 ], [ -58.478, -34.58575 ], [ -58.47686, -34.58699 ] ] ] } },
{ "type": "Feature", "properties": { "indice_acceso": 0.726 }, "geometry": { "type": "Polygon", "coordinates": [ [ [ -58.47406, -34.59001 ], [ -58.47592, -34.588 ], [ -58.4747, -34.58708 ], [ -58.47246, -34.58433 ], [ -58.47082, -34.58745 ], [ -58.47406, -34.59001 ] ] ] } },
{ "type": "Feature", "properties": { "indice_acceso": 0.723 }, "geometry": { "type": "Polygon", "coordinates": [ [ [ -58.47592, -34.588 ], [ -58.47406, -34.59001 ], [ -58.47575, -34.59139 ], [ -58.47861, -34.58834 ], [ -58.47781, -34.58772 ], [ -58.477, -34.58862 ], [ -58.47592, -34.588 ] ] ] } },
{ "type": "Feature", "properties": { "indice_acceso": 0.723 }, "geometry": { "type": "Polygon", "coordinates": [ [ [ -58.47575, -34.59139 ], [ -58.47588, -34.59168 ], [ -58.47808, -34.59112 ], [ -58.47972, -34.5892 ], [ -58.47861, -34.58834 ], [ -58.47575, -34.59139 ] ] ] } },
{ "type": "Feature", "properties": { "indice_acceso": 0.713 }, "geometry": { "type": "Polygon", "coordinates": [ [ [ -58.47949, -34.58592 ], [ -58.47781, -34.58772 ], [ -58.47972, -34.5892 ], [ -58.48169, -34.58684 ], [ -58.47943, -34.58514 ], [ -58.47949, -34.58592 ] ] ] } },
{ "type": "Feature", "properties": { "indice_acceso": 0.709 }, "geometry": { "type": "Polygon", "coordinates": [ [ [ -58.47984, -34.58908 ], [ -58.47808, -34.59112 ], [ -58.48145, -34.59025 ], [ -58.48128, -34.58911 ], [ -58.48252, -34.58747 ], [ -58.48169, -34.58684 ], [ -58.47984, -34.58908 ] ] ] } },
{ "type": "Feature", "properties": { "indice_acceso": 0.705 }, "geometry": { "type": "Polygon", "coordinates": [ [ [ -58.48128, -34.58911 ], [ -58.48145, -34.59025 ], [ -58.48471, -34.58912 ], [ -58.48252, -34.58747 ], [ -58.48128, -34.58911 ] ] ] } },
{ "type": "Feature", "properties": { "indice_acceso": 0.7 }, "geometry": { "type": "Polygon", "coordinates": [ [ [ -58.50071, -34.59551 ], [ -58.50288, -34.5947 ], [ -58.5025, -34.59446 ], [ -58.49796, -34.59381 ], [ -58.50071, -34.59551 ] ] ] } },
{ "type": "Feature", "properties": { "indice_acceso": 0.696 }, "geometry": { "type": "Polygon", "coordinates": [ [ [ -58.49759, -34.59587 ], [ -58.4969, -34.59664 ], [ -58.49717, -34.59681 ], [ -58.50071, -34.59551 ], [ -58.49893, -34.5944 ], [ -58.49759, -34.59587 ] ] ] } },
{ "type": "Feature", "properties": { "indice_acceso": 0.704 }, "geometry": { "type": "Polygon", "coordinates": [ [ [ -58.49557, -34.59583 ], [ -58.4969, -34.59664 ], [ -58.49893, -34.5944 ], [ -58.49747, -34.59373 ], [ -58.49557, -34.59583 ] ] ] } },
{ "type": "Feature", "properties": { "indice_acceso": 0.714 }, "geometry": { "type": "Polygon", "coordinates": [ [ [ -58.49428, -34.59503 ], [ -58.49291, -34.59707 ], [ -58.49713, -34.59679 ], [ -58.49557, -34.59583 ], [ -58.49747, -34.59373 ], [ -58.49565, -34.59349 ], [ -58.49428, -34.59503 ] ] ] } },
{ "type": "Feature", "properties": { "indice_acceso": 0.704 }, "geometry": { "type": "Polygon", "coordinates": [ [ [ -58.49428, -34.59503 ], [ -58.49583, -34.59331 ], [ -58.49264, -34.59282 ], [ -58.49062, -34.59277 ], [ -58.49428, -34.59503 ] ] ] } },
{ "type": "Feature", "properties": { "indice_acceso": 0.72 }, "geometry": { "type": "Polygon", "coordinates": [ [ [ -58.47883, -34.59967 ], [ -58.48292, -34.59791 ], [ -58.48424, -34.5964 ], [ -58.48475, -34.5967 ], [ -58.48767, -34.59641 ], [ -58.48805, -34.59598 ], [ -58.49018, -34.59725 ], [ -58.49291, -34.59707 ], [ -58.49428, -34.59503 ], [ -58.4907, -34.59282 ], [ -58.47614, -34.59242 ], [ -58.47883, -34.59967 ] ] ] } },
{ "type": "Feature", "properties": { "indice_acceso": 0.764 }, "geometry": { "type": "Polygon", "coordinates": [ [ [ -58.48475, -34.5967 ], [ -58.48424, -34.5964 ], [ -58.48303, -34.59777 ], [ -58.49018, -34.59725 ], [ -58.48805, -34.59598 ], [ -58.48767, -34.59641 ], [ -58.48475, -34.5967 ] ] ] } },
{ "type": "Feature", "properties": { "indice_acceso": 0.727 }, "geometry": { "type": "Polygon", "coordinates": [ [ [ -58.46677, -34.59063 ], [ -58.46803, -34.59175 ], [ -58.46928, -34.59235 ], [ -58.47612, -34.59236 ], [ -58.47572, -34.5913 ], [ -58.47082, -34.58745 ], [ -58.46677, -34.59063 ] ] ] } },
{ "type": "Feature", "properties": { "indice_acceso": 0.706 }, "geometry": { "type": "Polygon", "coordinates": [ [ [ -58.46441, -34.59247 ], [ -58.4652, -34.59534 ], [ -58.46839, -34.59195 ], [ -58.46677, -34.59063 ], [ -58.46441, -34.59247 ] ] ] } },
{ "type": "Feature", "properties": { "indice_acceso": 0.699 }, "geometry": { "type": "Polygon", "coordinates": [ [ [ -58.46708, -34.59329 ], [ -58.47061, -34.59562 ], [ -58.46976, -34.5924 ], [ -58.46839, -34.59195 ], [ -58.46708, -34.59329 ] ] ] } },
{ "type": "Feature", "properties": { "indice_acceso": 0.792 }, "geometry": { "type": "Polygon", "coordinates": [ [ [ -58.46975, -34.59219 ], [ -58.47061, -34.59562 ], [ -58.47032, -34.59627 ], [ -58.47117, -34.59831 ], [ -58.47691, -34.60008 ], [ -58.47883, -34.59967 ], [ -58.47614, -34.59242 ], [ -58.46975, -34.59219 ] ] ] } },
{ "type": "Feature", "properties": { "indice_acceso": 0.703 }, "geometry": { "type": "Polygon", "coordinates": [ [ [ -58.47032, -34.59627 ], [ -58.47065, -34.59591 ], [ -58.47061, -34.59562 ], [ -58.46708, -34.59329 ], [ -58.4652, -34.59534 ], [ -58.46548, -34.59625 ], [ -58.47032, -34.59627 ] ] ] } },
{ "type": "Feature", "properties": { "indice_acceso": 0.749 }, "geometry": { "type": "Polygon", "coordinates": [ [ [ -58.46551, -34.59634 ], [ -58.46657, -34.59987 ], [ -58.47051, -34.59902 ], [ -58.4761, -34.60026 ], [ -58.47691, -34.60008 ], [ -58.47117, -34.59831 ], [ -58.47049, -34.5963 ], [ -58.46551, -34.59634 ] ] ] } },
{ "type": "Feature", "properties": { "indice_acceso": 0.788 }, "geometry": { "type": "Polygon", "coordinates": [ [ [ -58.46733, -34.60225 ], [ -58.47031, -34.60154 ], [ -58.4699, -34.60047 ], [ -58.46856, -34.60077 ], [ -58.46813, -34.59954 ], [ -58.46657, -34.59987 ], [ -58.46733, -34.60225 ] ] ] } },
{ "type": "Feature", "properties": { "indice_acceso": 0.796 }, "geometry": { "type": "Polygon", "coordinates": [ [ [ -58.46856, -34.60077 ], [ -58.4699, -34.60047 ], [ -58.47031, -34.60154 ], [ -58.4761, -34.60026 ], [ -58.47051, -34.59902 ], [ -58.46813, -34.59954 ], [ -58.46856, -34.60077 ] ] ] } },
{ "type": "Feature", "properties": { "indice_acceso": 0.793 }, "geometry": { "type": "Polygon", "coordinates": [ [ [ -58.4731, -34.60092 ], [ -58.47339, -34.60232 ], [ -58.47697, -34.60158 ], [ -58.4775, -34.60083 ], [ -58.4761, -34.60026 ], [ -58.4731, -34.60092 ] ] ] } },
{ "type": "Feature", "properties": { "indice_acceso": 0.794 }, "geometry": { "type": "Polygon", "coordinates": [ [ [ -58.46891, -34.60186 ], [ -58.47043, -34.60293 ], [ -58.47339, -34.60232 ], [ -58.4731, -34.60092 ], [ -58.46891, -34.60186 ] ] ] } },
{ "type": "Feature", "properties": { "indice_acceso": 0.799 }, "geometry": { "type": "Polygon", "coordinates": [ [ [ -58.47401, -34.60531 ], [ -58.47339, -34.60232 ], [ -58.47043, -34.60293 ], [ -58.47401, -34.60531 ] ] ] } },
{ "type": "Feature", "properties": { "indice_acceso": 0.802 }, "geometry": { "type": "Polygon", "coordinates": [ [ [ -58.47401, -34.60531 ], [ -58.47697, -34.60158 ], [ -58.47339, -34.60232 ], [ -58.47401, -34.60531 ] ] ] } },
{ "type": "Feature", "properties": { "indice_acceso": 0.74 }, "geometry": { "type": "Polygon", "coordinates": [ [ [ -58.46407, -34.59708 ], [ -58.4626, -34.59739 ], [ -58.46293, -34.59844 ], [ -58.46148, -34.59874 ], [ -58.4618, -34.59979 ], [ -58.46624, -34.5988 ], [ -58.46561, -34.5967 ], [ -58.46386, -34.59643 ], [ -58.46407, -34.59708 ] ] ] } },
{ "type": "Feature", "properties": { "indice_acceso": 0.732 }, "geometry": { "type": "Polygon", "coordinates": [ [ [ -58.45783, -34.59704 ], [ -58.45855, -34.59937 ], [ -58.46293, -34.59844 ], [ -58.4626, -34.59739 ], [ -58.46407, -34.59708 ], [ -58.46386, -34.59643 ], [ -58.45927, -34.59667 ], [ -58.45783, -34.59704 ] ] ] } },
{ "type": "Feature", "properties": { "indice_acceso": 0.763 }, "geometry": { "type": "Polygon", "coordinates": [ [ [ -58.45919, -34.60144 ], [ -58.46359, -34.60051 ], [ -58.46326, -34.59947 ], [ -58.4618, -34.59979 ], [ -58.46148, -34.59874 ], [ -58.45855, -34.59937 ], [ -58.45919, -34.60144 ] ] ] } },
{ "type": "Feature", "properties": { "indice_acceso": 0.754 }, "geometry": { "type": "Polygon", "coordinates": [ [ [ -58.45753, -34.60179 ], [ -58.45919, -34.60144 ], [ -58.45783, -34.59704 ], [ -58.45623, -34.59759 ], [ -58.45753, -34.60179 ] ] ] } },
{ "type": "Feature", "properties": { "indice_acceso": 0.799 }, "geometry": { "type": "Polygon", "coordinates": [ [ [ -58.45816, -34.60383 ], [ -58.45893, -34.60437 ], [ -58.46002, -34.60409 ], [ -58.45919, -34.60144 ], [ -58.45753, -34.60179 ], [ -58.45816, -34.60383 ] ] ] } },
{ "type": "Feature", "properties": { "indice_acceso": 0.824 }, "geometry": { "type": "Polygon", "coordinates": [ [ [ -58.46002, -34.60409 ], [ -58.46291, -34.60336 ], [ -58.46251, -34.60206 ], [ -58.45958, -34.60268 ], [ -58.46002, -34.60409 ] ] ] } },
{ "type": "Feature", "properties": { "indice_acceso": 0.785 }, "geometry": { "type": "Polygon", "coordinates": [ [ [ -58.46397, -34.60175 ], [ -58.46359, -34.60051 ], [ -58.45919, -34.60144 ], [ -58.45954, -34.60256 ], [ -58.46397, -34.60175 ] ] ] } },
{ "type": "Feature", "properties": { "indice_acceso": 0.762 }, "geometry": { "type": "Polygon", "coordinates": [ [ [ -58.46397, -34.60175 ], [ -58.46566, -34.60139 ], [ -58.46657, -34.59987 ], [ -58.46624, -34.5988 ], [ -58.46326, -34.59947 ], [ -58.46397, -34.60175 ] ] ] } },
{ "type": "Feature", "properties": { "indice_acceso": 0.788 }, "geometry": { "type": "Polygon", "coordinates": [ [ [ -58.46251, -34.60206 ], [ -58.46291, -34.60336 ], [ -58.46495, -34.60284 ], [ -58.46551, -34.60169 ], [ -58.46543, -34.60144 ], [ -58.46251, -34.60206 ] ] ] } },
{ "type": "Feature", "properties": { "indice_acceso": 0.776 }, "geometry": { "type": "Polygon", "coordinates": [ [ [ -58.46495, -34.60284 ], [ -58.46733, -34.60225 ], [ -58.46657, -34.59987 ], [ -58.46543, -34.60144 ], [ -58.46495, -34.60284 ] ] ] } },
{ "type": "Feature", "properties": { "indice_acceso": 0.698 }, "geometry": { "type": "Polygon", "coordinates": [ [ [ -58.45142, -34.58838 ], [ -58.45389, -34.58744 ], [ -58.45311, -34.58612 ], [ -58.45124, -34.58817 ], [ -58.45142, -34.58838 ] ] ] } },
{ "type": "Feature", "properties": { "indice_acceso": 0.713 }, "geometry": { "type": "Polygon", "coordinates": [ [ [ -58.45124, -34.58817 ], [ -58.44917, -34.59021 ], [ -58.45236, -34.59308 ], [ -58.45323, -34.59243 ], [ -58.45237, -34.59165 ], [ -58.45325, -34.591 ], [ -58.45223, -34.59007 ], [ -58.45434, -34.58834 ], [ -58.45542, -34.58799 ], [ -58.45563, -34.58751 ], [ -58.45396, -34.58518 ], [ -58.45311, -34.58612 ], [ -58.45389, -34.58744 ], [ -58.45158, -34.58832 ], [ -58.45124, -34.58817 ] ] ] } },
{ "type": "Feature", "properties": { "indice_acceso": 0.74 }, "geometry": { "type": "Polygon", "coordinates": [ [ [ -58.44667, -34.59257 ], [ -58.45055, -34.59435 ], [ -58.44972, -34.59361 ], [ -58.45149, -34.5923 ], [ -58.44917, -34.59021 ], [ -58.44667, -34.59257 ] ] ] } },
{ "type": "Feature", "properties": { "indice_acceso": 0.744 }, "geometry": { "type": "Polygon", "coordinates": [ [ [ -58.44972, -34.59361 ], [ -58.45084, -34.59457 ], [ -58.45343, -34.59528 ], [ -58.45423, -34.59475 ], [ -58.45149, -34.5923 ], [ -58.44972, -34.59361 ] ] ] } },
{ "type": "Feature", "properties": { "indice_acceso": 0.728 }, "geometry": { "type": "Polygon", "coordinates": [ [ [ -58.45423, -34.59475 ], [ -58.45592, -34.5935 ], [ -58.45325, -34.591 ], [ -58.45237, -34.59165 ], [ -58.45323, -34.59243 ], [ -58.45236, -34.59308 ], [ -58.45423, -34.59475 ] ] ] } },
{ "type": "Feature", "properties": { "indice_acceso": 0.732 }, "geometry": { "type": "Polygon", "coordinates": [ [ [ -58.45364, -34.59518 ], [ -58.45893, -34.59636 ], [ -58.45592, -34.5935 ], [ -58.45364, -34.59518 ] ] ] } },
{ "type": "Feature", "properties": { "indice_acceso": 0.744 }, "geometry": { "type": "Polygon", "coordinates": [ [ [ -58.45548, -34.59783 ], [ -58.45927, -34.59667 ], [ -58.45893, -34.59636 ], [ -58.45084, -34.59457 ], [ -58.45548, -34.59783 ] ] ] } },
{ "type": "Feature", "properties": { "indice_acceso": 0.698 }, "geometry": { "type": "Polygon", "coordinates": [ [ [ -58.45482, -34.58423 ], [ -58.45396, -34.58518 ], [ -58.45559, -34.58776 ], [ -58.4545, -34.58849 ], [ -58.45434, -34.58834 ], [ -58.45223, -34.59007 ], [ -58.45927, -34.59667 ], [ -58.46376, -34.59643 ], [ -58.46561, -34.5967 ], [ -58.46438, -34.59255 ], [ -58.46683, -34.5906 ], [ -58.46186, -34.58604 ], [ -58.46038, -34.58553 ], [ -58.46053, -34.58295 ], [ -58.45883, -34.58301 ], [ -58.45482, -34.58423 ] ] ] } },
{ "type": "Feature", "properties": { "indice_acceso": 0.68 }, "geometry": { "type": "Polygon", "coordinates": [ [ [ -58.45854, -34.57839 ], [ -58.45917, -34.58076 ], [ -58.46053, -34.58078 ], [ -58.46052, -34.5783 ], [ -58.45854, -34.57839 ] ] ] } },
{ "type": "Feature", "properties": { "indice_acceso": 0.69 }, "geometry": { "type": "Polygon", "coordinates": [ [ [ -58.46053, -34.58295 ], [ -58.46053, -34.58078 ], [ -58.45917, -34.58076 ], [ -58.45854, -34.57839 ], [ -58.45716, -34.57859 ], [ -58.45878, -34.58287 ], [ -58.46053, -34.58295 ] ] ] } },
{ "type": "Feature", "properties": { "indice_acceso": 0.674 }, "geometry": { "type": "Polygon", "coordinates": [ [ [ -58.45486, -34.57924 ], [ -58.4567, -34.58216 ], [ -58.4584, -34.58187 ], [ -58.45716, -34.57859 ], [ -58.45486, -34.57924 ] ] ] } },
{ "type": "Feature", "properties": { "indice_acceso": 0.694 }, "geometry": { "type": "Polygon", "coordinates": [ [ [ -58.45346, -34.5821 ], [ -58.45491, -34.58436 ], [ -58.45883, -34.58301 ], [ -58.4584, -34.58187 ], [ -58.4567, -34.58216 ], [ -58.45615, -34.5813 ], [ -58.45346, -34.5821 ] ] ] } },
{ "type": "Feature", "properties": { "indice_acceso": 0.676 }, "geometry": { "type": "Polygon", "coordinates": [ [ [ -58.45482, -34.5817 ], [ -58.45615, -34.5813 ], [ -58.45486, -34.57924 ], [ -58.45353, -34.57967 ], [ -58.45482, -34.5817 ] ] ] } },
{ "type": "Feature", "properties": { "indice_acceso": 0.676 }, "geometry": { "type": "Polygon", "coordinates": [ [ [ -58.45219, -34.5801 ], [ -58.45346, -34.5821 ], [ -58.45482, -34.5817 ], [ -58.45353, -34.57967 ], [ -58.45219, -34.5801 ] ] ] } },
{ "type": "Feature", "properties": { "indice_acceso": 0.669 }, "geometry": { "type": "Polygon", "coordinates": [ [ [ -58.45221, -34.58247 ], [ -58.45346, -34.5821 ], [ -58.45219, -34.5801 ], [ -58.45096, -34.5805 ], [ -58.45221, -34.58247 ] ] ] } },
{ "type": "Feature", "properties": { "indice_acceso": 0.689 }, "geometry": { "type": "Polygon", "coordinates": [ [ [ -58.45343, -34.58436 ], [ -58.45396, -34.58518 ], [ -58.45482, -34.58423 ], [ -58.45402, -34.58296 ], [ -58.45346, -34.5821 ], [ -58.45221, -34.58247 ], [ -58.45343, -34.58436 ] ] ] } },
{ "type": "Feature", "properties": { "indice_acceso": 0.682 }, "geometry": { "type": "Polygon", "coordinates": [ [ [ -58.4507, -34.58207 ], [ -58.45235, -34.58484 ], [ -58.45343, -34.58436 ], [ -58.45171, -34.5817 ], [ -58.4507, -34.58207 ] ] ] } },
{ "type": "Feature", "properties": { "indice_acceso": 0.673 }, "geometry": { "type": "Polygon", "coordinates": [ [ [ -58.44919, -34.58119 ], [ -58.45029, -34.58335 ], [ -58.45121, -34.58292 ], [ -58.4507, -34.58207 ], [ -58.45171, -34.5817 ], [ -58.45096, -34.5805 ], [ -58.44919, -34.58119 ] ] ] } },
{ "type": "Feature", "properties": { "indice_acceso": 0.686 }, "geometry": { "type": "Polygon", "coordinates": [ [ [ -58.45077, -34.5843 ], [ -58.44955, -34.58489 ], [ -58.44988, -34.58592 ], [ -58.45235, -34.58484 ], [ -58.45121, -34.58292 ], [ -58.45029, -34.58335 ], [ -58.45077, -34.5843 ] ] ] } },
{ "type": "Feature", "properties": { "indice_acceso": 0.696 }, "geometry": { "type": "Polygon", "coordinates": [ [ [ -58.45128, -34.58531 ], [ -58.45181, -34.58634 ], [ -58.45351, -34.58568 ], [ -58.45396, -34.58518 ], [ -58.45343, -34.58436 ], [ -58.45128, -34.58531 ] ] ] } },
{ "type": "Feature", "properties": { "indice_acceso": 0.692 }, "geometry": { "type": "Polygon", "coordinates": [ [ [ -58.45076, -34.58869 ], [ -58.45351, -34.58568 ], [ -58.45181, -34.58634 ], [ -58.45128, -34.58531 ], [ -58.44988, -34.58592 ], [ -58.45076, -34.58869 ] ] ] } },
{ "type": "Feature", "properties": { "indice_acceso": 0.677 }, "geometry": { "type": "Polygon", "coordinates": [ [ [ -58.44709, -34.58203 ], [ -58.44807, -34.58433 ], [ -58.45029, -34.58335 ], [ -58.44919, -34.58119 ], [ -58.44709, -34.58203 ] ] ] } },
{ "type": "Feature", "properties": { "indice_acceso": 0.682 }, "geometry": { "type": "Polygon", "coordinates": [ [ [ -58.4444, -34.5832 ], [ -58.44478, -34.58451 ], [ -58.44643, -34.58381 ], [ -58.44695, -34.5848 ], [ -58.44807, -34.58433 ], [ -58.44709, -34.58203 ], [ -58.4444, -34.5832 ] ] ] } },
{ "type": "Feature", "properties": { "indice_acceso": 0.68 }, "geometry": { "type": "Polygon", "coordinates": [ [ [ -58.44695, -34.5848 ], [ -58.44746, -34.58577 ], [ -58.45077, -34.5843 ], [ -58.45029, -34.58335 ], [ -58.44695, -34.5848 ] ] ] } },
{ "type": "Feature", "properties": { "indice_acceso": 0.686 }, "geometry": { "type": "Polygon", "coordinates": [ [ [ -58.44571, -34.58765 ], [ -58.44882, -34.58636 ], [ -58.44849, -34.58534 ], [ -58.44746, -34.58577 ], [ -58.44643, -34.58381 ], [ -58.44478, -34.58451 ], [ -58.44571, -34.58765 ] ] ] } },
{ "type": "Feature", "properties": { "indice_acceso": 0.69 }, "geometry": { "type": "Polygon", "coordinates": [ [ [ -58.44478, -34.58451 ], [ -58.4414, -34.58678 ], [ -58.44237, -34.58753 ], [ -58.4451, -34.5856 ], [ -58.44478, -34.58451 ] ] ] } },
{ "type": "Feature", "properties": { "indice_acceso": 0.709 }, "geometry": { "type": "Polygon", "coordinates": [ [ [ -58.4414, -34.58678 ], [ -58.43854, -34.58867 ], [ -58.44117, -34.58993 ], [ -58.4433, -34.58825 ], [ -58.4414, -34.58678 ] ] ] } },
{ "type": "Feature", "properties": { "indice_acceso": 0.7 }, "geometry": { "type": "Polygon", "coordinates": [ [ [ -58.44117, -34.58993 ], [ -58.44357, -34.59108 ], [ -58.44593, -34.58877 ], [ -58.44428, -34.58751 ], [ -58.44117, -34.58993 ] ] ] } },
{ "type": "Feature", "properties": { "indice_acceso": 0.687 }, "geometry": { "type": "Polygon", "coordinates": [ [ [ -58.4451, -34.5856 ], [ -58.44237, -34.58753 ], [ -58.4433, -34.58825 ], [ -58.44428, -34.58751 ], [ -58.44593, -34.58877 ], [ -58.4451, -34.5856 ] ] ] } },
{ "type": "Feature", "properties": { "indice_acceso": 0.695 }, "geometry": { "type": "Polygon", "coordinates": [ [ [ -58.44882, -34.58636 ], [ -58.44571, -34.58765 ], [ -58.44601, -34.58868 ], [ -58.45021, -34.58695 ], [ -58.44955, -34.58489 ], [ -58.44849, -34.58534 ], [ -58.44882, -34.58636 ] ] ] } },
{ "type": "Feature", "properties": { "indice_acceso": 0.703 }, "geometry": { "type": "Polygon", "coordinates": [ [ [ -58.44634, -34.5898 ], [ -58.44975, -34.58828 ], [ -58.44915, -34.58739 ], [ -58.44601, -34.58868 ], [ -58.44634, -34.5898 ] ] ] } },
{ "type": "Feature", "properties": { "indice_acceso": 0.711 }, "geometry": { "type": "Polygon", "coordinates": [ [ [ -58.44975, -34.58828 ], [ -58.44738, -34.58933 ], [ -58.44874, -34.59062 ], [ -58.45076, -34.58869 ], [ -58.45021, -34.58695 ], [ -58.44915, -34.58739 ], [ -58.44975, -34.58828 ] ] ] } },
{ "type": "Feature", "properties": { "indice_acceso": 0.724 }, "geometry": { "type": "Polygon", "coordinates": [ [ [ -58.44664, -34.59084 ], [ -58.4476, -34.5917 ], [ -58.44874, -34.59062 ], [ -58.44738, -34.58933 ], [ -58.44634, -34.5898 ], [ -58.44664, -34.59084 ] ] ] } },
{ "type": "Feature", "properties": { "indice_acceso": 0.704 }, "geometry": { "type": "Polygon", "coordinates": [ [ [ -58.44357, -34.59108 ], [ -58.44667, -34.59257 ], [ -58.4476, -34.5917 ], [ -58.44664, -34.59084 ], [ -58.44601, -34.58868 ], [ -58.44357, -34.59108 ] ] ] } },
{ "type": "Feature", "properties": { "indice_acceso": 0.708 }, "geometry": { "type": "Polygon", "coordinates": [ [ [ -58.43913, -34.59109 ], [ -58.4407, -34.59227 ], [ -58.44165, -34.59126 ], [ -58.44262, -34.59206 ], [ -58.44357, -34.59108 ], [ -58.43854, -34.58867 ], [ -58.43825, -34.58886 ], [ -58.43913, -34.59109 ] ] ] } },
{ "type": "Feature", "properties": { "indice_acceso": 0.709 }, "geometry": { "type": "Polygon", "coordinates": [ [ [ -58.43531, -34.59083 ], [ -58.43746, -34.59205 ], [ -58.43803, -34.59144 ], [ -58.43832, -34.59163 ], [ -58.43913, -34.59109 ], [ -58.43825, -34.58886 ], [ -58.43531, -34.59083 ] ] ] } },
{ "type": "Feature", "properties": { "indice_acceso": 0.712 }, "geometry": { "type": "Polygon", "coordinates": [ [ [ -58.43971, -34.59333 ], [ -58.4407, -34.59227 ], [ -58.43913, -34.59109 ], [ -58.43832, -34.59163 ], [ -58.43803, -34.59144 ], [ -58.43746, -34.59205 ], [ -58.43971, -34.59333 ] ] ] } },
{ "type": "Feature", "properties": { "indice_acceso": 0.704 }, "geometry": { "type": "Polygon", "coordinates": [ [ [ -58.44271, -34.59503 ], [ -58.44353, -34.59423 ], [ -58.4407, -34.59227 ], [ -58.43971, -34.59333 ], [ -58.44271, -34.59503 ] ] ] } },
{ "type": "Feature", "properties": { "indice_acceso": 0.7 }, "geometry": { "type": "Polygon", "coordinates": [ [ [ -58.44262, -34.59206 ], [ -58.44165, -34.59126 ], [ -58.4407, -34.59227 ], [ -58.44272, -34.59367 ], [ -58.44467, -34.59161 ], [ -58.44357, -34.59108 ], [ -58.44262, -34.59206 ] ] ] } },
{ "type": "Feature", "properties": { "indice_acceso": 0.713 }, "geometry": { "type": "Polygon", "coordinates": [ [ [ -58.44354, -34.5928 ], [ -58.44432, -34.59344 ], [ -58.44504, -34.59272 ], [ -58.44582, -34.59335 ], [ -58.44667, -34.59257 ], [ -58.44467, -34.59161 ], [ -58.44354, -34.5928 ] ] ] } },
{ "type": "Feature", "properties": { "indice_acceso": 0.715 }, "geometry": { "type": "Polygon", "coordinates": [ [ [ -58.44504, -34.59272 ], [ -58.44432, -34.59344 ], [ -58.44508, -34.59404 ], [ -58.44582, -34.59335 ], [ -58.44504, -34.59272 ] ] ] } },
{ "type": "Feature", "properties": { "indice_acceso": 0.714 }, "geometry": { "type": "Polygon", "coordinates": [ [ [ -58.44354, -34.5928 ], [ -58.44272, -34.59367 ], [ -58.4443, -34.59476 ], [ -58.44508, -34.59404 ], [ -58.44354, -34.5928 ] ] ] } },
{ "type": "Feature", "properties": { "indice_acceso": 0.715 }, "geometry": { "type": "Polygon", "coordinates": [ [ [ -58.44271, -34.59503 ], [ -58.44354, -34.59547 ], [ -58.4443, -34.59476 ], [ -58.44353, -34.59423 ], [ -58.44271, -34.59503 ] ] ] } },
{ "type": "Feature", "properties": { "indice_acceso": 0.727 }, "geometry": { "type": "Polygon", "coordinates": [ [ [ -58.43344, -34.59206 ], [ -58.43704, -34.59433 ], [ -58.43859, -34.59269 ], [ -58.43531, -34.59083 ], [ -58.43344, -34.59206 ] ] ] } },
{ "type": "Feature", "properties": { "indice_acceso": 0.746 }, "geometry": { "type": "Polygon", "coordinates": [ [ [ -58.43619, -34.59524 ], [ -58.43704, -34.59433 ], [ -58.43344, -34.59206 ], [ -58.43236, -34.59278 ], [ -58.43619, -34.59524 ] ] ] } },
{ "type": "Feature", "properties": { "indice_acceso": 0.748 }, "geometry": { "type": "Polygon", "coordinates": [ [ [ -58.43704, -34.59433 ], [ -58.43619, -34.59524 ], [ -58.43835, -34.59661 ], [ -58.43921, -34.5957 ], [ -58.43704, -34.59433 ] ] ] } },
{ "type": "Feature", "properties": { "indice_acceso": 0.726 }, "geometry": { "type": "Polygon", "coordinates": [ [ [ -58.43859, -34.59269 ], [ -58.43704, -34.59433 ], [ -58.43812, -34.59502 ], [ -58.43892, -34.59417 ], [ -58.44002, -34.59483 ], [ -58.44084, -34.59397 ], [ -58.43859, -34.59269 ] ] ] } },
{ "type": "Feature", "properties": { "indice_acceso": 0.715 }, "geometry": { "type": "Polygon", "coordinates": [ [ [ -58.44084, -34.59397 ], [ -58.44002, -34.59483 ], [ -58.44105, -34.59545 ], [ -58.44188, -34.59456 ], [ -58.44084, -34.59397 ] ] ] } },
{ "type": "Feature", "properties": { "indice_acceso": 0.728 }, "geometry": { "type": "Polygon", "coordinates": [ [ [ -58.43892, -34.59417 ], [ -58.43812, -34.59502 ], [ -58.44021, -34.59633 ], [ -58.44105, -34.59545 ], [ -58.43892, -34.59417 ] ] ] } },
{ "type": "Feature", "properties": { "indice_acceso": 0.738 }, "geometry": { "type": "Polygon", "coordinates": [ [ [ -58.43921, -34.5957 ], [ -58.43835, -34.59661 ], [ -58.43935, -34.59725 ], [ -58.44021, -34.59633 ], [ -58.43921, -34.5957 ] ] ] } },
{ "type": "Feature", "properties": { "indice_acceso": 0.725 }, "geometry": { "type": "Polygon", "coordinates": [ [ [ -58.44021, -34.59633 ], [ -58.43935, -34.59725 ], [ -58.44069, -34.59811 ], [ -58.44165, -34.59722 ], [ -58.44021, -34.59633 ] ] ] } },
{ "type": "Feature", "properties": { "indice_acceso": 0.719 }, "geometry": { "type": "Polygon", "coordinates": [ [ [ -58.44105, -34.59545 ], [ -58.44021, -34.59633 ], [ -58.44165, -34.59722 ], [ -58.44259, -34.59635 ], [ -58.44105, -34.59545 ] ] ] } },
{ "type": "Feature", "properties": { "indice_acceso": 0.711 }, "geometry": { "type": "Polygon", "coordinates": [ [ [ -58.44188, -34.59456 ], [ -58.44105, -34.59545 ], [ -58.44259, -34.59635 ], [ -58.44354, -34.59547 ], [ -58.44188, -34.59456 ] ] ] } },
{ "type": "Feature", "properties": { "indice_acceso": 0.719 }, "geometry": { "type": "Polygon", "coordinates": [ [ [ -58.44354, -34.59547 ], [ -58.44565, -34.5972 ], [ -58.44663, -34.59631 ], [ -58.44434, -34.59473 ], [ -58.44354, -34.59547 ] ] ] } },
{ "type": "Feature", "properties": { "indice_acceso": 0.719 }, "geometry": { "type": "Polygon", "coordinates": [ [ [ -58.44354, -34.59547 ], [ -58.44259, -34.59635 ], [ -58.44368, -34.59724 ], [ -58.44465, -34.59638 ], [ -58.44354, -34.59547 ] ] ] } },
{ "type": "Feature", "properties": { "indice_acceso": 0.719 }, "geometry": { "type": "Polygon", "coordinates": [ [ [ -58.44259, -34.59635 ], [ -58.44165, -34.59722 ], [ -58.44272, -34.5981 ], [ -58.44368, -34.59724 ], [ -58.44259, -34.59635 ] ] ] } },
{ "type": "Feature", "properties": { "indice_acceso": 0.725 }, "geometry": { "type": "Polygon", "coordinates": [ [ [ -58.44165, -34.59722 ], [ -58.44069, -34.59811 ], [ -58.44177, -34.59897 ], [ -58.44272, -34.5981 ], [ -58.44165, -34.59722 ] ] ] } },
{ "type": "Feature", "properties": { "indice_acceso": 0.719 }, "geometry": { "type": "Polygon", "coordinates": [ [ [ -58.44278, -34.59979 ], [ -58.44469, -34.59806 ], [ -58.44368, -34.59724 ], [ -58.44188, -34.59906 ], [ -58.44278, -34.59979 ] ] ] } },
{ "type": "Feature", "properties": { "indice_acceso": 0.719 }, "geometry": { "type": "Polygon", "coordinates": [ [ [ -58.44373, -34.59892 ], [ -58.44278, -34.59979 ], [ -58.44379, -34.60062 ], [ -58.44474, -34.59975 ], [ -58.44373, -34.59892 ] ] ] } },
{ "type": "Feature", "properties": { "indice_acceso": 0.718 }, "geometry": { "type": "Polygon", "coordinates": [ [ [ -58.44474, -34.59975 ], [ -58.44571, -34.59889 ], [ -58.44469, -34.59806 ], [ -58.44381, -34.59886 ], [ -58.44474, -34.59975 ] ] ] } },
{ "type": "Feature", "properties": { "indice_acceso": 0.717 }, "geometry": { "type": "Polygon", "coordinates": [ [ [ -58.44565, -34.5972 ], [ -58.44465, -34.59638 ], [ -58.44368, -34.59724 ], [ -58.44671, -34.59971 ], [ -58.44767, -34.59885 ], [ -58.44666, -34.59802 ], [ -58.44772, -34.59707 ], [ -58.44663, -34.59631 ], [ -58.44565, -34.5972 ] ] ] } },
{ "type": "Feature", "properties": { "indice_acceso": 0.722 }, "geometry": { "type": "Polygon", "coordinates": [ [ [ -58.44759, -34.60043 ], [ -58.45094, -34.59928 ], [ -58.44772, -34.59707 ], [ -58.44666, -34.59802 ], [ -58.44767, -34.59885 ], [ -58.44671, -34.59971 ], [ -58.44759, -34.60043 ] ] ] } },
{ "type": "Feature", "properties": { "indice_acceso": 0.713 }, "geometry": { "type": "Polygon", "coordinates": [ [ [ -58.44571, -34.59889 ], [ -58.44379, -34.60062 ], [ -58.44471, -34.60137 ], [ -58.44759, -34.60043 ], [ -58.44571, -34.59889 ] ] ] } },
{ "type": "Feature", "properties": { "indice_acceso": 0.712 }, "geometry": { "type": "Polygon", "coordinates": [ [ [ -58.44496, -34.60129 ], [ -58.44472, -34.60148 ], [ -58.44765, -34.60335 ], [ -58.45125, -34.5995 ], [ -58.45094, -34.59928 ], [ -58.44496, -34.60129 ] ] ] } },
{ "type": "Feature", "properties": { "indice_acceso": 0.719 }, "geometry": { "type": "Polygon", "coordinates": [ [ [ -58.44434, -34.59473 ], [ -58.44555, -34.59556 ], [ -58.44702, -34.59425 ], [ -58.44582, -34.59335 ], [ -58.44434, -34.59473 ] ] ] } },
{ "type": "Feature", "properties": { "indice_acceso": 0.728 }, "geometry": { "type": "Polygon", "coordinates": [ [ [ -58.44702, -34.59425 ], [ -58.44555, -34.59556 ], [ -58.44663, -34.59631 ], [ -58.44807, -34.59501 ], [ -58.4502, -34.59657 ], [ -58.4517, -34.59521 ], [ -58.45055, -34.59435 ], [ -58.44667, -34.59257 ], [ -58.44582, -34.59335 ], [ -58.44702, -34.59425 ] ] ] } },
{ "type": "Feature", "properties": { "indice_acceso": 0.723 }, "geometry": { "type": "Polygon", "coordinates": [ [ [ -58.44772, -34.59707 ], [ -58.44838, -34.59647 ], [ -58.44732, -34.5957 ], [ -58.44663, -34.59631 ], [ -58.44772, -34.59707 ] ] ] } },
{ "type": "Feature", "properties": { "indice_acceso": 0.73 }, "geometry": { "type": "Polygon", "coordinates": [ [ [ -58.44989, -34.59857 ], [ -58.45125, -34.59735 ], [ -58.44807, -34.59501 ], [ -58.44732, -34.5957 ], [ -58.44838, -34.59647 ], [ -58.44772, -34.59707 ], [ -58.44989, -34.59857 ] ] ] } },
{ "type": "Feature", "properties": { "indice_acceso": 0.743 }, "geometry": { "type": "Polygon", "coordinates": [ [ [ -58.45125, -34.59735 ], [ -58.44989, -34.59857 ], [ -58.45094, -34.59928 ], [ -58.45548, -34.59783 ], [ -58.4517, -34.59521 ], [ -58.4502, -34.59657 ], [ -58.45125, -34.59735 ] ] ] } },
{ "type": "Feature", "properties": { "indice_acceso": 0.745 }, "geometry": { "type": "Polygon", "coordinates": [ [ [ -58.45404, -34.60147 ], [ -58.45658, -34.59871 ], [ -58.45623, -34.59759 ], [ -58.45094, -34.59928 ], [ -58.45404, -34.60147 ] ] ] } },
{ "type": "Feature", "properties": { "indice_acceso": 0.75 }, "geometry": { "type": "Polygon", "coordinates": [ [ [ -58.45707, -34.60189 ], [ -58.45614, -34.60094 ], [ -58.45699, -34.60002 ], [ -58.45658, -34.59871 ], [ -58.45404, -34.60147 ], [ -58.45595, -34.60277 ], [ -58.45707, -34.60189 ] ] ] } },
{ "type": "Feature", "properties": { "indice_acceso": 0.734 }, "geometry": { "type": "Polygon", "coordinates": [ [ [ -58.455, -34.60212 ], [ -58.45125, -34.5995 ], [ -58.45036, -34.60045 ], [ -58.45405, -34.60286 ], [ -58.455, -34.60212 ] ] ] } },
{ "type": "Feature", "properties": { "indice_acceso": 0.788 }, "geometry": { "type": "Polygon", "coordinates": [ [ [ -58.45421, -34.60297 ], [ -58.4568, -34.60467 ], [ -58.45656, -34.60499 ], [ -58.45847, -34.60449 ], [ -58.455, -34.60212 ], [ -58.45421, -34.60297 ] ] ] } },
{ "type": "Feature", "properties": { "indice_acceso": 0.777 }, "geometry": { "type": "Polygon", "coordinates": [ [ [ -58.45893, -34.60437 ], [ -58.45816, -34.60383 ], [ -58.45699, -34.60002 ], [ -58.45614, -34.60094 ], [ -58.45707, -34.60189 ], [ -58.45602, -34.60282 ], [ -58.45819, -34.60429 ], [ -58.45893, -34.60437 ] ] ] } },
{ "type": "Feature", "properties": { "indice_acceso": 0.763 }, "geometry": { "type": "Polygon", "coordinates": [ [ [ -58.4558, -34.60518 ], [ -58.4568, -34.60467 ], [ -58.45421, -34.60297 ], [ -58.45354, -34.60371 ], [ -58.4558, -34.60518 ] ] ] } },
{ "type": "Feature", "properties": { "indice_acceso": 0.728 }, "geometry": { "type": "Polygon", "coordinates": [ [ [ -58.45354, -34.60371 ], [ -58.45421, -34.60297 ], [ -58.45036, -34.60045 ], [ -58.44967, -34.60119 ], [ -58.45354, -34.60371 ] ] ] } },
{ "type": "Feature", "properties": { "indice_acceso": 0.722 }, "geometry": { "type": "Polygon", "coordinates": [ [ [ -58.44765, -34.60335 ], [ -58.44855, -34.60392 ], [ -58.44952, -34.60287 ], [ -58.45158, -34.60415 ], [ -58.45256, -34.60308 ], [ -58.44967, -34.60119 ], [ -58.44765, -34.60335 ] ] ] } },
{ "type": "Feature", "properties": { "indice_acceso": 0.721 }, "geometry": { "type": "Polygon", "coordinates": [ [ [ -58.45158, -34.60415 ], [ -58.45355, -34.60537 ], [ -58.45451, -34.60434 ], [ -58.45256, -34.60308 ], [ -58.45158, -34.60415 ] ] ] } },
{ "type": "Feature", "properties": { "indice_acceso": 0.761 }, "geometry": { "type": "Polygon", "coordinates": [ [ [ -58.45355, -34.60537 ], [ -58.454, -34.60565 ], [ -58.4558, -34.60518 ], [ -58.45451, -34.60434 ], [ -58.45355, -34.60537 ] ] ] } },
{ "type": "Feature", "properties": { "indice_acceso": 0.721 }, "geometry": { "type": "Polygon", "coordinates": [ [ [ -58.45059, -34.60523 ], [ -58.45202, -34.60617 ], [ -58.454, -34.60565 ], [ -58.45158, -34.60415 ], [ -58.45059, -34.60523 ] ] ] } },
{ "type": "Feature", "properties": { "indice_acceso": 0.713 }, "geometry": { "type": "Polygon", "coordinates": [ [ [ -58.45059, -34.60523 ], [ -58.45158, -34.60415 ], [ -58.44952, -34.60287 ], [ -58.44855, -34.60392 ], [ -58.45059, -34.60523 ] ] ] } },
{ "type": "Feature", "properties": { "indice_acceso": 0.706 }, "geometry": { "type": "Polygon", "coordinates": [ [ [ -58.44558, -34.60553 ], [ -58.44656, -34.6062 ], [ -58.44778, -34.60464 ], [ -58.44893, -34.60536 ], [ -58.44961, -34.60461 ], [ -58.44765, -34.60335 ], [ -58.44558, -34.60553 ] ] ] } },
{ "type": "Feature", "properties": { "indice_acceso": 0.704 }, "geometry": { "type": "Polygon", "coordinates": [ [ [ -58.44755, -34.60686 ], [ -58.44893, -34.60536 ], [ -58.44778, -34.60464 ], [ -58.44656, -34.6062 ], [ -58.44755, -34.60686 ] ] ] } },
{ "type": "Feature", "properties": { "indice_acceso": 0.701 }, "geometry": { "type": "Polygon", "coordinates": [ [ [ -58.44755, -34.60686 ], [ -58.44656, -34.6062 ], [ -58.44568, -34.60735 ], [ -58.44624, -34.60762 ], [ -58.45202, -34.60617 ], [ -58.44961, -34.60461 ], [ -58.44755, -34.60686 ] ] ] } },
{ "type": "Feature", "properties": { "indice_acceso": 0.706 }, "geometry": { "type": "Polygon", "coordinates": [ [ [ -58.44465, -34.60644 ], [ -58.44416, -34.60692 ], [ -58.44568, -34.60735 ], [ -58.44656, -34.6062 ], [ -58.44558, -34.60553 ], [ -58.44465, -34.60644 ] ] ] } },
{ "type": "Feature", "properties": { "indice_acceso": 0.718 }, "geometry": { "type": "Polygon", "coordinates": [ [ [ -58.44278, -34.59979 ], [ -58.44182, -34.60066 ], [ -58.44283, -34.60149 ], [ -58.44379, -34.60062 ], [ -58.44278, -34.59979 ] ] ] } },
{ "type": "Feature", "properties": { "indice_acceso": 0.723 }, "geometry": { "type": "Polygon", "coordinates": [ [ [ -58.44379, -34.60062 ], [ -58.44283, -34.60149 ], [ -58.44182, -34.60066 ], [ -58.44109, -34.6013 ], [ -58.44249, -34.60222 ], [ -58.44471, -34.60137 ], [ -58.44379, -34.60062 ] ] ] } },
{ "type": "Feature", "properties": { "indice_acceso": 0.712 }, "geometry": { "type": "Polygon", "coordinates": [ [ [ -58.44348, -34.60179 ], [ -58.44249, -34.60222 ], [ -58.44435, -34.6035 ], [ -58.4457, -34.6021 ], [ -58.44472, -34.60148 ], [ -58.44496, -34.60129 ], [ -58.44348, -34.60179 ] ] ] } },
{ "type": "Feature", "properties": { "indice_acceso": 0.71 }, "geometry": { "type": "Polygon", "coordinates": [ [ [ -58.44435, -34.6035 ], [ -58.44532, -34.60416 ], [ -58.44594, -34.60351 ], [ -58.44693, -34.60412 ], [ -58.44765, -34.60335 ], [ -58.4457, -34.6021 ], [ -58.44435, -34.6035 ] ] ] } },
{ "type": "Feature", "properties": { "indice_acceso": 0.708 }, "geometry": { "type": "Polygon", "coordinates": [ [ [ -58.44466, -34.6049 ], [ -58.44298, -34.60662 ], [ -58.44416, -34.60692 ], [ -58.44698, -34.60415 ], [ -58.44594, -34.60351 ], [ -58.44466, -34.6049 ] ] ] } },
{ "type": "Feature", "properties": { "indice_acceso": 0.709 }, "geometry": { "type": "Polygon", "coordinates": [ [ [ -58.44283, -34.60502 ], [ -58.44385, -34.60572 ], [ -58.44532, -34.60416 ], [ -58.44435, -34.6035 ], [ -58.44283, -34.60502 ] ] ] } },
{ "type": "Feature", "properties": { "indice_acceso": 0.725 }, "geometry": { "type": "Polygon", "coordinates": [ [ [ -58.44364, -34.60421 ], [ -58.44435, -34.6035 ], [ -58.44249, -34.60222 ], [ -58.4414, -34.60266 ], [ -58.44364, -34.60421 ] ] ] } },
{ "type": "Feature", "properties": { "indice_acceso": 0.735 }, "geometry": { "type": "Polygon", "coordinates": [ [ [ -58.44187, -34.60437 ], [ -58.4427, -34.60355 ], [ -58.4414, -34.60266 ], [ -58.44015, -34.60318 ], [ -58.44187, -34.60437 ] ] ] } },
{ "type": "Feature", "properties": { "indice_acceso": 0.717 }, "geometry": { "type": "Polygon", "coordinates": [ [ [ -58.44104, -34.60518 ], [ -58.44202, -34.60582 ], [ -58.44364, -34.60421 ], [ -58.4427, -34.60355 ], [ -58.44104, -34.60518 ] ] ] } },
{ "type": "Feature", "properties": { "indice_acceso": 0.726 }, "geometry": { "type": "Polygon", "coordinates": [ [ [ -58.43928, -34.60561 ], [ -58.44298, -34.60662 ], [ -58.44385, -34.60572 ], [ -58.44283, -34.60502 ], [ -58.44202, -34.60582 ], [ -58.44003, -34.60452 ], [ -58.43928, -34.60561 ] ] ] } },
{ "type": "Feature", "properties": { "indice_acceso": 0.74 }, "geometry": { "type": "Polygon", "coordinates": [ [ [ -58.43902, -34.60387 ], [ -58.44104, -34.60518 ], [ -58.44187, -34.60437 ], [ -58.44015, -34.60318 ], [ -58.43902, -34.60387 ] ] ] } },
{ "type": "Feature", "properties": { "indice_acceso": 0.74 }, "geometry": { "type": "Polygon", "coordinates": [ [ [ -58.43718, -34.60455 ], [ -58.43928, -34.60561 ], [ -58.44003, -34.60452 ], [ -58.43885, -34.60376 ], [ -58.43718, -34.60455 ] ] ] } },
{ "type": "Feature", "properties": { "indice_acceso": 0.735 }, "geometry": { "type": "Polygon", "coordinates": [ [ [ -58.44177, -34.59897 ], [ -58.44081, -34.59983 ], [ -58.44182, -34.60066 ], [ -58.44278, -34.59979 ], [ -58.44177, -34.59897 ] ] ] } },
{ "type": "Feature", "properties": { "indice_acceso": 0.741 }, "geometry": { "type": "Polygon", "coordinates": [ [ [ -58.44081, -34.59983 ], [ -58.43995, -34.60061 ], [ -58.44109, -34.6013 ], [ -58.44182, -34.60066 ], [ -58.44081, -34.59983 ] ] ] } },
{ "type": "Feature", "properties": { "indice_acceso": 0.738 }, "geometry": { "type": "Polygon", "coordinates": [ [ [ -58.44069, -34.59811 ], [ -58.43877, -34.59987 ], [ -58.43995, -34.60061 ], [ -58.44177, -34.59897 ], [ -58.44069, -34.59811 ] ] ] } },
{ "type": "Feature", "properties": { "indice_acceso": 0.74 }, "geometry": { "type": "Polygon", "coordinates": [ [ [ -58.43877, -34.59987 ], [ -58.43811, -34.60058 ], [ -58.43931, -34.60132 ], [ -58.43995, -34.60061 ], [ -58.43877, -34.59987 ] ] ] } },
{ "type": "Feature", "properties": { "indice_acceso": 0.74 }, "geometry": { "type": "Polygon", "coordinates": [ [ [ -58.43995, -34.60061 ], [ -58.43931, -34.60132 ], [ -58.44052, -34.60204 ], [ -58.44109, -34.6013 ], [ -58.43995, -34.60061 ] ] ] } },
{ "type": "Feature", "properties": { "indice_acceso": 0.739 }, "geometry": { "type": "Polygon", "coordinates": [ [ [ -58.43943, -34.60345 ], [ -58.44249, -34.60222 ], [ -58.44109, -34.6013 ], [ -58.43943, -34.60345 ] ] ] } },
{ "type": "Feature", "properties": { "indice_acceso": 0.74 }, "geometry": { "type": "Polygon", "coordinates": [ [ [ -58.43931, -34.60132 ], [ -58.43851, -34.60219 ], [ -58.43977, -34.60301 ], [ -58.44052, -34.60204 ], [ -58.43931, -34.60132 ] ] ] } },
{ "type": "Feature", "properties": { "indice_acceso": 0.749 }, "geometry": { "type": "Polygon", "coordinates": [ [ [ -58.43811, -34.60058 ], [ -58.43729, -34.60141 ], [ -58.43851, -34.60219 ], [ -58.43931, -34.60132 ], [ -58.43811, -34.60058 ] ] ] } },
{ "type": "Feature", "properties": { "indice_acceso": 0.75 }, "geometry": { "type": "Polygon", "coordinates": [ [ [ -58.43729, -34.60141 ], [ -58.43648, -34.60223 ], [ -58.43774, -34.60304 ], [ -58.43851, -34.60219 ], [ -58.43729, -34.60141 ] ] ] } },
{ "type": "Feature", "properties": { "indice_acceso": 0.74 }, "geometry": { "type": "Polygon", "coordinates": [ [ [ -58.43851, -34.60219 ], [ -58.43774, -34.60304 ], [ -58.43902, -34.60387 ], [ -58.43977, -34.60301 ], [ -58.43851, -34.60219 ] ] ] } },
{ "type": "Feature", "properties": { "indice_acceso": 0.738 }, "geometry": { "type": "Polygon", "coordinates": [ [ [ -58.43774, -34.60304 ], [ -58.43662, -34.60428 ], [ -58.43718, -34.60455 ], [ -58.43885, -34.60376 ], [ -58.43774, -34.60304 ] ] ] } },
{ "type": "Feature", "properties": { "indice_acceso": 0.749 }, "geometry": { "type": "Polygon", "coordinates": [ [ [ -58.43648, -34.60223 ], [ -58.43567, -34.60305 ], [ -58.43698, -34.60389 ], [ -58.43774, -34.60304 ], [ -58.43648, -34.60223 ] ] ] } },
{ "type": "Feature", "properties": { "indice_acceso": 0.747 }, "geometry": { "type": "Polygon", "coordinates": [ [ [ -58.43662, -34.60428 ], [ -58.43698, -34.60389 ], [ -58.43567, -34.60305 ], [ -58.43514, -34.60357 ], [ -58.43662, -34.60428 ] ] ] } },
{ "type": "Feature", "properties": { "indice_acceso": 0.753 }, "geometry": { "type": "Polygon", "coordinates": [ [ [ -58.4376, -34.60027 ], [ -58.43622, -34.60073 ], [ -58.43729, -34.60141 ], [ -58.43811, -34.60058 ], [ -58.4376, -34.60027 ] ] ] } },
{ "type": "Feature", "properties": { "indice_acceso": 0.756 }, "geometry": { "type": "Polygon", "coordinates": [ [ [ -58.43592, -34.5992 ], [ -58.43515, -34.60003 ], [ -58.43622, -34.60073 ], [ -58.4376, -34.60027 ], [ -58.43592, -34.5992 ] ] ] } },
{ "type": "Feature", "properties": { "indice_acceso": 0.758 }, "geometry": { "type": "Polygon", "coordinates": [ [ [ -58.43485, -34.59851 ], [ -58.43407, -34.59935 ], [ -58.43515, -34.60003 ], [ -58.43592, -34.5992 ], [ -58.43485, -34.59851 ] ] ] } },
{ "type": "Feature", "properties": { "indice_acceso": 0.759 }, "geometry": { "type": "Polygon", "coordinates": [ [ [ -58.43407, -34.59935 ], [ -58.43328, -34.60018 ], [ -58.43436, -34.60087 ], [ -58.43515, -34.60003 ], [ -58.43407, -34.59935 ] ] ] } },
{ "type": "Feature", "properties": { "indice_acceso": 0.756 }, "geometry": { "type": "Polygon", "coordinates": [ [ [ -58.43515, -34.60003 ], [ -58.43347, -34.60165 ], [ -58.43451, -34.60231 ], [ -58.43534, -34.6015 ], [ -58.43484, -34.60118 ], [ -58.43615, -34.60068 ], [ -58.43515, -34.60003 ] ] ] } },
{ "type": "Feature", "properties": { "indice_acceso": 0.756 }, "geometry": { "type": "Polygon", "coordinates": [ [ [ -58.43484, -34.60118 ], [ -58.43648, -34.60223 ], [ -58.43729, -34.60141 ], [ -58.43622, -34.60073 ], [ -58.43484, -34.60118 ] ] ] } },
{ "type": "Feature", "properties": { "indice_acceso": 0.756 }, "geometry": { "type": "Polygon", "coordinates": [ [ [ -58.43534, -34.6015 ], [ -58.43451, -34.60231 ], [ -58.43567, -34.60305 ], [ -58.43648, -34.60223 ], [ -58.43534, -34.6015 ] ] ] } },
{ "type": "Feature", "properties": { "indice_acceso": 0.756 }, "geometry": { "type": "Polygon", "coordinates": [ [ [ -58.43451, -34.60231 ], [ -58.43386, -34.60294 ], [ -58.43514, -34.60357 ], [ -58.43567, -34.60305 ], [ -58.43451, -34.60231 ] ] ] } },
{ "type": "Feature", "properties": { "indice_acceso": 0.758 }, "geometry": { "type": "Polygon", "coordinates": [ [ [ -58.43386, -34.60294 ], [ -58.43451, -34.60231 ], [ -58.43347, -34.60165 ], [ -58.4322, -34.60207 ], [ -58.43386, -34.60294 ] ] ] } },
{ "type": "Feature", "properties": { "indice_acceso": 0.758 }, "geometry": { "type": "Polygon", "coordinates": [ [ [ -58.4325, -34.60103 ], [ -58.43187, -34.60169 ], [ -58.4322, -34.60207 ], [ -58.43347, -34.60165 ], [ -58.4325, -34.60103 ] ] ] } },
{ "type": "Feature", "properties": { "indice_acceso": 0.758 }, "geometry": { "type": "Polygon", "coordinates": [ [ [ -58.43328, -34.60018 ], [ -58.4325, -34.60103 ], [ -58.43347, -34.60165 ], [ -58.43436, -34.60087 ], [ -58.43328, -34.60018 ] ] ] } },
{ "type": "Feature", "properties": { "indice_acceso": 0.739 }, "geometry": { "type": "Polygon", "coordinates": [ [ [ -58.43935, -34.59725 ], [ -58.43848, -34.59818 ], [ -58.43977, -34.59898 ], [ -58.44069, -34.59811 ], [ -58.43935, -34.59725 ] ] ] } },
{ "type": "Feature", "properties": { "indice_acceso": 0.754 }, "geometry": { "type": "Polygon", "coordinates": [ [ [ -58.43848, -34.59818 ], [ -58.43693, -34.59984 ], [ -58.43811, -34.60058 ], [ -58.43977, -34.59898 ], [ -58.43848, -34.59818 ] ] ] } },
{ "type": "Feature", "properties": { "indice_acceso": 0.758 }, "geometry": { "type": "Polygon", "coordinates": [ [ [ -58.43748, -34.59754 ], [ -58.43592, -34.5992 ], [ -58.43693, -34.59984 ], [ -58.43848, -34.59818 ], [ -58.43748, -34.59754 ] ] ] } },
{ "type": "Feature", "properties": { "indice_acceso": 0.752 }, "geometry": { "type": "Polygon", "coordinates": [ [ [ -58.43835, -34.59661 ], [ -58.43748, -34.59754 ], [ -58.43848, -34.59818 ], [ -58.43935, -34.59725 ], [ -58.43835, -34.59661 ] ] ] } },
{ "type": "Feature", "properties": { "indice_acceso": 0.755 }, "geometry": { "type": "Polygon", "coordinates": [ [ [ -58.43727, -34.59593 ], [ -58.4364, -34.59685 ], [ -58.43748, -34.59754 ], [ -58.43835, -34.59661 ], [ -58.43727, -34.59593 ] ] ] } },
{ "type": "Feature", "properties": { "indice_acceso": 0.758 }, "geometry": { "type": "Polygon", "coordinates": [ [ [ -58.4364, -34.59685 ], [ -58.43485, -34.59851 ], [ -58.43592, -34.5992 ], [ -58.43748, -34.59754 ], [ -58.4364, -34.59685 ] ] ] } },
{ "type": "Feature", "properties": { "indice_acceso": 0.76 }, "geometry": { "type": "Polygon", "coordinates": [ [ [ -58.43533, -34.59616 ], [ -58.43444, -34.59711 ], [ -58.43336, -34.59642 ], [ -58.4327, -34.59713 ], [ -58.43485, -34.59851 ], [ -58.4364, -34.59685 ], [ -58.43533, -34.59616 ] ] ] } },
{ "type": "Feature", "properties": { "indice_acceso": 0.754 }, "geometry": { "type": "Polygon", "coordinates": [ [ [ -58.43512, -34.59455 ], [ -58.43425, -34.59548 ], [ -58.4364, -34.59685 ], [ -58.43727, -34.59593 ], [ -58.43512, -34.59455 ] ] ] } },
{ "type": "Feature", "properties": { "indice_acceso": 0.76 }, "geometry": { "type": "Polygon", "coordinates": [ [ [ -58.43404, -34.59386 ], [ -58.43317, -34.59479 ], [ -58.43425, -34.59548 ], [ -58.43512, -34.59455 ], [ -58.43404, -34.59386 ] ] ] } },
{ "type": "Feature", "properties": { "indice_acceso": 0.763 }, "geometry": { "type": "Polygon", "coordinates": [ [ [ -58.43317, -34.59479 ], [ -58.43162, -34.59644 ], [ -58.4327, -34.59713 ], [ -58.43336, -34.59642 ], [ -58.43444, -34.59711 ], [ -58.43533, -34.59616 ], [ -58.43317, -34.59479 ] ] ] } },
{ "type": "Feature", "properties": { "indice_acceso": 0.762 }, "geometry": { "type": "Polygon", "coordinates": [ [ [ -58.43297, -34.59317 ], [ -58.43055, -34.59576 ], [ -58.43162, -34.59644 ], [ -58.43404, -34.59386 ], [ -58.43297, -34.59317 ] ] ] } },
{ "type": "Feature", "properties": { "indice_acceso": 0.743 }, "geometry": { "type": "Polygon", "coordinates": [ [ [ -58.43236, -34.59278 ], [ -58.42917, -34.59486 ], [ -58.43055, -34.59576 ], [ -58.43297, -34.59317 ], [ -58.43236, -34.59278 ] ] ] } },
{ "type": "Feature", "properties": { "indice_acceso": 0.76 }, "geometry": { "type": "Polygon", "coordinates": [ [ [ -58.43378, -34.59782 ], [ -58.43299, -34.59866 ], [ -58.43407, -34.59935 ], [ -58.43485, -34.59851 ], [ -58.43378, -34.59782 ] ] ] } },
{ "type": "Feature", "properties": { "indice_acceso": 0.762 }, "geometry": { "type": "Polygon", "coordinates": [ [ [ -58.43162, -34.59644 ], [ -58.43083, -34.59728 ], [ -58.43299, -34.59866 ], [ -58.43378, -34.59782 ], [ -58.43162, -34.59644 ] ] ] } },
{ "type": "Feature", "properties": { "indice_acceso": 0.747 }, "geometry": { "type": "Polygon", "coordinates": [ [ [ -58.43083, -34.59728 ], [ -58.43162, -34.59644 ], [ -58.42917, -34.59486 ], [ -58.42809, -34.59552 ], [ -58.43083, -34.59728 ] ] ] } },
{ "type": "Feature", "properties": { "indice_acceso": 0.748 }, "geometry": { "type": "Polygon", "coordinates": [ [ [ -58.43006, -34.59811 ], [ -58.43083, -34.59728 ], [ -58.42809, -34.59552 ], [ -58.42702, -34.59617 ], [ -58.43006, -34.59811 ] ] ] } },
{ "type": "Feature", "properties": { "indice_acceso": 0.763 }, "geometry": { "type": "Polygon", "coordinates": [ [ [ -58.43083, -34.59728 ], [ -58.43006, -34.59811 ], [ -58.43113, -34.5988 ], [ -58.43191, -34.59797 ], [ -58.43083, -34.59728 ] ] ] } },
{ "type": "Feature", "properties": { "indice_acceso": 0.76 }, "geometry": { "type": "Polygon", "coordinates": [ [ [ -58.43191, -34.59797 ], [ -58.43113, -34.5988 ], [ -58.43328, -34.60018 ], [ -58.43407, -34.59935 ], [ -58.43191, -34.59797 ] ] ] } },
{ "type": "Feature", "properties": { "indice_acceso": 0.76 }, "geometry": { "type": "Polygon", "coordinates": [ [ [ -58.43221, -34.5995 ], [ -58.43143, -34.60033 ], [ -58.4325, -34.60103 ], [ -58.43328, -34.60018 ], [ -58.43221, -34.5995 ] ] ] } },
{ "type": "Feature", "properties": { "indice_acceso": 0.76 }, "geometry": { "type": "Polygon", "coordinates": [ [ [ -58.43187, -34.60169 ], [ -58.4325, -34.60103 ], [ -58.43143, -34.60033 ], [ -58.43104, -34.60075 ], [ -58.43187, -34.60169 ] ] ] } },
{ "type": "Feature", "properties": { "indice_acceso": 0.761 }, "geometry": { "type": "Polygon", "coordinates": [ [ [ -58.43113, -34.5988 ], [ -58.43019, -34.59981 ], [ -58.43104, -34.60075 ], [ -58.43221, -34.5995 ], [ -58.43113, -34.5988 ] ] ] } },
{ "type": "Feature", "properties": { "indice_acceso": 0.764 }, "geometry": { "type": "Polygon", "coordinates": [ [ [ -58.43006, -34.59811 ], [ -58.42922, -34.59899 ], [ -58.43019, -34.59981 ], [ -58.43113, -34.5988 ], [ -58.43006, -34.59811 ] ] ] } },
{ "type": "Feature", "properties": { "indice_acceso": 0.755 }, "geometry": { "type": "Polygon", "coordinates": [ [ [ -58.42899, -34.59743 ], [ -58.42785, -34.59837 ], [ -58.42922, -34.59899 ], [ -58.43006, -34.59811 ], [ -58.42899, -34.59743 ] ] ] } },
{ "type": "Feature", "properties": { "indice_acceso": 0.737 }, "geometry": { "type": "Polygon", "coordinates": [ [ [ -58.42784, -34.5967 ], [ -58.42656, -34.59792 ], [ -58.42785, -34.59837 ], [ -58.42899, -34.59743 ], [ -58.42784, -34.5967 ] ] ] } },
{ "type": "Feature", "properties": { "indice_acceso": 0.736 }, "geometry": { "type": "Polygon", "coordinates": [ [ [ -58.42702, -34.59617 ], [ -58.42336, -34.59775 ], [ -58.42656, -34.59792 ], [ -58.42784, -34.5967 ], [ -58.42702, -34.59617 ] ] ] } }
]
}
