{
"type": "FeatureCollection",
"name": "mapa-cordoba",
"crs": { "type": "name", "properties": { "name": "urn:ogc:def:crs:OGC:1.3:CRS84" } },
"features": [
{ "type": "Feature", "properties": { "indice_acceso": 0.572 }, "geometry": { "type": "Polygon", "coordinates": [ [ [ -64.22073, -31.30852 ], [ -64.21739, -31.3157 ], [ -64.21115, -31.32712 ], [ -64.21005, -31.33215 ], [ -64.20801, -31.33667 ], [ -64.22546, -31.33663 ], [ -64.22525, -31.33157 ], [ -64.2349, -31.33347 ], [ -64.24039, -31.33583 ], [ -64.24041, -31.32945 ], [ -64.24018, -31.32881 ], [ -64.24053, -31.30837 ], [ -64.22073, -31.30852 ] ] ] } },
{ "type": "Feature", "properties": { "indice_acceso": 0.604 }, "geometry": { "type": "Polygon", "coordinates": [ [ [ -64.20801, -31.33667 ], [ -64.20792, -31.34135 ], [ -64.21744, -31.34135 ], [ -64.21741, -31.33782 ], [ -64.22412, -31.33785 ], [ -64.2241, -31.33664 ], [ -64.20801, -31.33667 ] ] ] } },
{ "type": "Feature", "properties": { "indice_acceso": 0.625 }, "geometry": { "type": "Polygon", "coordinates": [ [ [ -64.22412, -31.33785 ], [ -64.21741, -31.33782 ], [ -64.21744, -31.34135 ], [ -64.22555, -31.34138 ], [ -64.22546, -31.33663 ], [ -64.2241, -31.33664 ], [ -64.22412, -31.33785 ] ] ] } },
{ "type": "Feature", "properties": { "indice_acceso": 0.625 }, "geometry": { "type": "Polygon", "coordinates": [ [ [ -64.22555, -31.34269 ], [ -64.23619, -31.34263 ], [ -64.23631, -31.33981 ], [ -64.24034, -31.33957 ], [ -64.24039, -31.33583 ], [ -64.23474, -31.33343 ], [ -64.22941, -31.33224 ], [ -64.22536, -31.33172 ], [ -64.22555, -31.34269 ] ] ] } },
{ "type": "Feature", "properties": { "indice_acceso": 0.634 }, "geometry": { "type": "Polygon", "coordinates": [ [ [ -64.23631, -31.33981 ], [ -64.23619, -31.34263 ], [ -64.24039, -31.34263 ], [ -64.24034, -31.33957 ], [ -64.23631, -31.33981 ] ] ] } },
{ "type": "Feature", "properties": { "indice_acceso": 0.647 }, "geometry": { "type": "Polygon", "coordinates": [ [ [ -64.23276, -31.34264 ], [ -64.23276, -31.34609 ], [ -64.23576, -31.34609 ], [ -64.23599, -31.34712 ], [ -64.23657, -31.34703 ], [ -64.23659, -31.34595 ], [ -64.23857, -31.34593 ], [ -64.23856, -31.34703 ], [ -64.24038, -31.34702 ], [ -64.24039, -31.34263 ], [ -64.23276, -31.34264 ] ] ] } },
{ "type": "Feature", "properties": { "indice_acceso": 0.647 }, "geometry": { "type": "Polygon", "coordinates": [ [ [ -64.22555, -31.34269 ], [ -64.22564, -31.34536 ], [ -64.2293, -31.34534 ], [ -64.22929, -31.34608 ], [ -64.23276, -31.34609 ], [ -64.23276, -31.34264 ], [ -64.22555, -31.34269 ] ] ] } },
{ "type": "Feature", "properties": { "indice_acceso": 0.633 }, "geometry": { "type": "Polygon", "coordinates": [ [ [ -64.21624, -31.34137 ], [ -64.21624, -31.34333 ], [ -64.22555, -31.34336 ], [ -64.22555, -31.34138 ], [ -64.21624, -31.34137 ] ] ] } },
{ "type": "Feature", "properties": { "indice_acceso": 0.631 }, "geometry": { "type": "Polygon", "coordinates": [ [ [ -64.21622, -31.34605 ], [ -64.22565, -31.34609 ], [ -64.22565, -31.34335 ], [ -64.21624, -31.34333 ], [ -64.21622, -31.34605 ] ] ] } },
{ "type": "Feature", "properties": { "indice_acceso": 0.615 }, "geometry": { "type": "Polygon", "coordinates": [ [ [ -64.22564, -31.34536 ], [ -64.22572, -31.35013 ], [ -64.23176, -31.35021 ], [ -64.2322, -31.35266 ], [ -64.23378, -31.3534 ], [ -64.23442, -31.35334 ], [ -64.2341, -31.35192 ], [ -64.23692, -31.35146 ], [ -64.23576, -31.34609 ], [ -64.22929, -31.34608 ], [ -64.2293, -31.34534 ], [ -64.22564, -31.34536 ] ] ] } },
{ "type": "Feature", "properties": { "indice_acceso": 0.647 }, "geometry": { "type": "Polygon", "coordinates": [ [ [ -64.23599, -31.34712 ], [ -64.23717, -31.35241 ], [ -64.24052, -31.3501 ], [ -64.24024, -31.34946 ], [ -64.24038, -31.34702 ], [ -64.23856, -31.34703 ], [ -64.23857, -31.34593 ], [ -64.23659, -31.34595 ], [ -64.23657, -31.34703 ], [ -64.23599, -31.34712 ] ] ] } },
{ "type": "Feature", "properties": { "indice_acceso": 0.627 }, "geometry": { "type": "Polygon", "coordinates": [ [ [ -64.22588, -31.35409 ], [ -64.22794, -31.35408 ], [ -64.22785, -31.35565 ], [ -64.22975, -31.35561 ], [ -64.22979, -31.35741 ], [ -64.22818, -31.35864 ], [ -64.23717, -31.35241 ], [ -64.23692, -31.35146 ], [ -64.2341, -31.35192 ], [ -64.23442, -31.35334 ], [ -64.23378, -31.3534 ], [ -64.2322, -31.35266 ], [ -64.23176, -31.35021 ], [ -64.22572, -31.35013 ], [ -64.22588, -31.35409 ] ] ] } },
{ "type": "Feature", "properties": { "indice_acceso": 0.688 }, "geometry": { "type": "Polygon", "coordinates": [ [ [ -64.22588, -31.35409 ], [ -64.226, -31.36016 ], [ -64.22979, -31.35741 ], [ -64.22975, -31.35561 ], [ -64.22785, -31.35565 ], [ -64.22794, -31.35408 ], [ -64.22588, -31.35409 ] ] ] } },
{ "type": "Feature", "properties": { "indice_acceso": 0.611 }, "geometry": { "type": "Polygon", "coordinates": [ [ [ -64.20793, -31.34318 ], [ -64.20747, -31.34429 ], [ -64.20327, -31.35067 ], [ -64.20262, -31.35218 ], [ -64.20403, -31.3608 ], [ -64.20619, -31.36068 ], [ -64.20567, -31.35791 ], [ -64.20722, -31.35734 ], [ -64.21148, -31.35584 ], [ -64.21152, -31.35606 ], [ -64.21819, -31.35513 ], [ -64.21813, -31.35486 ], [ -64.22228, -31.35424 ], [ -64.22275, -31.35613 ], [ -64.22346, -31.35601 ], [ -64.22352, -31.35629 ], [ -64.22536, -31.35597 ], [ -64.22539, -31.35727 ], [ -64.22576, -31.35748 ], [ -64.22578, -31.35883 ], [ -64.22601, -31.35879 ], [ -64.22565, -31.34609 ], [ -64.21622, -31.34605 ], [ -64.21624, -31.34137 ], [ -64.20792, -31.34135 ], [ -64.20793, -31.34318 ] ] ] } },
{ "type": "Feature", "properties": { "indice_acceso": 0.686 }, "geometry": { "type": "Polygon", "coordinates": [ [ [ -64.21152, -31.35606 ], [ -64.21148, -31.35584 ], [ -64.20567, -31.35791 ], [ -64.206, -31.35968 ], [ -64.20758, -31.35913 ], [ -64.2084, -31.35928 ], [ -64.21668, -31.35801 ], [ -64.21618, -31.3554 ], [ -64.21152, -31.35606 ] ] ] } },
{ "type": "Feature", "properties": { "indice_acceso": 0.716 }, "geometry": { "type": "Polygon", "coordinates": [ [ [ -64.21618, -31.3554 ], [ -64.21668, -31.35801 ], [ -64.2185, -31.35773 ], [ -64.21829, -31.3567 ], [ -64.21887, -31.35669 ], [ -64.21911, -31.35779 ], [ -64.22541, -31.35675 ], [ -64.22536, -31.35597 ], [ -64.22352, -31.35629 ], [ -64.22346, -31.35601 ], [ -64.22275, -31.35613 ], [ -64.22228, -31.35424 ], [ -64.21618, -31.3554 ] ] ] } },
{ "type": "Feature", "properties": { "indice_acceso": 0.722 }, "geometry": { "type": "Polygon", "coordinates": [ [ [ -64.22134, -31.35968 ], [ -64.22417, -31.35924 ], [ -64.22465, -31.36095 ], [ -64.226, -31.36001 ], [ -64.22601, -31.35879 ], [ -64.22578, -31.35883 ], [ -64.22583, -31.35786 ], [ -64.22539, -31.35727 ], [ -64.22541, -31.35675 ], [ -64.22088, -31.35752 ], [ -64.22134, -31.35968 ] ] ] } },
{ "type": "Feature", "properties": { "indice_acceso": 0.72 }, "geometry": { "type": "Polygon", "coordinates": [ [ [ -64.21829, -31.3567 ], [ -64.2185, -31.35773 ], [ -64.21451, -31.35843 ], [ -64.21461, -31.35903 ], [ -64.21313, -31.35925 ], [ -64.2132, -31.3597 ], [ -64.21868, -31.35891 ], [ -64.2189, -31.36006 ], [ -64.22134, -31.35968 ], [ -64.22088, -31.35752 ], [ -64.21911, -31.35779 ], [ -64.21887, -31.35669 ], [ -64.21829, -31.3567 ] ] ] } },
{ "type": "Feature", "properties": { "indice_acceso": 0.706 }, "geometry": { "type": "Polygon", "coordinates": [ [ [ -64.2084, -31.35928 ], [ -64.20758, -31.35913 ], [ -64.206, -31.35968 ], [ -64.20619, -31.36068 ], [ -64.20403, -31.3608 ], [ -64.20441, -31.36288 ], [ -64.20894, -31.36225 ], [ -64.20902, -31.36267 ], [ -64.20937, -31.36262 ], [ -64.20929, -31.3622 ], [ -64.21045, -31.36204 ], [ -64.21087, -31.36127 ], [ -64.21001, -31.36095 ], [ -64.20997, -31.36069 ], [ -64.21064, -31.36094 ], [ -64.21048, -31.36008 ], [ -64.2132, -31.3597 ], [ -64.21313, -31.35925 ], [ -64.21461, -31.35903 ], [ -64.21451, -31.35843 ], [ -64.2084, -31.35928 ] ] ] } },
{ "type": "Feature", "properties": { "indice_acceso": 0.743 }, "geometry": { "type": "Polygon", "coordinates": [ [ [ -64.20902, -31.36267 ], [ -64.20894, -31.36225 ], [ -64.20441, -31.36288 ], [ -64.20494, -31.36551 ], [ -64.20943, -31.36487 ], [ -64.2093, -31.36422 ], [ -64.20967, -31.36417 ], [ -64.2098, -31.36481 ], [ -64.21043, -31.36472 ], [ -64.20994, -31.36211 ], [ -64.20929, -31.3622 ], [ -64.20937, -31.36262 ], [ -64.20902, -31.36267 ] ] ] } },
{ "type": "Feature", "properties": { "indice_acceso": 0.723 }, "geometry": { "type": "Polygon", "coordinates": [ [ [ -64.20997, -31.36069 ], [ -64.21087, -31.36127 ], [ -64.21045, -31.36204 ], [ -64.20994, -31.36211 ], [ -64.21043, -31.36472 ], [ -64.21238, -31.36445 ], [ -64.21213, -31.36313 ], [ -64.21339, -31.36085 ], [ -64.2132, -31.3597 ], [ -64.21048, -31.36008 ], [ -64.21064, -31.36094 ], [ -64.20997, -31.36069 ] ] ] } },
{ "type": "Feature", "properties": { "indice_acceso": 0.729 }, "geometry": { "type": "Polygon", "coordinates": [ [ [ -64.21213, -31.36313 ], [ -64.21238, -31.36445 ], [ -64.21484, -31.3641 ], [ -64.21472, -31.36342 ], [ -64.21428, -31.36325 ], [ -64.21466, -31.36256 ], [ -64.21564, -31.36277 ], [ -64.21662, -31.36227 ], [ -64.21647, -31.36158 ], [ -64.21514, -31.36174 ], [ -64.21481, -31.36003 ], [ -64.21329, -31.36026 ], [ -64.21313, -31.36133 ], [ -64.21213, -31.36313 ] ] ] } },
{ "type": "Feature", "properties": { "indice_acceso": 0.745 }, "geometry": { "type": "Polygon", "coordinates": [ [ [ -64.21329, -31.36026 ], [ -64.21481, -31.36003 ], [ -64.21519, -31.36175 ], [ -64.21907, -31.36103 ], [ -64.21868, -31.35891 ], [ -64.2132, -31.3597 ], [ -64.21329, -31.36026 ] ] ] } },
{ "type": "Feature", "properties": { "indice_acceso": 0.753 }, "geometry": { "type": "Polygon", "coordinates": [ [ [ -64.21982, -31.36111 ], [ -64.22044, -31.36101 ], [ -64.2207, -31.36224 ], [ -64.22109, -31.36266 ], [ -64.22193, -31.36209 ], [ -64.22239, -31.3625 ], [ -64.22355, -31.36191 ], [ -64.226, -31.36001 ], [ -64.22465, -31.36095 ], [ -64.22417, -31.35924 ], [ -64.21957, -31.35996 ], [ -64.21982, -31.36111 ] ] ] } },
{ "type": "Feature", "properties": { "indice_acceso": 0.797 }, "geometry": { "type": "Polygon", "coordinates": [ [ [ -64.21647, -31.36158 ], [ -64.21662, -31.36227 ], [ -64.21564, -31.36277 ], [ -64.21466, -31.36256 ], [ -64.21428, -31.36325 ], [ -64.21472, -31.36342 ], [ -64.21484, -31.3641 ], [ -64.21238, -31.36445 ], [ -64.21274, -31.36629 ], [ -64.21818, -31.36576 ], [ -64.22355, -31.36191 ], [ -64.22239, -31.3625 ], [ -64.22193, -31.36209 ], [ -64.22109, -31.36266 ], [ -64.2207, -31.36224 ], [ -64.22044, -31.36101 ], [ -64.21982, -31.36111 ], [ -64.21957, -31.35996 ], [ -64.2189, -31.36006 ], [ -64.21907, -31.36103 ], [ -64.21647, -31.36158 ] ] ] } },
{ "type": "Feature", "properties": { "indice_acceso": 0.771 }, "geometry": { "type": "Polygon", "coordinates": [ [ [ -64.20943, -31.36487 ], [ -64.20494, -31.36551 ], [ -64.20531, -31.36732 ], [ -64.21274, -31.36629 ], [ -64.21238, -31.36445 ], [ -64.2098, -31.36481 ], [ -64.20967, -31.36417 ], [ -64.2093, -31.36422 ], [ -64.20943, -31.36487 ] ] ] } },
{ "type": "Feature", "properties": { "indice_acceso": 0.797 }, "geometry": { "type": "Polygon", "coordinates": [ [ [ -64.21038, -31.36941 ], [ -64.20992, -31.36733 ], [ -64.21116, -31.36714 ], [ -64.21105, -31.36653 ], [ -64.20531, -31.36732 ], [ -64.20595, -31.37067 ], [ -64.21038, -31.36941 ] ] ] } },
{ "type": "Feature", "properties": { "indice_acceso": 0.782 }, "geometry": { "type": "Polygon", "coordinates": [ [ [ -64.21226, -31.36891 ], [ -64.21452, -31.36799 ], [ -64.21788, -31.36578 ], [ -64.21105, -31.36653 ], [ -64.21116, -31.36714 ], [ -64.20992, -31.36733 ], [ -64.21033, -31.36926 ], [ -64.21226, -31.36891 ] ] ] } },
{ "type": "Feature", "properties": { "indice_acceso": 0.58 }, "geometry": { "type": "Polygon", "coordinates": [ [ [ -64.18401, -31.30863 ], [ -64.18373, -31.31795 ], [ -64.17854, -31.31799 ], [ -64.18161, -31.33336 ], [ -64.18184, -31.33425 ], [ -64.18316, -31.33431 ], [ -64.18315, -31.33615 ], [ -64.19641, -31.33619 ], [ -64.1992, -31.33473 ], [ -64.20698, -31.33469 ], [ -64.20862, -31.33502 ], [ -64.21005, -31.33215 ], [ -64.21115, -31.32712 ], [ -64.21739, -31.3157 ], [ -64.22073, -31.30852 ], [ -64.18401, -31.30863 ] ] ] } },
{ "type": "Feature", "properties": { "indice_acceso": 0.578 }, "geometry": { "type": "Polygon", "coordinates": [ [ [ -64.17833, -31.3127 ], [ -64.1825, -31.31263 ], [ -64.18373, -31.31333 ], [ -64.18401, -31.30863 ], [ -64.17799, -31.30861 ], [ -64.17771, -31.30839 ], [ -64.17744, -31.30863 ], [ -64.17833, -31.3127 ] ] ] } },
{ "type": "Feature", "properties": { "indice_acceso": 0.586 }, "geometry": { "type": "Polygon", "coordinates": [ [ [ -64.17622, -31.31183 ], [ -64.1759, -31.31722 ], [ -64.17815, -31.31719 ], [ -64.17772, -31.31479 ], [ -64.17873, -31.31483 ], [ -64.1786, -31.31421 ], [ -64.18375, -31.31422 ], [ -64.18373, -31.31333 ], [ -64.1825, -31.31263 ], [ -64.17833, -31.3127 ], [ -64.17744, -31.30862 ], [ -64.17588, -31.30877 ], [ -64.17622, -31.31183 ] ] ] } },
{ "type": "Feature", "properties": { "indice_acceso": 0.602 }, "geometry": { "type": "Polygon", "coordinates": [ [ [ -64.17873, -31.31483 ], [ -64.17772, -31.31479 ], [ -64.17815, -31.31719 ], [ -64.1759, -31.31722 ], [ -64.17574, -31.33591 ], [ -64.17623, -31.33616 ], [ -64.18315, -31.33615 ], [ -64.18316, -31.33431 ], [ -64.18184, -31.33425 ], [ -64.18161, -31.33336 ], [ -64.17854, -31.31799 ], [ -64.18373, -31.31795 ], [ -64.1838, -31.31423 ], [ -64.17863, -31.31436 ], [ -64.17873, -31.31483 ] ] ] } },
{ "type": "Feature", "properties": { "indice_acceso": 0.635 }, "geometry": { "type": "Polygon", "coordinates": [ [ [ -64.17617, -31.33757 ], [ -64.18231, -31.33754 ], [ -64.18202, -31.33615 ], [ -64.17585, -31.33613 ], [ -64.17617, -31.33757 ] ] ] } },
{ "type": "Feature", "properties": { "indice_acceso": 0.641 }, "geometry": { "type": "Polygon", "coordinates": [ [ [ -64.17617, -31.33757 ], [ -64.17616, -31.33871 ], [ -64.17962, -31.33926 ], [ -64.18192, -31.33818 ], [ -64.18235, -31.33786 ], [ -64.18224, -31.33755 ], [ -64.17617, -31.33757 ] ] ] } },
{ "type": "Feature", "properties": { "indice_acceso": 0.646 }, "geometry": { "type": "Polygon", "coordinates": [ [ [ -64.17617, -31.34133 ], [ -64.17986, -31.34133 ], [ -64.17985, -31.33916 ], [ -64.17616, -31.3389 ], [ -64.17617, -31.34133 ] ] ] } },
{ "type": "Feature", "properties": { "indice_acceso": 0.645 }, "geometry": { "type": "Polygon", "coordinates": [ [ [ -64.17986, -31.34133 ], [ -64.18297, -31.34114 ], [ -64.18235, -31.33786 ], [ -64.17985, -31.33916 ], [ -64.17986, -31.34133 ] ] ] } },
{ "type": "Feature", "properties": { "indice_acceso": 0.572 }, "geometry": { "type": "Polygon", "coordinates": [ [ [ -64.1992, -31.33473 ], [ -64.19641, -31.33619 ], [ -64.18202, -31.33615 ], [ -64.18297, -31.34114 ], [ -64.17617, -31.34133 ], [ -64.17618, -31.35 ], [ -64.18442, -31.3489 ], [ -64.18586, -31.35735 ], [ -64.20339, -31.35747 ], [ -64.2026, -31.35292 ], [ -64.20277, -31.35154 ], [ -64.20786, -31.34345 ], [ -64.20801, -31.33667 ], [ -64.20862, -31.33502 ], [ -64.20698, -31.33469 ], [ -64.1992, -31.33473 ] ] ] } },
{ "type": "Feature", "properties": { "indice_acceso": 0.638 }, "geometry": { "type": "Polygon", "coordinates": [ [ [ -64.18501, -31.35196 ], [ -64.18442, -31.3489 ], [ -64.17988, -31.34951 ], [ -64.18036, -31.35254 ], [ -64.18501, -31.35196 ] ] ] } },
{ "type": "Feature", "properties": { "indice_acceso": 0.639 }, "geometry": { "type": "Polygon", "coordinates": [ [ [ -64.18036, -31.35254 ], [ -64.17988, -31.34951 ], [ -64.17618, -31.35 ], [ -64.17625, -31.35302 ], [ -64.18036, -31.35254 ] ] ] } },
{ "type": "Feature", "properties": { "indice_acceso": 0.646 }, "geometry": { "type": "Polygon", "coordinates": [ [ [ -64.17618, -31.35302 ], [ -64.17609, -31.35773 ], [ -64.18052, -31.35693 ], [ -64.17885, -31.3574 ], [ -64.17915, -31.35767 ], [ -64.18231, -31.35689 ], [ -64.18157, -31.35495 ], [ -64.18117, -31.35245 ], [ -64.17618, -31.35302 ] ] ] } },
{ "type": "Feature", "properties": { "indice_acceso": 0.648 }, "geometry": { "type": "Polygon", "coordinates": [ [ [ -64.18586, -31.35735 ], [ -64.18501, -31.35196 ], [ -64.18117, -31.35245 ], [ -64.18157, -31.35495 ], [ -64.18231, -31.35689 ], [ -64.18048, -31.35731 ], [ -64.18586, -31.35735 ] ] ] } },
{ "type": "Feature", "properties": { "indice_acceso": 0.582 }, "geometry": { "type": "Polygon", "coordinates": [ [ [ -64.16866, -31.30853 ], [ -64.16457, -31.30912 ], [ -64.16536, -31.31263 ], [ -64.17616, -31.31114 ], [ -64.17572, -31.30877 ], [ -64.17353, -31.30885 ], [ -64.1733, -31.30777 ], [ -64.1729, -31.3076 ], [ -64.1723, -31.30803 ], [ -64.17109, -31.3082 ], [ -64.17097, -31.30869 ], [ -64.16866, -31.30853 ] ] ] } },
{ "type": "Feature", "properties": { "indice_acceso": 0.581 }, "geometry": { "type": "Polygon", "coordinates": [ [ [ -64.16623, -31.31612 ], [ -64.17597, -31.31314 ], [ -64.17616, -31.31114 ], [ -64.16536, -31.31263 ], [ -64.16623, -31.31612 ] ] ] } },
{ "type": "Feature", "properties": { "indice_acceso": 0.582 }, "geometry": { "type": "Polygon", "coordinates": [ [ [ -64.14757, -31.34783 ], [ -64.1524, -31.34769 ], [ -64.1654, -31.34392 ], [ -64.16543, -31.34125 ], [ -64.16798, -31.34043 ], [ -64.16801, -31.33761 ], [ -64.17094, -31.33675 ], [ -64.16974, -31.336 ], [ -64.1659, -31.33466 ], [ -64.15993, -31.33152 ], [ -64.15796, -31.3291 ], [ -64.15531, -31.32772 ], [ -64.15259, -31.32497 ], [ -64.14858, -31.32399 ], [ -64.1474, -31.32338 ], [ -64.14757, -31.34783 ] ] ] } },
{ "type": "Feature", "properties": { "indice_acceso": 0.624 }, "geometry": { "type": "Polygon", "coordinates": [ [ [ -64.16798, -31.34043 ], [ -64.16543, -31.34125 ], [ -64.1654, -31.34392 ], [ -64.17123, -31.34214 ], [ -64.17127, -31.33943 ], [ -64.17015, -31.33977 ], [ -64.17017, -31.33697 ], [ -64.16801, -31.33761 ], [ -64.16798, -31.34043 ] ] ] } },
{ "type": "Feature", "properties": { "indice_acceso": 0.614 }, "geometry": { "type": "Polygon", "coordinates": [ [ [ -64.17015, -31.33977 ], [ -64.17127, -31.33943 ], [ -64.17123, -31.34214 ], [ -64.1524, -31.34769 ], [ -64.14757, -31.34783 ], [ -64.14759, -31.34868 ], [ -64.15186, -31.35237 ], [ -64.15757, -31.35243 ], [ -64.15754, -31.35354 ], [ -64.15868, -31.35328 ], [ -64.15826, -31.35217 ], [ -64.15854, -31.35194 ], [ -64.15978, -31.35207 ], [ -64.16367, -31.35125 ], [ -64.16551, -31.35244 ], [ -64.17617, -31.34937 ], [ -64.17617, -31.33757 ], [ -64.17594, -31.33628 ], [ -64.17301, -31.33623 ], [ -64.17017, -31.33697 ], [ -64.17015, -31.33977 ] ] ] } },
{ "type": "Feature", "properties": { "indice_acceso": 0.637 }, "geometry": { "type": "Polygon", "coordinates": [ [ [ -64.17553, -31.3539 ], [ -64.17617, -31.3544 ], [ -64.17617, -31.34937 ], [ -64.17218, -31.35075 ], [ -64.17217, -31.35384 ], [ -64.17553, -31.3539 ] ] ] } },
{ "type": "Feature", "properties": { "indice_acceso": 0.636 }, "geometry": { "type": "Polygon", "coordinates": [ [ [ -64.16382, -31.35129 ], [ -64.16284, -31.35145 ], [ -64.16403, -31.35453 ], [ -64.16674, -31.3538 ], [ -64.16943, -31.35389 ], [ -64.17029, -31.35438 ], [ -64.17061, -31.35516 ], [ -64.17112, -31.3542 ], [ -64.17217, -31.35384 ], [ -64.17218, -31.35075 ], [ -64.17294, -31.35032 ], [ -64.16551, -31.35244 ], [ -64.16382, -31.35129 ] ] ] } },
{ "type": "Feature", "properties": { "indice_acceso": 0.652 }, "geometry": { "type": "Polygon", "coordinates": [ [ [ -64.15898, -31.352 ], [ -64.16035, -31.35551 ], [ -64.16202, -31.35534 ], [ -64.16304, -31.35617 ], [ -64.16313, -31.35518 ], [ -64.16403, -31.35453 ], [ -64.16284, -31.35145 ], [ -64.15898, -31.352 ] ] ] } },
{ "type": "Feature", "properties": { "indice_acceso": 0.646 }, "geometry": { "type": "Polygon", "coordinates": [ [ [ -64.15826, -31.35217 ], [ -64.15868, -31.35328 ], [ -64.15773, -31.35354 ], [ -64.15757, -31.35243 ], [ -64.15186, -31.35237 ], [ -64.15454, -31.35478 ], [ -64.15797, -31.35483 ], [ -64.15988, -31.35429 ], [ -64.15898, -31.352 ], [ -64.15826, -31.35217 ] ] ] } },
{ "type": "Feature", "properties": { "indice_acceso": 0.641 }, "geometry": { "type": "Polygon", "coordinates": [ [ [ -64.151, -31.35502 ], [ -64.15157, -31.35573 ], [ -64.15167, -31.35654 ], [ -64.1518, -31.35564 ], [ -64.15246, -31.35494 ], [ -64.15454, -31.35478 ], [ -64.14759, -31.34868 ], [ -64.14767, -31.35448 ], [ -64.151, -31.35502 ] ] ] } },
{ "type": "Feature", "properties": { "indice_acceso": 0.604 }, "geometry": { "type": "Polygon", "coordinates": [ [ [ -64.13876, -31.34772 ], [ -64.14286, -31.34742 ], [ -64.1429, -31.34892 ], [ -64.14712, -31.34888 ], [ -64.14726, -31.34827 ], [ -64.14759, -31.34868 ], [ -64.14752, -31.34111 ], [ -64.1387, -31.34181 ], [ -64.13876, -31.34772 ] ] ] } },
{ "type": "Feature", "properties": { "indice_acceso": 0.605 }, "geometry": { "type": "Polygon", "coordinates": [ [ [ -64.12123, -31.35662 ], [ -64.12818, -31.35882 ], [ -64.12806, -31.35595 ], [ -64.1327, -31.35593 ], [ -64.1327, -31.35172 ], [ -64.13977, -31.35239 ], [ -64.14527, -31.35417 ], [ -64.14767, -31.35571 ], [ -64.14759, -31.34868 ], [ -64.14726, -31.34827 ], [ -64.14712, -31.34888 ], [ -64.1429, -31.34892 ], [ -64.14286, -31.34742 ], [ -64.13876, -31.34772 ], [ -64.1387, -31.34181 ], [ -64.11929, -31.34329 ], [ -64.12123, -31.35662 ] ] ] } },
{ "type": "Feature", "properties": { "indice_acceso": 0.611 }, "geometry": { "type": "Polygon", "coordinates": [ [ [ -64.12806, -31.35595 ], [ -64.12818, -31.35882 ], [ -64.12123, -31.35662 ], [ -64.12435, -31.37592 ], [ -64.12718, -31.37645 ], [ -64.12776, -31.37152 ], [ -64.12864, -31.36935 ], [ -64.12984, -31.36767 ], [ -64.13049, -31.36767 ], [ -64.13257, -31.3659 ], [ -64.1346, -31.36487 ], [ -64.13813, -31.36377 ], [ -64.14771, -31.36255 ], [ -64.14767, -31.35571 ], [ -64.14527, -31.35417 ], [ -64.13977, -31.35239 ], [ -64.1327, -31.35172 ], [ -64.1327, -31.35593 ], [ -64.12806, -31.35595 ] ] ] } },
{ "type": "Feature", "properties": { "indice_acceso": 0.616 }, "geometry": { "type": "Polygon", "coordinates": [ [ [ -64.13049, -31.36767 ], [ -64.13815, -31.36791 ], [ -64.13814, -31.36395 ], [ -64.13415, -31.36505 ], [ -64.13049, -31.36767 ] ] ] } },
{ "type": "Feature", "properties": { "indice_acceso": 0.636 }, "geometry": { "type": "Polygon", "coordinates": [ [ [ -64.13813, -31.36377 ], [ -64.13816, -31.36572 ], [ -64.14136, -31.3657 ], [ -64.14144, -31.36458 ], [ -64.14314, -31.36456 ], [ -64.14315, -31.36424 ], [ -64.14375, -31.36424 ], [ -64.14375, -31.36373 ], [ -64.14231, -31.36327 ], [ -64.13813, -31.36377 ] ] ] } },
{ "type": "Feature", "properties": { "indice_acceso": 0.641 }, "geometry": { "type": "Polygon", "coordinates": [ [ [ -64.14146, -31.36735 ], [ -64.14374, -31.36734 ], [ -64.14375, -31.36424 ], [ -64.14315, -31.36424 ], [ -64.14314, -31.36456 ], [ -64.14144, -31.36458 ], [ -64.14146, -31.36735 ] ] ] } },
{ "type": "Feature", "properties": { "indice_acceso": 0.655 }, "geometry": { "type": "Polygon", "coordinates": [ [ [ -64.14374, -31.36734 ], [ -64.14776, -31.36723 ], [ -64.14771, -31.36255 ], [ -64.14231, -31.36327 ], [ -64.1437, -31.36372 ], [ -64.14374, -31.36734 ] ] ] } },
{ "type": "Feature", "properties": { "indice_acceso": 0.654 }, "geometry": { "type": "Polygon", "coordinates": [ [ [ -64.14777, -31.36893 ], [ -64.14776, -31.36723 ], [ -64.14293, -31.36734 ], [ -64.14295, -31.36897 ], [ -64.14777, -31.36893 ] ] ] } },
{ "type": "Feature", "properties": { "indice_acceso": 0.634 }, "geometry": { "type": "Polygon", "coordinates": [ [ [ -64.13816, -31.369 ], [ -64.14295, -31.36897 ], [ -64.14293, -31.36734 ], [ -64.14146, -31.36735 ], [ -64.14146, -31.36566 ], [ -64.13816, -31.36572 ], [ -64.13816, -31.369 ] ] ] } },
{ "type": "Feature", "properties": { "indice_acceso": 0.63 }, "geometry": { "type": "Polygon", "coordinates": [ [ [ -64.133, -31.36793 ], [ -64.13307, -31.3696 ], [ -64.13817, -31.36957 ], [ -64.13815, -31.36791 ], [ -64.133, -31.36793 ] ] ] } },
{ "type": "Feature", "properties": { "indice_acceso": 0.619 }, "geometry": { "type": "Polygon", "coordinates": [ [ [ -64.12984, -31.36767 ], [ -64.12956, -31.368 ], [ -64.128, -31.37073 ], [ -64.13307, -31.3707 ], [ -64.13301, -31.36765 ], [ -64.12984, -31.36767 ] ] ] } },
{ "type": "Feature", "properties": { "indice_acceso": 0.625 }, "geometry": { "type": "Polygon", "coordinates": [ [ [ -64.128, -31.37073 ], [ -64.12752, -31.37301 ], [ -64.13305, -31.37297 ], [ -64.13307, -31.3707 ], [ -64.128, -31.37073 ] ] ] } },
{ "type": "Feature", "properties": { "indice_acceso": 0.63 }, "geometry": { "type": "Polygon", "coordinates": [ [ [ -64.12752, -31.37301 ], [ -64.12718, -31.37645 ], [ -64.128, -31.3766 ], [ -64.12821, -31.37486 ], [ -64.13306, -31.37484 ], [ -64.13305, -31.37297 ], [ -64.12752, -31.37301 ] ] ] } },
{ "type": "Feature", "properties": { "indice_acceso": 0.635 }, "geometry": { "type": "Polygon", "coordinates": [ [ [ -64.12821, -31.37486 ], [ -64.128, -31.3766 ], [ -64.13308, -31.37745 ], [ -64.13306, -31.37484 ], [ -64.12821, -31.37486 ] ] ] } },
{ "type": "Feature", "properties": { "indice_acceso": 0.566 }, "geometry": { "type": "Polygon", "coordinates": [ [ [ -64.10154, -31.37395 ], [ -64.10289, -31.37393 ], [ -64.10513, -31.38217 ], [ -64.11075, -31.38348 ], [ -64.10935, -31.37392 ], [ -64.10996, -31.37391 ], [ -64.10998, -31.36995 ], [ -64.11535, -31.37004 ], [ -64.11543, -31.35771 ], [ -64.10737, -31.35773 ], [ -64.10537, -31.35563 ], [ -64.10342, -31.35541 ], [ -64.10274, -31.35496 ], [ -64.09676, -31.35612 ], [ -64.10154, -31.37395 ] ] ] } },
{ "type": "Feature", "properties": { "indice_acceso": 0.582 }, "geometry": { "type": "Polygon", "coordinates": [ [ [ -64.10998, -31.36995 ], [ -64.10996, -31.37391 ], [ -64.10935, -31.37392 ], [ -64.11075, -31.38348 ], [ -64.12627, -31.3871 ], [ -64.12718, -31.37645 ], [ -64.12426, -31.37585 ], [ -64.12123, -31.35662 ], [ -64.1154, -31.35728 ], [ -64.11535, -31.37004 ], [ -64.10998, -31.36995 ] ] ] } },
{ "type": "Feature", "properties": { "indice_acceso": 0.557 }, "geometry": { "type": "Polygon", "coordinates": [ [ [ -64.07864, -31.37632 ], [ -64.07871, -31.37603 ], [ -64.07816, -31.3759 ], [ -64.07741, -31.37226 ], [ -64.07329, -31.37285 ], [ -64.07378, -31.37518 ], [ -64.07864, -31.37632 ] ] ] } },
{ "type": "Feature", "properties": { "indice_acceso": 0.554 }, "geometry": { "type": "Polygon", "coordinates": [ [ [ -64.0581, -31.37118 ], [ -64.05809, -31.37151 ], [ -64.06232, -31.3725 ], [ -64.06243, -31.37219 ], [ -64.06167, -31.372 ], [ -64.06361, -31.37088 ], [ -64.06147, -31.36413 ], [ -64.06014, -31.36487 ], [ -64.06013, -31.37067 ], [ -64.05989, -31.37145 ], [ -64.0581, -31.37118 ] ] ] } },
{ "type": "Feature", "properties": { "indice_acceso": 0.554 }, "geometry": { "type": "Polygon", "coordinates": [ [ [ -64.05758, -31.37139 ], [ -64.05809, -31.37151 ], [ -64.0581, -31.37118 ], [ -64.05984, -31.37158 ], [ -64.06013, -31.37067 ], [ -64.06014, -31.36487 ], [ -64.0575, -31.3663 ], [ -64.0575, -31.36969 ], [ -64.05788, -31.37113 ], [ -64.05758, -31.37139 ] ] ] } },
{ "type": "Feature", "properties": { "indice_acceso": 0.632 }, "geometry": { "type": "Polygon", "coordinates": [ [ [ -64.12665, -31.3908 ], [ -64.12627, -31.3871 ], [ -64.12186, -31.38607 ], [ -64.12268, -31.39127 ], [ -64.12665, -31.3908 ] ] ] } },
{ "type": "Feature", "properties": { "indice_acceso": 0.62 }, "geometry": { "type": "Polygon", "coordinates": [ [ [ -64.11269, -31.39677 ], [ -64.11667, -31.39743 ], [ -64.12473, -31.39805 ], [ -64.12646, -31.39975 ], [ -64.12659, -31.4013 ], [ -64.12722, -31.39909 ], [ -64.12751, -31.39565 ], [ -64.12665, -31.3908 ], [ -64.12268, -31.39127 ], [ -64.12192, -31.38745 ], [ -64.11967, -31.38772 ], [ -64.11872, -31.38863 ], [ -64.11559, -31.38899 ], [ -64.1136, -31.39032 ], [ -64.11186, -31.39054 ], [ -64.11269, -31.39677 ] ] ] } },
{ "type": "Feature", "properties": { "indice_acceso": 0.617 }, "geometry": { "type": "Polygon", "coordinates": [ [ [ -64.11186, -31.39054 ], [ -64.11277, -31.39044 ], [ -64.1136, -31.39032 ], [ -64.11559, -31.38899 ], [ -64.11872, -31.38863 ], [ -64.11967, -31.38772 ], [ -64.12192, -31.38745 ], [ -64.12186, -31.38607 ], [ -64.11094, -31.38352 ], [ -64.11186, -31.39054 ] ] ] } },
{ "type": "Feature", "properties": { "indice_acceso": 0.589 }, "geometry": { "type": "Polygon", "coordinates": [ [ [ -64.09634, -31.38578 ], [ -64.09761, -31.38557 ], [ -64.09863, -31.38985 ], [ -64.10797, -31.3881 ], [ -64.10866, -31.38814 ], [ -64.10916, -31.39089 ], [ -64.11186, -31.39054 ], [ -64.11094, -31.38352 ], [ -64.09718, -31.38033 ], [ -64.09709, -31.38063 ], [ -64.09501, -31.38015 ], [ -64.09634, -31.38578 ] ] ] } },
{ "type": "Feature", "properties": { "indice_acceso": 0.503 }, "geometry": { "type": "Polygon", "coordinates": [ [ [ -64.08297, -31.39289 ], [ -64.08384, -31.39354 ], [ -64.08326, -31.39522 ], [ -64.08385, -31.39623 ], [ -64.0866, -31.40689 ], [ -64.08731, -31.40866 ], [ -64.08727, -31.40977 ], [ -64.08663, -31.41081 ], [ -64.08694, -31.41175 ], [ -64.09009, -31.40993 ], [ -64.09144, -31.41035 ], [ -64.09311, -31.41314 ], [ -64.09361, -31.41339 ], [ -64.09998, -31.4104 ], [ -64.10151, -31.41094 ], [ -64.10213, -31.41177 ], [ -64.10289, -31.41196 ], [ -64.10449, -31.41154 ], [ -64.10613, -31.41 ], [ -64.10683, -31.40852 ], [ -64.10726, -31.40633 ], [ -64.10804, -31.40589 ], [ -64.11126, -31.40518 ], [ -64.11418, -31.40603 ], [ -64.11775, -31.40594 ], [ -64.11919, -31.40506 ], [ -64.12041, -31.40528 ], [ -64.1235, -31.40666 ], [ -64.1253, -31.40408 ], [ -64.12667, -31.40092 ], [ -64.1265, -31.39981 ], [ -64.12559, -31.39867 ], [ -64.12461, -31.39802 ], [ -64.11667, -31.39743 ], [ -64.11269, -31.39677 ], [ -64.11186, -31.39054 ], [ -64.10916, -31.39089 ], [ -64.10866, -31.38814 ], [ -64.10707, -31.38809 ], [ -64.09863, -31.38985 ], [ -64.09761, -31.38557 ], [ -64.09634, -31.38578 ], [ -64.09501, -31.38015 ], [ -64.09709, -31.38063 ], [ -64.09718, -31.38033 ], [ -64.08226, -31.37683 ], [ -64.0824, -31.3772 ], [ -64.07864, -31.37632 ], [ -64.08297, -31.39289 ] ] ] } },
{ "type": "Feature", "properties": { "indice_acceso": 0.545 }, "geometry": { "type": "Polygon", "coordinates": [ [ [ -64.0588, -31.37263 ], [ -64.05841, -31.37158 ], [ -64.05758, -31.37139 ], [ -64.05757, -31.38326 ], [ -64.06204, -31.38454 ], [ -64.0588, -31.37263 ] ] ] } },
{ "type": "Feature", "properties": { "indice_acceso": 0.521 }, "geometry": { "type": "Polygon", "coordinates": [ [ [ -64.05931, -31.40676 ], [ -64.06164, -31.40609 ], [ -64.06109, -31.40459 ], [ -64.06614, -31.4032 ], [ -64.06557, -31.40171 ], [ -64.06318, -31.40234 ], [ -64.06152, -31.39947 ], [ -64.06207, -31.39931 ], [ -64.06152, -31.39785 ], [ -64.06272, -31.39753 ], [ -64.05907, -31.38857 ], [ -64.06126, -31.38817 ], [ -64.06015, -31.384 ], [ -64.05757, -31.38326 ], [ -64.05759, -31.40231 ], [ -64.05931, -31.40676 ] ] ] } },
{ "type": "Feature", "properties": { "indice_acceso": 0.528 }, "geometry": { "type": "Polygon", "coordinates": [ [ [ -64.06164, -31.40609 ], [ -64.05931, -31.40676 ], [ -64.06034, -31.40946 ], [ -64.06771, -31.40743 ], [ -64.0672, -31.40602 ], [ -64.06808, -31.40578 ], [ -64.06762, -31.40444 ], [ -64.06669, -31.4047 ], [ -64.06614, -31.4032 ], [ -64.06109, -31.40459 ], [ -64.06164, -31.40609 ] ] ] } },
{ "type": "Feature", "properties": { "indice_acceso": 0.527 }, "geometry": { "type": "Polygon", "coordinates": [ [ [ -64.06148, -31.41236 ], [ -64.06344, -31.41117 ], [ -64.06358, -31.41072 ], [ -64.0672, -31.40991 ], [ -64.06677, -31.40884 ], [ -64.06902, -31.40812 ], [ -64.06863, -31.40715 ], [ -64.0604, -31.4096 ], [ -64.06148, -31.41236 ] ] ] } },
{ "type": "Feature", "properties": { "indice_acceso": 0.635 }, "geometry": { "type": "Polygon", "coordinates": [ [ [ -64.1093, -31.43254 ], [ -64.1093, -31.42982 ], [ -64.10972, -31.4296 ], [ -64.10879, -31.42724 ], [ -64.10707, -31.42717 ], [ -64.10703, -31.43251 ], [ -64.1093, -31.43254 ] ] ] } },
{ "type": "Feature", "properties": { "indice_acceso": 0.636 }, "geometry": { "type": "Polygon", "coordinates": [ [ [ -64.11002, -31.43721 ], [ -64.11002, -31.43621 ], [ -64.10926, -31.4362 ], [ -64.1093, -31.43254 ], [ -64.10703, -31.43251 ], [ -64.1068, -31.43726 ], [ -64.11002, -31.43721 ] ] ] } },
{ "type": "Feature", "properties": { "indice_acceso": 0.633 }, "geometry": { "type": "Polygon", "coordinates": [ [ [ -64.1068, -31.43726 ], [ -64.10689, -31.44098 ], [ -64.1093, -31.44103 ], [ -64.10929, -31.43926 ], [ -64.10996, -31.43926 ], [ -64.11002, -31.43721 ], [ -64.1068, -31.43726 ] ] ] } },
{ "type": "Feature", "properties": { "indice_acceso": 0.558 }, "geometry": { "type": "Polygon", "coordinates": [ [ [ -64.26684, -31.39524 ], [ -64.26703, -31.39647 ], [ -64.26805, -31.40015 ], [ -64.26862, -31.40072 ], [ -64.26883, -31.40027 ], [ -64.26944, -31.40127 ], [ -64.26976, -31.40351 ], [ -64.27471, -31.4035 ], [ -64.27476, -31.40054 ], [ -64.27555, -31.39758 ], [ -64.27467, -31.39747 ], [ -64.27414, -31.39703 ], [ -64.27419, -31.39654 ], [ -64.27219, -31.39624 ], [ -64.27136, -31.39685 ], [ -64.27019, -31.39701 ], [ -64.27044, -31.3953 ], [ -64.26993, -31.39472 ], [ -64.26684, -31.39524 ] ] ] } },
{ "type": "Feature", "properties": { "indice_acceso": 0.586 }, "geometry": { "type": "Polygon", "coordinates": [ [ [ -64.26852, -31.4015 ], [ -64.26886, -31.4011 ], [ -64.26836, -31.40058 ], [ -64.26313, -31.40161 ], [ -64.26202, -31.40276 ], [ -64.26852, -31.4015 ] ] ] } },
{ "type": "Feature", "properties": { "indice_acceso": 0.619 }, "geometry": { "type": "Polygon", "coordinates": [ [ [ -64.2534, -31.40932 ], [ -64.25316, -31.40934 ], [ -64.25339, -31.41155 ], [ -64.25864, -31.41153 ], [ -64.25864, -31.40692 ], [ -64.2578, -31.40692 ], [ -64.26211, -31.4027 ], [ -64.26059, -31.40213 ], [ -64.25971, -31.4032 ], [ -64.25523, -31.40634 ], [ -64.25333, -31.40687 ], [ -64.2534, -31.40932 ] ] ] } },
{ "type": "Feature", "properties": { "indice_acceso": 0.607 }, "geometry": { "type": "Polygon", "coordinates": [ [ [ -64.25864, -31.40692 ], [ -64.25864, -31.41153 ], [ -64.26306, -31.41154 ], [ -64.26307, -31.40694 ], [ -64.26943, -31.40697 ], [ -64.26945, -31.4026 ], [ -64.26913, -31.40141 ], [ -64.26886, -31.4011 ], [ -64.26852, -31.4015 ], [ -64.26202, -31.40276 ], [ -64.25785, -31.40688 ], [ -64.25864, -31.40692 ] ] ] } },
{ "type": "Feature", "properties": { "indice_acceso": 0.591 }, "geometry": { "type": "Polygon", "coordinates": [ [ [ -64.26307, -31.40925 ], [ -64.26908, -31.40926 ], [ -64.26933, -31.40897 ], [ -64.26943, -31.40697 ], [ -64.26307, -31.40694 ], [ -64.26307, -31.40925 ] ] ] } },
{ "type": "Feature", "properties": { "indice_acceso": 0.6 }, "geometry": { "type": "Polygon", "coordinates": [ [ [ -64.26307, -31.40925 ], [ -64.26306, -31.41154 ], [ -64.26942, -31.41155 ], [ -64.26933, -31.40897 ], [ -64.26913, -31.40921 ], [ -64.26307, -31.40925 ] ] ] } },
{ "type": "Feature", "properties": { "indice_acceso": 0.597 }, "geometry": { "type": "Polygon", "coordinates": [ [ [ -64.26383, -31.42047 ], [ -64.26938, -31.42047 ], [ -64.26942, -31.41155 ], [ -64.26386, -31.41155 ], [ -64.26383, -31.42047 ] ] ] } },
{ "type": "Feature", "properties": { "indice_acceso": 0.584 }, "geometry": { "type": "Polygon", "coordinates": [ [ [ -64.26567, -31.42667 ], [ -64.26938, -31.42665 ], [ -64.26938, -31.42047 ], [ -64.26563, -31.42046 ], [ -64.26567, -31.42667 ] ] ] } },
{ "type": "Feature", "properties": { "indice_acceso": 0.591 }, "geometry": { "type": "Polygon", "coordinates": [ [ [ -64.26162, -31.42047 ], [ -64.26171, -31.42667 ], [ -64.26567, -31.42667 ], [ -64.26563, -31.42046 ], [ -64.26162, -31.42047 ] ] ] } },
{ "type": "Feature", "properties": { "indice_acceso": 0.545 }, "geometry": { "type": "Polygon", "coordinates": [ [ [ -64.26171, -31.42667 ], [ -64.26172, -31.42915 ], [ -64.26922, -31.42922 ], [ -64.26921, -31.42665 ], [ -64.26171, -31.42667 ] ] ] } },
{ "type": "Feature", "properties": { "indice_acceso": 0.585 }, "geometry": { "type": "Polygon", "coordinates": [ [ [ -64.26172, -31.42915 ], [ -64.26162, -31.42047 ], [ -64.25335, -31.42044 ], [ -64.25332, -31.45213 ], [ -64.29182, -31.45354 ], [ -64.29169, -31.43555 ], [ -64.2873, -31.43492 ], [ -64.28479, -31.43383 ], [ -64.28333, -31.43283 ], [ -64.27562, -31.42409 ], [ -64.27161, -31.42108 ], [ -64.2702, -31.41927 ], [ -64.2694, -31.41713 ], [ -64.26922, -31.42912 ], [ -64.26172, -31.42915 ] ] ] } },
{ "type": "Feature", "properties": { "indice_acceso": 0.613 }, "geometry": { "type": "Polygon", "coordinates": [ [ [ -64.25888, -31.46351 ], [ -64.26942, -31.46347 ], [ -64.26939, -31.46216 ], [ -64.26888, -31.46205 ], [ -64.26883, -31.46041 ], [ -64.26935, -31.46024 ], [ -64.26938, -31.45272 ], [ -64.25531, -31.45221 ], [ -64.25532, -31.45588 ], [ -64.25889, -31.45602 ], [ -64.25888, -31.46351 ] ] ] } },
{ "type": "Feature", "properties": { "indice_acceso": 0.583 }, "geometry": { "type": "Polygon", "coordinates": [ [ [ -64.23787, -31.46073 ], [ -64.23711, -31.46103 ], [ -64.23735, -31.46161 ], [ -64.23906, -31.46173 ], [ -64.24247, -31.46348 ], [ -64.25888, -31.46351 ], [ -64.25889, -31.45602 ], [ -64.25532, -31.45588 ], [ -64.25531, -31.45221 ], [ -64.2379, -31.45155 ], [ -64.23787, -31.46073 ] ] ] } },
{ "type": "Feature", "properties": { "indice_acceso": 0.594 }, "geometry": { "type": "Polygon", "coordinates": [ [ [ -64.22631, -31.46248 ], [ -64.22388, -31.46326 ], [ -64.22445, -31.4635 ], [ -64.2328, -31.46347 ], [ -64.23489, -31.46578 ], [ -64.23527, -31.46555 ], [ -64.23681, -31.4671 ], [ -64.23854, -31.46769 ], [ -64.23844, -31.46348 ], [ -64.24247, -31.46348 ], [ -64.23906, -31.46173 ], [ -64.23735, -31.46161 ], [ -64.23704, -31.46126 ], [ -64.23735, -31.46081 ], [ -64.22631, -31.46248 ] ] ] } },
{ "type": "Feature", "properties": { "indice_acceso": 0.747 }, "geometry": { "type": "Polygon", "coordinates": [ [ [ -64.23489, -31.46578 ], [ -64.2328, -31.46347 ], [ -64.22747, -31.46349 ], [ -64.23263, -31.46774 ], [ -64.23489, -31.46578 ] ] ] } },
{ "type": "Feature", "properties": { "indice_acceso": 0.717 }, "geometry": { "type": "Polygon", "coordinates": [ [ [ -64.23825, -31.47241 ], [ -64.23856, -31.4723 ], [ -64.23854, -31.46769 ], [ -64.23681, -31.4671 ], [ -64.23509, -31.46549 ], [ -64.23263, -31.46774 ], [ -64.23825, -31.47241 ] ] ] } },
{ "type": "Feature", "properties": { "indice_acceso": 0.587 }, "geometry": { "type": "Polygon", "coordinates": [ [ [ -64.23844, -31.46348 ], [ -64.23856, -31.4723 ], [ -64.23905, -31.47267 ], [ -64.24298, -31.47265 ], [ -64.24304, -31.47459 ], [ -64.24919, -31.47448 ], [ -64.24934, -31.47895 ], [ -64.24716, -31.479 ], [ -64.24811, -31.47978 ], [ -64.24767, -31.48017 ], [ -64.2494, -31.48157 ], [ -64.27114, -31.48133 ], [ -64.27116, -31.47454 ], [ -64.27163, -31.47409 ], [ -64.27009, -31.4724 ], [ -64.27158, -31.47234 ], [ -64.27149, -31.46347 ], [ -64.23844, -31.46348 ] ] ] } },
{ "type": "Feature", "properties": { "indice_acceso": 0.664 }, "geometry": { "type": "Polygon", "coordinates": [ [ [ -64.24934, -31.47895 ], [ -64.24919, -31.47448 ], [ -64.24304, -31.47459 ], [ -64.24307, -31.4756 ], [ -64.24716, -31.479 ], [ -64.24934, -31.47895 ] ] ] } },
{ "type": "Feature", "properties": { "indice_acceso": 0.672 }, "geometry": { "type": "Polygon", "coordinates": [ [ [ -64.24336, -31.47585 ], [ -64.24307, -31.4756 ], [ -64.24298, -31.47265 ], [ -64.23905, -31.47267 ], [ -64.23894, -31.47297 ], [ -64.24093, -31.47471 ], [ -64.23732, -31.47792 ], [ -64.23924, -31.47949 ], [ -64.24336, -31.47585 ] ] ] } },
{ "type": "Feature", "properties": { "indice_acceso": 0.693 }, "geometry": { "type": "Polygon", "coordinates": [ [ [ -64.24217, -31.48194 ], [ -64.24219, -31.48131 ], [ -64.24561, -31.47771 ], [ -64.24336, -31.47585 ], [ -64.23926, -31.47951 ], [ -64.24217, -31.48194 ] ] ] } },
{ "type": "Feature", "properties": { "indice_acceso": 0.685 }, "geometry": { "type": "Polygon", "coordinates": [ [ [ -64.24233, -31.48159 ], [ -64.2494, -31.48157 ], [ -64.24767, -31.48017 ], [ -64.24811, -31.47978 ], [ -64.24561, -31.47771 ], [ -64.24219, -31.48131 ], [ -64.24233, -31.48159 ] ] ] } },
{ "type": "Feature", "properties": { "indice_acceso": 0.675 }, "geometry": { "type": "Polygon", "coordinates": [ [ [ -64.24233, -31.48159 ], [ -64.24217, -31.48194 ], [ -64.24364, -31.48341 ], [ -64.24434, -31.4829 ], [ -64.24475, -31.48331 ], [ -64.24543, -31.4827 ], [ -64.24672, -31.4827 ], [ -64.2466, -31.48338 ], [ -64.24748, -31.48425 ], [ -64.24797, -31.48388 ], [ -64.24885, -31.48474 ], [ -64.24934, -31.48439 ], [ -64.25061, -31.48566 ], [ -64.25141, -31.48508 ], [ -64.25141, -31.48157 ], [ -64.24233, -31.48159 ] ] ] } },
{ "type": "Feature", "properties": { "indice_acceso": 0.678 }, "geometry": { "type": "Polygon", "coordinates": [ [ [ -64.24543, -31.4827 ], [ -64.24475, -31.48331 ], [ -64.24434, -31.4829 ], [ -64.24364, -31.48341 ], [ -64.24863, -31.48834 ], [ -64.24884, -31.48818 ], [ -64.24817, -31.48753 ], [ -64.25061, -31.48566 ], [ -64.24934, -31.48439 ], [ -64.24885, -31.48474 ], [ -64.24797, -31.48388 ], [ -64.24748, -31.48425 ], [ -64.2466, -31.48338 ], [ -64.24672, -31.4827 ], [ -64.24543, -31.4827 ] ] ] } },
{ "type": "Feature", "properties": { "indice_acceso": 0.623 }, "geometry": { "type": "Polygon", "coordinates": [ [ [ -64.25141, -31.48157 ], [ -64.25141, -31.48508 ], [ -64.24817, -31.48753 ], [ -64.24884, -31.48818 ], [ -64.24863, -31.48834 ], [ -64.24252, -31.48228 ], [ -64.2378, -31.48242 ], [ -64.23792, -31.49972 ], [ -64.26186, -31.49954 ], [ -64.2618, -31.48142 ], [ -64.25141, -31.48157 ] ] ] } },
{ "type": "Feature", "properties": { "indice_acceso": 0.58 }, "geometry": { "type": "Polygon", "coordinates": [ [ [ -64.21841, -31.45681 ], [ -64.22055, -31.45438 ], [ -64.22142, -31.45176 ], [ -64.22239, -31.45202 ], [ -64.22317, -31.4529 ], [ -64.22444, -31.45267 ], [ -64.22625, -31.45465 ], [ -64.22865, -31.45244 ], [ -64.23026, -31.45401 ], [ -64.23143, -31.45457 ], [ -64.23214, -31.45578 ], [ -64.23385, -31.4556 ], [ -64.2343, -31.45867 ], [ -64.23411, -31.46135 ], [ -64.23787, -31.46073 ], [ -64.2379, -31.45155 ], [ -64.23407, -31.45115 ], [ -64.22319, -31.44711 ], [ -64.21527, -31.44608 ], [ -64.21841, -31.45681 ] ] ] } },
{ "type": "Feature", "properties": { "indice_acceso": 0.59 }, "geometry": { "type": "Polygon", "coordinates": [ [ [ -64.21799, -31.45539 ], [ -64.21667, -31.45068 ], [ -64.21306, -31.45143 ], [ -64.21435, -31.45612 ], [ -64.21799, -31.45539 ] ] ] } },
{ "type": "Feature", "properties": { "indice_acceso": 0.593 }, "geometry": { "type": "Polygon", "coordinates": [ [ [ -64.21014, -31.45222 ], [ -64.21032, -31.45296 ], [ -64.21234, -31.45474 ], [ -64.21287, -31.45642 ], [ -64.21435, -31.45612 ], [ -64.21302, -31.45152 ], [ -64.21014, -31.45222 ] ] ] } },
{ "type": "Feature", "properties": { "indice_acceso": 0.599 }, "geometry": { "type": "Polygon", "coordinates": [ [ [ -64.20805, -31.45508 ], [ -64.2084, -31.45552 ], [ -64.20985, -31.4542 ], [ -64.21083, -31.45506 ], [ -64.21234, -31.45474 ], [ -64.21032, -31.45296 ], [ -64.21014, -31.45222 ], [ -64.20761, -31.45274 ], [ -64.20805, -31.45508 ] ] ] } },
{ "type": "Feature", "properties": { "indice_acceso": 0.6 }, "geometry": { "type": "Polygon", "coordinates": [ [ [ -64.2084, -31.45552 ], [ -64.20887, -31.45723 ], [ -64.21287, -31.45642 ], [ -64.21234, -31.45474 ], [ -64.21083, -31.45506 ], [ -64.20985, -31.4542 ], [ -64.2084, -31.45552 ] ] ] } },
{ "type": "Feature", "properties": { "indice_acceso": 0.655 }, "geometry": { "type": "Polygon", "coordinates": [ [ [ -64.20229, -31.45273 ], [ -64.20327, -31.45655 ], [ -64.2084, -31.45552 ], [ -64.20805, -31.45508 ], [ -64.20745, -31.45216 ], [ -64.20687, -31.45228 ], [ -64.20674, -31.45182 ], [ -64.20229, -31.45273 ] ] ] } },
{ "type": "Feature", "properties": { "indice_acceso": 0.67 }, "geometry": { "type": "Polygon", "coordinates": [ [ [ -64.20064, -31.45708 ], [ -64.20327, -31.45655 ], [ -64.20229, -31.45273 ], [ -64.20073, -31.45304 ], [ -64.20118, -31.45523 ], [ -64.20064, -31.45708 ] ] ] } },
{ "type": "Feature", "properties": { "indice_acceso": 0.623 }, "geometry": { "type": "Polygon", "coordinates": [ [ [ -64.20212, -31.46287 ], [ -64.20258, -31.46277 ], [ -64.20326, -31.46378 ], [ -64.20492, -31.46344 ], [ -64.20327, -31.45655 ], [ -64.2006, -31.45718 ], [ -64.20212, -31.46287 ] ] ] } },
{ "type": "Feature", "properties": { "indice_acceso": 0.614 }, "geometry": { "type": "Polygon", "coordinates": [ [ [ -64.204, -31.459 ], [ -64.20902, -31.458 ], [ -64.20998, -31.45833 ], [ -64.21024, -31.45776 ], [ -64.20888, -31.4573 ], [ -64.2084, -31.45552 ], [ -64.20327, -31.45655 ], [ -64.204, -31.459 ] ] ] } },
{ "type": "Feature", "properties": { "indice_acceso": 0.62 }, "geometry": { "type": "Polygon", "coordinates": [ [ [ -64.20392, -31.45899 ], [ -64.20459, -31.46149 ], [ -64.20881, -31.46065 ], [ -64.20955, -31.45984 ], [ -64.21004, -31.45987 ], [ -64.20998, -31.45833 ], [ -64.20902, -31.458 ], [ -64.20392, -31.45899 ] ] ] } },
{ "type": "Feature", "properties": { "indice_acceso": 0.622 }, "geometry": { "type": "Polygon", "coordinates": [ [ [ -64.20533, -31.46402 ], [ -64.2107, -31.46296 ], [ -64.20996, -31.46042 ], [ -64.20459, -31.46149 ], [ -64.20462, -31.46235 ], [ -64.20533, -31.46402 ] ] ] } },
{ "type": "Feature", "properties": { "indice_acceso": 0.602 }, "geometry": { "type": "Polygon", "coordinates": [ [ [ -64.21004, -31.45987 ], [ -64.20955, -31.45984 ], [ -64.20881, -31.46065 ], [ -64.20996, -31.46042 ], [ -64.2102, -31.46123 ], [ -64.21105, -31.46116 ], [ -64.2111, -31.46074 ], [ -64.21184, -31.46069 ], [ -64.21179, -31.46012 ], [ -64.21212, -31.46003 ], [ -64.21278, -31.45859 ], [ -64.21538, -31.45956 ], [ -64.21447, -31.4561 ], [ -64.20887, -31.45723 ], [ -64.21024, -31.45776 ], [ -64.20994, -31.45843 ], [ -64.21004, -31.45987 ] ] ] } },
{ "type": "Feature", "properties": { "indice_acceso": 0.575 }, "geometry": { "type": "Polygon", "coordinates": [ [ [ -64.21826, -31.45708 ], [ -64.21799, -31.45539 ], [ -64.21447, -31.4561 ], [ -64.21551, -31.45966 ], [ -64.21826, -31.45708 ] ] ] } },
{ "type": "Feature", "properties": { "indice_acceso": 0.529 }, "geometry": { "type": "Polygon", "coordinates": [ [ [ -64.22008, -31.46267 ], [ -64.22097, -31.46356 ], [ -64.22076, -31.46367 ], [ -64.22097, -31.46394 ], [ -64.22445, -31.4635 ], [ -64.22388, -31.46326 ], [ -64.22631, -31.46248 ], [ -64.2237, -31.46278 ], [ -64.22134, -31.4618 ], [ -64.21964, -31.46161 ], [ -64.2184, -31.45681 ], [ -64.21562, -31.45966 ], [ -64.22008, -31.46267 ] ] ] } },
{ "type": "Feature", "properties": { "indice_acceso": 0.576 }, "geometry": { "type": "Polygon", "coordinates": [ [ [ -64.22052, -31.45444 ], [ -64.2184, -31.45681 ], [ -64.21855, -31.4573 ], [ -64.22212, -31.45602 ], [ -64.22285, -31.45545 ], [ -64.22379, -31.45348 ], [ -64.22239, -31.45202 ], [ -64.22142, -31.45176 ], [ -64.22052, -31.45444 ] ] ] } },
{ "type": "Feature", "properties": { "indice_acceso": 0.52 }, "geometry": { "type": "Polygon", "coordinates": [ [ [ -64.22425, -31.45658 ], [ -64.22549, -31.4553 ], [ -64.22379, -31.45348 ], [ -64.22248, -31.45585 ], [ -64.21855, -31.4573 ], [ -64.21881, -31.45847 ], [ -64.22425, -31.45658 ] ] ] } },
{ "type": "Feature", "properties": { "indice_acceso": 0.521 }, "geometry": { "type": "Polygon", "coordinates": [ [ [ -64.21964, -31.46161 ], [ -64.22134, -31.4618 ], [ -64.2238, -31.46279 ], [ -64.22355, -31.45927 ], [ -64.22228, -31.45934 ], [ -64.22289, -31.4587 ], [ -64.22833, -31.45843 ], [ -64.22546, -31.45533 ], [ -64.22425, -31.45658 ], [ -64.21881, -31.45847 ], [ -64.21964, -31.46161 ] ] ] } },
{ "type": "Feature", "properties": { "indice_acceso": 0.513 }, "geometry": { "type": "Polygon", "coordinates": [ [ [ -64.22625, -31.45465 ], [ -64.22444, -31.45267 ], [ -64.22324, -31.45288 ], [ -64.22833, -31.45843 ], [ -64.22289, -31.4587 ], [ -64.22228, -31.45934 ], [ -64.22355, -31.45927 ], [ -64.2238, -31.46279 ], [ -64.23411, -31.46135 ], [ -64.2343, -31.45867 ], [ -64.23385, -31.4556 ], [ -64.23214, -31.45578 ], [ -64.23143, -31.45457 ], [ -64.23026, -31.45401 ], [ -64.22865, -31.45244 ], [ -64.22625, -31.45465 ] ] ] } },
{ "type": "Feature", "properties": { "indice_acceso": 0.62 }, "geometry": { "type": "Polygon", "coordinates": [ [ [ -64.10133, -31.45702 ], [ -64.10175, -31.45702 ], [ -64.10174, -31.45646 ], [ -64.10382, -31.45648 ], [ -64.10384, -31.4605 ], [ -64.10516, -31.46048 ], [ -64.10654, -31.46153 ], [ -64.10807, -31.46005 ], [ -64.10796, -31.45084 ], [ -64.1013, -31.45091 ], [ -64.10133, -31.45702 ] ] ] } },
{ "type": "Feature", "properties": { "indice_acceso": 0.621 }, "geometry": { "type": "Polygon", "coordinates": [ [ [ -64.10384, -31.4605 ], [ -64.10382, -31.45648 ], [ -64.10174, -31.45646 ], [ -64.10175, -31.45702 ], [ -64.10133, -31.45702 ], [ -64.10135, -31.46019 ], [ -64.10384, -31.4605 ] ] ] } },
{ "type": "Feature", "properties": { "indice_acceso": 0.628 }, "geometry": { "type": "Polygon", "coordinates": [ [ [ -64.10145, -31.46132 ], [ -64.10331, -31.46183 ], [ -64.10295, -31.46273 ], [ -64.10432, -31.46314 ], [ -64.10438, -31.46361 ], [ -64.10654, -31.46153 ], [ -64.10516, -31.46048 ], [ -64.10161, -31.4604 ], [ -64.10145, -31.46132 ] ] ] } },
{ "type": "Feature", "properties": { "indice_acceso": 0.628 }, "geometry": { "type": "Polygon", "coordinates": [ [ [ -64.10144, -31.46361 ], [ -64.10087, -31.465 ], [ -64.10299, -31.46497 ], [ -64.10438, -31.46361 ], [ -64.10432, -31.46314 ], [ -64.10295, -31.46273 ], [ -64.10331, -31.46183 ], [ -64.10145, -31.46132 ], [ -64.10144, -31.46361 ] ] ] } },
{ "type": "Feature", "properties": { "indice_acceso": 0.632 }, "geometry": { "type": "Polygon", "coordinates": [ [ [ -64.10367, -31.46431 ], [ -64.10771, -31.46726 ], [ -64.11467, -31.46043 ], [ -64.10846, -31.46035 ], [ -64.10807, -31.46005 ], [ -64.10367, -31.46431 ] ] ] } },
{ "type": "Feature", "properties": { "indice_acceso": 0.632 }, "geometry": { "type": "Polygon", "coordinates": [ [ [ -64.11476, -31.46774 ], [ -64.11467, -31.46043 ], [ -64.11119, -31.4639 ], [ -64.11276, -31.46508 ], [ -64.11209, -31.46574 ], [ -64.11476, -31.46774 ] ] ] } },
{ "type": "Feature", "properties": { "indice_acceso": 0.623 }, "geometry": { "type": "Polygon", "coordinates": [ [ [ -64.11188, -31.4704 ], [ -64.11476, -31.46774 ], [ -64.11209, -31.46574 ], [ -64.11276, -31.46508 ], [ -64.11119, -31.4639 ], [ -64.10771, -31.46726 ], [ -64.11188, -31.4704 ] ] ] } },
{ "type": "Feature", "properties": { "indice_acceso": 0.624 }, "geometry": { "type": "Polygon", "coordinates": [ [ [ -64.11188, -31.4704 ], [ -64.11484, -31.47264 ], [ -64.11767, -31.46994 ], [ -64.11476, -31.46774 ], [ -64.11188, -31.4704 ] ] ] } },
{ "type": "Feature", "properties": { "indice_acceso": 0.631 }, "geometry": { "type": "Polygon", "coordinates": [ [ [ -64.11467, -31.46043 ], [ -64.11468, -31.46761 ], [ -64.11767, -31.46994 ], [ -64.11484, -31.47264 ], [ -64.10367, -31.46431 ], [ -64.09894, -31.46898 ], [ -64.10451, -31.46898 ], [ -64.11087, -31.47569 ], [ -64.14118, -31.47552 ], [ -64.14113, -31.4602 ], [ -64.11467, -31.46043 ] ] ] } },
{ "type": "Feature", "properties": { "indice_acceso": 0.703 }, "geometry": { "type": "Polygon", "coordinates": [ [ [ -64.14113, -31.4602 ], [ -64.14112, -31.46598 ], [ -64.14445, -31.46597 ], [ -64.14443, -31.46471 ], [ -64.14797, -31.46471 ], [ -64.14793, -31.46275 ], [ -64.14684, -31.46041 ], [ -64.14628, -31.46016 ], [ -64.14113, -31.4602 ] ] ] } },
{ "type": "Feature", "properties": { "indice_acceso": 0.656 }, "geometry": { "type": "Polygon", "coordinates": [ [ [ -64.14443, -31.46471 ], [ -64.14445, -31.46597 ], [ -64.14112, -31.46598 ], [ -64.14118, -31.47552 ], [ -64.14779, -31.47547 ], [ -64.14797, -31.46471 ], [ -64.14443, -31.46471 ] ] ] } },
{ "type": "Feature", "properties": { "indice_acceso": 0.53 }, "geometry": { "type": "Polygon", "coordinates": [ [ [ -64.05738, -31.47155 ], [ -64.06544, -31.46375 ], [ -64.06984, -31.46062 ], [ -64.07413, -31.45941 ], [ -64.07829, -31.45866 ], [ -64.0954, -31.4584 ], [ -64.10135, -31.46019 ], [ -64.10133, -31.45135 ], [ -64.07723, -31.45135 ], [ -64.07382, -31.45104 ], [ -64.06984, -31.44949 ], [ -64.05704, -31.44248 ], [ -64.05738, -31.47155 ] ] ] } },
{ "type": "Feature", "properties": { "indice_acceso": 0.629 }, "geometry": { "type": "Polygon", "coordinates": [ [ [ -64.09688, -31.46319 ], [ -64.10094, -31.46317 ], [ -64.10095, -31.46361 ], [ -64.10144, -31.46361 ], [ -64.10166, -31.46029 ], [ -64.09836, -31.4593 ], [ -64.09688, -31.46319 ] ] ] } },
{ "type": "Feature", "properties": { "indice_acceso": 0.61 }, "geometry": { "type": "Polygon", "coordinates": [ [ [ -64.09629, -31.46362 ], [ -64.09629, -31.46319 ], [ -64.09688, -31.46319 ], [ -64.09836, -31.4593 ], [ -64.0954, -31.4584 ], [ -64.09284, -31.45836 ], [ -64.09281, -31.46104 ], [ -64.0935, -31.46106 ], [ -64.09345, -31.46359 ], [ -64.09629, -31.46362 ] ] ] } },
{ "type": "Feature", "properties": { "indice_acceso": 0.602 }, "geometry": { "type": "Polygon", "coordinates": [ [ [ -64.0888, -31.46091 ], [ -64.09008, -31.46095 ], [ -64.09011, -31.46504 ], [ -64.09077, -31.46505 ], [ -64.09077, -31.46364 ], [ -64.09345, -31.46359 ], [ -64.0935, -31.46106 ], [ -64.09281, -31.46104 ], [ -64.09284, -31.45836 ], [ -64.0888, -31.45832 ], [ -64.0888, -31.46091 ] ] ] } },
{ "type": "Feature", "properties": { "indice_acceso": 0.587 }, "geometry": { "type": "Polygon", "coordinates": [ [ [ -64.07829, -31.45866 ], [ -64.07834, -31.46215 ], [ -64.08217, -31.46212 ], [ -64.08218, -31.4632 ], [ -64.0901, -31.46307 ], [ -64.09008, -31.46095 ], [ -64.0888, -31.46091 ], [ -64.0888, -31.45832 ], [ -64.07829, -31.45866 ] ] ] } },
{ "type": "Feature", "properties": { "indice_acceso": 0.579 }, "geometry": { "type": "Polygon", "coordinates": [ [ [ -64.07834, -31.46215 ], [ -64.07835, -31.46372 ], [ -64.08025, -31.46372 ], [ -64.08024, -31.46506 ], [ -64.08224, -31.46505 ], [ -64.0821, -31.46216 ], [ -64.07834, -31.46215 ] ] ] } },
{ "type": "Feature", "properties": { "indice_acceso": 0.602 }, "geometry": { "type": "Polygon", "coordinates": [ [ [ -64.08746, -31.46627 ], [ -64.0928, -31.46627 ], [ -64.0928, -31.4636 ], [ -64.09077, -31.46364 ], [ -64.09077, -31.46505 ], [ -64.09011, -31.46504 ], [ -64.0901, -31.46307 ], [ -64.08749, -31.46315 ], [ -64.08746, -31.46627 ] ] ] } },
{ "type": "Feature", "properties": { "indice_acceso": 0.614 }, "geometry": { "type": "Polygon", "coordinates": [ [ [ -64.0928, -31.4636 ], [ -64.0928, -31.46627 ], [ -64.09687, -31.46627 ], [ -64.09688, -31.46319 ], [ -64.09629, -31.46319 ], [ -64.09629, -31.46362 ], [ -64.0928, -31.4636 ] ] ] } },
{ "type": "Feature", "properties": { "indice_acceso": 0.618 }, "geometry": { "type": "Polygon", "coordinates": [ [ [ -64.09688, -31.46319 ], [ -64.09687, -31.46627 ], [ -64.10025, -31.46624 ], [ -64.10025, -31.46502 ], [ -64.10087, -31.465 ], [ -64.10144, -31.46361 ], [ -64.10095, -31.46361 ], [ -64.10094, -31.46317 ], [ -64.09688, -31.46319 ] ] ] } },
{ "type": "Feature", "properties": { "indice_acceso": 0.611 }, "geometry": { "type": "Polygon", "coordinates": [ [ [ -64.0928, -31.46627 ], [ -64.09279, -31.46896 ], [ -64.09894, -31.46898 ], [ -64.10299, -31.46497 ], [ -64.10025, -31.46502 ], [ -64.10025, -31.46624 ], [ -64.0928, -31.46627 ] ] ] } },
{ "type": "Feature", "properties": { "indice_acceso": 0.599 }, "geometry": { "type": "Polygon", "coordinates": [ [ [ -64.08746, -31.46627 ], [ -64.08761, -31.46896 ], [ -64.09279, -31.46896 ], [ -64.0928, -31.46627 ], [ -64.08746, -31.46627 ] ] ] } },
{ "type": "Feature", "properties": { "indice_acceso": 0.594 }, "geometry": { "type": "Polygon", "coordinates": [ [ [ -64.08554, -31.46473 ], [ -64.0849, -31.46472 ], [ -64.08489, -31.46506 ], [ -64.0849, -31.46537 ], [ -64.08554, -31.46537 ], [ -64.08554, -31.46897 ], [ -64.08761, -31.46896 ], [ -64.08749, -31.46315 ], [ -64.08558, -31.4632 ], [ -64.08554, -31.46473 ] ] ] } },
{ "type": "Feature", "properties": { "indice_acceso": 0.585 }, "geometry": { "type": "Polygon", "coordinates": [ [ [ -64.08218, -31.4632 ], [ -64.08224, -31.46505 ], [ -64.08359, -31.46505 ], [ -64.0836, -31.46896 ], [ -64.08554, -31.46897 ], [ -64.08554, -31.46537 ], [ -64.0849, -31.46537 ], [ -64.08489, -31.46506 ], [ -64.0849, -31.46472 ], [ -64.08554, -31.46473 ], [ -64.08558, -31.46312 ], [ -64.08218, -31.4632 ] ] ] } },
{ "type": "Feature", "properties": { "indice_acceso": 0.576 }, "geometry": { "type": "Polygon", "coordinates": [ [ [ -64.07835, -31.46372 ], [ -64.07841, -31.46901 ], [ -64.07959, -31.46901 ], [ -64.0796, -31.46666 ], [ -64.08223, -31.46666 ], [ -64.08224, -31.46505 ], [ -64.08024, -31.46506 ], [ -64.08025, -31.46372 ], [ -64.07835, -31.46372 ] ] ] } },
{ "type": "Feature", "properties": { "indice_acceso": 0.536 }, "geometry": { "type": "Polygon", "coordinates": [ [ [ -64.05738, -31.47155 ], [ -64.05819, -31.50853 ], [ -64.08302, -31.4844 ], [ -64.08253, -31.47003 ], [ -64.08143, -31.47003 ], [ -64.08144, -31.46896 ], [ -64.07841, -31.46901 ], [ -64.07829, -31.45866 ], [ -64.07413, -31.45941 ], [ -64.06984, -31.46062 ], [ -64.06544, -31.46375 ], [ -64.05738, -31.47155 ] ] ] } },
{ "type": "Feature", "properties": { "indice_acceso": 0.587 }, "geometry": { "type": "Polygon", "coordinates": [ [ [ -64.08224, -31.46505 ], [ -64.08223, -31.46666 ], [ -64.0796, -31.46666 ], [ -64.07959, -31.46901 ], [ -64.08144, -31.46896 ], [ -64.08143, -31.47003 ], [ -64.08253, -31.47003 ], [ -64.08279, -31.47562 ], [ -64.09181, -31.4755 ], [ -64.09008, -31.4772 ], [ -64.09045, -31.4772 ], [ -64.09894, -31.46898 ], [ -64.0836, -31.46896 ], [ -64.08348, -31.46505 ], [ -64.08224, -31.46505 ] ] ] } },
{ "type": "Feature", "properties": { "indice_acceso": 0.592 }, "geometry": { "type": "Polygon", "coordinates": [ [ [ -64.08292, -31.47809 ], [ -64.08515, -31.47807 ], [ -64.08515, -31.47861 ], [ -64.08808, -31.47857 ], [ -64.08806, -31.47914 ], [ -64.08722, -31.47995 ], [ -64.08758, -31.47998 ], [ -64.09181, -31.4755 ], [ -64.08288, -31.47563 ], [ -64.08292, -31.47809 ] ] ] } },
{ "type": "Feature", "properties": { "indice_acceso": 0.591 }, "geometry": { "type": "Polygon", "coordinates": [ [ [ -64.08299, -31.48438 ], [ -64.08302, -31.4844 ], [ -64.08758, -31.47998 ], [ -64.08722, -31.47995 ], [ -64.08809, -31.47904 ], [ -64.08808, -31.47857 ], [ -64.08515, -31.47861 ], [ -64.08515, -31.47807 ], [ -64.08292, -31.47809 ], [ -64.08299, -31.48438 ] ] ] } },
{ "type": "Feature", "properties": { "indice_acceso": 0.529 }, "geometry": { "type": "Polygon", "coordinates": [ [ [ -64.05738, -31.50932 ], [ -64.05738, -31.52498 ], [ -64.0767, -31.52499 ], [ -64.07669, -31.52399 ], [ -64.10196, -31.52406 ], [ -64.10812, -31.52444 ], [ -64.10808, -31.50389 ], [ -64.10694, -31.50391 ], [ -64.10669, -31.4909 ], [ -64.10478, -31.49093 ], [ -64.10467, -31.48023 ], [ -64.1078, -31.48038 ], [ -64.10794, -31.47584 ], [ -64.11087, -31.47569 ], [ -64.10451, -31.46898 ], [ -64.09894, -31.46898 ], [ -64.05738, -31.50932 ] ] ] } },
{ "type": "Feature", "properties": { "indice_acceso": 0.657 }, "geometry": { "type": "Polygon", "coordinates": [ [ [ -64.14774, -31.47906 ], [ -64.14779, -31.47547 ], [ -64.14304, -31.47551 ], [ -64.14307, -31.47908 ], [ -64.14774, -31.47906 ] ] ] } },
{ "type": "Feature", "properties": { "indice_acceso": 0.646 }, "geometry": { "type": "Polygon", "coordinates": [ [ [ -64.14307, -31.47908 ], [ -64.14304, -31.47551 ], [ -64.13686, -31.47556 ], [ -64.13686, -31.47904 ], [ -64.14307, -31.47908 ] ] ] } },
{ "type": "Feature", "properties": { "indice_acceso": 0.602 }, "geometry": { "type": "Polygon", "coordinates": [ [ [ -64.10797, -31.47582 ], [ -64.1078, -31.48038 ], [ -64.10467, -31.48023 ], [ -64.10478, -31.49093 ], [ -64.10669, -31.4909 ], [ -64.10668, -31.49054 ], [ -64.11862, -31.49051 ], [ -64.11862, -31.48727 ], [ -64.1393, -31.48719 ], [ -64.13946, -31.50368 ], [ -64.14762, -31.50361 ], [ -64.14774, -31.48251 ], [ -64.13008, -31.48263 ], [ -64.13007, -31.48085 ], [ -64.12841, -31.48087 ], [ -64.12838, -31.47917 ], [ -64.13689, -31.47912 ], [ -64.13686, -31.47556 ], [ -64.10797, -31.47582 ] ] ] } },
{ "type": "Feature", "properties": { "indice_acceso": 0.618 }, "geometry": { "type": "Polygon", "coordinates": [ [ [ -64.12838, -31.47917 ], [ -64.12841, -31.48087 ], [ -64.13007, -31.48085 ], [ -64.13008, -31.48263 ], [ -64.13539, -31.48259 ], [ -64.13537, -31.48082 ], [ -64.13613, -31.48076 ], [ -64.13612, -31.47912 ], [ -64.12838, -31.47917 ] ] ] } },
{ "type": "Feature", "properties": { "indice_acceso": 0.634 }, "geometry": { "type": "Polygon", "coordinates": [ [ [ -64.13537, -31.48082 ], [ -64.13539, -31.48259 ], [ -64.13846, -31.48257 ], [ -64.13844, -31.4791 ], [ -64.13612, -31.47912 ], [ -64.13613, -31.48076 ], [ -64.13537, -31.48082 ] ] ] } },
{ "type": "Feature", "properties": { "indice_acceso": 0.645 }, "geometry": { "type": "Polygon", "coordinates": [ [ [ -64.13844, -31.4791 ], [ -64.13846, -31.48257 ], [ -64.1431, -31.48255 ], [ -64.14307, -31.47908 ], [ -64.13844, -31.4791 ] ] ] } },
{ "type": "Feature", "properties": { "indice_acceso": 0.657 }, "geometry": { "type": "Polygon", "coordinates": [ [ [ -64.1431, -31.48255 ], [ -64.14774, -31.48251 ], [ -64.14774, -31.47906 ], [ -64.14307, -31.47908 ], [ -64.1431, -31.48255 ] ] ] } },
{ "type": "Feature", "properties": { "indice_acceso": 0.675 }, "geometry": { "type": "Polygon", "coordinates": [ [ [ -64.17634, -31.45089 ], [ -64.1748, -31.45237 ], [ -64.17485, -31.45841 ], [ -64.18674, -31.45838 ], [ -64.1867, -31.45087 ], [ -64.17634, -31.45089 ] ] ] } },
{ "type": "Feature", "properties": { "indice_acceso": 0.672 }, "geometry": { "type": "Polygon", "coordinates": [ [ [ -64.17485, -31.45841 ], [ -64.1748, -31.45237 ], [ -64.17663, -31.45069 ], [ -64.17662, -31.44987 ], [ -64.17148, -31.44989 ], [ -64.17153, -31.45567 ], [ -64.16888, -31.45838 ], [ -64.17485, -31.45841 ] ] ] } },
{ "type": "Feature", "properties": { "indice_acceso": 0.687 }, "geometry": { "type": "Polygon", "coordinates": [ [ [ -64.17153, -31.45567 ], [ -64.17148, -31.44989 ], [ -64.16878, -31.44991 ], [ -64.1688, -31.45824 ], [ -64.17153, -31.45567 ] ] ] } },
{ "type": "Feature", "properties": { "indice_acceso": 0.673 }, "geometry": { "type": "Polygon", "coordinates": [ [ [ -64.16324, -31.45853 ], [ -64.16323, -31.4596 ], [ -64.16761, -31.45956 ], [ -64.1688, -31.4584 ], [ -64.16324, -31.45853 ] ] ] } },
{ "type": "Feature", "properties": { "indice_acceso": 0.677 }, "geometry": { "type": "Polygon", "coordinates": [ [ [ -64.16577, -31.46141 ], [ -64.16761, -31.45956 ], [ -64.16469, -31.45959 ], [ -64.16469, -31.46006 ], [ -64.16353, -31.46039 ], [ -64.16355, -31.46146 ], [ -64.16577, -31.46141 ] ] ] } },
{ "type": "Feature", "properties": { "indice_acceso": 0.683 }, "geometry": { "type": "Polygon", "coordinates": [ [ [ -64.16042, -31.45856 ], [ -64.16048, -31.46148 ], [ -64.16355, -31.46146 ], [ -64.16353, -31.46039 ], [ -64.16469, -31.46006 ], [ -64.16469, -31.45959 ], [ -64.16323, -31.4596 ], [ -64.16324, -31.45853 ], [ -64.16042, -31.45856 ] ] ] } },
{ "type": "Feature", "properties": { "indice_acceso": 0.689 }, "geometry": { "type": "Polygon", "coordinates": [ [ [ -64.16048, -31.46148 ], [ -64.1605, -31.46318 ], [ -64.16399, -31.46315 ], [ -64.16568, -31.46144 ], [ -64.16048, -31.46148 ] ] ] } },
{ "type": "Feature", "properties": { "indice_acceso": 0.701 }, "geometry": { "type": "Polygon", "coordinates": [ [ [ -64.1583, -31.46319 ], [ -64.1605, -31.46318 ], [ -64.16042, -31.45856 ], [ -64.15853, -31.45857 ], [ -64.1583, -31.46319 ] ] ] } },
{ "type": "Feature", "properties": { "indice_acceso": 0.713 }, "geometry": { "type": "Polygon", "coordinates": [ [ [ -64.15604, -31.45859 ], [ -64.15603, -31.46025 ], [ -64.15735, -31.46025 ], [ -64.15722, -31.46434 ], [ -64.15831, -31.46434 ], [ -64.15853, -31.45857 ], [ -64.15604, -31.45859 ] ] ] } },
{ "type": "Feature", "properties": { "indice_acceso": 0.717 }, "geometry": { "type": "Polygon", "coordinates": [ [ [ -64.14814, -31.45862 ], [ -64.14871, -31.45976 ], [ -64.14838, -31.46055 ], [ -64.15656, -31.46612 ], [ -64.15972, -31.46762 ], [ -64.16002, -31.46692 ], [ -64.15691, -31.46545 ], [ -64.15722, -31.46501 ], [ -64.15735, -31.46025 ], [ -64.15603, -31.46025 ], [ -64.15604, -31.45859 ], [ -64.14814, -31.45862 ] ] ] } },
{ "type": "Feature", "properties": { "indice_acceso": 0.699 }, "geometry": { "type": "Polygon", "coordinates": [ [ [ -64.1583, -31.46319 ], [ -64.15831, -31.46434 ], [ -64.15722, -31.46434 ], [ -64.15691, -31.46545 ], [ -64.15984, -31.46686 ], [ -64.1603, -31.46546 ], [ -64.16028, -31.46432 ], [ -64.16113, -31.46432 ], [ -64.16113, -31.46317 ], [ -64.1583, -31.46319 ] ] ] } },
{ "type": "Feature", "properties": { "indice_acceso": 0.659 }, "geometry": { "type": "Polygon", "coordinates": [ [ [ -64.16399, -31.46315 ], [ -64.16113, -31.46317 ], [ -64.16113, -31.46432 ], [ -64.16028, -31.46432 ], [ -64.1603, -31.46546 ], [ -64.15972, -31.46762 ], [ -64.16346, -31.46869 ], [ -64.16811, -31.46917 ], [ -64.16816, -31.46775 ], [ -64.16876, -31.46598 ], [ -64.1688, -31.4584 ], [ -64.16399, -31.46315 ] ] ] } },
{ "type": "Feature", "properties": { "indice_acceso": 0.637 }, "geometry": { "type": "Polygon", "coordinates": [ [ [ -64.1688, -31.4584 ], [ -64.16876, -31.46598 ], [ -64.16816, -31.46775 ], [ -64.16811, -31.46917 ], [ -64.18752, -31.46806 ], [ -64.18687, -31.46674 ], [ -64.18681, -31.46527 ], [ -64.18641, -31.46547 ], [ -64.18601, -31.46672 ], [ -64.18512, -31.46737 ], [ -64.18031, -31.46791 ], [ -64.18022, -31.46767 ], [ -64.18162, -31.46673 ], [ -64.182, -31.46119 ], [ -64.18396, -31.46118 ], [ -64.18406, -31.45836 ], [ -64.1688, -31.4584 ] ] ] } },
{ "type": "Feature", "properties": { "indice_acceso": 0.657 }, "geometry": { "type": "Polygon", "coordinates": [ [ [ -64.182, -31.46119 ], [ -64.18162, -31.46673 ], [ -64.18022, -31.46767 ], [ -64.18031, -31.46791 ], [ -64.18512, -31.46737 ], [ -64.18601, -31.46672 ], [ -64.18641, -31.46547 ], [ -64.18681, -31.46527 ], [ -64.18674, -31.45838 ], [ -64.18406, -31.45836 ], [ -64.18396, -31.46118 ], [ -64.182, -31.46119 ] ] ] } },
{ "type": "Feature", "properties": { "indice_acceso": 0.635 }, "geometry": { "type": "Polygon", "coordinates": [ [ [ -64.16879, -31.4804 ], [ -64.18265, -31.48012 ], [ -64.18249, -31.4782 ], [ -64.18868, -31.4781 ], [ -64.18805, -31.46907 ], [ -64.18752, -31.46806 ], [ -64.16811, -31.46917 ], [ -64.16874, -31.47139 ], [ -64.16879, -31.4804 ] ] ] } },
{ "type": "Feature", "properties": { "indice_acceso": 0.659 }, "geometry": { "type": "Polygon", "coordinates": [ [ [ -64.14798, -31.46343 ], [ -64.14783, -31.47348 ], [ -64.14925, -31.47347 ], [ -64.14926, -31.47306 ], [ -64.15961, -31.47278 ], [ -64.16024, -31.47233 ], [ -64.16874, -31.47237 ], [ -64.16811, -31.46917 ], [ -64.16346, -31.46869 ], [ -64.15961, -31.46757 ], [ -64.15656, -31.46612 ], [ -64.14838, -31.46055 ], [ -64.14783, -31.46072 ], [ -64.14688, -31.46045 ], [ -64.14798, -31.46343 ] ] ] } },
{ "type": "Feature", "properties": { "indice_acceso": 0.621 }, "geometry": { "type": "Polygon", "coordinates": [ [ [ -64.14775, -31.48161 ], [ -64.16877, -31.48164 ], [ -64.16874, -31.47237 ], [ -64.16024, -31.47233 ], [ -64.15961, -31.47278 ], [ -64.14926, -31.47306 ], [ -64.14925, -31.47347 ], [ -64.14783, -31.47348 ], [ -64.14775, -31.48161 ] ] ] } },
{ "type": "Feature", "properties": { "indice_acceso": 0.592 }, "geometry": { "type": "Polygon", "coordinates": [ [ [ -64.14775, -31.48161 ], [ -64.14768, -31.49424 ], [ -64.16882, -31.49422 ], [ -64.16877, -31.48164 ], [ -64.14775, -31.48161 ] ] ] } },
{ "type": "Feature", "properties": { "indice_acceso": 0.596 }, "geometry": { "type": "Polygon", "coordinates": [ [ [ -64.18249, -31.4782 ], [ -64.18265, -31.48012 ], [ -64.16879, -31.4804 ], [ -64.16882, -31.49422 ], [ -64.1711, -31.49425 ], [ -64.17132, -31.49558 ], [ -64.18964, -31.49507 ], [ -64.18868, -31.4781 ], [ -64.18249, -31.4782 ] ] ] } },
{ "type": "Feature", "properties": { "indice_acceso": 0.57 }, "geometry": { "type": "Polygon", "coordinates": [ [ [ -64.14768, -31.49424 ], [ -64.14741, -31.52495 ], [ -64.19183, -31.52505 ], [ -64.19059, -31.50994 ], [ -64.19011, -31.50901 ], [ -64.18964, -31.49507 ], [ -64.17132, -31.49558 ], [ -64.1711, -31.49425 ], [ -64.14768, -31.49424 ] ] ] } },
{ "type": "Feature", "properties": { "indice_acceso": 0.642 }, "geometry": { "type": "Polygon", "coordinates": [ [ [ -64.22925, -31.48161 ], [ -64.22926, -31.48787 ], [ -64.22654, -31.48836 ], [ -64.22747, -31.49186 ], [ -64.21526, -31.492 ], [ -64.21528, -31.48576 ], [ -64.20566, -31.48756 ], [ -64.215, -31.50053 ], [ -64.22148, -31.5069 ], [ -64.22287, -31.5097 ], [ -64.23255, -31.50949 ], [ -64.23052, -31.50516 ], [ -64.23097, -31.50515 ], [ -64.22955, -31.49974 ], [ -64.23792, -31.49972 ], [ -64.23779, -31.49066 ], [ -64.23309, -31.49067 ], [ -64.23308, -31.48162 ], [ -64.22925, -31.48161 ] ] ] } },
{ "type": "Feature", "properties": { "indice_acceso": 0.727 }, "geometry": { "type": "Polygon", "coordinates": [ [ [ -64.22477, -31.48163 ], [ -64.22654, -31.48836 ], [ -64.22926, -31.48787 ], [ -64.22925, -31.48161 ], [ -64.22477, -31.48163 ] ] ] } },
{ "type": "Feature", "properties": { "indice_acceso": 0.679 }, "geometry": { "type": "Polygon", "coordinates": [ [ [ -64.21708, -31.47992 ], [ -64.21719, -31.48244 ], [ -64.21523, -31.48239 ], [ -64.21526, -31.492 ], [ -64.22747, -31.49186 ], [ -64.22436, -31.48009 ], [ -64.21708, -31.47992 ] ] ] } },
{ "type": "Feature", "properties": { "indice_acceso": 0.711 }, "geometry": { "type": "Polygon", "coordinates": [ [ [ -64.2121, -31.48352 ], [ -64.21337, -31.48349 ], [ -64.21341, -31.48454 ], [ -64.21526, -31.48452 ], [ -64.21523, -31.48239 ], [ -64.21207, -31.48242 ], [ -64.2121, -31.48352 ] ] ] } },
{ "type": "Feature", "properties": { "indice_acceso": 0.703 }, "geometry": { "type": "Polygon", "coordinates": [ [ [ -64.21218, -31.48635 ], [ -64.21528, -31.48576 ], [ -64.21526, -31.48452 ], [ -64.21341, -31.48454 ], [ -64.21337, -31.48349 ], [ -64.2121, -31.48352 ], [ -64.21218, -31.48635 ] ] ] } },
{ "type": "Feature", "properties": { "indice_acceso": 0.7 }, "geometry": { "type": "Polygon", "coordinates": [ [ [ -64.21044, -31.48306 ], [ -64.21045, -31.4837 ], [ -64.20995, -31.48462 ], [ -64.20864, -31.48512 ], [ -64.2087, -31.487 ], [ -64.21218, -31.48635 ], [ -64.21207, -31.48242 ], [ -64.20974, -31.48243 ], [ -64.21044, -31.48306 ] ] ] } },
{ "type": "Feature", "properties": { "indice_acceso": 0.704 }, "geometry": { "type": "Polygon", "coordinates": [ [ [ -64.20743, -31.48723 ], [ -64.2087, -31.487 ], [ -64.20864, -31.48512 ], [ -64.20971, -31.48476 ], [ -64.21024, -31.4842 ], [ -64.21044, -31.48306 ], [ -64.20974, -31.48243 ], [ -64.20732, -31.4825 ], [ -64.20743, -31.48723 ] ] ] } },
{ "type": "Feature", "properties": { "indice_acceso": 0.701 }, "geometry": { "type": "Polygon", "coordinates": [ [ [ -64.20393, -31.48369 ], [ -64.20545, -31.48365 ], [ -64.20548, -31.48469 ], [ -64.20736, -31.48464 ], [ -64.20732, -31.4825 ], [ -64.20351, -31.48257 ], [ -64.20393, -31.48369 ] ] ] } },
{ "type": "Feature", "properties": { "indice_acceso": 0.677 }, "geometry": { "type": "Polygon", "coordinates": [ [ [ -64.20566, -31.48756 ], [ -64.20743, -31.48723 ], [ -64.20736, -31.48464 ], [ -64.20548, -31.48469 ], [ -64.20545, -31.48365 ], [ -64.20397, -31.48381 ], [ -64.20566, -31.48756 ] ] ] } },
{ "type": "Feature", "properties": { "indice_acceso": 0.644 }, "geometry": { "type": "Polygon", "coordinates": [ [ [ -64.19245, -31.4788 ], [ -64.19232, -31.48002 ], [ -64.18879, -31.47997 ], [ -64.18973, -31.49944 ], [ -64.19055, -31.49948 ], [ -64.19069, -31.49714 ], [ -64.19288, -31.49219 ], [ -64.1968, -31.48912 ], [ -64.20486, -31.48608 ], [ -64.2029, -31.48063 ], [ -64.19695, -31.48019 ], [ -64.19599, -31.47992 ], [ -64.19577, -31.47877 ], [ -64.19245, -31.4788 ] ] ] } },
{ "type": "Feature", "properties": { "indice_acceso": 0.596 }, "geometry": { "type": "Polygon", "coordinates": [ [ [ -64.1968, -31.48912 ], [ -64.19288, -31.49219 ], [ -64.19069, -31.49714 ], [ -64.19055, -31.49948 ], [ -64.18973, -31.49944 ], [ -64.1898, -31.50106 ], [ -64.19651, -31.50111 ], [ -64.1965, -31.49949 ], [ -64.20119, -31.49948 ], [ -64.20117, -31.49825 ], [ -64.21141, -31.4982 ], [ -64.21141, -31.50245 ], [ -64.21191, -31.50246 ], [ -64.21174, -31.51017 ], [ -64.22304, -31.51016 ], [ -64.22148, -31.5069 ], [ -64.215, -31.50053 ], [ -64.20626, -31.48847 ], [ -64.20486, -31.48608 ], [ -64.1968, -31.48912 ] ] ] } },
{ "type": "Feature", "properties": { "indice_acceso": 0.597 }, "geometry": { "type": "Polygon", "coordinates": [ [ [ -64.20117, -31.49825 ], [ -64.20098, -31.50233 ], [ -64.20387, -31.50228 ], [ -64.20389, -31.49824 ], [ -64.20117, -31.49825 ] ] ] } },
{ "type": "Feature", "properties": { "indice_acceso": 0.589 }, "geometry": { "type": "Polygon", "coordinates": [ [ [ -64.20651, -31.49824 ], [ -64.20391, -31.49824 ], [ -64.20387, -31.50228 ], [ -64.20651, -31.50233 ], [ -64.20651, -31.49824 ] ] ] } },
{ "type": "Feature", "properties": { "indice_acceso": 0.58 }, "geometry": { "type": "Polygon", "coordinates": [ [ [ -64.20913, -31.49821 ], [ -64.20651, -31.49824 ], [ -64.20651, -31.50233 ], [ -64.2091, -31.50237 ], [ -64.20913, -31.49821 ] ] ] } },
{ "type": "Feature", "properties": { "indice_acceso": 0.577 }, "geometry": { "type": "Polygon", "coordinates": [ [ [ -64.20913, -31.49821 ], [ -64.2091, -31.50237 ], [ -64.21141, -31.50241 ], [ -64.21141, -31.4982 ], [ -64.20913, -31.49821 ] ] ] } },
{ "type": "Feature", "properties": { "indice_acceso": 0.583 }, "geometry": { "type": "Polygon", "coordinates": [ [ [ -64.20093, -31.50473 ], [ -64.21188, -31.50492 ], [ -64.21191, -31.50246 ], [ -64.20117, -31.50224 ], [ -64.20093, -31.50473 ] ] ] } },
{ "type": "Feature", "properties": { "indice_acceso": 0.529 }, "geometry": { "type": "Polygon", "coordinates": [ [ [ -64.19651, -31.50111 ], [ -64.1898, -31.50106 ], [ -64.18993, -31.50337 ], [ -64.19724, -31.50355 ], [ -64.19715, -31.50688 ], [ -64.19013, -31.50678 ], [ -64.19011, -31.50901 ], [ -64.19059, -31.50994 ], [ -64.19183, -31.52505 ], [ -64.2469, -31.52503 ], [ -64.24677, -31.52257 ], [ -64.24271, -31.51291 ], [ -64.24228, -31.50928 ], [ -64.24117, -31.50518 ], [ -64.23052, -31.50516 ], [ -64.23255, -31.50949 ], [ -64.22326, -31.50964 ], [ -64.22287, -31.5097 ], [ -64.22304, -31.51016 ], [ -64.21174, -31.51017 ], [ -64.21188, -31.50492 ], [ -64.20093, -31.50473 ], [ -64.201, -31.4995 ], [ -64.1965, -31.49949 ], [ -64.19651, -31.50111 ] ] ] } },
{ "type": "Feature", "properties": { "indice_acceso": 0.607 }, "geometry": { "type": "Polygon", "coordinates": [ [ [ -64.19013, -31.50678 ], [ -64.19715, -31.50688 ], [ -64.19724, -31.50355 ], [ -64.18993, -31.50337 ], [ -64.19013, -31.50678 ] ] ] } },
{ "type": "Feature", "properties": { "indice_acceso": 0.67 }, "geometry": { "type": "Polygon", "coordinates": [ [ [ -64.28489, -31.3087 ], [ -64.2846, -31.30786 ], [ -64.28097, -31.30878 ], [ -64.28163, -31.31078 ], [ -64.28237, -31.31113 ], [ -64.28196, -31.31179 ], [ -64.28293, -31.31461 ], [ -64.28657, -31.3137 ], [ -64.28601, -31.31201 ], [ -64.28815, -31.31178 ], [ -64.28811, -31.30729 ], [ -64.28706, -31.30733 ], [ -64.28701, -31.30819 ], [ -64.28489, -31.3087 ] ] ] } },
{ "type": "Feature", "properties": { "indice_acceso": 0.68 }, "geometry": { "type": "Polygon", "coordinates": [ [ [ -64.27462, -31.31607 ], [ -64.27724, -31.31723 ], [ -64.27781, -31.3168 ], [ -64.2832, -31.31546 ], [ -64.28196, -31.31179 ], [ -64.28237, -31.31113 ], [ -64.28163, -31.31078 ], [ -64.28097, -31.30878 ], [ -64.28025, -31.30832 ], [ -64.27462, -31.31607 ] ] ] } },
{ "type": "Feature", "properties": { "indice_acceso": 0.669 }, "geometry": { "type": "Polygon", "coordinates": [ [ [ -64.28324, -31.31989 ], [ -64.28472, -31.31985 ], [ -64.2832, -31.31546 ], [ -64.27781, -31.3168 ], [ -64.27724, -31.31723 ], [ -64.28324, -31.31989 ] ] ] } },
{ "type": "Feature", "properties": { "indice_acceso": 0.669 }, "geometry": { "type": "Polygon", "coordinates": [ [ [ -64.28835, -31.31976 ], [ -64.28815, -31.31178 ], [ -64.28601, -31.31201 ], [ -64.28657, -31.3137 ], [ -64.28293, -31.31461 ], [ -64.28472, -31.31985 ], [ -64.28835, -31.31976 ] ] ] } },
{ "type": "Feature", "properties": { "indice_acceso": 0.689 }, "geometry": { "type": "Polygon", "coordinates": [ [ [ -64.29399, -31.3172 ], [ -64.29402, -31.31824 ], [ -64.29909, -31.31811 ], [ -64.29874, -31.31607 ], [ -64.29893, -31.31401 ], [ -64.28818, -31.31428 ], [ -64.28827, -31.31719 ], [ -64.29399, -31.3172 ] ] ] } },
{ "type": "Feature", "properties": { "indice_acceso": 0.671 }, "geometry": { "type": "Polygon", "coordinates": [ [ [ -64.28851, -31.32249 ], [ -64.29418, -31.32234 ], [ -64.29421, -31.32336 ], [ -64.29924, -31.32325 ], [ -64.29909, -31.31811 ], [ -64.29402, -31.31824 ], [ -64.29399, -31.3172 ], [ -64.28827, -31.31735 ], [ -64.28851, -31.32249 ] ] ] } },
{ "type": "Feature", "properties": { "indice_acceso": 0.653 }, "geometry": { "type": "Polygon", "coordinates": [ [ [ -64.28244, -31.32013 ], [ -64.2826, -31.32547 ], [ -64.28859, -31.32528 ], [ -64.28835, -31.31976 ], [ -64.28324, -31.31989 ], [ -64.27992, -31.31842 ], [ -64.27964, -31.31892 ], [ -64.28244, -31.32013 ] ] ] } },
{ "type": "Feature", "properties": { "indice_acceso": 0.655 }, "geometry": { "type": "Polygon", "coordinates": [ [ [ -64.2826, -31.32547 ], [ -64.28244, -31.32013 ], [ -64.28038, -31.31926 ], [ -64.27863, -31.32176 ], [ -64.28056, -31.32277 ], [ -64.27876, -31.32536 ], [ -64.2826, -31.32547 ] ] ] } },
{ "type": "Feature", "properties": { "indice_acceso": 0.652 }, "geometry": { "type": "Polygon", "coordinates": [ [ [ -64.27739, -31.32353 ], [ -64.27801, -31.32264 ], [ -64.27995, -31.32366 ], [ -64.28056, -31.32277 ], [ -64.27863, -31.32176 ], [ -64.28038, -31.31926 ], [ -64.27838, -31.31836 ], [ -64.27547, -31.32253 ], [ -64.27739, -31.32353 ] ] ] } },
{ "type": "Feature", "properties": { "indice_acceso": 0.66 }, "geometry": { "type": "Polygon", "coordinates": [ [ [ -64.27159, -31.32052 ], [ -64.27355, -31.32154 ], [ -64.27417, -31.32065 ], [ -64.2761, -31.32165 ], [ -64.27838, -31.31836 ], [ -64.27964, -31.31892 ], [ -64.27992, -31.31842 ], [ -64.27462, -31.31607 ], [ -64.27159, -31.32052 ] ] ] } },
{ "type": "Feature", "properties": { "indice_acceso": 0.642 }, "geometry": { "type": "Polygon", "coordinates": [ [ [ -64.26804, -31.32569 ], [ -64.26786, -31.32588 ], [ -64.27326, -31.32573 ], [ -64.2761, -31.32165 ], [ -64.27417, -31.32065 ], [ -64.27355, -31.32154 ], [ -64.27159, -31.32052 ], [ -64.26804, -31.32569 ] ] ] } },
{ "type": "Feature", "properties": { "indice_acceso": 0.639 }, "geometry": { "type": "Polygon", "coordinates": [ [ [ -64.27326, -31.32573 ], [ -64.27915, -31.32557 ], [ -64.27874, -31.32535 ], [ -64.27995, -31.32366 ], [ -64.27801, -31.32264 ], [ -64.27739, -31.32353 ], [ -64.27547, -31.32253 ], [ -64.27326, -31.32573 ] ] ] } },
{ "type": "Feature", "properties": { "indice_acceso": 0.64 }, "geometry": { "type": "Polygon", "coordinates": [ [ [ -64.27601, -31.32867 ], [ -64.2759, -31.32566 ], [ -64.26786, -31.32588 ], [ -64.26574, -31.32889 ], [ -64.27601, -31.32867 ] ] ] } },
{ "type": "Feature", "properties": { "indice_acceso": 0.618 }, "geometry": { "type": "Polygon", "coordinates": [ [ [ -64.26228, -31.33406 ], [ -64.26458, -31.33336 ], [ -64.26891, -31.33268 ], [ -64.26949, -31.33183 ], [ -64.26918, -31.3317 ], [ -64.26915, -31.33105 ], [ -64.26684, -31.32961 ], [ -64.26746, -31.32888 ], [ -64.26574, -31.32889 ], [ -64.26402, -31.33132 ], [ -64.26231, -31.33247 ], [ -64.26228, -31.33406 ] ] ] } },
{ "type": "Feature", "properties": { "indice_acceso": 0.633 }, "geometry": { "type": "Polygon", "coordinates": [ [ [ -64.26915, -31.33105 ], [ -64.26918, -31.3317 ], [ -64.26949, -31.33183 ], [ -64.27029, -31.33063 ], [ -64.27228, -31.3311 ], [ -64.27384, -31.33318 ], [ -64.27617, -31.33262 ], [ -64.27601, -31.32867 ], [ -64.26746, -31.32888 ], [ -64.26684, -31.32961 ], [ -64.26915, -31.33105 ] ] ] } },
{ "type": "Feature", "properties": { "indice_acceso": 0.631 }, "geometry": { "type": "Polygon", "coordinates": [ [ [ -64.27617, -31.33262 ], [ -64.27757, -31.33225 ], [ -64.27893, -31.33116 ], [ -64.27983, -31.33103 ], [ -64.27977, -31.32857 ], [ -64.28048, -31.32855 ], [ -64.28036, -31.32553 ], [ -64.2759, -31.32566 ], [ -64.27617, -31.33262 ] ] ] } },
{ "type": "Feature", "properties": { "indice_acceso": 0.631 }, "geometry": { "type": "Polygon", "coordinates": [ [ [ -64.28036, -31.32553 ], [ -64.28048, -31.32855 ], [ -64.27977, -31.32857 ], [ -64.27983, -31.33103 ], [ -64.28802, -31.32886 ], [ -64.28862, -31.32695 ], [ -64.28859, -31.32528 ], [ -64.28036, -31.32553 ] ] ] } },
{ "type": "Feature", "properties": { "indice_acceso": 0.661 }, "geometry": { "type": "Polygon", "coordinates": [ [ [ -64.28862, -31.32695 ], [ -64.28802, -31.32886 ], [ -64.28865, -31.32862 ], [ -64.29004, -31.32701 ], [ -64.29124, -31.32705 ], [ -64.29241, -31.32583 ], [ -64.29936, -31.32707 ], [ -64.29924, -31.32325 ], [ -64.29421, -31.32336 ], [ -64.29418, -31.32234 ], [ -64.28851, -31.32266 ], [ -64.28862, -31.32695 ] ] ] } },
{ "type": "Feature", "properties": { "indice_acceso": 0.614 }, "geometry": { "type": "Polygon", "coordinates": [ [ [ -64.29004, -31.32701 ], [ -64.28837, -31.32878 ], [ -64.28174, -31.33072 ], [ -64.28181, -31.3354 ], [ -64.28308, -31.33543 ], [ -64.28314, -31.33716 ], [ -64.28652, -31.33735 ], [ -64.29098, -31.33551 ], [ -64.29242, -31.33414 ], [ -64.29299, -31.33136 ], [ -64.29352, -31.33046 ], [ -64.29497, -31.32946 ], [ -64.29826, -31.32871 ], [ -64.29821, -31.32698 ], [ -64.29723, -31.32664 ], [ -64.29305, -31.32577 ], [ -64.29225, -31.3259 ], [ -64.2912, -31.32707 ], [ -64.29004, -31.32701 ] ] ] } },
{ "type": "Feature", "properties": { "indice_acceso": 0.613 }, "geometry": { "type": "Polygon", "coordinates": [ [ [ -64.28314, -31.33716 ], [ -64.28308, -31.33543 ], [ -64.28181, -31.3354 ], [ -64.28181, -31.33073 ], [ -64.27893, -31.33116 ], [ -64.27757, -31.33225 ], [ -64.27765, -31.33638 ], [ -64.28314, -31.33716 ] ] ] } },
{ "type": "Feature", "properties": { "indice_acceso": 0.62 }, "geometry": { "type": "Polygon", "coordinates": [ [ [ -64.26228, -31.33406 ], [ -64.26224, -31.33555 ], [ -64.26272, -31.33628 ], [ -64.26493, -31.33511 ], [ -64.26802, -31.33498 ], [ -64.27123, -31.33443 ], [ -64.27384, -31.33498 ], [ -64.27765, -31.33638 ], [ -64.27757, -31.33225 ], [ -64.27384, -31.33318 ], [ -64.27272, -31.33143 ], [ -64.27042, -31.33062 ], [ -64.26891, -31.33268 ], [ -64.26228, -31.33406 ] ] ] } },
{ "type": "Feature", "properties": { "indice_acceso": 0.672 }, "geometry": { "type": "Polygon", "coordinates": [ [ [ -64.27013, -31.31117 ], [ -64.26929, -31.31239 ], [ -64.27512, -31.31538 ], [ -64.27943, -31.30945 ], [ -64.2758, -31.30747 ], [ -64.27233, -31.3123 ], [ -64.27013, -31.31117 ] ] ] } },
{ "type": "Feature", "properties": { "indice_acceso": 0.615 }, "geometry": { "type": "Polygon", "coordinates": [ [ [ -64.25357, -31.3121 ], [ -64.25467, -31.31212 ], [ -64.25843, -31.31406 ], [ -64.25956, -31.31242 ], [ -64.26518, -31.31525 ], [ -64.26816, -31.3109 ], [ -64.26931, -31.31078 ], [ -64.27233, -31.3123 ], [ -64.2749, -31.30866 ], [ -64.25357, -31.30861 ], [ -64.25357, -31.3121 ] ] ] } },
{ "type": "Feature", "properties": { "indice_acceso": 0.602 }, "geometry": { "type": "Polygon", "coordinates": [ [ [ -64.25603, -31.32066 ], [ -64.25669, -31.31968 ], [ -64.25353, -31.31808 ], [ -64.25357, -31.30843 ], [ -64.24053, -31.30837 ], [ -64.24043, -31.32052 ], [ -64.25603, -31.32066 ] ] ] } },
{ "type": "Feature", "properties": { "indice_acceso": 0.618 }, "geometry": { "type": "Polygon", "coordinates": [ [ [ -64.26005, -31.31652 ], [ -64.2576, -31.31529 ], [ -64.25843, -31.31406 ], [ -64.25467, -31.31212 ], [ -64.25366, -31.3121 ], [ -64.25358, -31.31386 ], [ -64.25974, -31.31697 ], [ -64.26005, -31.31652 ] ] ] } },
{ "type": "Feature", "properties": { "indice_acceso": 0.629 }, "geometry": { "type": "Polygon", "coordinates": [ [ [ -64.26122, -31.31771 ], [ -64.26152, -31.31726 ], [ -64.26314, -31.31825 ], [ -64.26518, -31.31525 ], [ -64.25956, -31.31242 ], [ -64.2576, -31.31529 ], [ -64.26005, -31.31652 ], [ -64.25974, -31.31697 ], [ -64.26122, -31.31771 ] ] ] } },
{ "type": "Feature", "properties": { "indice_acceso": 0.65 }, "geometry": { "type": "Polygon", "coordinates": [ [ [ -64.26727, -31.3163 ], [ -64.26839, -31.31686 ], [ -64.26924, -31.31565 ], [ -64.26978, -31.31594 ], [ -64.27148, -31.31352 ], [ -64.26929, -31.31239 ], [ -64.27013, -31.31117 ], [ -64.26931, -31.31078 ], [ -64.26816, -31.3109 ], [ -64.26601, -31.31404 ], [ -64.26815, -31.31508 ], [ -64.26727, -31.3163 ] ] ] } },
{ "type": "Feature", "properties": { "indice_acceso": 0.665 }, "geometry": { "type": "Polygon", "coordinates": [ [ [ -64.26978, -31.31594 ], [ -64.26924, -31.31565 ], [ -64.26839, -31.31686 ], [ -64.27261, -31.31906 ], [ -64.27512, -31.31538 ], [ -64.27148, -31.31352 ], [ -64.26978, -31.31594 ] ] ] } },
{ "type": "Feature", "properties": { "indice_acceso": 0.642 }, "geometry": { "type": "Polygon", "coordinates": [ [ [ -64.27261, -31.31906 ], [ -64.26727, -31.3163 ], [ -64.26815, -31.31508 ], [ -64.26601, -31.31404 ], [ -64.26356, -31.31765 ], [ -64.27091, -31.32148 ], [ -64.27261, -31.31906 ] ] ] } },
{ "type": "Feature", "properties": { "indice_acceso": 0.636 }, "geometry": { "type": "Polygon", "coordinates": [ [ [ -64.27092, -31.32148 ], [ -64.26356, -31.31765 ], [ -64.26251, -31.31928 ], [ -64.26984, -31.32306 ], [ -64.27092, -31.32148 ] ] ] } },
{ "type": "Feature", "properties": { "indice_acceso": 0.63 }, "geometry": { "type": "Polygon", "coordinates": [ [ [ -64.26984, -31.32306 ], [ -64.26251, -31.31928 ], [ -64.26144, -31.32078 ], [ -64.26879, -31.3246 ], [ -64.26984, -31.32306 ] ] ] } },
{ "type": "Feature", "properties": { "indice_acceso": 0.628 }, "geometry": { "type": "Polygon", "coordinates": [ [ [ -64.26804, -31.32569 ], [ -64.26879, -31.3246 ], [ -64.2635, -31.32187 ], [ -64.26264, -31.32308 ], [ -64.26293, -31.32323 ], [ -64.26073, -31.32559 ], [ -64.26804, -31.32569 ] ] ] } },
{ "type": "Feature", "properties": { "indice_acceso": 0.624 }, "geometry": { "type": "Polygon", "coordinates": [ [ [ -64.25723, -31.32464 ], [ -64.25862, -31.3249 ], [ -64.25963, -31.32556 ], [ -64.26073, -31.32559 ], [ -64.26293, -31.32323 ], [ -64.26264, -31.32308 ], [ -64.2635, -31.32187 ], [ -64.26111, -31.32066 ], [ -64.26089, -31.32098 ], [ -64.25796, -31.32198 ], [ -64.25873, -31.32331 ], [ -64.25733, -31.32401 ], [ -64.25723, -31.32464 ] ] ] } },
{ "type": "Feature", "properties": { "indice_acceso": 0.63 }, "geometry": { "type": "Polygon", "coordinates": [ [ [ -64.25634, -31.31807 ], [ -64.25741, -31.31861 ], [ -64.25603, -31.32066 ], [ -64.26152, -31.32066 ], [ -64.26319, -31.31839 ], [ -64.26301, -31.318 ], [ -64.26152, -31.31726 ], [ -64.26122, -31.31771 ], [ -64.25777, -31.31598 ], [ -64.25634, -31.31807 ] ] ] } },
{ "type": "Feature", "properties": { "indice_acceso": 0.619 }, "geometry": { "type": "Polygon", "coordinates": [ [ [ -64.25741, -31.31861 ], [ -64.25634, -31.31807 ], [ -64.25777, -31.31598 ], [ -64.25358, -31.31386 ], [ -64.25353, -31.31808 ], [ -64.25669, -31.31968 ], [ -64.25741, -31.31861 ] ] ] } },
{ "type": "Feature", "properties": { "indice_acceso": 0.627 }, "geometry": { "type": "Polygon", "coordinates": [ [ [ -64.25295, -31.32192 ], [ -64.25467, -31.32193 ], [ -64.2557, -31.32418 ], [ -64.25741, -31.32419 ], [ -64.25725, -31.32383 ], [ -64.25873, -31.32331 ], [ -64.25796, -31.32198 ], [ -64.26089, -31.32098 ], [ -64.26111, -31.32066 ], [ -64.25295, -31.32064 ], [ -64.25295, -31.32192 ] ] ] } },
{ "type": "Feature", "properties": { "indice_acceso": 0.604 }, "geometry": { "type": "Polygon", "coordinates": [ [ [ -64.24404, -31.32411 ], [ -64.25573, -31.32411 ], [ -64.25467, -31.32193 ], [ -64.25295, -31.32192 ], [ -64.25295, -31.32064 ], [ -64.244, -31.32055 ], [ -64.24404, -31.32411 ] ] ] } },
{ "type": "Feature", "properties": { "indice_acceso": 0.604 }, "geometry": { "type": "Polygon", "coordinates": [ [ [ -64.24043, -31.32061 ], [ -64.2404, -31.32533 ], [ -64.2441, -31.32533 ], [ -64.24386, -31.32056 ], [ -64.24043, -31.32061 ] ] ] } },
{ "type": "Feature", "properties": { "indice_acceso": 0.605 }, "geometry": { "type": "Polygon", "coordinates": [ [ [ -64.2404, -31.32533 ], [ -64.24018, -31.32881 ], [ -64.24037, -31.32942 ], [ -64.24405, -31.32943 ], [ -64.2441, -31.32533 ], [ -64.2404, -31.32533 ] ] ] } },
{ "type": "Feature", "properties": { "indice_acceso": 0.625 }, "geometry": { "type": "Polygon", "coordinates": [ [ [ -64.26228, -31.33023 ], [ -64.26231, -31.33247 ], [ -64.26402, -31.33132 ], [ -64.26804, -31.32569 ], [ -64.25963, -31.32556 ], [ -64.26228, -31.33023 ] ] ] } },
{ "type": "Feature", "properties": { "indice_acceso": 0.616 }, "geometry": { "type": "Polygon", "coordinates": [ [ [ -64.25719, -31.32937 ], [ -64.25969, -31.32915 ], [ -64.26056, -31.33089 ], [ -64.26215, -31.33028 ], [ -64.25963, -31.32556 ], [ -64.25862, -31.3249 ], [ -64.25723, -31.32464 ], [ -64.25724, -31.32418 ], [ -64.2557, -31.32418 ], [ -64.25568, -31.32772 ], [ -64.25723, -31.32774 ], [ -64.25719, -31.32937 ] ] ] } },
{ "type": "Feature", "properties": { "indice_acceso": 0.608 }, "geometry": { "type": "Polygon", "coordinates": [ [ [ -64.25204, -31.32586 ], [ -64.25203, -31.32931 ], [ -64.25719, -31.32937 ], [ -64.25723, -31.32774 ], [ -64.25568, -31.32772 ], [ -64.2557, -31.32418 ], [ -64.25407, -31.32417 ], [ -64.25408, -31.32587 ], [ -64.25204, -31.32586 ] ] ] } },
{ "type": "Feature", "properties": { "indice_acceso": 0.602 }, "geometry": { "type": "Polygon", "coordinates": [ [ [ -64.24856, -31.32927 ], [ -64.25203, -31.32931 ], [ -64.25204, -31.32586 ], [ -64.25408, -31.32587 ], [ -64.25407, -31.32417 ], [ -64.24864, -31.32413 ], [ -64.24856, -31.32927 ] ] ] } },
{ "type": "Feature", "properties": { "indice_acceso": 0.602 }, "geometry": { "type": "Polygon", "coordinates": [ [ [ -64.24405, -31.32943 ], [ -64.24572, -31.32945 ], [ -64.24583, -31.32911 ], [ -64.24856, -31.32927 ], [ -64.24864, -31.32413 ], [ -64.24404, -31.32411 ], [ -64.24405, -31.32943 ] ] ] } },
{ "type": "Feature", "properties": { "indice_acceso": 0.597 }, "geometry": { "type": "Polygon", "coordinates": [ [ [ -64.24044, -31.33291 ], [ -64.2407, -31.33292 ], [ -64.2415, -31.33291 ], [ -64.2415, -31.33195 ], [ -64.24407, -31.33196 ], [ -64.24405, -31.32943 ], [ -64.24041, -31.32945 ], [ -64.24044, -31.33291 ] ] ] } },
{ "type": "Feature", "properties": { "indice_acceso": 0.603 }, "geometry": { "type": "Polygon", "coordinates": [ [ [ -64.24405, -31.32943 ], [ -64.24406, -31.33293 ], [ -64.24573, -31.33293 ], [ -64.24573, -31.33356 ], [ -64.24757, -31.33356 ], [ -64.24756, -31.32927 ], [ -64.24583, -31.32911 ], [ -64.24574, -31.32944 ], [ -64.24405, -31.32943 ] ] ] } },
{ "type": "Feature", "properties": { "indice_acceso": 0.6 }, "geometry": { "type": "Polygon", "coordinates": [ [ [ -64.24757, -31.33557 ], [ -64.24896, -31.33557 ], [ -64.24896, -31.33478 ], [ -64.25209, -31.33451 ], [ -64.25203, -31.32931 ], [ -64.24756, -31.32927 ], [ -64.24757, -31.33557 ] ] ] } },
{ "type": "Feature", "properties": { "indice_acceso": 0.615 }, "geometry": { "type": "Polygon", "coordinates": [ [ [ -64.25201, -31.33755 ], [ -64.25216, -31.33862 ], [ -64.2537, -31.33791 ], [ -64.25444, -31.33664 ], [ -64.25544, -31.33649 ], [ -64.25738, -31.33553 ], [ -64.25745, -31.33453 ], [ -64.25683, -31.33153 ], [ -64.25445, -31.33187 ], [ -64.25406, -31.32933 ], [ -64.25203, -31.32931 ], [ -64.25201, -31.33755 ] ] ] } },
{ "type": "Feature", "properties": { "indice_acceso": 0.608 }, "geometry": { "type": "Polygon", "coordinates": [ [ [ -64.25406, -31.32933 ], [ -64.25445, -31.33187 ], [ -64.25683, -31.33153 ], [ -64.25745, -31.33453 ], [ -64.25738, -31.33553 ], [ -64.26084, -31.33417 ], [ -64.26228, -31.33414 ], [ -64.26228, -31.33023 ], [ -64.26056, -31.33089 ], [ -64.25969, -31.32915 ], [ -64.25406, -31.32933 ] ] ] } },
{ "type": "Feature", "properties": { "indice_acceso": 0.623 }, "geometry": { "type": "Polygon", "coordinates": [ [ [ -64.25544, -31.33649 ], [ -64.25444, -31.33664 ], [ -64.2537, -31.33791 ], [ -64.25144, -31.33894 ], [ -64.24989, -31.33874 ], [ -64.25111, -31.34117 ], [ -64.2508, -31.34179 ], [ -64.25154, -31.342 ], [ -64.25185, -31.34257 ], [ -64.26264, -31.3361 ], [ -64.2622, -31.33534 ], [ -64.26228, -31.33414 ], [ -64.26148, -31.33403 ], [ -64.25544, -31.33649 ] ] ] } },
{ "type": "Feature", "properties": { "indice_acceso": 0.614 }, "geometry": { "type": "Polygon", "coordinates": [ [ [ -64.24896, -31.33478 ], [ -64.24896, -31.33557 ], [ -64.25095, -31.33555 ], [ -64.25098, -31.33755 ], [ -64.2478, -31.33756 ], [ -64.24785, -31.33819 ], [ -64.25098, -31.33902 ], [ -64.25216, -31.33862 ], [ -64.25183, -31.33449 ], [ -64.24896, -31.33478 ] ] ] } },
{ "type": "Feature", "properties": { "indice_acceso": 0.615 }, "geometry": { "type": "Polygon", "coordinates": [ [ [ -64.24407, -31.33719 ], [ -64.24785, -31.33819 ], [ -64.2478, -31.33756 ], [ -64.24758, -31.3376 ], [ -64.24757, -31.33356 ], [ -64.24573, -31.33356 ], [ -64.24573, -31.33293 ], [ -64.24406, -31.33293 ], [ -64.24407, -31.33719 ] ] ] } },
{ "type": "Feature", "properties": { "indice_acceso": 0.593 }, "geometry": { "type": "Polygon", "coordinates": [ [ [ -64.2415, -31.33195 ], [ -64.2415, -31.33291 ], [ -64.24044, -31.33291 ], [ -64.24039, -31.33583 ], [ -64.24407, -31.33719 ], [ -64.24407, -31.33196 ], [ -64.2415, -31.33195 ] ] ] } },
{ "type": "Feature", "properties": { "indice_acceso": 0.635 }, "geometry": { "type": "Polygon", "coordinates": [ [ [ -64.24038, -31.34333 ], [ -64.24446, -31.34336 ], [ -64.24284, -31.34149 ], [ -64.24389, -31.34081 ], [ -64.24364, -31.34052 ], [ -64.24616, -31.33858 ], [ -64.2456, -31.33805 ], [ -64.24568, -31.33762 ], [ -64.24039, -31.33583 ], [ -64.24038, -31.34333 ] ] ] } },
{ "type": "Feature", "properties": { "indice_acceso": 0.636 }, "geometry": { "type": "Polygon", "coordinates": [ [ [ -64.25052, -31.34336 ], [ -64.25185, -31.34257 ], [ -64.25154, -31.342 ], [ -64.2508, -31.34179 ], [ -64.25111, -31.34117 ], [ -64.24989, -31.33874 ], [ -64.24568, -31.33762 ], [ -64.2456, -31.33805 ], [ -64.24616, -31.33858 ], [ -64.24364, -31.34052 ], [ -64.24389, -31.34081 ], [ -64.24284, -31.34149 ], [ -64.24444, -31.34334 ], [ -64.25052, -31.34336 ] ] ] } },
{ "type": "Feature", "properties": { "indice_acceso": 0.647 }, "geometry": { "type": "Polygon", "coordinates": [ [ [ -64.24193, -31.34519 ], [ -64.24257, -31.34475 ], [ -64.2447, -31.34705 ], [ -64.25052, -31.34336 ], [ -64.24192, -31.34336 ], [ -64.24193, -31.34519 ] ] ] } },
{ "type": "Feature", "properties": { "indice_acceso": 0.65 }, "geometry": { "type": "Polygon", "coordinates": [ [ [ -64.24024, -31.34946 ], [ -64.24052, -31.3501 ], [ -64.24539, -31.34673 ], [ -64.2447, -31.34705 ], [ -64.24257, -31.34475 ], [ -64.24193, -31.34519 ], [ -64.24192, -31.34336 ], [ -64.24038, -31.34333 ], [ -64.24024, -31.34946 ] ] ] } },
{ "type": "Feature", "properties": { "indice_acceso": 0.611 }, "geometry": { "type": "Polygon", "coordinates": [ [ [ -64.24757, -31.33557 ], [ -64.24758, -31.3376 ], [ -64.25098, -31.33755 ], [ -64.25077, -31.33556 ], [ -64.24757, -31.33557 ] ] ] } },
{ "type": "Feature", "properties": { "indice_acceso": 0.595 }, "geometry": { "type": "Polygon", "coordinates": [ [ [ -64.29382, -31.33321 ], [ -64.29543, -31.3332 ], [ -64.29526, -31.33432 ], [ -64.29685, -31.33456 ], [ -64.29737, -31.33392 ], [ -64.30001, -31.33419 ], [ -64.30238, -31.33156 ], [ -64.30513, -31.32951 ], [ -64.30558, -31.32762 ], [ -64.30386, -31.32745 ], [ -64.29497, -31.32946 ], [ -64.29377, -31.33023 ], [ -64.29307, -31.33116 ], [ -64.29282, -31.33235 ], [ -64.29381, -31.33238 ], [ -64.29382, -31.33321 ] ] ] } },
{ "type": "Feature", "properties": { "indice_acceso": 0.595 }, "geometry": { "type": "Polygon", "coordinates": [ [ [ -64.2918, -31.33495 ], [ -64.29016, -31.33587 ], [ -64.29031, -31.34582 ], [ -64.2911, -31.34509 ], [ -64.29182, -31.34317 ], [ -64.29171, -31.34137 ], [ -64.29256, -31.33984 ], [ -64.29283, -31.33858 ], [ -64.2937, -31.33786 ], [ -64.29579, -31.3371 ], [ -64.29848, -31.33564 ], [ -64.30001, -31.33419 ], [ -64.29737, -31.33392 ], [ -64.29685, -31.33456 ], [ -64.29526, -31.33432 ], [ -64.29543, -31.3332 ], [ -64.29382, -31.33321 ], [ -64.29381, -31.33238 ], [ -64.29282, -31.33235 ], [ -64.2918, -31.33495 ] ] ] } },
{ "type": "Feature", "properties": { "indice_acceso": 0.599 }, "geometry": { "type": "Polygon", "coordinates": [ [ [ -64.28603, -31.34197 ], [ -64.28834, -31.34198 ], [ -64.28838, -31.34286 ], [ -64.28881, -31.34313 ], [ -64.29039, -31.3416 ], [ -64.29029, -31.33615 ], [ -64.29004, -31.33576 ], [ -64.28606, -31.33739 ], [ -64.28603, -31.34197 ] ] ] } },
{ "type": "Feature", "properties": { "indice_acceso": 0.599 }, "geometry": { "type": "Polygon", "coordinates": [ [ [ -64.27761, -31.34262 ], [ -64.28392, -31.34259 ], [ -64.28392, -31.34369 ], [ -64.28504, -31.34319 ], [ -64.28603, -31.34317 ], [ -64.28606, -31.33739 ], [ -64.27916, -31.3368 ], [ -64.27765, -31.33638 ], [ -64.27761, -31.34262 ] ] ] } },
{ "type": "Feature", "properties": { "indice_acceso": 0.602 }, "geometry": { "type": "Polygon", "coordinates": [ [ [ -64.27765, -31.34574 ], [ -64.27765, -31.33638 ], [ -64.2736, -31.33495 ], [ -64.27342, -31.34455 ], [ -64.27765, -31.34574 ] ] ] } },
{ "type": "Feature", "properties": { "indice_acceso": 0.608 }, "geometry": { "type": "Polygon", "coordinates": [ [ [ -64.2705, -31.34081 ], [ -64.2721, -31.34079 ], [ -64.27211, -31.33905 ], [ -64.27342, -31.33903 ], [ -64.27341, -31.33502 ], [ -64.271, -31.33444 ], [ -64.27097, -31.33904 ], [ -64.27051, -31.33904 ], [ -64.2705, -31.34081 ] ] ] } },
{ "type": "Feature", "properties": { "indice_acceso": 0.593 }, "geometry": { "type": "Polygon", "coordinates": [ [ [ -64.27211, -31.33905 ], [ -64.2721, -31.34079 ], [ -64.26986, -31.34082 ], [ -64.26897, -31.34311 ], [ -64.27342, -31.34455 ], [ -64.27342, -31.33903 ], [ -64.27211, -31.33905 ] ] ] } },
{ "type": "Feature", "properties": { "indice_acceso": 0.603 }, "geometry": { "type": "Polygon", "coordinates": [ [ [ -64.26713, -31.33496 ], [ -64.2671, -31.34009 ], [ -64.2683, -31.34034 ], [ -64.26828, -31.33911 ], [ -64.27097, -31.33904 ], [ -64.271, -31.33444 ], [ -64.26713, -31.33496 ] ] ] } },
{ "type": "Feature", "properties": { "indice_acceso": 0.596 }, "geometry": { "type": "Polygon", "coordinates": [ [ [ -64.2671, -31.34009 ], [ -64.26711, -31.34251 ], [ -64.26897, -31.34311 ], [ -64.26986, -31.34082 ], [ -64.2705, -31.34081 ], [ -64.27051, -31.33904 ], [ -64.26828, -31.33911 ], [ -64.2683, -31.34034 ], [ -64.2671, -31.34009 ] ] ] } },
{ "type": "Feature", "properties": { "indice_acceso": 0.597 }, "geometry": { "type": "Polygon", "coordinates": [ [ [ -64.26711, -31.34251 ], [ -64.26713, -31.33496 ], [ -64.26493, -31.33511 ], [ -64.26495, -31.3428 ], [ -64.26711, -31.34251 ] ] ] } },
{ "type": "Feature", "properties": { "indice_acceso": 0.607 }, "geometry": { "type": "Polygon", "coordinates": [ [ [ -64.25967, -31.33788 ], [ -64.26319, -31.34243 ], [ -64.26495, -31.3428 ], [ -64.26493, -31.33511 ], [ -64.25967, -31.33788 ] ] ] } },
{ "type": "Feature", "properties": { "indice_acceso": 0.6 }, "geometry": { "type": "Polygon", "coordinates": [ [ [ -64.26387, -31.34259 ], [ -64.26439, -31.34775 ], [ -64.26879, -31.34745 ], [ -64.26847, -31.34366 ], [ -64.26897, -31.34311 ], [ -64.26711, -31.34251 ], [ -64.26565, -31.34294 ], [ -64.26387, -31.34259 ] ] ] } },
{ "type": "Feature", "properties": { "indice_acceso": 0.581 }, "geometry": { "type": "Polygon", "coordinates": [ [ [ -64.26879, -31.34745 ], [ -64.27759, -31.34692 ], [ -64.27765, -31.34574 ], [ -64.26897, -31.34311 ], [ -64.26847, -31.34366 ], [ -64.26879, -31.34745 ] ] ] } },
{ "type": "Feature", "properties": { "indice_acceso": 0.581 }, "geometry": { "type": "Polygon", "coordinates": [ [ [ -64.27759, -31.34692 ], [ -64.2824, -31.34653 ], [ -64.28496, -31.34544 ], [ -64.28494, -31.34322 ], [ -64.28392, -31.34369 ], [ -64.28392, -31.34259 ], [ -64.27761, -31.34262 ], [ -64.27759, -31.34692 ] ] ] } },
{ "type": "Feature", "properties": { "indice_acceso": 0.583 }, "geometry": { "type": "Polygon", "coordinates": [ [ [ -64.28871, -31.34312 ], [ -64.28838, -31.34286 ], [ -64.28834, -31.34198 ], [ -64.28603, -31.34197 ], [ -64.28603, -31.34317 ], [ -64.28494, -31.34322 ], [ -64.28496, -31.34544 ], [ -64.28302, -31.34638 ], [ -64.28111, -31.3467 ], [ -64.28167, -31.34768 ], [ -64.28669, -31.34702 ], [ -64.2872, -31.34636 ], [ -64.28815, -31.34597 ], [ -64.28901, -31.34623 ], [ -64.29001, -31.34606 ], [ -64.29045, -31.34502 ], [ -64.29039, -31.3416 ], [ -64.28871, -31.34312 ] ] ] } },
{ "type": "Feature", "properties": { "indice_acceso": 0.572 }, "geometry": { "type": "Polygon", "coordinates": [ [ [ -64.27111, -31.35197 ], [ -64.27211, -31.35173 ], [ -64.2733, -31.35221 ], [ -64.27766, -31.35122 ], [ -64.27869, -31.35065 ], [ -64.27953, -31.3497 ], [ -64.27996, -31.34856 ], [ -64.28167, -31.34768 ], [ -64.28111, -31.3467 ], [ -64.27068, -31.34734 ], [ -64.27111, -31.35197 ] ] ] } },
{ "type": "Feature", "properties": { "indice_acceso": 0.611 }, "geometry": { "type": "Polygon", "coordinates": [ [ [ -64.30752, -31.32363 ], [ -64.30633, -31.32499 ], [ -64.30558, -31.32675 ], [ -64.3056, -31.32818 ], [ -64.30513, -31.32951 ], [ -64.30238, -31.33156 ], [ -64.29848, -31.33564 ], [ -64.29579, -31.3371 ], [ -64.2937, -31.33786 ], [ -64.29283, -31.33858 ], [ -64.29256, -31.33984 ], [ -64.2918, -31.34119 ], [ -64.29335, -31.34152 ], [ -64.29343, -31.34234 ], [ -64.29538, -31.34356 ], [ -64.29597, -31.34608 ], [ -64.29753, -31.34495 ], [ -64.29859, -31.34505 ], [ -64.29836, -31.34364 ], [ -64.29951, -31.3429 ], [ -64.2996, -31.34242 ], [ -64.30086, -31.341 ], [ -64.30092, -31.34003 ], [ -64.30253, -31.33799 ], [ -64.3035, -31.3379 ], [ -64.30436, -31.33921 ], [ -64.30477, -31.33931 ], [ -64.30488, -31.33584 ], [ -64.30592, -31.33585 ], [ -64.30587, -31.33663 ], [ -64.31002, -31.33659 ], [ -64.31007, -31.3228 ], [ -64.30752, -31.32363 ] ] ] } },
{ "type": "Feature", "properties": { "indice_acceso": 0.602 }, "geometry": { "type": "Polygon", "coordinates": [ [ [ -64.30477, -31.33931 ], [ -64.30436, -31.33921 ], [ -64.3035, -31.3379 ], [ -64.30253, -31.33799 ], [ -64.30092, -31.34003 ], [ -64.30086, -31.341 ], [ -64.2996, -31.34242 ], [ -64.29951, -31.3429 ], [ -64.29836, -31.34364 ], [ -64.29859, -31.34505 ], [ -64.29753, -31.34495 ], [ -64.29597, -31.34608 ], [ -64.29764, -31.34745 ], [ -64.31008, -31.3502 ], [ -64.31002, -31.33659 ], [ -64.30587, -31.33663 ], [ -64.30592, -31.33585 ], [ -64.30488, -31.33584 ], [ -64.30477, -31.33931 ] ] ] } },
{ "type": "Feature", "properties": { "indice_acceso": 0.576 }, "geometry": { "type": "Polygon", "coordinates": [ [ [ -64.28815, -31.34597 ], [ -64.2872, -31.34636 ], [ -64.28669, -31.34702 ], [ -64.28167, -31.34768 ], [ -64.28198, -31.34819 ], [ -64.28158, -31.3492 ], [ -64.28187, -31.35013 ], [ -64.28166, -31.35145 ], [ -64.28327, -31.35454 ], [ -64.28268, -31.35469 ], [ -64.28293, -31.35547 ], [ -64.28366, -31.35611 ], [ -64.28389, -31.35692 ], [ -64.2851, -31.35778 ], [ -64.28508, -31.35814 ], [ -64.28581, -31.35887 ], [ -64.2865, -31.35871 ], [ -64.28653, -31.35992 ], [ -64.28717, -31.35952 ], [ -64.28777, -31.3555 ], [ -64.28986, -31.35323 ], [ -64.28992, -31.34999 ], [ -64.29062, -31.34944 ], [ -64.29172, -31.35009 ], [ -64.29233, -31.3511 ], [ -64.29345, -31.35123 ], [ -64.29497, -31.35214 ], [ -64.29636, -31.3521 ], [ -64.29719, -31.35309 ], [ -64.29838, -31.35277 ], [ -64.29985, -31.35187 ], [ -64.29724, -31.34998 ], [ -64.29542, -31.34819 ], [ -64.29499, -31.34692 ], [ -64.29597, -31.34608 ], [ -64.29538, -31.34356 ], [ -64.29343, -31.34234 ], [ -64.29335, -31.34152 ], [ -64.2918, -31.34119 ], [ -64.29187, -31.34298 ], [ -64.2911, -31.34509 ], [ -64.29001, -31.34606 ], [ -64.28901, -31.34623 ], [ -64.28815, -31.34597 ] ] ] } },
{ "type": "Feature", "properties": { "indice_acceso": 0.608 }, "geometry": { "type": "Polygon", "coordinates": [ [ [ -64.29986, -31.3517 ], [ -64.29887, -31.35239 ], [ -64.29933, -31.35308 ], [ -64.29821, -31.35408 ], [ -64.29948, -31.35416 ], [ -64.30015, -31.35452 ], [ -64.30228, -31.35689 ], [ -64.30376, -31.35953 ], [ -64.30366, -31.36074 ], [ -64.30526, -31.36286 ], [ -64.30579, -31.36465 ], [ -64.30638, -31.36532 ], [ -64.31009, -31.36293 ], [ -64.31008, -31.3502 ], [ -64.29764, -31.34745 ], [ -64.29597, -31.34608 ], [ -64.29508, -31.34672 ], [ -64.29508, -31.3474 ], [ -64.29542, -31.34819 ], [ -64.29724, -31.34998 ], [ -64.29986, -31.3517 ] ] ] } },
{ "type": "Feature", "properties": { "indice_acceso": 0.572 }, "geometry": { "type": "Polygon", "coordinates": [ [ [ -64.28998, -31.35288 ], [ -64.28962, -31.35375 ], [ -64.28777, -31.3555 ], [ -64.28717, -31.35952 ], [ -64.28648, -31.36025 ], [ -64.28674, -31.37363 ], [ -64.28643, -31.37389 ], [ -64.29028, -31.37752 ], [ -64.28641, -31.38074 ], [ -64.29377, -31.38844 ], [ -64.29612, -31.39476 ], [ -64.30062, -31.39401 ], [ -64.31011, -31.39376 ], [ -64.31009, -31.36293 ], [ -64.30638, -31.36532 ], [ -64.30579, -31.36465 ], [ -64.30526, -31.36286 ], [ -64.30366, -31.36074 ], [ -64.30376, -31.35953 ], [ -64.30228, -31.35689 ], [ -64.30015, -31.35452 ], [ -64.29948, -31.35416 ], [ -64.29821, -31.35408 ], [ -64.29914, -31.35338 ], [ -64.29933, -31.35277 ], [ -64.29892, -31.35251 ], [ -64.29719, -31.35309 ], [ -64.29636, -31.3521 ], [ -64.29497, -31.35214 ], [ -64.29345, -31.35123 ], [ -64.29233, -31.3511 ], [ -64.29172, -31.35009 ], [ -64.29089, -31.34947 ], [ -64.28992, -31.34999 ], [ -64.28998, -31.35288 ] ] ] } },
{ "type": "Feature", "properties": { "indice_acceso": 0.545 }, "geometry": { "type": "Polygon", "coordinates": [ [ [ -64.27929, -31.35982 ], [ -64.27999, -31.36021 ], [ -64.28108, -31.36186 ], [ -64.28139, -31.36328 ], [ -64.28101, -31.36484 ], [ -64.28321, -31.36719 ], [ -64.28323, -31.36981 ], [ -64.28653, -31.36978 ], [ -64.2865, -31.35871 ], [ -64.28581, -31.35887 ], [ -64.28508, -31.35814 ], [ -64.2851, -31.35778 ], [ -64.28389, -31.35692 ], [ -64.28366, -31.35611 ], [ -64.28293, -31.35547 ], [ -64.28268, -31.35469 ], [ -64.28327, -31.35454 ], [ -64.28166, -31.35145 ], [ -64.28183, -31.34796 ], [ -64.28042, -31.3486 ], [ -64.27998, -31.3497 ], [ -64.27788, -31.35137 ], [ -64.27796, -31.35186 ], [ -64.27905, -31.35278 ], [ -64.2791, -31.35682 ], [ -64.27751, -31.35696 ], [ -64.27754, -31.35764 ], [ -64.27929, -31.35982 ] ] ] } },
{ "type": "Feature", "properties": { "indice_acceso": 0.551 }, "geometry": { "type": "Polygon", "coordinates": [ [ [ -64.27789, -31.37279 ], [ -64.27788, -31.37401 ], [ -64.27718, -31.37632 ], [ -64.28148, -31.37626 ], [ -64.28146, -31.3709 ], [ -64.28323, -31.36981 ], [ -64.28321, -31.36719 ], [ -64.28101, -31.36484 ], [ -64.28017, -31.36595 ], [ -64.27738, -31.36804 ], [ -64.27692, -31.36901 ], [ -64.27693, -31.36994 ], [ -64.27789, -31.37279 ] ] ] } },
{ "type": "Feature", "properties": { "indice_acceso": 0.547 }, "geometry": { "type": "Polygon", "coordinates": [ [ [ -64.27005, -31.36158 ], [ -64.2707, -31.36497 ], [ -64.27073, -31.36787 ], [ -64.27015, -31.37117 ], [ -64.26949, -31.37164 ], [ -64.27067, -31.37213 ], [ -64.26789, -31.37851 ], [ -64.26572, -31.37852 ], [ -64.2654, -31.37911 ], [ -64.26625, -31.38611 ], [ -64.26924, -31.3861 ], [ -64.26948, -31.38661 ], [ -64.26938, -31.38107 ], [ -64.27183, -31.38098 ], [ -64.27181, -31.38057 ], [ -64.27405, -31.38037 ], [ -64.27624, -31.38049 ], [ -64.27656, -31.3786 ], [ -64.2772, -31.37851 ], [ -64.27702, -31.37706 ], [ -64.27791, -31.37332 ], [ -64.27692, -31.36901 ], [ -64.27738, -31.36804 ], [ -64.2807, -31.36537 ], [ -64.28126, -31.36418 ], [ -64.28134, -31.36271 ], [ -64.28092, -31.36153 ], [ -64.27964, -31.3599 ], [ -64.27894, -31.3601 ], [ -64.27737, -31.35926 ], [ -64.27588, -31.35987 ], [ -64.2738, -31.36012 ], [ -64.27005, -31.36158 ] ] ] } },
{ "type": "Feature", "properties": { "indice_acceso": 0.539 }, "geometry": { "type": "Polygon", "coordinates": [ [ [ -64.27284, -31.35218 ], [ -64.27197, -31.35174 ], [ -64.2681, -31.35267 ], [ -64.26583, -31.35403 ], [ -64.26369, -31.35687 ], [ -64.26168, -31.35755 ], [ -64.2604, -31.35736 ], [ -64.25921, -31.35856 ], [ -64.25896, -31.35921 ], [ -64.2591, -31.36063 ], [ -64.26093, -31.36306 ], [ -64.26151, -31.36471 ], [ -64.26123, -31.36815 ], [ -64.26036, -31.36917 ], [ -64.26057, -31.36992 ], [ -64.2631, -31.36813 ], [ -64.26518, -31.3681 ], [ -64.26541, -31.37112 ], [ -64.27023, -31.37083 ], [ -64.27073, -31.36787 ], [ -64.27072, -31.36534 ], [ -64.27011, -31.36148 ], [ -64.27334, -31.36018 ], [ -64.27588, -31.35987 ], [ -64.27728, -31.35927 ], [ -64.27894, -31.3601 ], [ -64.27964, -31.3599 ], [ -64.27929, -31.35982 ], [ -64.27754, -31.35764 ], [ -64.27751, -31.35696 ], [ -64.2791, -31.35682 ], [ -64.27905, -31.35278 ], [ -64.27796, -31.35186 ], [ -64.27788, -31.35137 ], [ -64.27998, -31.3497 ], [ -64.28042, -31.3486 ], [ -64.28183, -31.34796 ], [ -64.28167, -31.34768 ], [ -64.27996, -31.34856 ], [ -64.27953, -31.3497 ], [ -64.27821, -31.351 ], [ -64.27284, -31.35218 ] ] ] } },
{ "type": "Feature", "properties": { "indice_acceso": 0.56 }, "geometry": { "type": "Polygon", "coordinates": [ [ [ -64.2631, -31.36813 ], [ -64.26057, -31.36992 ], [ -64.2626, -31.37852 ], [ -64.26789, -31.37851 ], [ -64.27067, -31.37213 ], [ -64.26949, -31.37164 ], [ -64.27004, -31.37135 ], [ -64.27023, -31.37083 ], [ -64.26541, -31.37112 ], [ -64.26517, -31.3681 ], [ -64.2631, -31.36813 ] ] ] } },
{ "type": "Feature", "properties": { "indice_acceso": 0.573 }, "geometry": { "type": "Polygon", "coordinates": [ [ [ -64.27181, -31.38057 ], [ -64.27183, -31.38098 ], [ -64.26938, -31.38107 ], [ -64.26941, -31.38422 ], [ -64.26983, -31.38422 ], [ -64.26984, -31.38447 ], [ -64.27201, -31.38424 ], [ -64.27316, -31.38637 ], [ -64.27576, -31.38436 ], [ -64.27862, -31.38678 ], [ -64.27977, -31.38583 ], [ -64.27632, -31.38244 ], [ -64.27639, -31.37954 ], [ -64.27688, -31.37874 ], [ -64.27656, -31.3786 ], [ -64.27631, -31.37919 ], [ -64.27624, -31.38049 ], [ -64.27181, -31.38057 ] ] ] } },
{ "type": "Feature", "properties": { "indice_acceso": 0.58 }, "geometry": { "type": "Polygon", "coordinates": [ [ [ -64.28146, -31.3709 ], [ -64.28148, -31.37626 ], [ -64.27718, -31.37632 ], [ -64.27711, -31.37657 ], [ -64.27697, -31.37814 ], [ -64.2772, -31.37851 ], [ -64.27643, -31.37935 ], [ -64.27632, -31.38244 ], [ -64.28001, -31.38604 ], [ -64.27555, -31.38977 ], [ -64.27712, -31.39121 ], [ -64.27693, -31.39186 ], [ -64.27795, -31.39442 ], [ -64.27576, -31.39608 ], [ -64.27568, -31.39668 ], [ -64.28504, -31.3975 ], [ -64.28513, -31.39619 ], [ -64.29356, -31.39564 ], [ -64.29386, -31.396 ], [ -64.29636, -31.39544 ], [ -64.29377, -31.38844 ], [ -64.28641, -31.38074 ], [ -64.29028, -31.37752 ], [ -64.28643, -31.37389 ], [ -64.28674, -31.37363 ], [ -64.28653, -31.36978 ], [ -64.28323, -31.36981 ], [ -64.28146, -31.3709 ] ] ] } },
{ "type": "Feature", "properties": { "indice_acceso": 0.581 }, "geometry": { "type": "Polygon", "coordinates": [ [ [ -64.27286, -31.38818 ], [ -64.27386, -31.38802 ], [ -64.27464, -31.38961 ], [ -64.27423, -31.38976 ], [ -64.27516, -31.3901 ], [ -64.28001, -31.38604 ], [ -64.27977, -31.38583 ], [ -64.27836, -31.38671 ], [ -64.27576, -31.38436 ], [ -64.27283, -31.38649 ], [ -64.27286, -31.38818 ] ] ] } },
{ "type": "Feature", "properties": { "indice_acceso": 0.584 }, "geometry": { "type": "Polygon", "coordinates": [ [ [ -64.26948, -31.38661 ], [ -64.27132, -31.38658 ], [ -64.27137, -31.38822 ], [ -64.27286, -31.38818 ], [ -64.27283, -31.38649 ], [ -64.27316, -31.38637 ], [ -64.27201, -31.38424 ], [ -64.26984, -31.38447 ], [ -64.26983, -31.38422 ], [ -64.26941, -31.38422 ], [ -64.26948, -31.38661 ] ] ] } },
{ "type": "Feature", "properties": { "indice_acceso": 0.588 }, "geometry": { "type": "Polygon", "coordinates": [ [ [ -64.26937, -31.38986 ], [ -64.27464, -31.38961 ], [ -64.27386, -31.38802 ], [ -64.27137, -31.38822 ], [ -64.27132, -31.38658 ], [ -64.26926, -31.38661 ], [ -64.26937, -31.38986 ] ] ] } },
{ "type": "Feature", "properties": { "indice_acceso": 0.583 }, "geometry": { "type": "Polygon", "coordinates": [ [ [ -64.26576, -31.39127 ], [ -64.2662, -31.392 ], [ -64.26755, -31.3926 ], [ -64.2668, -31.39357 ], [ -64.26655, -31.39462 ], [ -64.26684, -31.39524 ], [ -64.26847, -31.3952 ], [ -64.26993, -31.39472 ], [ -64.27044, -31.3953 ], [ -64.27019, -31.39701 ], [ -64.27136, -31.39685 ], [ -64.27219, -31.39624 ], [ -64.27419, -31.39654 ], [ -64.27414, -31.39703 ], [ -64.27467, -31.39747 ], [ -64.27555, -31.39758 ], [ -64.27576, -31.39608 ], [ -64.27795, -31.39442 ], [ -64.27693, -31.39186 ], [ -64.27712, -31.39121 ], [ -64.27555, -31.38977 ], [ -64.27516, -31.3901 ], [ -64.27423, -31.38976 ], [ -64.26937, -31.38986 ], [ -64.26924, -31.3861 ], [ -64.26625, -31.38611 ], [ -64.26535, -31.3799 ], [ -64.26572, -31.37852 ], [ -64.2626, -31.37852 ], [ -64.26576, -31.39127 ] ] ] } },
{ "type": "Feature", "properties": { "indice_acceso": 0.561 }, "geometry": { "type": "Polygon", "coordinates": [ [ [ -64.25086, -31.36838 ], [ -64.25005, -31.36844 ], [ -64.25112, -31.37125 ], [ -64.2515, -31.37128 ], [ -64.2519, -31.37254 ], [ -64.25367, -31.37454 ], [ -64.25484, -31.37708 ], [ -64.25776, -31.38033 ], [ -64.26655, -31.39462 ], [ -64.2667, -31.39461 ], [ -64.2669, -31.39324 ], [ -64.26755, -31.3926 ], [ -64.2662, -31.392 ], [ -64.26576, -31.39127 ], [ -64.26036, -31.36917 ], [ -64.2592, -31.36981 ], [ -64.2573, -31.36997 ], [ -64.25481, -31.36908 ], [ -64.25144, -31.36707 ], [ -64.25086, -31.36838 ] ] ] } },
{ "type": "Feature", "properties": { "indice_acceso": 0.539 }, "geometry": { "type": "Polygon", "coordinates": [ [ [ -64.24012, -31.36256 ], [ -64.23967, -31.36383 ], [ -64.24062, -31.36755 ], [ -64.24309, -31.37163 ], [ -64.24246, -31.37538 ], [ -64.24323, -31.37578 ], [ -64.24768, -31.3749 ], [ -64.24927, -31.37508 ], [ -64.24967, -31.37636 ], [ -64.24955, -31.37819 ], [ -64.25005, -31.3783 ], [ -64.25196, -31.38197 ], [ -64.25334, -31.38029 ], [ -64.25484, -31.37708 ], [ -64.25367, -31.37454 ], [ -64.2519, -31.37254 ], [ -64.2515, -31.37128 ], [ -64.25112, -31.37125 ], [ -64.25005, -31.36844 ], [ -64.25086, -31.36838 ], [ -64.25092, -31.36773 ], [ -64.25144, -31.36707 ], [ -64.24997, -31.36516 ], [ -64.24718, -31.36318 ], [ -64.24414, -31.36182 ], [ -64.2423, -31.36177 ], [ -64.24012, -31.36256 ] ] ] } },
{ "type": "Feature", "properties": { "indice_acceso": 0.577 }, "geometry": { "type": "Polygon", "coordinates": [ [ [ -64.2536, -31.38578 ], [ -64.25572, -31.38547 ], [ -64.25914, -31.38404 ], [ -64.26041, -31.38631 ], [ -64.26126, -31.38598 ], [ -64.25723, -31.37958 ], [ -64.25484, -31.37708 ], [ -64.25334, -31.38029 ], [ -64.25164, -31.38226 ], [ -64.2536, -31.38578 ] ] ] } },
{ "type": "Feature", "properties": { "indice_acceso": 0.599 }, "geometry": { "type": "Polygon", "coordinates": [ [ [ -64.25502, -31.38868 ], [ -64.26041, -31.38631 ], [ -64.25914, -31.38404 ], [ -64.25572, -31.38547 ], [ -64.2536, -31.38578 ], [ -64.25502, -31.38868 ] ] ] } },
{ "type": "Feature", "properties": { "indice_acceso": 0.573 }, "geometry": { "type": "Polygon", "coordinates": [ [ [ -64.26287, -31.39477 ], [ -64.25954, -31.39422 ], [ -64.25784, -31.39452 ], [ -64.25956, -31.39805 ], [ -64.26547, -31.39525 ], [ -64.26684, -31.39524 ], [ -64.26126, -31.38598 ], [ -64.25847, -31.38713 ], [ -64.26287, -31.39477 ] ] ] } },
{ "type": "Feature", "properties": { "indice_acceso": 0.582 }, "geometry": { "type": "Polygon", "coordinates": [ [ [ -64.26123, -31.40146 ], [ -64.26652, -31.39524 ], [ -64.26547, -31.39525 ], [ -64.25956, -31.39805 ], [ -64.26123, -31.40146 ] ] ] } },
{ "type": "Feature", "properties": { "indice_acceso": 0.563 }, "geometry": { "type": "Polygon", "coordinates": [ [ [ -64.26211, -31.4027 ], [ -64.26313, -31.40161 ], [ -64.26836, -31.40058 ], [ -64.26763, -31.39879 ], [ -64.26684, -31.39524 ], [ -64.2655, -31.39617 ], [ -64.26059, -31.40213 ], [ -64.26211, -31.4027 ] ] ] } },
{ "type": "Feature", "properties": { "indice_acceso": 0.626 }, "geometry": { "type": "Polygon", "coordinates": [ [ [ -64.25317, -31.34177 ], [ -64.25275, -31.34277 ], [ -64.25502, -31.34138 ], [ -64.25831, -31.3454 ], [ -64.25861, -31.34544 ], [ -64.26092, -31.345 ], [ -64.26319, -31.34243 ], [ -64.25967, -31.33788 ], [ -64.25317, -31.34177 ] ] ] } },
{ "type": "Feature", "properties": { "indice_acceso": 0.649 }, "geometry": { "type": "Polygon", "coordinates": [ [ [ -64.24416, -31.34759 ], [ -64.24748, -31.35144 ], [ -64.25275, -31.34277 ], [ -64.25317, -31.34177 ], [ -64.24416, -31.34759 ] ] ] } },
{ "type": "Feature", "properties": { "indice_acceso": 0.635 }, "geometry": { "type": "Polygon", "coordinates": [ [ [ -64.24295, -31.35272 ], [ -64.24401, -31.35175 ], [ -64.24542, -31.3534 ], [ -64.24748, -31.35144 ], [ -64.24416, -31.34759 ], [ -64.24076, -31.34993 ], [ -64.24295, -31.35272 ] ] ] } },
{ "type": "Feature", "properties": { "indice_acceso": 0.643 }, "geometry": { "type": "Polygon", "coordinates": [ [ [ -64.24034, -31.35611 ], [ -64.24147, -31.35713 ], [ -64.24542, -31.3534 ], [ -64.24401, -31.35175 ], [ -64.24295, -31.35272 ], [ -64.24076, -31.34993 ], [ -64.23959, -31.35075 ], [ -64.23991, -31.35114 ], [ -64.23957, -31.35137 ], [ -64.24038, -31.35208 ], [ -64.24034, -31.35611 ] ] ] } },
{ "type": "Feature", "properties": { "indice_acceso": 0.642 }, "geometry": { "type": "Polygon", "coordinates": [ [ [ -64.24295, -31.35696 ], [ -64.24436, -31.35612 ], [ -64.25221, -31.3497 ], [ -64.25207, -31.34387 ], [ -64.24742, -31.35155 ], [ -64.24119, -31.35749 ], [ -64.24295, -31.35696 ] ] ] } },
{ "type": "Feature", "properties": { "indice_acceso": 0.633 }, "geometry": { "type": "Polygon", "coordinates": [ [ [ -64.25221, -31.3497 ], [ -64.2547, -31.34866 ], [ -64.25729, -31.34817 ], [ -64.25754, -31.3454 ], [ -64.25831, -31.3454 ], [ -64.2551, -31.34143 ], [ -64.25275, -31.34277 ], [ -64.25207, -31.34387 ], [ -64.25221, -31.3497 ] ] ] } },
{ "type": "Feature", "properties": { "indice_acceso": 0.615 }, "geometry": { "type": "Polygon", "coordinates": [ [ [ -64.25754, -31.3454 ], [ -64.25729, -31.34817 ], [ -64.26439, -31.34775 ], [ -64.26387, -31.34259 ], [ -64.26302, -31.3424 ], [ -64.26274, -31.34314 ], [ -64.26092, -31.345 ], [ -64.25965, -31.34538 ], [ -64.25754, -31.3454 ] ] ] } },
{ "type": "Feature", "properties": { "indice_acceso": 0.607 }, "geometry": { "type": "Polygon", "coordinates": [ [ [ -64.25876, -31.35354 ], [ -64.26124, -31.35231 ], [ -64.26087, -31.34974 ], [ -64.2697, -31.34919 ], [ -64.26954, -31.34741 ], [ -64.25532, -31.34849 ], [ -64.25876, -31.35354 ] ] ] } },
{ "type": "Feature", "properties": { "indice_acceso": 0.647 }, "geometry": { "type": "Polygon", "coordinates": [ [ [ -64.25029, -31.35513 ], [ -64.25222, -31.35439 ], [ -64.25516, -31.35392 ], [ -64.25795, -31.35235 ], [ -64.25532, -31.34849 ], [ -64.2547, -31.34866 ], [ -64.25193, -31.34986 ], [ -64.24907, -31.35209 ], [ -64.25029, -31.35513 ] ] ] } },
{ "type": "Feature", "properties": { "indice_acceso": 0.656 }, "geometry": { "type": "Polygon", "coordinates": [ [ [ -64.24044, -31.35974 ], [ -64.24039, -31.36093 ], [ -64.24451, -31.35942 ], [ -64.25129, -31.35759 ], [ -64.24907, -31.35209 ], [ -64.24436, -31.35612 ], [ -64.24117, -31.35763 ], [ -64.242, -31.35915 ], [ -64.24044, -31.35974 ] ] ] } },
{ "type": "Feature", "properties": { "indice_acceso": 0.653 }, "geometry": { "type": "Polygon", "coordinates": [ [ [ -64.24039, -31.36093 ], [ -64.23995, -31.36202 ], [ -64.24012, -31.36256 ], [ -64.242, -31.36178 ], [ -64.24414, -31.36182 ], [ -64.24838, -31.36393 ], [ -64.24972, -31.36179 ], [ -64.25263, -31.36096 ], [ -64.25129, -31.35759 ], [ -64.24039, -31.36093 ] ] ] } },
{ "type": "Feature", "properties": { "indice_acceso": 0.647 }, "geometry": { "type": "Polygon", "coordinates": [ [ [ -64.25176, -31.35877 ], [ -64.25691, -31.35729 ], [ -64.26021, -31.35566 ], [ -64.25795, -31.35235 ], [ -64.25516, -31.35392 ], [ -64.25222, -31.35439 ], [ -64.25029, -31.35513 ], [ -64.25176, -31.35877 ] ] ] } },
{ "type": "Feature", "properties": { "indice_acceso": 0.585 }, "geometry": { "type": "Polygon", "coordinates": [ [ [ -64.26151, -31.35757 ], [ -64.26369, -31.35687 ], [ -64.26604, -31.35384 ], [ -64.2681, -31.35267 ], [ -64.27111, -31.35197 ], [ -64.27068, -31.34734 ], [ -64.26954, -31.34741 ], [ -64.2697, -31.34919 ], [ -64.26087, -31.34974 ], [ -64.26124, -31.35231 ], [ -64.25876, -31.35354 ], [ -64.26151, -31.35757 ] ] ] } },
{ "type": "Feature", "properties": { "indice_acceso": 0.61 }, "geometry": { "type": "Polygon", "coordinates": [ [ [ -64.25481, -31.35787 ], [ -64.25838, -31.36685 ], [ -64.25538, -31.36773 ], [ -64.25614, -31.36962 ], [ -64.25831, -31.37 ], [ -64.26051, -31.36909 ], [ -64.26123, -31.36815 ], [ -64.26153, -31.36507 ], [ -64.26135, -31.36408 ], [ -64.26093, -31.36306 ], [ -64.25922, -31.36093 ], [ -64.25896, -31.35921 ], [ -64.26029, -31.35743 ], [ -64.26151, -31.35757 ], [ -64.26021, -31.35566 ], [ -64.25672, -31.35734 ], [ -64.25481, -31.35787 ] ] ] } },
{ "type": "Feature", "properties": { "indice_acceso": 0.638 }, "geometry": { "type": "Polygon", "coordinates": [ [ [ -64.25838, -31.36685 ], [ -64.25481, -31.35787 ], [ -64.25176, -31.35877 ], [ -64.25538, -31.36773 ], [ -64.25838, -31.36685 ] ] ] } },
{ "type": "Feature", "properties": { "indice_acceso": 0.632 }, "geometry": { "type": "Polygon", "coordinates": [ [ [ -64.25263, -31.36096 ], [ -64.24972, -31.36179 ], [ -64.24838, -31.36393 ], [ -64.25025, -31.36544 ], [ -64.25111, -31.36683 ], [ -64.25614, -31.36962 ], [ -64.25263, -31.36096 ] ] ] } },
{ "type": "Feature", "properties": { "indice_acceso": 0.641 }, "geometry": { "type": "Polygon", "coordinates": [ [ [ -64.23477, -31.35724 ], [ -64.23511, -31.35709 ], [ -64.23637, -31.35918 ], [ -64.23927, -31.35797 ], [ -64.23993, -31.35836 ], [ -64.24083, -31.35774 ], [ -64.24145, -31.35804 ], [ -64.24113, -31.35772 ], [ -64.24147, -31.35713 ], [ -64.24034, -31.35611 ], [ -64.24038, -31.35208 ], [ -64.23957, -31.35137 ], [ -64.23991, -31.35114 ], [ -64.23959, -31.35075 ], [ -64.23344, -31.35501 ], [ -64.23477, -31.35724 ] ] ] } },
{ "type": "Feature", "properties": { "indice_acceso": 0.669 }, "geometry": { "type": "Polygon", "coordinates": [ [ [ -64.23269, -31.36078 ], [ -64.23637, -31.35918 ], [ -64.23344, -31.35501 ], [ -64.23056, -31.35718 ], [ -64.23269, -31.36078 ] ] ] } },
{ "type": "Feature", "properties": { "indice_acceso": 0.697 }, "geometry": { "type": "Polygon", "coordinates": [ [ [ -64.22921, -31.36228 ], [ -64.23269, -31.36078 ], [ -64.23048, -31.35704 ], [ -64.22737, -31.35921 ], [ -64.22921, -31.36228 ] ] ] } },
{ "type": "Feature", "properties": { "indice_acceso": 0.743 }, "geometry": { "type": "Polygon", "coordinates": [ [ [ -64.22035, -31.36461 ], [ -64.22034, -31.36586 ], [ -64.22065, -31.36636 ], [ -64.221, -31.36586 ], [ -64.22921, -31.36228 ], [ -64.22737, -31.35921 ], [ -64.21976, -31.36444 ], [ -64.22035, -31.36461 ] ] ] } },
{ "type": "Feature", "properties": { "indice_acceso": 0.722 }, "geometry": { "type": "Polygon", "coordinates": [ [ [ -64.22515, -31.36808 ], [ -64.22274, -31.36702 ], [ -64.22185, -31.36547 ], [ -64.22073, -31.36604 ], [ -64.22065, -31.36636 ], [ -64.22191, -31.37188 ], [ -64.22361, -31.37224 ], [ -64.22515, -31.36808 ] ] ] } },
{ "type": "Feature", "properties": { "indice_acceso": 0.687 }, "geometry": { "type": "Polygon", "coordinates": [ [ [ -64.22511, -31.37776 ], [ -64.22895, -31.37341 ], [ -64.22191, -31.37188 ], [ -64.22373, -31.37936 ], [ -64.22511, -31.37776 ] ] ] } },
{ "type": "Feature", "properties": { "indice_acceso": 0.685 }, "geometry": { "type": "Polygon", "coordinates": [ [ [ -64.23123, -31.37078 ], [ -64.22515, -31.36808 ], [ -64.22361, -31.37224 ], [ -64.22895, -31.37341 ], [ -64.23123, -31.37078 ] ] ] } },
{ "type": "Feature", "properties": { "indice_acceso": 0.727 }, "geometry": { "type": "Polygon", "coordinates": [ [ [ -64.22274, -31.36702 ], [ -64.22633, -31.3686 ], [ -64.22625, -31.36595 ], [ -64.22649, -31.36609 ], [ -64.22686, -31.36569 ], [ -64.22629, -31.36534 ], [ -64.22619, -31.36359 ], [ -64.22185, -31.36547 ], [ -64.22274, -31.36702 ] ] ] } },
{ "type": "Feature", "properties": { "indice_acceso": 0.7 }, "geometry": { "type": "Polygon", "coordinates": [ [ [ -64.22959, -31.36748 ], [ -64.23216, -31.36471 ], [ -64.22876, -31.36248 ], [ -64.22619, -31.36359 ], [ -64.22629, -31.36534 ], [ -64.22959, -31.36748 ] ] ] } },
{ "type": "Feature", "properties": { "indice_acceso": 0.673 }, "geometry": { "type": "Polygon", "coordinates": [ [ [ -64.23478, -31.36641 ], [ -64.23216, -31.36471 ], [ -64.22959, -31.36748 ], [ -64.23068, -31.3682 ], [ -64.23107, -31.3691 ], [ -64.23197, -31.36966 ], [ -64.23478, -31.36641 ] ] ] } },
{ "type": "Feature", "properties": { "indice_acceso": 0.681 }, "geometry": { "type": "Polygon", "coordinates": [ [ [ -64.23124, -31.36411 ], [ -64.23193, -31.36336 ], [ -64.23246, -31.36384 ], [ -64.23418, -31.36248 ], [ -64.23411, -31.36203 ], [ -64.23516, -31.36116 ], [ -64.23405, -31.36018 ], [ -64.22876, -31.36248 ], [ -64.23124, -31.36411 ] ] ] } },
{ "type": "Feature", "properties": { "indice_acceso": 0.651 }, "geometry": { "type": "Polygon", "coordinates": [ [ [ -64.23927, -31.35797 ], [ -64.23405, -31.36018 ], [ -64.23714, -31.36291 ], [ -64.23691, -31.36327 ], [ -64.23852, -31.36409 ], [ -64.23914, -31.36345 ], [ -64.23966, -31.36338 ], [ -64.24012, -31.36256 ], [ -64.23995, -31.36202 ], [ -64.24046, -31.36065 ], [ -64.24044, -31.35974 ], [ -64.242, -31.35915 ], [ -64.24145, -31.35804 ], [ -64.24083, -31.35774 ], [ -64.23993, -31.35836 ], [ -64.23927, -31.35797 ] ] ] } },
{ "type": "Feature", "properties": { "indice_acceso": 0.692 }, "geometry": { "type": "Polygon", "coordinates": [ [ [ -64.22625, -31.36595 ], [ -64.22633, -31.3686 ], [ -64.23123, -31.37078 ], [ -64.23211, -31.36974 ], [ -64.23107, -31.3691 ], [ -64.23053, -31.36807 ], [ -64.22686, -31.36569 ], [ -64.22649, -31.36609 ], [ -64.22625, -31.36595 ] ] ] } },
{ "type": "Feature", "properties": { "indice_acceso": 0.66 }, "geometry": { "type": "Polygon", "coordinates": [ [ [ -64.23193, -31.36336 ], [ -64.23124, -31.36411 ], [ -64.23478, -31.36641 ], [ -64.23714, -31.36291 ], [ -64.23516, -31.36116 ], [ -64.23411, -31.36203 ], [ -64.23418, -31.36248 ], [ -64.23246, -31.36384 ], [ -64.23193, -31.36336 ] ] ] } },
{ "type": "Feature", "properties": { "indice_acceso": 0.747 }, "geometry": { "type": "Polygon", "coordinates": [ [ [ -64.21669, -31.3666 ], [ -64.21687, -31.36708 ], [ -64.21747, -31.36699 ], [ -64.21783, -31.36858 ], [ -64.21815, -31.3685 ], [ -64.2189, -31.37193 ], [ -64.22054, -31.37148 ], [ -64.22041, -31.37081 ], [ -64.22159, -31.37057 ], [ -64.22034, -31.36586 ], [ -64.22035, -31.36461 ], [ -64.21976, -31.36444 ], [ -64.21669, -31.3666 ] ] ] } },
{ "type": "Feature", "properties": { "indice_acceso": 0.767 }, "geometry": { "type": "Polygon", "coordinates": [ [ [ -64.21771, -31.37334 ], [ -64.22192, -31.37194 ], [ -64.22159, -31.37057 ], [ -64.22041, -31.37081 ], [ -64.22054, -31.37148 ], [ -64.2189, -31.37193 ], [ -64.21816, -31.36853 ], [ -64.21783, -31.36858 ], [ -64.21747, -31.36699 ], [ -64.21687, -31.36708 ], [ -64.21696, -31.36746 ], [ -64.21636, -31.36756 ], [ -64.21771, -31.37334 ] ] ] } },
{ "type": "Feature", "properties": { "indice_acceso": 0.785 }, "geometry": { "type": "Polygon", "coordinates": [ [ [ -64.21771, -31.37334 ], [ -64.21636, -31.36756 ], [ -64.21696, -31.36746 ], [ -64.21669, -31.3666 ], [ -64.21452, -31.36799 ], [ -64.21595, -31.37392 ], [ -64.21771, -31.37334 ] ] ] } },
{ "type": "Feature", "properties": { "indice_acceso": 0.78 }, "geometry": { "type": "Polygon", "coordinates": [ [ [ -64.21595, -31.37392 ], [ -64.21452, -31.36799 ], [ -64.21038, -31.36941 ], [ -64.21151, -31.37536 ], [ -64.21595, -31.37392 ] ] ] } },
{ "type": "Feature", "properties": { "indice_acceso": 0.818 }, "geometry": { "type": "Polygon", "coordinates": [ [ [ -64.21151, -31.37536 ], [ -64.21038, -31.36941 ], [ -64.209, -31.36983 ], [ -64.21018, -31.37573 ], [ -64.21151, -31.37536 ] ] ] } },
{ "type": "Feature", "properties": { "indice_acceso": 0.797 }, "geometry": { "type": "Polygon", "coordinates": [ [ [ -64.2061, -31.37298 ], [ -64.20746, -31.37278 ], [ -64.20764, -31.37371 ], [ -64.20973, -31.37341 ], [ -64.209, -31.36983 ], [ -64.20595, -31.37067 ], [ -64.2061, -31.37298 ] ] ] } },
{ "type": "Feature", "properties": { "indice_acceso": 0.785 }, "geometry": { "type": "Polygon", "coordinates": [ [ [ -64.20679, -31.37661 ], [ -64.21018, -31.37573 ], [ -64.20973, -31.37341 ], [ -64.20764, -31.37371 ], [ -64.20746, -31.37278 ], [ -64.2061, -31.37298 ], [ -64.20679, -31.37661 ] ] ] } },
{ "type": "Feature", "properties": { "indice_acceso": 0.786 }, "geometry": { "type": "Polygon", "coordinates": [ [ [ -64.2071, -31.37842 ], [ -64.21242, -31.37702 ], [ -64.21201, -31.37523 ], [ -64.20679, -31.37661 ], [ -64.2071, -31.37842 ] ] ] } },
{ "type": "Feature", "properties": { "indice_acceso": 0.775 }, "geometry": { "type": "Polygon", "coordinates": [ [ [ -64.2127, -31.37821 ], [ -64.21242, -31.37702 ], [ -64.2071, -31.37842 ], [ -64.20736, -31.37965 ], [ -64.2127, -31.37821 ] ] ] } },
{ "type": "Feature", "properties": { "indice_acceso": 0.768 }, "geometry": { "type": "Polygon", "coordinates": [ [ [ -64.21629, -31.37743 ], [ -64.21553, -31.37406 ], [ -64.21201, -31.37523 ], [ -64.21265, -31.37803 ], [ -64.21629, -31.37743 ] ] ] } },
{ "type": "Feature", "properties": { "indice_acceso": 0.745 }, "geometry": { "type": "Polygon", "coordinates": [ [ [ -64.21607, -31.37644 ], [ -64.21972, -31.37579 ], [ -64.21909, -31.37288 ], [ -64.21553, -31.37406 ], [ -64.21607, -31.37644 ] ] ] } },
{ "type": "Feature", "properties": { "indice_acceso": 0.714 }, "geometry": { "type": "Polygon", "coordinates": [ [ [ -64.2202, -31.37794 ], [ -64.22313, -31.37744 ], [ -64.22192, -31.37194 ], [ -64.21909, -31.37288 ], [ -64.2202, -31.37794 ] ] ] } },
{ "type": "Feature", "properties": { "indice_acceso": 0.685 }, "geometry": { "type": "Polygon", "coordinates": [ [ [ -64.22335, -31.38274 ], [ -64.22372, -31.38194 ], [ -64.22316, -31.38059 ], [ -64.22323, -31.37991 ], [ -64.22373, -31.37936 ], [ -64.22313, -31.37744 ], [ -64.2202, -31.37794 ], [ -64.22128, -31.38305 ], [ -64.22237, -31.38325 ], [ -64.22335, -31.38274 ] ] ] } },
{ "type": "Feature", "properties": { "indice_acceso": 0.728 }, "geometry": { "type": "Polygon", "coordinates": [ [ [ -64.21629, -31.37743 ], [ -64.21818, -31.37713 ], [ -64.21881, -31.3799 ], [ -64.22056, -31.37964 ], [ -64.21972, -31.37579 ], [ -64.21607, -31.37644 ], [ -64.21629, -31.37743 ] ] ] } },
{ "type": "Feature", "properties": { "indice_acceso": 0.699 }, "geometry": { "type": "Polygon", "coordinates": [ [ [ -64.2174, -31.38231 ], [ -64.22128, -31.38305 ], [ -64.22056, -31.37964 ], [ -64.21881, -31.3799 ], [ -64.21818, -31.37713 ], [ -64.21629, -31.37743 ], [ -64.2174, -31.38231 ] ] ] } },
{ "type": "Feature", "properties": { "indice_acceso": 0.725 }, "geometry": { "type": "Polygon", "coordinates": [ [ [ -64.21228, -31.38029 ], [ -64.21175, -31.38041 ], [ -64.21229, -31.38292 ], [ -64.21165, -31.38309 ], [ -64.21181, -31.38369 ], [ -64.21672, -31.38226 ], [ -64.2174, -31.38231 ], [ -64.21629, -31.37743 ], [ -64.21265, -31.37803 ], [ -64.21324, -31.38068 ], [ -64.21228, -31.38029 ] ] ] } },
{ "type": "Feature", "properties": { "indice_acceso": 0.742 }, "geometry": { "type": "Polygon", "coordinates": [ [ [ -64.20688, -31.38142 ], [ -64.20704, -31.38181 ], [ -64.20766, -31.38138 ], [ -64.21205, -31.38028 ], [ -64.21333, -31.38068 ], [ -64.2127, -31.37821 ], [ -64.20736, -31.37965 ], [ -64.20744, -31.38019 ], [ -64.20688, -31.38142 ] ] ] } },
{ "type": "Feature", "properties": { "indice_acceso": 0.703 }, "geometry": { "type": "Polygon", "coordinates": [ [ [ -64.20939, -31.38088 ], [ -64.20698, -31.38176 ], [ -64.20774, -31.38308 ], [ -64.20711, -31.3853 ], [ -64.21181, -31.38369 ], [ -64.21165, -31.38309 ], [ -64.21229, -31.38292 ], [ -64.21179, -31.38033 ], [ -64.20939, -31.38088 ] ] ] } },
{ "type": "Feature", "properties": { "indice_acceso": 0.779 }, "geometry": { "type": "Polygon", "coordinates": [ [ [ -64.2023, -31.3717 ], [ -64.20301, -31.37403 ], [ -64.20631, -31.37402 ], [ -64.20584, -31.3708 ], [ -64.2023, -31.3717 ] ] ] } },
{ "type": "Feature", "properties": { "indice_acceso": 0.768 }, "geometry": { "type": "Polygon", "coordinates": [ [ [ -64.19897, -31.37425 ], [ -64.20159, -31.37356 ], [ -64.2017, -31.37403 ], [ -64.20301, -31.37403 ], [ -64.2023, -31.3717 ], [ -64.20353, -31.37125 ], [ -64.19943, -31.37231 ], [ -64.19898, -31.37257 ], [ -64.19897, -31.37425 ] ] ] } },
{ "type": "Feature", "properties": { "indice_acceso": 0.752 }, "geometry": { "type": "Polygon", "coordinates": [ [ [ -64.19897, -31.37587 ], [ -64.203, -31.37587 ], [ -64.20301, -31.37492 ], [ -64.20267, -31.37463 ], [ -64.20301, -31.37403 ], [ -64.2017, -31.37403 ], [ -64.20159, -31.37356 ], [ -64.19897, -31.37425 ], [ -64.19897, -31.37587 ] ] ] } },
{ "type": "Feature", "properties": { "indice_acceso": 0.78 }, "geometry": { "type": "Polygon", "coordinates": [ [ [ -64.20301, -31.37403 ], [ -64.20267, -31.37463 ], [ -64.20301, -31.37492 ], [ -64.203, -31.37587 ], [ -64.20665, -31.37587 ], [ -64.20631, -31.37402 ], [ -64.20301, -31.37403 ] ] ] } },
{ "type": "Feature", "properties": { "indice_acceso": 0.764 }, "geometry": { "type": "Polygon", "coordinates": [ [ [ -64.20169, -31.37586 ], [ -64.20169, -31.37704 ], [ -64.20595, -31.37703 ], [ -64.20679, -31.37661 ], [ -64.20665, -31.37587 ], [ -64.20169, -31.37586 ] ] ] } },
{ "type": "Feature", "properties": { "indice_acceso": 0.719 }, "geometry": { "type": "Polygon", "coordinates": [ [ [ -64.19897, -31.37587 ], [ -64.19896, -31.37938 ], [ -64.20033, -31.37939 ], [ -64.20033, -31.37821 ], [ -64.20169, -31.37821 ], [ -64.20169, -31.37586 ], [ -64.19897, -31.37587 ] ] ] } },
{ "type": "Feature", "properties": { "indice_acceso": 0.739 }, "geometry": { "type": "Polygon", "coordinates": [ [ [ -64.20169, -31.37704 ], [ -64.20169, -31.3804 ], [ -64.20595, -31.37703 ], [ -64.20169, -31.37704 ] ] ] } },
{ "type": "Feature", "properties": { "indice_acceso": 0.724 }, "geometry": { "type": "Polygon", "coordinates": [ [ [ -64.20528, -31.38145 ], [ -64.20606, -31.38132 ], [ -64.20632, -31.38242 ], [ -64.20729, -31.38221 ], [ -64.20688, -31.38154 ], [ -64.20744, -31.38019 ], [ -64.20679, -31.37661 ], [ -64.2048, -31.37794 ], [ -64.20319, -31.38044 ], [ -64.20528, -31.38145 ] ] ] } },
{ "type": "Feature", "properties": { "indice_acceso": 0.713 }, "geometry": { "type": "Polygon", "coordinates": [ [ [ -64.2009, -31.38396 ], [ -64.2048, -31.37794 ], [ -64.19853, -31.38291 ], [ -64.2009, -31.38396 ] ] ] } },
{ "type": "Feature", "properties": { "indice_acceso": 0.712 }, "geometry": { "type": "Polygon", "coordinates": [ [ [ -64.20033, -31.37821 ], [ -64.20033, -31.37939 ], [ -64.19896, -31.37938 ], [ -64.19895, -31.38256 ], [ -64.20169, -31.3804 ], [ -64.20168, -31.37821 ], [ -64.20033, -31.37821 ] ] ] } },
{ "type": "Feature", "properties": { "indice_acceso": 0.706 }, "geometry": { "type": "Polygon", "coordinates": [ [ [ -64.20146, -31.38308 ], [ -64.2066, -31.3856 ], [ -64.20711, -31.3853 ], [ -64.20774, -31.38308 ], [ -64.20729, -31.38221 ], [ -64.20632, -31.38242 ], [ -64.20606, -31.38132 ], [ -64.20528, -31.38145 ], [ -64.20319, -31.38044 ], [ -64.20146, -31.38308 ] ] ] } },
{ "type": "Feature", "properties": { "indice_acceso": 0.716 }, "geometry": { "type": "Polygon", "coordinates": [ [ [ -64.20305, -31.38931 ], [ -64.20432, -31.38699 ], [ -64.2066, -31.3856 ], [ -64.20453, -31.38457 ], [ -64.20165, -31.38897 ], [ -64.20312, -31.38963 ], [ -64.20305, -31.38931 ] ] ] } },
{ "type": "Feature", "properties": { "indice_acceso": 0.713 }, "geometry": { "type": "Polygon", "coordinates": [ [ [ -64.2009, -31.38396 ], [ -64.19853, -31.38291 ], [ -64.19679, -31.3843 ], [ -64.19973, -31.38573 ], [ -64.2009, -31.38396 ] ] ] } },
{ "type": "Feature", "properties": { "indice_acceso": 0.728 }, "geometry": { "type": "Polygon", "coordinates": [ [ [ -64.19973, -31.38573 ], [ -64.19679, -31.3843 ], [ -64.19446, -31.3855 ], [ -64.19858, -31.3875 ], [ -64.19973, -31.38573 ] ] ] } },
{ "type": "Feature", "properties": { "indice_acceso": 0.745 }, "geometry": { "type": "Polygon", "coordinates": [ [ [ -64.20165, -31.38897 ], [ -64.2034, -31.38632 ], [ -64.20031, -31.38484 ], [ -64.19858, -31.3875 ], [ -64.20165, -31.38897 ] ] ] } },
{ "type": "Feature", "properties": { "indice_acceso": 0.718 }, "geometry": { "type": "Polygon", "coordinates": [ [ [ -64.2034, -31.38632 ], [ -64.20453, -31.38457 ], [ -64.20146, -31.38308 ], [ -64.20031, -31.38484 ], [ -64.2034, -31.38632 ] ] ] } },
{ "type": "Feature", "properties": { "indice_acceso": 0.73 }, "geometry": { "type": "Polygon", "coordinates": [ [ [ -64.19898, -31.37257 ], [ -64.19943, -31.37231 ], [ -64.19692, -31.37295 ], [ -64.19695, -31.37586 ], [ -64.19827, -31.37587 ], [ -64.19828, -31.37704 ], [ -64.19894, -31.37704 ], [ -64.19898, -31.37257 ] ] ] } },
{ "type": "Feature", "properties": { "indice_acceso": 0.75 }, "geometry": { "type": "Polygon", "coordinates": [ [ [ -64.19694, -31.37703 ], [ -64.19692, -31.37295 ], [ -64.19421, -31.37365 ], [ -64.19423, -31.37703 ], [ -64.19694, -31.37703 ] ] ] } },
{ "type": "Feature", "properties": { "indice_acceso": 0.759 }, "geometry": { "type": "Polygon", "coordinates": [ [ [ -64.19423, -31.37703 ], [ -64.19421, -31.37365 ], [ -64.19044, -31.37494 ], [ -64.18978, -31.37596 ], [ -64.18982, -31.37702 ], [ -64.19423, -31.37703 ] ] ] } },
{ "type": "Feature", "properties": { "indice_acceso": 0.767 }, "geometry": { "type": "Polygon", "coordinates": [ [ [ -64.19031, -31.37946 ], [ -64.19421, -31.37947 ], [ -64.19423, -31.37703 ], [ -64.18982, -31.37703 ], [ -64.19031, -31.37946 ] ] ] } },
{ "type": "Feature", "properties": { "indice_acceso": 0.763 }, "geometry": { "type": "Polygon", "coordinates": [ [ [ -64.19421, -31.37947 ], [ -64.19694, -31.37939 ], [ -64.19694, -31.37703 ], [ -64.19423, -31.37703 ], [ -64.19421, -31.37947 ] ] ] } },
{ "type": "Feature", "properties": { "indice_acceso": 0.74 }, "geometry": { "type": "Polygon", "coordinates": [ [ [ -64.19694, -31.37939 ], [ -64.19896, -31.37938 ], [ -64.19896, -31.37704 ], [ -64.19828, -31.37704 ], [ -64.19827, -31.37587 ], [ -64.19695, -31.37586 ], [ -64.19694, -31.37939 ] ] ] } },
{ "type": "Feature", "properties": { "indice_acceso": 0.735 }, "geometry": { "type": "Polygon", "coordinates": [ [ [ -64.19554, -31.37948 ], [ -64.19556, -31.38172 ], [ -64.19895, -31.38174 ], [ -64.19877, -31.37938 ], [ -64.19554, -31.37948 ] ] ] } },
{ "type": "Feature", "properties": { "indice_acceso": 0.757 }, "geometry": { "type": "Polygon", "coordinates": [ [ [ -64.1929, -31.38285 ], [ -64.19555, -31.38286 ], [ -64.19554, -31.37948 ], [ -64.19291, -31.37947 ], [ -64.1929, -31.38285 ] ] ] } },
{ "type": "Feature", "properties": { "indice_acceso": 0.764 }, "geometry": { "type": "Polygon", "coordinates": [ [ [ -64.19031, -31.37946 ], [ -64.19073, -31.3817 ], [ -64.19291, -31.38172 ], [ -64.19291, -31.37947 ], [ -64.19031, -31.37946 ] ] ] } },
{ "type": "Feature", "properties": { "indice_acceso": 0.736 }, "geometry": { "type": "Polygon", "coordinates": [ [ [ -64.19201, -31.38722 ], [ -64.19293, -31.38649 ], [ -64.19291, -31.38172 ], [ -64.19073, -31.3817 ], [ -64.19201, -31.38722 ] ] ] } },
{ "type": "Feature", "properties": { "indice_acceso": 0.731 }, "geometry": { "type": "Polygon", "coordinates": [ [ [ -64.19287, -31.38619 ], [ -64.19293, -31.38649 ], [ -64.19553, -31.38512 ], [ -64.19555, -31.38286 ], [ -64.1929, -31.38285 ], [ -64.19287, -31.38619 ] ] ] } },
{ "type": "Feature", "properties": { "indice_acceso": 0.716 }, "geometry": { "type": "Polygon", "coordinates": [ [ [ -64.19553, -31.38512 ], [ -64.19895, -31.38256 ], [ -64.19895, -31.38174 ], [ -64.19556, -31.38172 ], [ -64.19553, -31.38512 ] ] ] } },
{ "type": "Feature", "properties": { "indice_acceso": 0.703 }, "geometry": { "type": "Polygon", "coordinates": [ [ [ -64.1939, -31.35805 ], [ -64.19894, -31.36175 ], [ -64.2032, -31.3575 ], [ -64.19452, -31.35745 ], [ -64.1939, -31.35805 ] ] ] } },
{ "type": "Feature", "properties": { "indice_acceso": 0.717 }, "geometry": { "type": "Polygon", "coordinates": [ [ [ -64.20395, -31.36545 ], [ -64.2046, -31.36483 ], [ -64.20468, -31.36419 ], [ -64.20339, -31.35747 ], [ -64.19894, -31.36175 ], [ -64.20395, -31.36545 ] ] ] } },
{ "type": "Feature", "properties": { "indice_acceso": 0.775 }, "geometry": { "type": "Polygon", "coordinates": [ [ [ -64.20546, -31.36955 ], [ -64.20572, -31.36952 ], [ -64.20468, -31.36419 ], [ -64.2046, -31.36483 ], [ -64.20395, -31.36545 ], [ -64.19894, -31.36175 ], [ -64.19822, -31.3625 ], [ -64.19806, -31.36337 ], [ -64.19842, -31.36431 ], [ -64.20546, -31.36955 ] ] ] } },
{ "type": "Feature", "properties": { "indice_acceso": 0.718 }, "geometry": { "type": "Polygon", "coordinates": [ [ [ -64.19809, -31.36287 ], [ -64.19894, -31.36175 ], [ -64.1939, -31.35805 ], [ -64.19452, -31.35745 ], [ -64.18908, -31.35741 ], [ -64.19842, -31.36431 ], [ -64.19809, -31.36287 ] ] ] } },
{ "type": "Feature", "properties": { "indice_acceso": 0.698 }, "geometry": { "type": "Polygon", "coordinates": [ [ [ -64.19434, -31.3634 ], [ -64.19556, -31.36219 ], [ -64.18908, -31.35741 ], [ -64.18605, -31.35735 ], [ -64.19434, -31.3634 ] ] ] } },
{ "type": "Feature", "properties": { "indice_acceso": 0.74 }, "geometry": { "type": "Polygon", "coordinates": [ [ [ -64.19531, -31.36512 ], [ -64.1964, -31.36486 ], [ -64.19676, -31.3652 ], [ -64.19742, -31.36906 ], [ -64.2006, -31.36591 ], [ -64.19556, -31.36219 ], [ -64.19378, -31.36399 ], [ -64.19531, -31.36512 ] ] ] } },
{ "type": "Feature", "properties": { "indice_acceso": 0.746 }, "geometry": { "type": "Polygon", "coordinates": [ [ [ -64.19788, -31.37151 ], [ -64.20227, -31.36715 ], [ -64.2006, -31.36591 ], [ -64.19742, -31.36906 ], [ -64.19788, -31.37151 ] ] ] } },
{ "type": "Feature", "properties": { "indice_acceso": 0.766 }, "geometry": { "type": "Polygon", "coordinates": [ [ [ -64.19788, -31.37151 ], [ -64.1981, -31.37257 ], [ -64.20595, -31.37069 ], [ -64.20572, -31.36952 ], [ -64.20227, -31.36715 ], [ -64.19788, -31.37151 ] ] ] } },
{ "type": "Feature", "properties": { "indice_acceso": 0.697 }, "geometry": { "type": "Polygon", "coordinates": [ [ [ -64.19321, -31.36455 ], [ -64.19434, -31.3634 ], [ -64.18629, -31.35748 ], [ -64.18671, -31.35975 ], [ -64.19321, -31.36455 ] ] ] } },
{ "type": "Feature", "properties": { "indice_acceso": 0.697 }, "geometry": { "type": "Polygon", "coordinates": [ [ [ -64.19158, -31.36334 ], [ -64.18671, -31.35975 ], [ -64.18683, -31.36015 ], [ -64.18811, -31.3668 ], [ -64.19158, -31.36334 ] ] ] } },
{ "type": "Feature", "properties": { "indice_acceso": 0.711 }, "geometry": { "type": "Polygon", "coordinates": [ [ [ -64.18812, -31.3668 ], [ -64.18828, -31.36743 ], [ -64.19349, -31.36615 ], [ -64.19331, -31.36561 ], [ -64.19531, -31.36512 ], [ -64.19378, -31.36399 ], [ -64.19321, -31.36455 ], [ -64.19158, -31.36334 ], [ -64.18812, -31.3668 ] ] ] } },
{ "type": "Feature", "properties": { "indice_acceso": 0.711 }, "geometry": { "type": "Polygon", "coordinates": [ [ [ -64.19271, -31.36818 ], [ -64.19641, -31.36767 ], [ -64.19667, -31.36905 ], [ -64.1974, -31.36895 ], [ -64.19676, -31.3652 ], [ -64.1964, -31.36486 ], [ -64.19331, -31.36561 ], [ -64.19349, -31.36615 ], [ -64.19239, -31.36645 ], [ -64.19271, -31.36818 ] ] ] } },
{ "type": "Feature", "properties": { "indice_acceso": 0.723 }, "geometry": { "type": "Polygon", "coordinates": [ [ [ -64.1889, -31.3702 ], [ -64.19298, -31.36964 ], [ -64.19239, -31.36645 ], [ -64.18828, -31.36743 ], [ -64.1889, -31.3702 ] ] ] } },
{ "type": "Feature", "properties": { "indice_acceso": 0.748 }, "geometry": { "type": "Polygon", "coordinates": [ [ [ -64.18934, -31.37258 ], [ -64.19027, -31.37245 ], [ -64.19018, -31.37198 ], [ -64.19337, -31.37155 ], [ -64.19298, -31.36964 ], [ -64.1889, -31.3702 ], [ -64.18934, -31.37258 ] ] ] } },
{ "type": "Feature", "properties": { "indice_acceso": 0.709 }, "geometry": { "type": "Polygon", "coordinates": [ [ [ -64.19337, -31.37155 ], [ -64.19777, -31.37095 ], [ -64.1974, -31.36895 ], [ -64.19667, -31.36905 ], [ -64.19641, -31.36767 ], [ -64.19271, -31.36818 ], [ -64.19337, -31.37155 ] ] ] } },
{ "type": "Feature", "properties": { "indice_acceso": 0.734 }, "geometry": { "type": "Polygon", "coordinates": [ [ [ -64.18934, -31.37258 ], [ -64.18974, -31.37652 ], [ -64.18993, -31.37558 ], [ -64.1908, -31.37475 ], [ -64.19945, -31.37221 ], [ -64.1981, -31.37257 ], [ -64.19777, -31.37095 ], [ -64.19018, -31.37198 ], [ -64.19027, -31.37245 ], [ -64.18934, -31.37258 ] ] ] } },
{ "type": "Feature", "properties": { "indice_acceso": 0.678 }, "geometry": { "type": "Polygon", "coordinates": [ [ [ -64.18181, -31.35944 ], [ -64.18534, -31.35943 ], [ -64.18542, -31.36078 ], [ -64.18695, -31.36074 ], [ -64.18629, -31.35748 ], [ -64.18186, -31.35734 ], [ -64.18181, -31.35944 ] ] ] } },
{ "type": "Feature", "properties": { "indice_acceso": 0.681 }, "geometry": { "type": "Polygon", "coordinates": [ [ [ -64.17609, -31.35773 ], [ -64.17615, -31.36149 ], [ -64.17668, -31.36129 ], [ -64.17696, -31.35942 ], [ -64.18181, -31.35944 ], [ -64.18186, -31.35734 ], [ -64.18048, -31.35731 ], [ -64.17915, -31.35767 ], [ -64.17885, -31.3574 ], [ -64.18052, -31.35693 ], [ -64.17609, -31.35773 ] ] ] } },
{ "type": "Feature", "properties": { "indice_acceso": 0.701 }, "geometry": { "type": "Polygon", "coordinates": [ [ [ -64.17668, -31.36129 ], [ -64.17615, -31.36149 ], [ -64.17612, -31.36872 ], [ -64.17889, -31.36874 ], [ -64.1789, -31.3665 ], [ -64.18385, -31.36652 ], [ -64.18386, -31.36215 ], [ -64.18676, -31.36216 ], [ -64.18718, -31.36191 ], [ -64.18695, -31.36074 ], [ -64.18542, -31.36078 ], [ -64.18534, -31.35943 ], [ -64.17696, -31.35942 ], [ -64.17668, -31.36129 ] ] ] } },
{ "type": "Feature", "properties": { "indice_acceso": 0.695 }, "geometry": { "type": "Polygon", "coordinates": [ [ [ -64.18386, -31.36215 ], [ -64.18385, -31.36523 ], [ -64.1878, -31.36523 ], [ -64.18718, -31.36191 ], [ -64.18676, -31.36216 ], [ -64.18386, -31.36215 ] ] ] } },
{ "type": "Feature", "properties": { "indice_acceso": 0.723 }, "geometry": { "type": "Polygon", "coordinates": [ [ [ -64.18385, -31.36523 ], [ -64.18385, -31.36652 ], [ -64.1829, -31.36652 ], [ -64.18289, -31.36814 ], [ -64.18385, -31.36813 ], [ -64.18385, -31.36746 ], [ -64.18688, -31.36746 ], [ -64.18688, -31.36811 ], [ -64.18849, -31.36812 ], [ -64.1878, -31.36523 ], [ -64.18385, -31.36523 ] ] ] } },
{ "type": "Feature", "properties": { "indice_acceso": 0.735 }, "geometry": { "type": "Polygon", "coordinates": [ [ [ -64.17889, -31.36874 ], [ -64.18385, -31.36876 ], [ -64.18385, -31.36813 ], [ -64.18289, -31.36814 ], [ -64.1829, -31.36652 ], [ -64.1789, -31.3665 ], [ -64.17889, -31.36874 ] ] ] } },
{ "type": "Feature", "properties": { "indice_acceso": 0.744 }, "geometry": { "type": "Polygon", "coordinates": [ [ [ -64.17612, -31.37137 ], [ -64.17979, -31.37139 ], [ -64.17979, -31.36874 ], [ -64.17612, -31.36872 ], [ -64.17612, -31.37137 ] ] ] } },
{ "type": "Feature", "properties": { "indice_acceso": 0.742 }, "geometry": { "type": "Polygon", "coordinates": [ [ [ -64.17979, -31.37139 ], [ -64.18383, -31.37141 ], [ -64.18385, -31.36876 ], [ -64.17979, -31.36874 ], [ -64.17979, -31.37139 ] ] ] } },
{ "type": "Feature", "properties": { "indice_acceso": 0.748 }, "geometry": { "type": "Polygon", "coordinates": [ [ [ -64.18385, -31.36746 ], [ -64.18384, -31.36982 ], [ -64.1882, -31.36979 ], [ -64.18831, -31.37035 ], [ -64.1889, -31.3702 ], [ -64.18849, -31.36812 ], [ -64.18688, -31.36811 ], [ -64.18688, -31.36746 ], [ -64.18385, -31.36746 ] ] ] } },
{ "type": "Feature", "properties": { "indice_acceso": 0.77 }, "geometry": { "type": "Polygon", "coordinates": [ [ [ -64.18384, -31.36982 ], [ -64.18382, -31.37184 ], [ -64.18858, -31.37184 ], [ -64.18871, -31.37249 ], [ -64.18926, -31.37211 ], [ -64.1889, -31.3702 ], [ -64.18831, -31.37035 ], [ -64.1882, -31.36979 ], [ -64.18384, -31.36982 ] ] ] } },
{ "type": "Feature", "properties": { "indice_acceso": 0.803 }, "geometry": { "type": "Polygon", "coordinates": [ [ [ -64.18381, -31.37379 ], [ -64.18685, -31.37378 ], [ -64.18686, -31.37314 ], [ -64.18945, -31.37315 ], [ -64.18926, -31.37211 ], [ -64.18871, -31.37249 ], [ -64.18858, -31.37184 ], [ -64.18382, -31.37184 ], [ -64.18381, -31.37379 ] ] ] } },
{ "type": "Feature", "properties": { "indice_acceso": 0.829 }, "geometry": { "type": "Polygon", "coordinates": [ [ [ -64.18685, -31.37378 ], [ -64.18381, -31.37379 ], [ -64.18383, -31.37506 ], [ -64.18725, -31.37517 ], [ -64.1894, -31.37479 ], [ -64.18967, -31.37431 ], [ -64.18945, -31.37315 ], [ -64.18686, -31.37314 ], [ -64.18685, -31.37378 ] ] ] } },
{ "type": "Feature", "properties": { "indice_acceso": 0.811 }, "geometry": { "type": "Polygon", "coordinates": [ [ [ -64.18173, -31.3758 ], [ -64.18383, -31.37551 ], [ -64.18383, -31.37141 ], [ -64.18174, -31.37139 ], [ -64.18173, -31.3758 ] ] ] } },
{ "type": "Feature", "properties": { "indice_acceso": 0.778 }, "geometry": { "type": "Polygon", "coordinates": [ [ [ -64.17609, -31.37414 ], [ -64.17781, -31.37564 ], [ -64.17975, -31.37632 ], [ -64.18107, -31.37622 ], [ -64.18173, -31.3758 ], [ -64.18174, -31.37139 ], [ -64.17612, -31.37137 ], [ -64.17609, -31.37414 ] ] ] } },
{ "type": "Feature", "properties": { "indice_acceso": 0.826 }, "geometry": { "type": "Polygon", "coordinates": [ [ [ -64.17602, -31.37817 ], [ -64.18242, -31.37818 ], [ -64.18238, -31.37571 ], [ -64.18107, -31.37622 ], [ -64.1789, -31.37618 ], [ -64.17781, -31.37564 ], [ -64.17609, -31.37414 ], [ -64.17602, -31.37817 ] ] ] } },
{ "type": "Feature", "properties": { "indice_acceso": 0.868 }, "geometry": { "type": "Polygon", "coordinates": [ [ [ -64.17602, -31.37817 ], [ -64.17597, -31.3806 ], [ -64.18243, -31.38052 ], [ -64.18242, -31.37818 ], [ -64.17602, -31.37817 ] ] ] } },
{ "type": "Feature", "properties": { "indice_acceso": 0.865 }, "geometry": { "type": "Polygon", "coordinates": [ [ [ -64.18243, -31.38052 ], [ -64.18708, -31.38053 ], [ -64.18554, -31.37817 ], [ -64.18529, -31.37567 ], [ -64.18385, -31.37589 ], [ -64.18383, -31.37551 ], [ -64.18238, -31.37584 ], [ -64.18243, -31.38052 ] ] ] } },
{ "type": "Feature", "properties": { "indice_acceso": 0.795 }, "geometry": { "type": "Polygon", "coordinates": [ [ [ -64.18383, -31.37506 ], [ -64.18385, -31.37589 ], [ -64.18529, -31.37567 ], [ -64.18554, -31.37817 ], [ -64.18633, -31.37934 ], [ -64.18788, -31.37934 ], [ -64.18788, -31.37816 ], [ -64.18929, -31.37815 ], [ -64.18919, -31.37483 ], [ -64.18725, -31.37517 ], [ -64.18383, -31.37506 ] ] ] } },
{ "type": "Feature", "properties": { "indice_acceso": 0.783 }, "geometry": { "type": "Polygon", "coordinates": [ [ [ -64.18938, -31.37467 ], [ -64.18923, -31.37469 ], [ -64.18929, -31.37815 ], [ -64.18788, -31.37816 ], [ -64.18788, -31.37934 ], [ -64.18648, -31.37934 ], [ -64.18708, -31.38053 ], [ -64.19051, -31.38054 ], [ -64.18938, -31.37467 ] ] ] } },
{ "type": "Feature", "properties": { "indice_acceso": 0.645 }, "geometry": { "type": "Polygon", "coordinates": [ [ [ -64.17074, -31.35469 ], [ -64.17062, -31.35691 ], [ -64.17611, -31.35534 ], [ -64.17617, -31.3544 ], [ -64.17575, -31.35396 ], [ -64.17191, -31.35384 ], [ -64.17074, -31.35469 ] ] ] } },
{ "type": "Feature", "properties": { "indice_acceso": 0.66 }, "geometry": { "type": "Polygon", "coordinates": [ [ [ -64.16403, -31.35453 ], [ -64.16524, -31.35764 ], [ -64.16942, -31.35644 ], [ -64.16866, -31.35589 ], [ -64.16891, -31.35577 ], [ -64.17062, -31.35691 ], [ -64.1706, -31.35496 ], [ -64.17008, -31.35417 ], [ -64.16943, -31.35389 ], [ -64.1668, -31.35388 ], [ -64.16403, -31.35453 ] ] ] } },
{ "type": "Feature", "properties": { "indice_acceso": 0.672 }, "geometry": { "type": "Polygon", "coordinates": [ [ [ -64.16202, -31.35534 ], [ -64.16035, -31.35551 ], [ -64.1616, -31.3587 ], [ -64.16524, -31.35764 ], [ -64.16403, -31.35453 ], [ -64.16313, -31.35518 ], [ -64.16304, -31.35617 ], [ -64.16202, -31.35534 ] ] ] } },
{ "type": "Feature", "properties": { "indice_acceso": 0.662 }, "geometry": { "type": "Polygon", "coordinates": [ [ [ -64.15454, -31.35478 ], [ -64.15955, -31.35929 ], [ -64.1616, -31.3587 ], [ -64.15988, -31.35429 ], [ -64.15771, -31.35484 ], [ -64.15454, -31.35478 ] ] ] } },
{ "type": "Feature", "properties": { "indice_acceso": 0.655 }, "geometry": { "type": "Polygon", "coordinates": [ [ [ -64.14767, -31.35571 ], [ -64.15106, -31.35739 ], [ -64.15316, -31.35754 ], [ -64.1561, -31.35621 ], [ -64.15454, -31.35478 ], [ -64.15246, -31.35494 ], [ -64.1518, -31.35564 ], [ -64.15167, -31.35654 ], [ -64.15157, -31.35573 ], [ -64.151, -31.35502 ], [ -64.14825, -31.35479 ], [ -64.14767, -31.35448 ], [ -64.14767, -31.35571 ] ] ] } },
{ "type": "Feature", "properties": { "indice_acceso": 0.654 }, "geometry": { "type": "Polygon", "coordinates": [ [ [ -64.14765, -31.35965 ], [ -64.15084, -31.35946 ], [ -64.15149, -31.35892 ], [ -64.15168, -31.35809 ], [ -64.15216, -31.35922 ], [ -64.15325, -31.35958 ], [ -64.15323, -31.3575 ], [ -64.15094, -31.35736 ], [ -64.14767, -31.35588 ], [ -64.14765, -31.35965 ] ] ] } },
{ "type": "Feature", "properties": { "indice_acceso": 0.655 }, "geometry": { "type": "Polygon", "coordinates": [ [ [ -64.15325, -31.35958 ], [ -64.15867, -31.35954 ], [ -64.15955, -31.35929 ], [ -64.1561, -31.35621 ], [ -64.15323, -31.3575 ], [ -64.15325, -31.35958 ] ] ] } },
{ "type": "Feature", "properties": { "indice_acceso": 0.66 }, "geometry": { "type": "Polygon", "coordinates": [ [ [ -64.17062, -31.35691 ], [ -64.16891, -31.35577 ], [ -64.16866, -31.35589 ], [ -64.16942, -31.35644 ], [ -64.15955, -31.35929 ], [ -64.16051, -31.36007 ], [ -64.17608, -31.35744 ], [ -64.17611, -31.35534 ], [ -64.17062, -31.35691 ] ] ] } },
{ "type": "Feature", "properties": { "indice_acceso": 0.658 }, "geometry": { "type": "Polygon", "coordinates": [ [ [ -64.16335, -31.36217 ], [ -64.16833, -31.36132 ], [ -64.17006, -31.36314 ], [ -64.1721, -31.36147 ], [ -64.17615, -31.36149 ], [ -64.17608, -31.35744 ], [ -64.16051, -31.36007 ], [ -64.1615, -31.3605 ], [ -64.16335, -31.36217 ] ] ] } },
{ "type": "Feature", "properties": { "indice_acceso": 0.675 }, "geometry": { "type": "Polygon", "coordinates": [ [ [ -64.16912, -31.36229 ], [ -64.16833, -31.36132 ], [ -64.16335, -31.36217 ], [ -64.16617, -31.36469 ], [ -64.16912, -31.36229 ] ] ] } },
{ "type": "Feature", "properties": { "indice_acceso": 0.693 }, "geometry": { "type": "Polygon", "coordinates": [ [ [ -64.16852, -31.36677 ], [ -64.17143, -31.36437 ], [ -64.16912, -31.36229 ], [ -64.16618, -31.3647 ], [ -64.16852, -31.36677 ] ] ] } },
{ "type": "Feature", "properties": { "indice_acceso": 0.693 }, "geometry": { "type": "Polygon", "coordinates": [ [ [ -64.17006, -31.36314 ], [ -64.1721, -31.36498 ], [ -64.17412, -31.36499 ], [ -64.17411, -31.36263 ], [ -64.17442, -31.36263 ], [ -64.17443, -31.36148 ], [ -64.1721, -31.36147 ], [ -64.17006, -31.36314 ] ] ] } },
{ "type": "Feature", "properties": { "indice_acceso": 0.724 }, "geometry": { "type": "Polygon", "coordinates": [ [ [ -64.17442, -31.36263 ], [ -64.17411, -31.36263 ], [ -64.17411, -31.36646 ], [ -64.17366, -31.36794 ], [ -64.17389, -31.36807 ], [ -64.17306, -31.36794 ], [ -64.17291, -31.36864 ], [ -64.17369, -31.36864 ], [ -64.17369, -31.37017 ], [ -64.17485, -31.37017 ], [ -64.1748, -31.37105 ], [ -64.17459, -31.37105 ], [ -64.17501, -31.37189 ], [ -64.17612, -31.37191 ], [ -64.17615, -31.36149 ], [ -64.17443, -31.36148 ], [ -64.17442, -31.36263 ] ] ] } },
{ "type": "Feature", "properties": { "indice_acceso": 0.714 }, "geometry": { "type": "Polygon", "coordinates": [ [ [ -64.16917, -31.36736 ], [ -64.17058, -31.36701 ], [ -64.17366, -31.36794 ], [ -64.17411, -31.36646 ], [ -64.17412, -31.36499 ], [ -64.1721, -31.36498 ], [ -64.17143, -31.36437 ], [ -64.16852, -31.36677 ], [ -64.16917, -31.36736 ] ] ] } },
{ "type": "Feature", "properties": { "indice_acceso": 0.723 }, "geometry": { "type": "Polygon", "coordinates": [ [ [ -64.17405, -31.37176 ], [ -64.17488, -31.37254 ], [ -64.17511, -31.37191 ], [ -64.17459, -31.37105 ], [ -64.1748, -31.37105 ], [ -64.17485, -31.37017 ], [ -64.17369, -31.37017 ], [ -64.17369, -31.36864 ], [ -64.17291, -31.36864 ], [ -64.17306, -31.36794 ], [ -64.17389, -31.36807 ], [ -64.17058, -31.36701 ], [ -64.16969, -31.36708 ], [ -64.16923, -31.36746 ], [ -64.17405, -31.37176 ] ] ] } },
{ "type": "Feature", "properties": { "indice_acceso": 0.664 }, "geometry": { "type": "Polygon", "coordinates": [ [ [ -64.15275, -31.35969 ], [ -64.15251, -31.35978 ], [ -64.1525, -31.36114 ], [ -64.15176, -31.36127 ], [ -64.15226, -31.36138 ], [ -64.15242, -31.36205 ], [ -64.1545, -31.36172 ], [ -64.15481, -31.36304 ], [ -64.15553, -31.3637 ], [ -64.15757, -31.36336 ], [ -64.1571, -31.36126 ], [ -64.1615, -31.3605 ], [ -64.15955, -31.35929 ], [ -64.15275, -31.35969 ] ] ] } },
{ "type": "Feature", "properties": { "indice_acceso": 0.661 }, "geometry": { "type": "Polygon", "coordinates": [ [ [ -64.14765, -31.35965 ], [ -64.14773, -31.36493 ], [ -64.1507, -31.36446 ], [ -64.15092, -31.36511 ], [ -64.15299, -31.36474 ], [ -64.15226, -31.36138 ], [ -64.15176, -31.36127 ], [ -64.1525, -31.36114 ], [ -64.15251, -31.35978 ], [ -64.15325, -31.35958 ], [ -64.15216, -31.35922 ], [ -64.15168, -31.35809 ], [ -64.15137, -31.35909 ], [ -64.15032, -31.35957 ], [ -64.14765, -31.35965 ] ] ] } },
{ "type": "Feature", "properties": { "indice_acceso": 0.676 }, "geometry": { "type": "Polygon", "coordinates": [ [ [ -64.14773, -31.36493 ], [ -64.14895, -31.36821 ], [ -64.15378, -31.36692 ], [ -64.15299, -31.36474 ], [ -64.15092, -31.36511 ], [ -64.1507, -31.36446 ], [ -64.14773, -31.36493 ] ] ] } },
{ "type": "Feature", "properties": { "indice_acceso": 0.68 }, "geometry": { "type": "Polygon", "coordinates": [ [ [ -64.15365, -31.36654 ], [ -64.15721, -31.36745 ], [ -64.15844, -31.3658 ], [ -64.15942, -31.36555 ], [ -64.15788, -31.36418 ], [ -64.15757, -31.36336 ], [ -64.15553, -31.3637 ], [ -64.15481, -31.36304 ], [ -64.1545, -31.36172 ], [ -64.15232, -31.36206 ], [ -64.15365, -31.36654 ] ] ] } },
{ "type": "Feature", "properties": { "indice_acceso": 0.687 }, "geometry": { "type": "Polygon", "coordinates": [ [ [ -64.15757, -31.36336 ], [ -64.15947, -31.36305 ], [ -64.16027, -31.36377 ], [ -64.16124, -31.36296 ], [ -64.16089, -31.36267 ], [ -64.16127, -31.36236 ], [ -64.16209, -31.3631 ], [ -64.16335, -31.36217 ], [ -64.1615, -31.3605 ], [ -64.1571, -31.36126 ], [ -64.15757, -31.36336 ] ] ] } },
{ "type": "Feature", "properties": { "indice_acceso": 0.689 }, "geometry": { "type": "Polygon", "coordinates": [ [ [ -64.16209, -31.3631 ], [ -64.16127, -31.36236 ], [ -64.16089, -31.36267 ], [ -64.16124, -31.36296 ], [ -64.16027, -31.36377 ], [ -64.15947, -31.36305 ], [ -64.15757, -31.36336 ], [ -64.15788, -31.36418 ], [ -64.16121, -31.3674 ], [ -64.16507, -31.36425 ], [ -64.16679, -31.3658 ], [ -64.16712, -31.36553 ], [ -64.16335, -31.36217 ], [ -64.16209, -31.3631 ] ] ] } },
{ "type": "Feature", "properties": { "indice_acceso": 0.69 }, "geometry": { "type": "Polygon", "coordinates": [ [ [ -64.16416, -31.36928 ], [ -64.16754, -31.36652 ], [ -64.16507, -31.36425 ], [ -64.16121, -31.3674 ], [ -64.16285, -31.36879 ], [ -64.16416, -31.36928 ] ] ] } },
{ "type": "Feature", "properties": { "indice_acceso": 0.692 }, "geometry": { "type": "Polygon", "coordinates": [ [ [ -64.16354, -31.36981 ], [ -64.16416, -31.36928 ], [ -64.16285, -31.36879 ], [ -64.15932, -31.36558 ], [ -64.15795, -31.36623 ], [ -64.15721, -31.36745 ], [ -64.16354, -31.36981 ] ] ] } },
{ "type": "Feature", "properties": { "indice_acceso": 0.687 }, "geometry": { "type": "Polygon", "coordinates": [ [ [ -64.15511, -31.37055 ], [ -64.16109, -31.36888 ], [ -64.15674, -31.3673 ], [ -64.15365, -31.36654 ], [ -64.15511, -31.37055 ] ] ] } },
{ "type": "Feature", "properties": { "indice_acceso": 0.674 }, "geometry": { "type": "Polygon", "coordinates": [ [ [ -64.14948, -31.36965 ], [ -64.15431, -31.36835 ], [ -64.15378, -31.36692 ], [ -64.14895, -31.36821 ], [ -64.14948, -31.36965 ] ] ] } },
{ "type": "Feature", "properties": { "indice_acceso": 0.665 }, "geometry": { "type": "Polygon", "coordinates": [ [ [ -64.15015, -31.37124 ], [ -64.1549, -31.36996 ], [ -64.15431, -31.36835 ], [ -64.14948, -31.36965 ], [ -64.15015, -31.37124 ] ] ] } },
{ "type": "Feature", "properties": { "indice_acceso": 0.668 }, "geometry": { "type": "Polygon", "coordinates": [ [ [ -64.14783, -31.3734 ], [ -64.15341, -31.3719 ], [ -64.15289, -31.37051 ], [ -64.15015, -31.37124 ], [ -64.14773, -31.36493 ], [ -64.14783, -31.3734 ] ] ] } },
{ "type": "Feature", "properties": { "indice_acceso": 0.668 }, "geometry": { "type": "Polygon", "coordinates": [ [ [ -64.15039, -31.37899 ], [ -64.14929, -31.37302 ], [ -64.14783, -31.3734 ], [ -64.14791, -31.37961 ], [ -64.15039, -31.37899 ] ] ] } },
{ "type": "Feature", "properties": { "indice_acceso": 0.67 }, "geometry": { "type": "Polygon", "coordinates": [ [ [ -64.15039, -31.37899 ], [ -64.15275, -31.37833 ], [ -64.15067, -31.37264 ], [ -64.14929, -31.37302 ], [ -64.15039, -31.37899 ] ] ] } },
{ "type": "Feature", "properties": { "indice_acceso": 0.677 }, "geometry": { "type": "Polygon", "coordinates": [ [ [ -64.15436, -31.3745 ], [ -64.15341, -31.3719 ], [ -64.15067, -31.37264 ], [ -64.15162, -31.37525 ], [ -64.15436, -31.3745 ] ] ] } },
{ "type": "Feature", "properties": { "indice_acceso": 0.691 }, "geometry": { "type": "Polygon", "coordinates": [ [ [ -64.15666, -31.3748 ], [ -64.1549, -31.36996 ], [ -64.15289, -31.37051 ], [ -64.1546, -31.37515 ], [ -64.15666, -31.3748 ] ] ] } },
{ "type": "Feature", "properties": { "indice_acceso": 0.647 }, "geometry": { "type": "Polygon", "coordinates": [ [ [ -64.14779, -31.3709 ], [ -64.14777, -31.36893 ], [ -64.14295, -31.36897 ], [ -64.14298, -31.37094 ], [ -64.14779, -31.3709 ] ] ] } },
{ "type": "Feature", "properties": { "indice_acceso": 0.635 }, "geometry": { "type": "Polygon", "coordinates": [ [ [ -64.13816, -31.369 ], [ -64.13818, -31.37173 ], [ -64.14298, -31.37153 ], [ -64.14295, -31.36897 ], [ -64.13816, -31.369 ] ] ] } },
{ "type": "Feature", "properties": { "indice_acceso": 0.639 }, "geometry": { "type": "Polygon", "coordinates": [ [ [ -64.13819, -31.37349 ], [ -64.13817, -31.36957 ], [ -64.13645, -31.36958 ], [ -64.13649, -31.3735 ], [ -64.13819, -31.37349 ] ] ] } },
{ "type": "Feature", "properties": { "indice_acceso": 0.635 }, "geometry": { "type": "Polygon", "coordinates": [ [ [ -64.14299, -31.37345 ], [ -64.14298, -31.37153 ], [ -64.13818, -31.37173 ], [ -64.13819, -31.37349 ], [ -64.14299, -31.37345 ] ] ] } },
{ "type": "Feature", "properties": { "indice_acceso": 0.64 }, "geometry": { "type": "Polygon", "coordinates": [ [ [ -64.14298, -31.37094 ], [ -64.14299, -31.37345 ], [ -64.14783, -31.3734 ], [ -64.14779, -31.3709 ], [ -64.14298, -31.37094 ] ] ] } },
{ "type": "Feature", "properties": { "indice_acceso": 0.65 }, "geometry": { "type": "Polygon", "coordinates": [ [ [ -64.14783, -31.37665 ], [ -64.14783, -31.3734 ], [ -64.14299, -31.37345 ], [ -64.14301, -31.37667 ], [ -64.14783, -31.37665 ] ] ] } },
{ "type": "Feature", "properties": { "indice_acceso": 0.637 }, "geometry": { "type": "Polygon", "coordinates": [ [ [ -64.13821, -31.37622 ], [ -64.13985, -31.37615 ], [ -64.13985, -31.37562 ], [ -64.143, -31.37559 ], [ -64.14299, -31.37345 ], [ -64.13819, -31.37349 ], [ -64.13821, -31.37622 ] ] ] } },
{ "type": "Feature", "properties": { "indice_acceso": 0.637 }, "geometry": { "type": "Polygon", "coordinates": [ [ [ -64.13306, -31.37421 ], [ -64.13574, -31.37418 ], [ -64.13585, -31.37455 ], [ -64.1382, -31.37456 ], [ -64.13819, -31.37349 ], [ -64.13649, -31.3735 ], [ -64.13648, -31.37174 ], [ -64.13313, -31.37175 ], [ -64.13306, -31.37421 ] ] ] } },
{ "type": "Feature", "properties": { "indice_acceso": 0.638 }, "geometry": { "type": "Polygon", "coordinates": [ [ [ -64.13308, -31.37625 ], [ -64.13821, -31.37622 ], [ -64.1382, -31.37456 ], [ -64.13585, -31.37455 ], [ -64.13574, -31.37418 ], [ -64.13306, -31.37421 ], [ -64.13308, -31.37625 ] ] ] } },
{ "type": "Feature", "properties": { "indice_acceso": 0.646 }, "geometry": { "type": "Polygon", "coordinates": [ [ [ -64.13985, -31.37562 ], [ -64.13985, -31.37615 ], [ -64.13821, -31.37622 ], [ -64.13823, -31.37841 ], [ -64.143, -31.37926 ], [ -64.143, -31.37559 ], [ -64.13985, -31.37562 ] ] ] } },
{ "type": "Feature", "properties": { "indice_acceso": 0.663 }, "geometry": { "type": "Polygon", "coordinates": [ [ [ -64.14301, -31.37667 ], [ -64.143, -31.37926 ], [ -64.14681, -31.37995 ], [ -64.14791, -31.37961 ], [ -64.14783, -31.37665 ], [ -64.14301, -31.37667 ] ] ] } },
{ "type": "Feature", "properties": { "indice_acceso": 0.631 }, "geometry": { "type": "Polygon", "coordinates": [ [ [ -64.13648, -31.37174 ], [ -64.13645, -31.36958 ], [ -64.13307, -31.3696 ], [ -64.13308, -31.37179 ], [ -64.13648, -31.37174 ] ] ] } },
{ "type": "Feature", "properties": { "indice_acceso": 0.641 }, "geometry": { "type": "Polygon", "coordinates": [ [ [ -64.13823, -31.37841 ], [ -64.13821, -31.37622 ], [ -64.13308, -31.37625 ], [ -64.13308, -31.37745 ], [ -64.13823, -31.37841 ] ] ] } },
{ "type": "Feature", "properties": { "indice_acceso": 0.679 }, "geometry": { "type": "Polygon", "coordinates": [ [ [ -64.14645, -31.37989 ], [ -64.14655, -31.38649 ], [ -64.14779, -31.38672 ], [ -64.14779, -31.38722 ], [ -64.14902, -31.38644 ], [ -64.14779, -31.38503 ], [ -64.14778, -31.37975 ], [ -64.14645, -31.37989 ] ] ] } },
{ "type": "Feature", "properties": { "indice_acceso": 0.677 }, "geometry": { "type": "Polygon", "coordinates": [ [ [ -64.14654, -31.3855 ], [ -64.14654, -31.38 ], [ -64.145, -31.37962 ], [ -64.14488, -31.38463 ], [ -64.14528, -31.38476 ], [ -64.14528, -31.38551 ], [ -64.14654, -31.3855 ] ] ] } },
{ "type": "Feature", "properties": { "indice_acceso": 0.677 }, "geometry": { "type": "Polygon", "coordinates": [ [ [ -64.14272, -31.38189 ], [ -64.14275, -31.38548 ], [ -64.14528, -31.38551 ], [ -64.14528, -31.38476 ], [ -64.14488, -31.38463 ], [ -64.145, -31.37962 ], [ -64.143, -31.37926 ], [ -64.14304, -31.38194 ], [ -64.14272, -31.38189 ] ] ] } },
{ "type": "Feature", "properties": { "indice_acceso": 0.677 }, "geometry": { "type": "Polygon", "coordinates": [ [ [ -64.14275, -31.38746 ], [ -64.14448, -31.38709 ], [ -64.14449, -31.38747 ], [ -64.14655, -31.38749 ], [ -64.14655, -31.38778 ], [ -64.14779, -31.38805 ], [ -64.14779, -31.38672 ], [ -64.14655, -31.38649 ], [ -64.14654, -31.3855 ], [ -64.14275, -31.38548 ], [ -64.14275, -31.38746 ] ] ] } },
{ "type": "Feature", "properties": { "indice_acceso": 0.689 }, "geometry": { "type": "Polygon", "coordinates": [ [ [ -64.14531, -31.39173 ], [ -64.14782, -31.39232 ], [ -64.14787, -31.39126 ], [ -64.14836, -31.39094 ], [ -64.14784, -31.3904 ], [ -64.14779, -31.38993 ], [ -64.14833, -31.38958 ], [ -64.14779, -31.38898 ], [ -64.14779, -31.38805 ], [ -64.14655, -31.38778 ], [ -64.14656, -31.3895 ], [ -64.14544, -31.38951 ], [ -64.14531, -31.39173 ] ] ] } },
{ "type": "Feature", "properties": { "indice_acceso": 0.682 }, "geometry": { "type": "Polygon", "coordinates": [ [ [ -64.14276, -31.39094 ], [ -64.14235, -31.39103 ], [ -64.14531, -31.39173 ], [ -64.1453, -31.38947 ], [ -64.14656, -31.3895 ], [ -64.14655, -31.38749 ], [ -64.14449, -31.38747 ], [ -64.14448, -31.38709 ], [ -64.14275, -31.38746 ], [ -64.14276, -31.39094 ] ] ] } },
{ "type": "Feature", "properties": { "indice_acceso": 0.666 }, "geometry": { "type": "Polygon", "coordinates": [ [ [ -64.13994, -31.38481 ], [ -64.14275, -31.38548 ], [ -64.143, -31.37926 ], [ -64.13988, -31.3787 ], [ -64.13994, -31.38481 ] ] ] } },
{ "type": "Feature", "properties": { "indice_acceso": 0.653 }, "geometry": { "type": "Polygon", "coordinates": [ [ [ -64.13719, -31.38555 ], [ -64.13856, -31.38587 ], [ -64.13855, -31.38448 ], [ -64.13994, -31.38481 ], [ -64.13988, -31.3787 ], [ -64.13708, -31.37818 ], [ -64.13719, -31.38555 ] ] ] } },
{ "type": "Feature", "properties": { "indice_acceso": 0.647 }, "geometry": { "type": "Polygon", "coordinates": [ [ [ -64.13712, -31.38144 ], [ -64.13708, -31.37818 ], [ -64.13483, -31.37776 ], [ -64.13484, -31.38144 ], [ -64.13712, -31.38144 ] ] ] } },
{ "type": "Feature", "properties": { "indice_acceso": 0.646 }, "geometry": { "type": "Polygon", "coordinates": [ [ [ -64.13253, -31.38144 ], [ -64.13484, -31.38144 ], [ -64.13483, -31.37776 ], [ -64.1325, -31.37735 ], [ -64.13253, -31.38144 ] ] ] } },
{ "type": "Feature", "properties": { "indice_acceso": 0.651 }, "geometry": { "type": "Polygon", "coordinates": [ [ [ -64.13254, -31.38346 ], [ -64.13714, -31.38346 ], [ -64.13712, -31.38144 ], [ -64.13253, -31.38144 ], [ -64.13254, -31.38346 ] ] ] } },
{ "type": "Feature", "properties": { "indice_acceso": 0.639 }, "geometry": { "type": "Polygon", "coordinates": [ [ [ -64.13252, -31.38043 ], [ -64.1325, -31.37735 ], [ -64.128, -31.3766 ], [ -64.12793, -31.37941 ], [ -64.12939, -31.37969 ], [ -64.12939, -31.38037 ], [ -64.13252, -31.38043 ] ] ] } },
{ "type": "Feature", "properties": { "indice_acceso": 0.634 }, "geometry": { "type": "Polygon", "coordinates": [ [ [ -64.12637, -31.3856 ], [ -64.12901, -31.38548 ], [ -64.12901, -31.38516 ], [ -64.13255, -31.38548 ], [ -64.13254, -31.38346 ], [ -64.12823, -31.38347 ], [ -64.128, -31.3766 ], [ -64.12718, -31.37645 ], [ -64.12637, -31.3856 ] ] ] } },
{ "type": "Feature", "properties": { "indice_acceso": 0.652 }, "geometry": { "type": "Polygon", "coordinates": [ [ [ -64.13254, -31.38346 ], [ -64.13255, -31.38548 ], [ -64.13716, -31.38551 ], [ -64.13714, -31.38346 ], [ -64.13254, -31.38346 ] ] ] } },
{ "type": "Feature", "properties": { "indice_acceso": 0.66 }, "geometry": { "type": "Polygon", "coordinates": [ [ [ -64.13255, -31.38548 ], [ -64.13256, -31.38747 ], [ -64.13717, -31.38747 ], [ -64.13716, -31.38551 ], [ -64.13255, -31.38548 ] ] ] } },
{ "type": "Feature", "properties": { "indice_acceso": 0.663 }, "geometry": { "type": "Polygon", "coordinates": [ [ [ -64.13256, -31.38747 ], [ -64.13261, -31.38877 ], [ -64.13718, -31.38985 ], [ -64.13717, -31.38747 ], [ -64.13256, -31.38747 ] ] ] } },
{ "type": "Feature", "properties": { "indice_acceso": 0.663 }, "geometry": { "type": "Polygon", "coordinates": [ [ [ -64.12637, -31.3856 ], [ -64.12628, -31.3873 ], [ -64.13261, -31.38877 ], [ -64.13255, -31.38548 ], [ -64.12901, -31.38516 ], [ -64.12901, -31.38548 ], [ -64.12637, -31.3856 ] ] ] } },
{ "type": "Feature", "properties": { "indice_acceso": 0.678 }, "geometry": { "type": "Polygon", "coordinates": [ [ [ -64.14276, -31.39094 ], [ -64.14275, -31.38548 ], [ -64.13994, -31.38481 ], [ -64.13999, -31.39048 ], [ -64.14276, -31.39094 ] ] ] } },
{ "type": "Feature", "properties": { "indice_acceso": 0.664 }, "geometry": { "type": "Polygon", "coordinates": [ [ [ -64.13716, -31.38551 ], [ -64.13718, -31.38985 ], [ -64.13999, -31.39048 ], [ -64.13994, -31.38481 ], [ -64.13855, -31.38448 ], [ -64.13856, -31.38587 ], [ -64.13716, -31.38551 ] ] ] } },
{ "type": "Feature", "properties": { "indice_acceso": 0.643 }, "geometry": { "type": "Polygon", "coordinates": [ [ [ -64.12823, -31.38347 ], [ -64.13254, -31.38346 ], [ -64.13252, -31.38043 ], [ -64.12939, -31.38037 ], [ -64.12939, -31.37969 ], [ -64.12793, -31.37941 ], [ -64.12823, -31.38347 ] ] ] } },
{ "type": "Feature", "properties": { "indice_acceso": 0.672 }, "geometry": { "type": "Polygon", "coordinates": [ [ [ -64.15176, -31.38139 ], [ -64.15471, -31.38057 ], [ -64.15275, -31.37833 ], [ -64.15081, -31.37887 ], [ -64.15176, -31.38139 ] ] ] } },
{ "type": "Feature", "properties": { "indice_acceso": 0.679 }, "geometry": { "type": "Polygon", "coordinates": [ [ [ -64.1488, -31.38167 ], [ -64.15314, -31.38305 ], [ -64.15248, -31.38118 ], [ -64.15176, -31.38139 ], [ -64.15081, -31.37887 ], [ -64.14778, -31.37975 ], [ -64.14781, -31.38132 ], [ -64.1488, -31.38167 ] ] ] } },
{ "type": "Feature", "properties": { "indice_acceso": 0.673 }, "geometry": { "type": "Polygon", "coordinates": [ [ [ -64.15471, -31.38057 ], [ -64.15248, -31.38118 ], [ -64.15314, -31.38305 ], [ -64.15837, -31.38469 ], [ -64.15471, -31.38057 ] ] ] } },
{ "type": "Feature", "properties": { "indice_acceso": 0.685 }, "geometry": { "type": "Polygon", "coordinates": [ [ [ -64.15345, -31.38497 ], [ -64.15416, -31.38451 ], [ -64.15978, -31.38628 ], [ -64.15837, -31.38469 ], [ -64.15314, -31.38305 ], [ -64.15273, -31.38415 ], [ -64.15345, -31.38497 ] ] ] } },
{ "type": "Feature", "properties": { "indice_acceso": 0.679 }, "geometry": { "type": "Polygon", "coordinates": [ [ [ -64.15157, -31.38368 ], [ -64.15085, -31.38345 ], [ -64.15113, -31.38374 ], [ -64.14971, -31.38465 ], [ -64.15125, -31.38639 ], [ -64.15345, -31.38497 ], [ -64.15273, -31.38415 ], [ -64.15314, -31.38305 ], [ -64.15197, -31.38267 ], [ -64.15157, -31.38368 ] ] ] } },
{ "type": "Feature", "properties": { "indice_acceso": 0.682 }, "geometry": { "type": "Polygon", "coordinates": [ [ [ -64.14971, -31.38465 ], [ -64.15113, -31.38374 ], [ -64.15085, -31.38345 ], [ -64.15157, -31.38368 ], [ -64.15197, -31.38267 ], [ -64.14781, -31.38132 ], [ -64.14783, -31.38248 ], [ -64.14971, -31.38465 ] ] ] } },
{ "type": "Feature", "properties": { "indice_acceso": 0.683 }, "geometry": { "type": "Polygon", "coordinates": [ [ [ -64.14976, -31.3873 ], [ -64.15125, -31.38639 ], [ -64.14783, -31.38248 ], [ -64.14779, -31.38503 ], [ -64.14976, -31.3873 ] ] ] } },
{ "type": "Feature", "properties": { "indice_acceso": 0.681 }, "geometry": { "type": "Polygon", "coordinates": [ [ [ -64.14976, -31.3873 ], [ -64.14902, -31.38644 ], [ -64.14779, -31.38722 ], [ -64.14779, -31.38898 ], [ -64.14833, -31.38958 ], [ -64.15203, -31.38726 ], [ -64.15125, -31.38639 ], [ -64.14976, -31.3873 ] ] ] } },
{ "type": "Feature", "properties": { "indice_acceso": 0.678 }, "geometry": { "type": "Polygon", "coordinates": [ [ [ -64.15125, -31.38639 ], [ -64.15351, -31.38894 ], [ -64.15574, -31.38756 ], [ -64.15422, -31.38583 ], [ -64.15343, -31.38634 ], [ -64.15267, -31.38548 ], [ -64.15125, -31.38639 ] ] ] } },
{ "type": "Feature", "properties": { "indice_acceso": 0.678 }, "geometry": { "type": "Polygon", "coordinates": [ [ [ -64.15343, -31.38634 ], [ -64.15422, -31.38583 ], [ -64.15574, -31.38756 ], [ -64.15813, -31.38576 ], [ -64.15416, -31.38451 ], [ -64.15277, -31.3856 ], [ -64.15343, -31.38634 ] ] ] } },
{ "type": "Feature", "properties": { "indice_acceso": 0.707 }, "geometry": { "type": "Polygon", "coordinates": [ [ [ -64.1613, -31.38799 ], [ -64.15978, -31.38628 ], [ -64.15813, -31.38576 ], [ -64.15731, -31.38652 ], [ -64.15809, -31.38739 ], [ -64.15729, -31.3879 ], [ -64.15883, -31.38963 ], [ -64.1613, -31.38799 ] ] ] } },
{ "type": "Feature", "properties": { "indice_acceso": 0.716 }, "geometry": { "type": "Polygon", "coordinates": [ [ [ -64.16214, -31.39155 ], [ -64.16361, -31.39059 ], [ -64.1613, -31.38799 ], [ -64.15804, -31.39013 ], [ -64.16214, -31.39155 ] ] ] } },
{ "type": "Feature", "properties": { "indice_acceso": 0.698 }, "geometry": { "type": "Polygon", "coordinates": [ [ [ -64.15804, -31.39013 ], [ -64.15883, -31.38963 ], [ -64.15729, -31.3879 ], [ -64.15809, -31.38739 ], [ -64.15731, -31.38652 ], [ -64.15371, -31.38885 ], [ -64.15817, -31.39029 ], [ -64.15804, -31.39013 ] ] ] } },
{ "type": "Feature", "properties": { "indice_acceso": 0.691 }, "geometry": { "type": "Polygon", "coordinates": [ [ [ -64.1513, -31.39039 ], [ -64.15247, -31.39032 ], [ -64.15283, -31.39075 ], [ -64.15428, -31.3898 ], [ -64.15203, -31.38726 ], [ -64.14976, -31.38866 ], [ -64.1513, -31.39039 ] ] ] } },
{ "type": "Feature", "properties": { "indice_acceso": 0.704 }, "geometry": { "type": "Polygon", "coordinates": [ [ [ -64.14827, -31.39243 ], [ -64.1513, -31.39039 ], [ -64.14976, -31.38866 ], [ -64.14779, -31.38993 ], [ -64.14836, -31.39094 ], [ -64.14787, -31.39126 ], [ -64.14782, -31.39232 ], [ -64.14827, -31.39243 ] ] ] } },
{ "type": "Feature", "properties": { "indice_acceso": 0.709 }, "geometry": { "type": "Polygon", "coordinates": [ [ [ -64.15282, -31.3921 ], [ -64.15206, -31.39125 ], [ -64.15283, -31.39075 ], [ -64.15247, -31.39032 ], [ -64.15157, -31.39021 ], [ -64.14827, -31.39243 ], [ -64.15117, -31.3932 ], [ -64.15282, -31.3921 ] ] ] } },
{ "type": "Feature", "properties": { "indice_acceso": 0.712 }, "geometry": { "type": "Polygon", "coordinates": [ [ [ -64.15283, -31.39075 ], [ -64.15206, -31.39125 ], [ -64.15282, -31.3921 ], [ -64.15117, -31.3932 ], [ -64.15613, -31.39475 ], [ -64.15283, -31.39075 ] ] ] } },
{ "type": "Feature", "properties": { "indice_acceso": 0.708 }, "geometry": { "type": "Polygon", "coordinates": [ [ [ -64.15854, -31.39461 ], [ -64.15428, -31.3898 ], [ -64.15283, -31.39075 ], [ -64.15613, -31.39475 ], [ -64.15818, -31.3954 ], [ -64.15854, -31.39461 ] ] ] } },
{ "type": "Feature", "properties": { "indice_acceso": 0.723 }, "geometry": { "type": "Polygon", "coordinates": [ [ [ -64.15854, -31.39461 ], [ -64.15824, -31.39542 ], [ -64.17156, -31.39951 ], [ -64.16361, -31.39059 ], [ -64.16214, -31.39155 ], [ -64.15351, -31.38894 ], [ -64.15854, -31.39461 ] ] ] } },
{ "type": "Feature", "properties": { "indice_acceso": 0.7 }, "geometry": { "type": "Polygon", "coordinates": [ [ [ -64.16354, -31.36981 ], [ -64.16583, -31.37068 ], [ -64.16618, -31.37002 ], [ -64.16923, -31.36746 ], [ -64.16712, -31.36553 ], [ -64.16679, -31.3658 ], [ -64.16754, -31.36652 ], [ -64.16354, -31.36981 ] ] ] } },
{ "type": "Feature", "properties": { "indice_acceso": 0.725 }, "geometry": { "type": "Polygon", "coordinates": [ [ [ -64.17556, -31.37428 ], [ -64.1761, -31.37445 ], [ -64.17612, -31.37191 ], [ -64.17511, -31.37191 ], [ -64.17488, -31.37254 ], [ -64.16923, -31.36746 ], [ -64.16781, -31.36868 ], [ -64.17038, -31.371 ], [ -64.16955, -31.37207 ], [ -64.17556, -31.37428 ] ] ] } },
{ "type": "Feature", "properties": { "indice_acceso": 0.725 }, "geometry": { "type": "Polygon", "coordinates": [ [ [ -64.16955, -31.37207 ], [ -64.17038, -31.371 ], [ -64.16781, -31.36868 ], [ -64.16618, -31.37002 ], [ -64.16583, -31.37068 ], [ -64.16955, -31.37207 ] ] ] } },
{ "type": "Feature", "properties": { "indice_acceso": 0.737 }, "geometry": { "type": "Polygon", "coordinates": [ [ [ -64.16704, -31.3745 ], [ -64.16851, -31.37412 ], [ -64.16877, -31.3736 ], [ -64.1715, -31.37463 ], [ -64.17241, -31.37309 ], [ -64.16583, -31.37068 ], [ -64.16704, -31.3745 ] ] ] } },
{ "type": "Feature", "properties": { "indice_acceso": 0.707 }, "geometry": { "type": "Polygon", "coordinates": [ [ [ -64.16067, -31.37145 ], [ -64.16045, -31.37287 ], [ -64.16021, -31.37287 ], [ -64.16043, -31.37383 ], [ -64.1546, -31.37515 ], [ -64.15484, -31.37581 ], [ -64.16062, -31.37438 ], [ -64.16078, -31.37491 ], [ -64.16473, -31.37392 ], [ -64.16491, -31.37444 ], [ -64.16686, -31.37395 ], [ -64.16583, -31.37068 ], [ -64.16273, -31.36951 ], [ -64.16259, -31.37144 ], [ -64.16067, -31.37145 ] ] ] } },
{ "type": "Feature", "properties": { "indice_acceso": 0.697 }, "geometry": { "type": "Polygon", "coordinates": [ [ [ -64.16118, -31.37164 ], [ -64.16259, -31.37144 ], [ -64.16273, -31.36951 ], [ -64.16109, -31.36888 ], [ -64.15511, -31.37055 ], [ -64.15541, -31.37136 ], [ -64.16118, -31.37164 ] ] ] } },
{ "type": "Feature", "properties": { "indice_acceso": 0.698 }, "geometry": { "type": "Polygon", "coordinates": [ [ [ -64.15544, -31.37146 ], [ -64.15666, -31.3748 ], [ -64.16043, -31.37383 ], [ -64.16021, -31.37287 ], [ -64.16045, -31.37287 ], [ -64.16067, -31.37145 ], [ -64.15544, -31.37146 ] ] ] } },
{ "type": "Feature", "properties": { "indice_acceso": 0.694 }, "geometry": { "type": "Polygon", "coordinates": [ [ [ -64.15525, -31.37691 ], [ -64.16096, -31.37544 ], [ -64.16062, -31.37438 ], [ -64.15484, -31.37581 ], [ -64.15525, -31.37691 ] ] ] } },
{ "type": "Feature", "properties": { "indice_acceso": 0.687 }, "geometry": { "type": "Polygon", "coordinates": [ [ [ -64.15357, -31.37922 ], [ -64.15454, -31.37894 ], [ -64.15496, -31.37984 ], [ -64.15633, -31.37968 ], [ -64.15436, -31.3745 ], [ -64.15162, -31.37525 ], [ -64.15275, -31.37833 ], [ -64.15357, -31.37922 ] ] ] } },
{ "type": "Feature", "properties": { "indice_acceso": 0.701 }, "geometry": { "type": "Polygon", "coordinates": [ [ [ -64.15571, -31.37818 ], [ -64.16031, -31.37701 ], [ -64.16206, -31.3772 ], [ -64.16247, -31.37649 ], [ -64.1612, -31.37616 ], [ -64.16096, -31.37544 ], [ -64.15525, -31.37691 ], [ -64.15571, -31.37818 ] ] ] } },
{ "type": "Feature", "properties": { "indice_acceso": 0.688 }, "geometry": { "type": "Polygon", "coordinates": [ [ [ -64.15633, -31.37968 ], [ -64.16193, -31.37824 ], [ -64.16175, -31.37771 ], [ -64.16206, -31.3772 ], [ -64.16031, -31.37701 ], [ -64.15571, -31.37818 ], [ -64.15633, -31.37968 ] ] ] } },
{ "type": "Feature", "properties": { "indice_acceso": 0.722 }, "geometry": { "type": "Polygon", "coordinates": [ [ [ -64.1612, -31.37616 ], [ -64.16247, -31.37649 ], [ -64.16175, -31.37771 ], [ -64.16193, -31.37824 ], [ -64.16588, -31.37722 ], [ -64.1651, -31.37498 ], [ -64.16322, -31.37545 ], [ -64.16286, -31.37439 ], [ -64.16078, -31.37491 ], [ -64.1612, -31.37616 ] ] ] } },
{ "type": "Feature", "properties": { "indice_acceso": 0.725 }, "geometry": { "type": "Polygon", "coordinates": [ [ [ -64.16322, -31.37545 ], [ -64.1651, -31.37498 ], [ -64.16588, -31.37722 ], [ -64.1678, -31.37674 ], [ -64.16686, -31.37395 ], [ -64.16491, -31.37444 ], [ -64.16473, -31.37392 ], [ -64.16286, -31.37439 ], [ -64.16322, -31.37545 ] ] ] } },
{ "type": "Feature", "properties": { "indice_acceso": 0.748 }, "geometry": { "type": "Polygon", "coordinates": [ [ [ -64.16877, -31.3736 ], [ -64.16851, -31.37412 ], [ -64.16704, -31.3745 ], [ -64.1678, -31.37674 ], [ -64.17489, -31.37465 ], [ -64.17491, -31.37516 ], [ -64.1761, -31.37484 ], [ -64.1761, -31.37445 ], [ -64.17241, -31.37309 ], [ -64.1716, -31.37461 ], [ -64.16877, -31.3736 ] ] ] } },
{ "type": "Feature", "properties": { "indice_acceso": 0.76 }, "geometry": { "type": "Polygon", "coordinates": [ [ [ -64.17194, -31.3754 ], [ -64.17212, -31.37979 ], [ -64.17347, -31.3798 ], [ -64.17348, -31.37796 ], [ -64.17602, -31.37797 ], [ -64.1761, -31.37484 ], [ -64.17491, -31.37516 ], [ -64.17489, -31.37465 ], [ -64.17194, -31.3754 ] ] ] } },
{ "type": "Feature", "properties": { "indice_acceso": 0.758 }, "geometry": { "type": "Polygon", "coordinates": [ [ [ -64.1678, -31.37674 ], [ -64.16796, -31.37718 ], [ -64.16994, -31.37667 ], [ -64.17002, -31.37688 ], [ -64.16995, -31.37851 ], [ -64.16898, -31.37957 ], [ -64.17214, -31.38058 ], [ -64.17203, -31.37568 ], [ -64.1678, -31.37674 ] ] ] } },
{ "type": "Feature", "properties": { "indice_acceso": 0.695 }, "geometry": { "type": "Polygon", "coordinates": [ [ [ -64.15812, -31.3792 ], [ -64.15831, -31.37984 ], [ -64.1596, -31.38126 ], [ -64.16072, -31.38053 ], [ -64.16115, -31.38102 ], [ -64.16567, -31.37815 ], [ -64.16533, -31.37736 ], [ -64.15812, -31.3792 ] ] ] } },
{ "type": "Feature", "properties": { "indice_acceso": 0.681 }, "geometry": { "type": "Polygon", "coordinates": [ [ [ -64.15732, -31.38351 ], [ -64.15794, -31.38311 ], [ -64.15751, -31.38263 ], [ -64.1596, -31.38126 ], [ -64.15831, -31.37984 ], [ -64.15812, -31.3792 ], [ -64.15539, -31.37984 ], [ -64.15488, -31.37981 ], [ -64.15454, -31.37894 ], [ -64.15357, -31.37922 ], [ -64.15732, -31.38351 ] ] ] } },
{ "type": "Feature", "properties": { "indice_acceso": 0.691 }, "geometry": { "type": "Polygon", "coordinates": [ [ [ -64.16241, -31.38243 ], [ -64.16072, -31.38053 ], [ -64.15751, -31.38263 ], [ -64.15794, -31.38311 ], [ -64.15732, -31.38351 ], [ -64.15857, -31.3847 ], [ -64.16241, -31.38243 ] ] ] } },
{ "type": "Feature", "properties": { "indice_acceso": 0.711 }, "geometry": { "type": "Polygon", "coordinates": [ [ [ -64.16241, -31.38243 ], [ -64.16638, -31.37984 ], [ -64.16567, -31.37815 ], [ -64.16115, -31.38102 ], [ -64.16241, -31.38243 ] ] ] } },
{ "type": "Feature", "properties": { "indice_acceso": 0.742 }, "geometry": { "type": "Polygon", "coordinates": [ [ [ -64.16762, -31.38272 ], [ -64.16869, -31.38195 ], [ -64.1696, -31.38046 ], [ -64.1702, -31.38073 ], [ -64.17049, -31.38024 ], [ -64.16567, -31.37815 ], [ -64.16762, -31.38272 ] ] ] } },
{ "type": "Feature", "properties": { "indice_acceso": 0.716 }, "geometry": { "type": "Polygon", "coordinates": [ [ [ -64.16411, -31.38434 ], [ -64.16703, -31.38242 ], [ -64.16664, -31.38196 ], [ -64.16714, -31.38163 ], [ -64.16638, -31.37984 ], [ -64.16241, -31.38243 ], [ -64.16411, -31.38434 ] ] ] } },
{ "type": "Feature", "properties": { "indice_acceso": 0.707 }, "geometry": { "type": "Polygon", "coordinates": [ [ [ -64.15837, -31.38469 ], [ -64.15978, -31.38628 ], [ -64.16368, -31.38386 ], [ -64.16241, -31.38243 ], [ -64.15837, -31.38469 ] ] ] } },
{ "type": "Feature", "properties": { "indice_acceso": 0.721 }, "geometry": { "type": "Polygon", "coordinates": [ [ [ -64.16053, -31.38712 ], [ -64.16522, -31.38565 ], [ -64.16368, -31.38386 ], [ -64.15978, -31.38628 ], [ -64.16053, -31.38712 ] ] ] } },
{ "type": "Feature", "properties": { "indice_acceso": 0.734 }, "geometry": { "type": "Polygon", "coordinates": [ [ [ -64.16842, -31.38465 ], [ -64.16714, -31.38163 ], [ -64.16664, -31.38196 ], [ -64.16703, -31.38242 ], [ -64.16411, -31.38434 ], [ -64.16521, -31.3856 ], [ -64.16842, -31.38465 ] ] ] } },
{ "type": "Feature", "properties": { "indice_acceso": 0.771 }, "geometry": { "type": "Polygon", "coordinates": [ [ [ -64.1696, -31.38046 ], [ -64.16869, -31.38195 ], [ -64.16762, -31.38272 ], [ -64.168, -31.38367 ], [ -64.1723, -31.38233 ], [ -64.17214, -31.38058 ], [ -64.17049, -31.38024 ], [ -64.17022, -31.3807 ], [ -64.1696, -31.38046 ] ] ] } },
{ "type": "Feature", "properties": { "indice_acceso": 0.792 }, "geometry": { "type": "Polygon", "coordinates": [ [ [ -64.17347, -31.3798 ], [ -64.17212, -31.37979 ], [ -64.1723, -31.38233 ], [ -64.17597, -31.3812 ], [ -64.17602, -31.37797 ], [ -64.17348, -31.37796 ], [ -64.17347, -31.3798 ] ] ] } },
{ "type": "Feature", "properties": { "indice_acceso": 0.741 }, "geometry": { "type": "Polygon", "coordinates": [ [ [ -64.1678, -31.37674 ], [ -64.16533, -31.37736 ], [ -64.16567, -31.37815 ], [ -64.16898, -31.37957 ], [ -64.16995, -31.37851 ], [ -64.16998, -31.37676 ], [ -64.16816, -31.37713 ], [ -64.1678, -31.37674 ] ] ] } },
{ "type": "Feature", "properties": { "indice_acceso": 0.766 }, "geometry": { "type": "Polygon", "coordinates": [ [ [ -64.17594, -31.38673 ], [ -64.17597, -31.3812 ], [ -64.1723, -31.38233 ], [ -64.17438, -31.38722 ], [ -64.17594, -31.38673 ] ] ] } },
{ "type": "Feature", "properties": { "indice_acceso": 0.763 }, "geometry": { "type": "Polygon", "coordinates": [ [ [ -64.17438, -31.38722 ], [ -64.17357, -31.38527 ], [ -64.1723, -31.38233 ], [ -64.17138, -31.38262 ], [ -64.17344, -31.38752 ], [ -64.17438, -31.38722 ] ] ] } },
{ "type": "Feature", "properties": { "indice_acceso": 0.771 }, "geometry": { "type": "Polygon", "coordinates": [ [ [ -64.17344, -31.38752 ], [ -64.17138, -31.38262 ], [ -64.17027, -31.38296 ], [ -64.17231, -31.38787 ], [ -64.17344, -31.38752 ] ] ] } },
{ "type": "Feature", "properties": { "indice_acceso": 0.769 }, "geometry": { "type": "Polygon", "coordinates": [ [ [ -64.17231, -31.38787 ], [ -64.17027, -31.38296 ], [ -64.16913, -31.38332 ], [ -64.17119, -31.38821 ], [ -64.17231, -31.38787 ] ] ] } },
{ "type": "Feature", "properties": { "indice_acceso": 0.758 }, "geometry": { "type": "Polygon", "coordinates": [ [ [ -64.17008, -31.38856 ], [ -64.1712, -31.38822 ], [ -64.16913, -31.38332 ], [ -64.168, -31.38367 ], [ -64.17008, -31.38856 ] ] ] } },
{ "type": "Feature", "properties": { "indice_acceso": 0.738 }, "geometry": { "type": "Polygon", "coordinates": [ [ [ -64.16494, -31.38796 ], [ -64.16925, -31.38661 ], [ -64.16842, -31.38465 ], [ -64.16179, -31.38672 ], [ -64.16469, -31.38737 ], [ -64.16494, -31.38796 ] ] ] } },
{ "type": "Feature", "properties": { "indice_acceso": 0.726 }, "geometry": { "type": "Polygon", "coordinates": [ [ [ -64.16494, -31.38796 ], [ -64.16576, -31.3899 ], [ -64.17008, -31.38856 ], [ -64.16925, -31.38661 ], [ -64.16494, -31.38796 ] ] ] } },
{ "type": "Feature", "properties": { "indice_acceso": 0.724 }, "geometry": { "type": "Polygon", "coordinates": [ [ [ -64.16361, -31.39059 ], [ -64.16576, -31.3899 ], [ -64.16469, -31.38737 ], [ -64.16179, -31.38672 ], [ -64.16053, -31.38712 ], [ -64.16361, -31.39059 ] ] ] } },
{ "type": "Feature", "properties": { "indice_acceso": 0.724 }, "geometry": { "type": "Polygon", "coordinates": [ [ [ -64.16515, -31.39233 ], [ -64.16769, -31.3915 ], [ -64.16688, -31.38956 ], [ -64.16361, -31.39059 ], [ -64.16515, -31.39233 ] ] ] } },
{ "type": "Feature", "properties": { "indice_acceso": 0.721 }, "geometry": { "type": "Polygon", "coordinates": [ [ [ -64.16769, -31.3915 ], [ -64.1709, -31.39051 ], [ -64.17008, -31.38856 ], [ -64.16688, -31.38956 ], [ -64.16769, -31.3915 ] ] ] } },
{ "type": "Feature", "properties": { "indice_acceso": 0.729 }, "geometry": { "type": "Polygon", "coordinates": [ [ [ -64.1709, -31.39051 ], [ -64.17594, -31.38894 ], [ -64.17594, -31.38673 ], [ -64.17008, -31.38856 ], [ -64.1709, -31.39051 ] ] ] } },
{ "type": "Feature", "properties": { "indice_acceso": 0.719 }, "geometry": { "type": "Polygon", "coordinates": [ [ [ -64.17299, -31.39242 ], [ -64.17591, -31.39152 ], [ -64.17594, -31.38894 ], [ -64.17314, -31.38981 ], [ -64.17355, -31.39081 ], [ -64.17244, -31.39115 ], [ -64.17299, -31.39242 ] ] ] } },
{ "type": "Feature", "properties": { "indice_acceso": 0.715 }, "geometry": { "type": "Polygon", "coordinates": [ [ [ -64.17299, -31.39242 ], [ -64.17244, -31.39115 ], [ -64.17355, -31.39081 ], [ -64.17314, -31.38981 ], [ -64.16978, -31.39085 ], [ -64.17073, -31.39314 ], [ -64.17299, -31.39242 ] ] ] } },
{ "type": "Feature", "properties": { "indice_acceso": 0.714 }, "geometry": { "type": "Polygon", "coordinates": [ [ [ -64.17073, -31.39314 ], [ -64.16978, -31.39085 ], [ -64.16769, -31.3915 ], [ -64.16865, -31.39378 ], [ -64.17073, -31.39314 ] ] ] } },
{ "type": "Feature", "properties": { "indice_acceso": 0.72 }, "geometry": { "type": "Polygon", "coordinates": [ [ [ -64.1709, -31.39661 ], [ -64.1696, -31.39349 ], [ -64.16693, -31.39432 ], [ -64.16939, -31.39708 ], [ -64.1709, -31.39661 ] ] ] } },
{ "type": "Feature", "properties": { "indice_acceso": 0.711 }, "geometry": { "type": "Polygon", "coordinates": [ [ [ -64.17002, -31.39448 ], [ -64.1759, -31.39266 ], [ -64.17591, -31.39152 ], [ -64.1696, -31.39349 ], [ -64.17002, -31.39448 ] ] ] } },
{ "type": "Feature", "properties": { "indice_acceso": 0.713 }, "geometry": { "type": "Polygon", "coordinates": [ [ [ -64.17588, -31.39381 ], [ -64.1759, -31.39266 ], [ -64.17002, -31.39448 ], [ -64.17044, -31.3955 ], [ -64.17588, -31.39381 ] ] ] } },
{ "type": "Feature", "properties": { "indice_acceso": 0.715 }, "geometry": { "type": "Polygon", "coordinates": [ [ [ -64.17247, -31.39736 ], [ -64.17585, -31.39633 ], [ -64.17588, -31.39381 ], [ -64.17158, -31.39515 ], [ -64.17247, -31.39736 ] ] ] } },
{ "type": "Feature", "properties": { "indice_acceso": 0.714 }, "geometry": { "type": "Polygon", "coordinates": [ [ [ -64.17343, -31.39962 ], [ -64.17158, -31.39515 ], [ -64.17045, -31.3955 ], [ -64.1709, -31.39661 ], [ -64.16939, -31.39708 ], [ -64.17156, -31.39951 ], [ -64.17343, -31.39962 ] ] ] } },
{ "type": "Feature", "properties": { "indice_acceso": 0.73 }, "geometry": { "type": "Polygon", "coordinates": [ [ [ -64.17582, -31.39937 ], [ -64.17585, -31.39633 ], [ -64.17247, -31.39736 ], [ -64.17343, -31.39962 ], [ -64.17582, -31.39937 ] ] ] } },
{ "type": "Feature", "properties": { "indice_acceso": 0.724 }, "geometry": { "type": "Polygon", "coordinates": [ [ [ -64.16865, -31.39378 ], [ -64.16769, -31.3915 ], [ -64.16515, -31.39233 ], [ -64.16693, -31.39432 ], [ -64.16865, -31.39378 ] ] ] } },
{ "type": "Feature", "properties": { "indice_acceso": 0.748 }, "geometry": { "type": "Polygon", "coordinates": [ [ [ -64.18792, -31.38403 ], [ -64.19118, -31.38406 ], [ -64.19051, -31.38054 ], [ -64.18708, -31.38053 ], [ -64.18748, -31.3817 ], [ -64.18742, -31.38288 ], [ -64.18792, -31.38288 ], [ -64.18792, -31.38403 ] ] ] } },
{ "type": "Feature", "properties": { "indice_acceso": 0.803 }, "geometry": { "type": "Polygon", "coordinates": [ [ [ -64.18382, -31.38403 ], [ -64.18792, -31.38403 ], [ -64.18792, -31.38288 ], [ -64.18742, -31.38288 ], [ -64.18748, -31.3817 ], [ -64.18708, -31.38053 ], [ -64.18379, -31.38052 ], [ -64.18382, -31.38403 ] ] ] } },
{ "type": "Feature", "properties": { "indice_acceso": 0.871 }, "geometry": { "type": "Polygon", "coordinates": [ [ [ -64.17969, -31.38052 ], [ -64.17971, -31.38287 ], [ -64.18109, -31.38287 ], [ -64.18108, -31.38405 ], [ -64.18382, -31.38403 ], [ -64.18379, -31.38052 ], [ -64.17969, -31.38052 ] ] ] } },
{ "type": "Feature", "properties": { "indice_acceso": 0.831 }, "geometry": { "type": "Polygon", "coordinates": [ [ [ -64.17595, -31.38404 ], [ -64.17971, -31.38403 ], [ -64.17969, -31.38052 ], [ -64.17612, -31.38052 ], [ -64.17595, -31.38404 ] ] ] } },
{ "type": "Feature", "properties": { "indice_acceso": 0.777 }, "geometry": { "type": "Polygon", "coordinates": [ [ [ -64.17594, -31.38522 ], [ -64.1766, -31.38636 ], [ -64.17971, -31.38638 ], [ -64.17971, -31.38403 ], [ -64.17595, -31.38404 ], [ -64.17594, -31.38522 ] ] ] } },
{ "type": "Feature", "properties": { "indice_acceso": 0.777 }, "geometry": { "type": "Polygon", "coordinates": [ [ [ -64.17971, -31.38638 ], [ -64.18382, -31.38638 ], [ -64.18382, -31.38403 ], [ -64.18108, -31.38405 ], [ -64.18109, -31.38287 ], [ -64.17971, -31.38287 ], [ -64.17971, -31.38638 ] ] ] } },
{ "type": "Feature", "properties": { "indice_acceso": 0.755 }, "geometry": { "type": "Polygon", "coordinates": [ [ [ -64.18382, -31.38638 ], [ -64.18741, -31.38639 ], [ -64.18741, -31.38403 ], [ -64.18382, -31.38403 ], [ -64.18382, -31.38638 ] ] ] } },
{ "type": "Feature", "properties": { "indice_acceso": 0.733 }, "geometry": { "type": "Polygon", "coordinates": [ [ [ -64.18741, -31.38403 ], [ -64.18741, -31.38639 ], [ -64.19163, -31.38636 ], [ -64.19118, -31.38406 ], [ -64.18741, -31.38403 ] ] ] } },
{ "type": "Feature", "properties": { "indice_acceso": 0.724 }, "geometry": { "type": "Polygon", "coordinates": [ [ [ -64.18655, -31.38639 ], [ -64.18653, -31.38952 ], [ -64.19175, -31.38696 ], [ -64.19163, -31.38636 ], [ -64.18655, -31.38639 ] ] ] } },
{ "type": "Feature", "properties": { "indice_acceso": 0.737 }, "geometry": { "type": "Polygon", "coordinates": [ [ [ -64.18381, -31.38991 ], [ -64.18379, -31.39097 ], [ -64.18653, -31.38952 ], [ -64.18657, -31.38757 ], [ -64.18655, -31.38639 ], [ -64.18382, -31.38638 ], [ -64.18381, -31.38991 ] ] ] } },
{ "type": "Feature", "properties": { "indice_acceso": 0.749 }, "geometry": { "type": "Polygon", "coordinates": [ [ [ -64.17971, -31.38638 ], [ -64.17972, -31.38873 ], [ -64.18382, -31.38874 ], [ -64.18382, -31.38638 ], [ -64.17971, -31.38638 ] ] ] } },
{ "type": "Feature", "properties": { "indice_acceso": 0.737 }, "geometry": { "type": "Polygon", "coordinates": [ [ [ -64.17594, -31.38871 ], [ -64.17739, -31.38828 ], [ -64.17745, -31.38873 ], [ -64.17972, -31.38873 ], [ -64.17971, -31.38638 ], [ -64.1766, -31.38636 ], [ -64.17594, -31.38522 ], [ -64.17594, -31.38871 ] ] ] } },
{ "type": "Feature", "properties": { "indice_acceso": 0.718 }, "geometry": { "type": "Polygon", "coordinates": [ [ [ -64.17591, -31.39124 ], [ -64.17757, -31.39074 ], [ -64.17761, -31.39106 ], [ -64.17971, -31.39108 ], [ -64.17972, -31.38873 ], [ -64.17745, -31.38873 ], [ -64.17739, -31.38828 ], [ -64.17594, -31.38871 ], [ -64.17591, -31.39124 ] ] ] } },
{ "type": "Feature", "properties": { "indice_acceso": 0.725 }, "geometry": { "type": "Polygon", "coordinates": [ [ [ -64.17971, -31.39108 ], [ -64.1836, -31.39107 ], [ -64.18382, -31.38874 ], [ -64.17972, -31.38873 ], [ -64.17971, -31.39108 ] ] ] } },
{ "type": "Feature", "properties": { "indice_acceso": 0.724 }, "geometry": { "type": "Polygon", "coordinates": [ [ [ -64.17834, -31.39106 ], [ -64.17835, -31.39387 ], [ -64.1836, -31.39107 ], [ -64.17834, -31.39106 ] ] ] } },
{ "type": "Feature", "properties": { "indice_acceso": 0.707 }, "geometry": { "type": "Polygon", "coordinates": [ [ [ -64.17591, -31.39124 ], [ -64.17587, -31.39508 ], [ -64.178, -31.3944 ], [ -64.17792, -31.3941 ], [ -64.17835, -31.39387 ], [ -64.17834, -31.39106 ], [ -64.17761, -31.39106 ], [ -64.17757, -31.39074 ], [ -64.17591, -31.39124 ] ] ] } },
{ "type": "Feature", "properties": { "indice_acceso": 0.712 }, "geometry": { "type": "Polygon", "coordinates": [ [ [ -64.18779, -31.39012 ], [ -64.19192, -31.38884 ], [ -64.19195, -31.38692 ], [ -64.18735, -31.38908 ], [ -64.18779, -31.39012 ] ] ] } },
{ "type": "Feature", "properties": { "indice_acceso": 0.736 }, "geometry": { "type": "Polygon", "coordinates": [ [ [ -64.18835, -31.39495 ], [ -64.19046, -31.39302 ], [ -64.19177, -31.39012 ], [ -64.18824, -31.39122 ], [ -64.18735, -31.38908 ], [ -64.18616, -31.38971 ], [ -64.18835, -31.39495 ] ] ] } },
{ "type": "Feature", "properties": { "indice_acceso": 0.729 }, "geometry": { "type": "Polygon", "coordinates": [ [ [ -64.18207, -31.39188 ], [ -64.18265, -31.39171 ], [ -64.18355, -31.39393 ], [ -64.18742, -31.39273 ], [ -64.18616, -31.38971 ], [ -64.18207, -31.39188 ] ] ] } },
{ "type": "Feature", "properties": { "indice_acceso": 0.73 }, "geometry": { "type": "Polygon", "coordinates": [ [ [ -64.18053, -31.39361 ], [ -64.1818, -31.39321 ], [ -64.18271, -31.39537 ], [ -64.18398, -31.39499 ], [ -64.18265, -31.39171 ], [ -64.18022, -31.39287 ], [ -64.18053, -31.39361 ] ] ] } },
{ "type": "Feature", "properties": { "indice_acceso": 0.723 }, "geometry": { "type": "Polygon", "coordinates": [ [ [ -64.18031, -31.39611 ], [ -64.18271, -31.39537 ], [ -64.1818, -31.39321 ], [ -64.18053, -31.39361 ], [ -64.18022, -31.39287 ], [ -64.17914, -31.39345 ], [ -64.18031, -31.39611 ] ] ] } },
{ "type": "Feature", "properties": { "indice_acceso": 0.723 }, "geometry": { "type": "Polygon", "coordinates": [ [ [ -64.17764, -31.39694 ], [ -64.18031, -31.39611 ], [ -64.17914, -31.39345 ], [ -64.17792, -31.3941 ], [ -64.178, -31.3944 ], [ -64.17673, -31.3948 ], [ -64.17764, -31.39694 ] ] ] } },
{ "type": "Feature", "properties": { "indice_acceso": 0.749 }, "geometry": { "type": "Polygon", "coordinates": [ [ [ -64.17764, -31.39694 ], [ -64.17673, -31.3948 ], [ -64.17587, -31.39508 ], [ -64.17583, -31.40007 ], [ -64.18555, -31.39704 ], [ -64.18464, -31.39479 ], [ -64.17764, -31.39694 ] ] ] } },
{ "type": "Feature", "properties": { "indice_acceso": 0.737 }, "geometry": { "type": "Polygon", "coordinates": [ [ [ -64.18398, -31.39499 ], [ -64.18464, -31.39479 ], [ -64.18535, -31.39655 ], [ -64.1884, -31.39506 ], [ -64.18742, -31.39273 ], [ -64.18355, -31.39393 ], [ -64.18398, -31.39499 ] ] ] } },
{ "type": "Feature", "properties": { "indice_acceso": 0.75 }, "geometry": { "type": "Polygon", "coordinates": [ [ [ -64.18835, -31.39495 ], [ -64.1888, -31.39604 ], [ -64.19317, -31.39467 ], [ -64.19339, -31.39587 ], [ -64.19363, -31.3958 ], [ -64.19206, -31.38755 ], [ -64.19137, -31.39139 ], [ -64.19046, -31.39302 ], [ -64.18835, -31.39495 ] ] ] } },
{ "type": "Feature", "properties": { "indice_acceso": 0.771 }, "geometry": { "type": "Polygon", "coordinates": [ [ [ -64.18926, -31.39715 ], [ -64.1884, -31.39506 ], [ -64.18535, -31.39655 ], [ -64.18555, -31.39704 ], [ -64.18494, -31.39723 ], [ -64.18541, -31.39833 ], [ -64.18926, -31.39715 ] ] ] } },
{ "type": "Feature", "properties": { "indice_acceso": 0.769 }, "geometry": { "type": "Polygon", "coordinates": [ [ [ -64.18973, -31.39825 ], [ -64.18926, -31.39715 ], [ -64.18541, -31.39833 ], [ -64.18586, -31.39944 ], [ -64.18973, -31.39825 ] ] ] } },
{ "type": "Feature", "properties": { "indice_acceso": 0.791 }, "geometry": { "type": "Polygon", "coordinates": [ [ [ -64.1888, -31.39604 ], [ -64.18973, -31.39825 ], [ -64.1937, -31.39701 ], [ -64.19363, -31.3958 ], [ -64.19339, -31.39587 ], [ -64.19317, -31.39467 ], [ -64.1888, -31.39604 ] ] ] } },
{ "type": "Feature", "properties": { "indice_acceso": 0.716 }, "geometry": { "type": "Polygon", "coordinates": [ [ [ -64.18824, -31.39122 ], [ -64.19177, -31.39012 ], [ -64.19192, -31.38884 ], [ -64.18779, -31.39012 ], [ -64.18824, -31.39122 ] ] ] } },
{ "type": "Feature", "properties": { "indice_acceso": 0.763 }, "geometry": { "type": "Polygon", "coordinates": [ [ [ -64.20067, -31.39257 ], [ -64.20095, -31.39214 ], [ -64.20271, -31.3929 ], [ -64.20305, -31.39228 ], [ -64.20399, -31.39266 ], [ -64.2046, -31.39215 ], [ -64.20218, -31.39121 ], [ -64.20296, -31.38957 ], [ -64.20165, -31.38897 ], [ -64.19992, -31.39162 ], [ -64.20034, -31.39183 ], [ -64.20067, -31.39257 ] ] ] } },
{ "type": "Feature", "properties": { "indice_acceso": 0.775 }, "geometry": { "type": "Polygon", "coordinates": [ [ [ -64.2005, -31.39072 ], [ -64.20165, -31.38897 ], [ -64.19858, -31.3875 ], [ -64.19763, -31.38894 ], [ -64.19969, -31.38995 ], [ -64.1995, -31.39024 ], [ -64.2005, -31.39072 ] ] ] } },
{ "type": "Feature", "properties": { "indice_acceso": 0.747 }, "geometry": { "type": "Polygon", "coordinates": [ [ [ -64.19858, -31.3875 ], [ -64.1955, -31.386 ], [ -64.19435, -31.38777 ], [ -64.19743, -31.38925 ], [ -64.19858, -31.3875 ] ] ] } },
{ "type": "Feature", "properties": { "indice_acceso": 0.733 }, "geometry": { "type": "Polygon", "coordinates": [ [ [ -64.19479, -31.38913 ], [ -64.19537, -31.38826 ], [ -64.19435, -31.38777 ], [ -64.1955, -31.386 ], [ -64.19446, -31.3855 ], [ -64.19201, -31.38722 ], [ -64.19212, -31.38788 ], [ -64.19479, -31.38913 ] ] ] } },
{ "type": "Feature", "properties": { "indice_acceso": 0.758 }, "geometry": { "type": "Polygon", "coordinates": [ [ [ -64.19288, -31.39202 ], [ -64.19364, -31.3909 ], [ -64.1957, -31.39189 ], [ -64.19743, -31.38925 ], [ -64.19537, -31.38826 ], [ -64.19479, -31.38913 ], [ -64.19212, -31.38788 ], [ -64.19288, -31.39202 ] ] ] } },
{ "type": "Feature", "properties": { "indice_acceso": 0.781 }, "geometry": { "type": "Polygon", "coordinates": [ [ [ -64.19455, -31.39364 ], [ -64.1957, -31.39189 ], [ -64.19364, -31.3909 ], [ -64.19288, -31.39202 ], [ -64.19305, -31.39291 ], [ -64.19455, -31.39364 ] ] ] } },
{ "type": "Feature", "properties": { "indice_acceso": 0.8 }, "geometry": { "type": "Polygon", "coordinates": [ [ [ -64.1982, -31.39426 ], [ -64.2005, -31.39072 ], [ -64.1995, -31.39024 ], [ -64.19969, -31.38995 ], [ -64.19763, -31.38894 ], [ -64.19512, -31.39278 ], [ -64.1982, -31.39426 ] ] ] } },
{ "type": "Feature", "properties": { "indice_acceso": 0.789 }, "geometry": { "type": "Polygon", "coordinates": [ [ [ -64.1982, -31.39426 ], [ -64.20118, -31.3957 ], [ -64.2015, -31.39662 ], [ -64.20202, -31.39666 ], [ -64.2024, -31.39658 ], [ -64.20262, -31.39503 ], [ -64.20367, -31.39336 ], [ -64.20522, -31.3922 ], [ -64.20499, -31.39188 ], [ -64.20399, -31.39266 ], [ -64.20305, -31.39228 ], [ -64.20271, -31.3929 ], [ -64.20095, -31.39214 ], [ -64.20067, -31.39257 ], [ -64.20034, -31.39182 ], [ -64.19992, -31.39162 ], [ -64.1982, -31.39426 ] ] ] } },
{ "type": "Feature", "properties": { "indice_acceso": 0.851 }, "geometry": { "type": "Polygon", "coordinates": [ [ [ -64.19948, -31.39721 ], [ -64.20118, -31.3957 ], [ -64.1982, -31.39426 ], [ -64.19704, -31.39602 ], [ -64.19948, -31.39721 ] ] ] } },
{ "type": "Feature", "properties": { "indice_acceso": 0.834 }, "geometry": { "type": "Polygon", "coordinates": [ [ [ -64.19455, -31.39364 ], [ -64.19305, -31.39291 ], [ -64.1933, -31.39422 ], [ -64.19704, -31.39602 ], [ -64.1982, -31.39426 ], [ -64.19512, -31.39278 ], [ -64.19455, -31.39364 ] ] ] } },
{ "type": "Feature", "properties": { "indice_acceso": 0.855 }, "geometry": { "type": "Polygon", "coordinates": [ [ [ -64.19589, -31.39778 ], [ -64.19704, -31.39602 ], [ -64.1933, -31.39422 ], [ -64.19371, -31.39674 ], [ -64.19589, -31.39778 ] ] ] } },
{ "type": "Feature", "properties": { "indice_acceso": 0.863 }, "geometry": { "type": "Polygon", "coordinates": [ [ [ -64.19799, -31.39877 ], [ -64.19948, -31.39721 ], [ -64.19704, -31.39602 ], [ -64.19589, -31.39778 ], [ -64.19799, -31.39877 ] ] ] } },
{ "type": "Feature", "properties": { "indice_acceso": 0.684 }, "geometry": { "type": "Polygon", "coordinates": [ [ [ -64.22052, -31.38462 ], [ -64.22237, -31.38325 ], [ -64.21688, -31.38223 ], [ -64.21606, -31.38244 ], [ -64.21795, -31.38678 ], [ -64.22052, -31.38462 ] ] ] } },
{ "type": "Feature", "properties": { "indice_acceso": 0.678 }, "geometry": { "type": "Polygon", "coordinates": [ [ [ -64.2169, -31.38775 ], [ -64.21795, -31.38678 ], [ -64.21606, -31.38244 ], [ -64.21479, -31.38281 ], [ -64.2169, -31.38775 ] ] ] } },
{ "type": "Feature", "properties": { "indice_acceso": 0.687 }, "geometry": { "type": "Polygon", "coordinates": [ [ [ -64.21212, -31.38679 ], [ -64.21594, -31.38555 ], [ -64.21479, -31.38281 ], [ -64.21095, -31.38396 ], [ -64.21212, -31.38679 ] ] ] } },
{ "type": "Feature", "properties": { "indice_acceso": 0.685 }, "geometry": { "type": "Polygon", "coordinates": [ [ [ -64.21168, -31.3857 ], [ -64.21095, -31.38396 ], [ -64.20711, -31.3853 ], [ -64.2078, -31.38694 ], [ -64.21168, -31.3857 ] ] ] } },
{ "type": "Feature", "properties": { "indice_acceso": 0.682 }, "geometry": { "type": "Polygon", "coordinates": [ [ [ -64.2126, -31.38788 ], [ -64.21168, -31.3857 ], [ -64.2078, -31.38694 ], [ -64.20868, -31.38894 ], [ -64.2126, -31.38788 ] ] ] } },
{ "type": "Feature", "properties": { "indice_acceso": 0.72 }, "geometry": { "type": "Polygon", "coordinates": [ [ [ -64.20394, -31.38816 ], [ -64.20525, -31.38775 ], [ -64.20572, -31.38882 ], [ -64.20828, -31.38802 ], [ -64.20711, -31.3853 ], [ -64.20447, -31.38686 ], [ -64.20394, -31.38816 ] ] ] } },
{ "type": "Feature", "properties": { "indice_acceso": 0.737 }, "geometry": { "type": "Polygon", "coordinates": [ [ [ -64.20394, -31.38816 ], [ -64.20382, -31.38786 ], [ -64.20218, -31.39121 ], [ -64.20876, -31.38912 ], [ -64.20828, -31.38802 ], [ -64.20572, -31.38882 ], [ -64.20525, -31.38775 ], [ -64.20394, -31.38816 ] ] ] } },
{ "type": "Feature", "properties": { "indice_acceso": 0.714 }, "geometry": { "type": "Polygon", "coordinates": [ [ [ -64.20218, -31.39121 ], [ -64.2046, -31.39215 ], [ -64.20499, -31.39188 ], [ -64.20522, -31.3922 ], [ -64.20601, -31.39179 ], [ -64.20835, -31.39142 ], [ -64.21276, -31.39174 ], [ -64.21404, -31.39041 ], [ -64.21334, -31.3896 ], [ -64.21104, -31.39035 ], [ -64.211, -31.3906 ], [ -64.21007, -31.38996 ], [ -64.20787, -31.39053 ], [ -64.20746, -31.38954 ], [ -64.20218, -31.39121 ] ] ] } },
{ "type": "Feature", "properties": { "indice_acceso": 0.697 }, "geometry": { "type": "Polygon", "coordinates": [ [ [ -64.20787, -31.39053 ], [ -64.21007, -31.38996 ], [ -64.211, -31.3906 ], [ -64.21104, -31.39035 ], [ -64.21334, -31.3896 ], [ -64.2126, -31.38788 ], [ -64.20754, -31.38972 ], [ -64.20787, -31.39053 ] ] ] } },
{ "type": "Feature", "properties": { "indice_acceso": 0.684 }, "geometry": { "type": "Polygon", "coordinates": [ [ [ -64.2169, -31.38775 ], [ -64.21594, -31.38555 ], [ -64.21212, -31.38679 ], [ -64.21349, -31.38993 ], [ -64.21389, -31.39027 ], [ -64.2169, -31.38775 ] ] ] } },
{ "type": "Feature", "properties": { "indice_acceso": 0.688 }, "geometry": { "type": "Polygon", "coordinates": [ [ [ -64.21276, -31.39174 ], [ -64.21464, -31.39273 ], [ -64.21637, -31.39123 ], [ -64.21595, -31.39102 ], [ -64.21674, -31.39055 ], [ -64.21712, -31.39077 ], [ -64.21856, -31.38995 ], [ -64.21637, -31.38826 ], [ -64.21276, -31.39174 ] ] ] } },
{ "type": "Feature", "properties": { "indice_acceso": 0.667 }, "geometry": { "type": "Polygon", "coordinates": [ [ [ -64.22225, -31.38786 ], [ -64.21991, -31.38511 ], [ -64.21637, -31.38826 ], [ -64.21856, -31.38995 ], [ -64.22225, -31.38786 ] ] ] } },
{ "type": "Feature", "properties": { "indice_acceso": 0.663 }, "geometry": { "type": "Polygon", "coordinates": [ [ [ -64.21991, -31.38511 ], [ -64.22225, -31.38786 ], [ -64.22599, -31.38574 ], [ -64.22335, -31.38274 ], [ -64.21991, -31.38511 ] ] ] } },
{ "type": "Feature", "properties": { "indice_acceso": 0.656 }, "geometry": { "type": "Polygon", "coordinates": [ [ [ -64.22382, -31.39005 ], [ -64.22822, -31.38751 ], [ -64.2259, -31.38578 ], [ -64.22225, -31.38786 ], [ -64.22382, -31.39005 ] ] ] } },
{ "type": "Feature", "properties": { "indice_acceso": 0.666 }, "geometry": { "type": "Polygon", "coordinates": [ [ [ -64.22388, -31.39012 ], [ -64.22225, -31.38786 ], [ -64.21856, -31.38995 ], [ -64.22003, -31.39175 ], [ -64.22388, -31.39012 ] ] ] } },
{ "type": "Feature", "properties": { "indice_acceso": 0.671 }, "geometry": { "type": "Polygon", "coordinates": [ [ [ -64.21595, -31.39102 ], [ -64.21637, -31.39123 ], [ -64.21464, -31.39273 ], [ -64.21594, -31.39347 ], [ -64.22003, -31.39175 ], [ -64.21856, -31.38995 ], [ -64.21595, -31.39102 ] ] ] } },
{ "type": "Feature", "properties": { "indice_acceso": 0.677 }, "geometry": { "type": "Polygon", "coordinates": [ [ [ -64.22133, -31.39515 ], [ -64.22297, -31.3941 ], [ -64.22228, -31.39296 ], [ -64.22335, -31.39248 ], [ -64.22231, -31.39078 ], [ -64.21594, -31.39347 ], [ -64.21609, -31.39404 ], [ -64.21906, -31.39539 ], [ -64.22133, -31.39515 ] ] ] } },
{ "type": "Feature", "properties": { "indice_acceso": 0.656 }, "geometry": { "type": "Polygon", "coordinates": [ [ [ -64.22493, -31.39197 ], [ -64.22444, -31.39084 ], [ -64.22481, -31.39072 ], [ -64.2246, -31.39023 ], [ -64.22386, -31.39043 ], [ -64.22388, -31.39012 ], [ -64.22231, -31.39078 ], [ -64.22335, -31.39248 ], [ -64.22228, -31.39296 ], [ -64.22297, -31.3941 ], [ -64.22232, -31.39438 ], [ -64.22246, -31.39464 ], [ -64.22493, -31.39414 ], [ -64.22495, -31.39378 ], [ -64.22569, -31.39334 ], [ -64.23285, -31.39113 ], [ -64.23215, -31.38953 ], [ -64.22493, -31.39197 ] ] ] } },
{ "type": "Feature", "properties": { "indice_acceso": 0.652 }, "geometry": { "type": "Polygon", "coordinates": [ [ [ -64.22386, -31.39043 ], [ -64.2246, -31.39023 ], [ -64.22481, -31.39072 ], [ -64.22444, -31.39084 ], [ -64.22493, -31.39197 ], [ -64.23215, -31.38953 ], [ -64.22822, -31.38751 ], [ -64.22388, -31.39012 ], [ -64.22386, -31.39043 ] ] ] } },
{ "type": "Feature", "properties": { "indice_acceso": 0.62 }, "geometry": { "type": "Polygon", "coordinates": [ [ [ -64.23411, -31.36738 ], [ -64.23712, -31.37049 ], [ -64.238, -31.36976 ], [ -64.24109, -31.36838 ], [ -64.24053, -31.36728 ], [ -64.23966, -31.36338 ], [ -64.23914, -31.36345 ], [ -64.23852, -31.36409 ], [ -64.23691, -31.36327 ], [ -64.23411, -31.36738 ] ] ] } },
{ "type": "Feature", "properties": { "indice_acceso": 0.656 }, "geometry": { "type": "Polygon", "coordinates": [ [ [ -64.23452, -31.37264 ], [ -64.23712, -31.37049 ], [ -64.23411, -31.36738 ], [ -64.23134, -31.37064 ], [ -64.23452, -31.37264 ] ] ] } },
{ "type": "Feature", "properties": { "indice_acceso": 0.662 }, "geometry": { "type": "Polygon", "coordinates": [ [ [ -64.23452, -31.37264 ], [ -64.23134, -31.37064 ], [ -64.22789, -31.37463 ], [ -64.23024, -31.37617 ], [ -64.23452, -31.37264 ] ] ] } },
{ "type": "Feature", "properties": { "indice_acceso": 0.657 }, "geometry": { "type": "Polygon", "coordinates": [ [ [ -64.22365, -31.38254 ], [ -64.22466, -31.38111 ], [ -64.22733, -31.37925 ], [ -64.23024, -31.37617 ], [ -64.22789, -31.37463 ], [ -64.22323, -31.37991 ], [ -64.22316, -31.38059 ], [ -64.22373, -31.38174 ], [ -64.22335, -31.38274 ], [ -64.22365, -31.38254 ] ] ] } },
{ "type": "Feature", "properties": { "indice_acceso": 0.65 }, "geometry": { "type": "Polygon", "coordinates": [ [ [ -64.22445, -31.384 ], [ -64.23193, -31.37959 ], [ -64.22923, -31.37706 ], [ -64.22733, -31.37925 ], [ -64.22466, -31.38111 ], [ -64.22335, -31.38274 ], [ -64.22445, -31.384 ] ] ] } },
{ "type": "Feature", "properties": { "indice_acceso": 0.639 }, "geometry": { "type": "Polygon", "coordinates": [ [ [ -64.22923, -31.37706 ], [ -64.23193, -31.37959 ], [ -64.2361, -31.3772 ], [ -64.23385, -31.37463 ], [ -64.23292, -31.37396 ], [ -64.22923, -31.37706 ] ] ] } },
{ "type": "Feature", "properties": { "indice_acceso": 0.635 }, "geometry": { "type": "Polygon", "coordinates": [ [ [ -64.23385, -31.37463 ], [ -64.23781, -31.37916 ], [ -64.24038, -31.37758 ], [ -64.23858, -31.37553 ], [ -64.23786, -31.37546 ], [ -64.23795, -31.37483 ], [ -64.2361, -31.37275 ], [ -64.23694, -31.37207 ], [ -64.2361, -31.37133 ], [ -64.23292, -31.37396 ], [ -64.23385, -31.37463 ] ] ] } },
{ "type": "Feature", "properties": { "indice_acceso": 0.628 }, "geometry": { "type": "Polygon", "coordinates": [ [ [ -64.24038, -31.37758 ], [ -64.24339, -31.37577 ], [ -64.24246, -31.37538 ], [ -64.24309, -31.37163 ], [ -64.24109, -31.36838 ], [ -64.238, -31.36976 ], [ -64.2361, -31.37133 ], [ -64.23694, -31.37207 ], [ -64.2361, -31.37275 ], [ -64.23795, -31.37483 ], [ -64.23786, -31.37546 ], [ -64.23858, -31.37553 ], [ -64.24038, -31.37758 ] ] ] } },
{ "type": "Feature", "properties": { "indice_acceso": 0.63 }, "geometry": { "type": "Polygon", "coordinates": [ [ [ -64.23781, -31.37916 ], [ -64.2361, -31.3772 ], [ -64.23206, -31.37952 ], [ -64.23378, -31.38147 ], [ -64.23781, -31.37916 ] ] ] } },
{ "type": "Feature", "properties": { "indice_acceso": 0.64 }, "geometry": { "type": "Polygon", "coordinates": [ [ [ -64.22599, -31.38574 ], [ -64.23378, -31.38147 ], [ -64.23206, -31.37952 ], [ -64.22445, -31.384 ], [ -64.22599, -31.38574 ] ] ] } },
{ "type": "Feature", "properties": { "indice_acceso": 0.651 }, "geometry": { "type": "Polygon", "coordinates": [ [ [ -64.22599, -31.38574 ], [ -64.228, -31.38724 ], [ -64.23131, -31.38529 ], [ -64.23175, -31.38587 ], [ -64.23306, -31.38512 ], [ -64.23129, -31.38287 ], [ -64.22599, -31.38574 ] ] ] } },
{ "type": "Feature", "properties": { "indice_acceso": 0.636 }, "geometry": { "type": "Polygon", "coordinates": [ [ [ -64.23704, -31.38564 ], [ -64.23378, -31.38147 ], [ -64.23129, -31.38287 ], [ -64.23456, -31.38707 ], [ -64.23704, -31.38564 ] ] ] } },
{ "type": "Feature", "properties": { "indice_acceso": 0.629 }, "geometry": { "type": "Polygon", "coordinates": [ [ [ -64.23553, -31.38372 ], [ -64.23799, -31.38228 ], [ -64.23999, -31.38193 ], [ -64.23781, -31.37916 ], [ -64.23378, -31.38147 ], [ -64.23553, -31.38372 ] ] ] } },
{ "type": "Feature", "properties": { "indice_acceso": 0.636 }, "geometry": { "type": "Polygon", "coordinates": [ [ [ -64.24418, -31.37955 ], [ -64.24196, -31.37671 ], [ -64.23783, -31.37909 ], [ -64.23994, -31.38186 ], [ -64.24418, -31.37955 ] ] ] } },
{ "type": "Feature", "properties": { "indice_acceso": 0.631 }, "geometry": { "type": "Polygon", "coordinates": [ [ [ -64.24528, -31.37556 ], [ -64.24339, -31.37577 ], [ -64.24196, -31.37671 ], [ -64.24418, -31.37955 ], [ -64.24639, -31.37828 ], [ -64.24551, -31.37718 ], [ -64.24695, -31.37636 ], [ -64.24667, -31.37593 ], [ -64.24586, -31.37572 ], [ -64.24767, -31.37527 ], [ -64.24878, -31.37567 ], [ -64.24868, -31.37496 ], [ -64.24651, -31.37509 ], [ -64.24528, -31.37556 ] ] ] } },
{ "type": "Feature", "properties": { "indice_acceso": 0.635 }, "geometry": { "type": "Polygon", "coordinates": [ [ [ -64.23704, -31.38564 ], [ -64.24524, -31.38092 ], [ -64.24418, -31.37955 ], [ -64.23999, -31.38193 ], [ -64.23799, -31.38228 ], [ -64.23553, -31.38372 ], [ -64.23704, -31.38564 ] ] ] } },
{ "type": "Feature", "properties": { "indice_acceso": 0.651 }, "geometry": { "type": "Polygon", "coordinates": [ [ [ -64.23175, -31.38587 ], [ -64.23131, -31.38529 ], [ -64.228, -31.38724 ], [ -64.23225, -31.38964 ], [ -64.23256, -31.38899 ], [ -64.23447, -31.3891 ], [ -64.23506, -31.38786 ], [ -64.23306, -31.38512 ], [ -64.23175, -31.38587 ] ] ] } },
{ "type": "Feature", "properties": { "indice_acceso": 0.62 }, "geometry": { "type": "Polygon", "coordinates": [ [ [ -64.24767, -31.37527 ], [ -64.24586, -31.37572 ], [ -64.24667, -31.37593 ], [ -64.24695, -31.37636 ], [ -64.24551, -31.37718 ], [ -64.24639, -31.37828 ], [ -64.24418, -31.37955 ], [ -64.24769, -31.38402 ], [ -64.24947, -31.38269 ], [ -64.24967, -31.37636 ], [ -64.24938, -31.37518 ], [ -64.24879, -31.37513 ], [ -64.24878, -31.37558 ], [ -64.24767, -31.37527 ] ] ] } },
{ "type": "Feature", "properties": { "indice_acceso": 0.633 }, "geometry": { "type": "Polygon", "coordinates": [ [ [ -64.23448, -31.38712 ], [ -64.23506, -31.38786 ], [ -64.23447, -31.3891 ], [ -64.23256, -31.38899 ], [ -64.23225, -31.38964 ], [ -64.23273, -31.39053 ], [ -64.23714, -31.38849 ], [ -64.23735, -31.38832 ], [ -64.23692, -31.38778 ], [ -64.23863, -31.38679 ], [ -64.23846, -31.38657 ], [ -64.239, -31.38626 ], [ -64.23881, -31.38601 ], [ -64.24487, -31.38267 ], [ -64.24473, -31.38249 ], [ -64.24593, -31.38179 ], [ -64.24524, -31.38092 ], [ -64.23448, -31.38712 ] ] ] } },
{ "type": "Feature", "properties": { "indice_acceso": 0.628 }, "geometry": { "type": "Polygon", "coordinates": [ [ [ -64.23881, -31.38601 ], [ -64.239, -31.38626 ], [ -64.23846, -31.38657 ], [ -64.23863, -31.38679 ], [ -64.23692, -31.38778 ], [ -64.23735, -31.38832 ], [ -64.23714, -31.38849 ], [ -64.23273, -31.39053 ], [ -64.23285, -31.39113 ], [ -64.23838, -31.38884 ], [ -64.24249, -31.38632 ], [ -64.24769, -31.38402 ], [ -64.24593, -31.38179 ], [ -64.23881, -31.38601 ] ] ] } },
{ "type": "Feature", "properties": { "indice_acceso": 0.619 }, "geometry": { "type": "Polygon", "coordinates": [ [ [ -64.24854, -31.38633 ], [ -64.25078, -31.38557 ], [ -64.25294, -31.39 ], [ -64.25526, -31.38917 ], [ -64.25199, -31.38248 ], [ -64.25164, -31.38226 ], [ -64.25196, -31.38197 ], [ -64.25088, -31.37988 ], [ -64.25005, -31.3783 ], [ -64.24955, -31.37819 ], [ -64.24947, -31.38269 ], [ -64.24769, -31.38402 ], [ -64.2484, -31.38536 ], [ -64.24854, -31.38633 ] ] ] } },
{ "type": "Feature", "properties": { "indice_acceso": 0.623 }, "geometry": { "type": "Polygon", "coordinates": [ [ [ -64.24513, -31.38675 ], [ -64.24486, -31.38702 ], [ -64.24504, -31.38751 ], [ -64.24716, -31.39184 ], [ -64.25056, -31.3906 ], [ -64.25145, -31.39244 ], [ -64.25234, -31.39212 ], [ -64.25273, -31.39239 ], [ -64.25392, -31.39193 ], [ -64.25436, -31.39128 ], [ -64.25491, -31.39149 ], [ -64.25487, -31.39119 ], [ -64.25539, -31.39132 ], [ -64.25601, -31.39095 ], [ -64.25775, -31.3919 ], [ -64.25886, -31.39173 ], [ -64.25983, -31.39255 ], [ -64.26131, -31.39303 ], [ -64.26174, -31.39283 ], [ -64.25847, -31.38713 ], [ -64.25502, -31.38868 ], [ -64.25526, -31.38917 ], [ -64.25294, -31.39 ], [ -64.25078, -31.38557 ], [ -64.24854, -31.38633 ], [ -64.24839, -31.38508 ], [ -64.24769, -31.38402 ], [ -64.24413, -31.38572 ], [ -64.24438, -31.38631 ], [ -64.24513, -31.38675 ] ] ] } },
{ "type": "Feature", "properties": { "indice_acceso": 0.64 }, "geometry": { "type": "Polygon", "coordinates": [ [ [ -64.23925, -31.39057 ], [ -64.24546, -31.38836 ], [ -64.24486, -31.38702 ], [ -64.24513, -31.38675 ], [ -64.2446, -31.3866 ], [ -64.24413, -31.38572 ], [ -64.24249, -31.38632 ], [ -64.23838, -31.38884 ], [ -64.23925, -31.39057 ] ] ] } },
{ "type": "Feature", "properties": { "indice_acceso": 0.644 }, "geometry": { "type": "Polygon", "coordinates": [ [ [ -64.23974, -31.39159 ], [ -64.24118, -31.39108 ], [ -64.24139, -31.39151 ], [ -64.24617, -31.38982 ], [ -64.24546, -31.38836 ], [ -64.23925, -31.39057 ], [ -64.23974, -31.39159 ] ] ] } },
{ "type": "Feature", "properties": { "indice_acceso": 0.645 }, "geometry": { "type": "Polygon", "coordinates": [ [ [ -64.23751, -31.39238 ], [ -64.23974, -31.39159 ], [ -64.23838, -31.38884 ], [ -64.23622, -31.3897 ], [ -64.23751, -31.39238 ] ] ] } },
{ "type": "Feature", "properties": { "indice_acceso": 0.645 }, "geometry": { "type": "Polygon", "coordinates": [ [ [ -64.23771, -31.39811 ], [ -64.23992, -31.39736 ], [ -64.23622, -31.3897 ], [ -64.23402, -31.3906 ], [ -64.23771, -31.39811 ] ] ] } },
{ "type": "Feature", "properties": { "indice_acceso": 0.638 }, "geometry": { "type": "Polygon", "coordinates": [ [ [ -64.24211, -31.39659 ], [ -64.23974, -31.39159 ], [ -64.23751, -31.39238 ], [ -64.23992, -31.39736 ], [ -64.24211, -31.39659 ] ] ] } },
{ "type": "Feature", "properties": { "indice_acceso": 0.63 }, "geometry": { "type": "Polygon", "coordinates": [ [ [ -64.24118, -31.39108 ], [ -64.23974, -31.39159 ], [ -64.2419, -31.39601 ], [ -64.24941, -31.39641 ], [ -64.24617, -31.38982 ], [ -64.24139, -31.39151 ], [ -64.24118, -31.39108 ] ] ] } },
{ "type": "Feature", "properties": { "indice_acceso": 0.59 }, "geometry": { "type": "Polygon", "coordinates": [ [ [ -64.24866, -31.39489 ], [ -64.25661, -31.39199 ], [ -64.25784, -31.39452 ], [ -64.25954, -31.39422 ], [ -64.26287, -31.39477 ], [ -64.26174, -31.39283 ], [ -64.26131, -31.39303 ], [ -64.25983, -31.39255 ], [ -64.25886, -31.39173 ], [ -64.25775, -31.3919 ], [ -64.25601, -31.39095 ], [ -64.25539, -31.39132 ], [ -64.25487, -31.39119 ], [ -64.25491, -31.39149 ], [ -64.25436, -31.39128 ], [ -64.25392, -31.39193 ], [ -64.25273, -31.39239 ], [ -64.25234, -31.39212 ], [ -64.25145, -31.39244 ], [ -64.25056, -31.3906 ], [ -64.24716, -31.39184 ], [ -64.24866, -31.39489 ] ] ] } },
{ "type": "Feature", "properties": { "indice_acceso": 0.6 }, "geometry": { "type": "Polygon", "coordinates": [ [ [ -64.25496, -31.397 ], [ -64.25844, -31.39576 ], [ -64.25661, -31.39199 ], [ -64.25317, -31.39329 ], [ -64.25496, -31.397 ] ] ] } },
{ "type": "Feature", "properties": { "indice_acceso": 0.61 }, "geometry": { "type": "Polygon", "coordinates": [ [ [ -64.24941, -31.39641 ], [ -64.24584, -31.39622 ], [ -64.24682, -31.39836 ], [ -64.25436, -31.39577 ], [ -64.25317, -31.39329 ], [ -64.24866, -31.39489 ], [ -64.24941, -31.39641 ] ] ] } },
{ "type": "Feature", "properties": { "indice_acceso": 0.634 }, "geometry": { "type": "Polygon", "coordinates": [ [ [ -64.24334, -31.39969 ], [ -64.24886, -31.39783 ], [ -64.24682, -31.39836 ], [ -64.24584, -31.39622 ], [ -64.24189, -31.39616 ], [ -64.24334, -31.39969 ] ] ] } },
{ "type": "Feature", "properties": { "indice_acceso": 0.645 }, "geometry": { "type": "Polygon", "coordinates": [ [ [ -64.24145, -31.40056 ], [ -64.24221, -31.40014 ], [ -64.24312, -31.40212 ], [ -64.24427, -31.4016 ], [ -64.24237, -31.39761 ], [ -64.24265, -31.39751 ], [ -64.24219, -31.39656 ], [ -64.23992, -31.39736 ], [ -64.24145, -31.40056 ] ] ] } },
{ "type": "Feature", "properties": { "indice_acceso": 0.658 }, "geometry": { "type": "Polygon", "coordinates": [ [ [ -64.24011, -31.40319 ], [ -64.24233, -31.40242 ], [ -64.23992, -31.39736 ], [ -64.23771, -31.39811 ], [ -64.24011, -31.40319 ] ] ] } },
{ "type": "Feature", "properties": { "indice_acceso": 0.659 }, "geometry": { "type": "Polygon", "coordinates": [ [ [ -64.24378, -31.40552 ], [ -64.24233, -31.40242 ], [ -64.24011, -31.40319 ], [ -64.24162, -31.4063 ], [ -64.24378, -31.40552 ] ] ] } },
{ "type": "Feature", "properties": { "indice_acceso": 0.647 }, "geometry": { "type": "Polygon", "coordinates": [ [ [ -64.24378, -31.40552 ], [ -64.24571, -31.40463 ], [ -64.24427, -31.4016 ], [ -64.24312, -31.40212 ], [ -64.24221, -31.40014 ], [ -64.24145, -31.40056 ], [ -64.24378, -31.40552 ] ] ] } },
{ "type": "Feature", "properties": { "indice_acceso": 0.609 }, "geometry": { "type": "Polygon", "coordinates": [ [ [ -64.24334, -31.39969 ], [ -64.24571, -31.40463 ], [ -64.25626, -31.39964 ], [ -64.25586, -31.39884 ], [ -64.25475, -31.39925 ], [ -64.25416, -31.39803 ], [ -64.24971, -31.39956 ], [ -64.24886, -31.39783 ], [ -64.24334, -31.39969 ] ] ] } },
{ "type": "Feature", "properties": { "indice_acceso": 0.601 }, "geometry": { "type": "Polygon", "coordinates": [ [ [ -64.24971, -31.39956 ], [ -64.25416, -31.39803 ], [ -64.25475, -31.39925 ], [ -64.25586, -31.39884 ], [ -64.25436, -31.39577 ], [ -64.24886, -31.39783 ], [ -64.24971, -31.39956 ] ] ] } },
{ "type": "Feature", "properties": { "indice_acceso": 0.591 }, "geometry": { "type": "Polygon", "coordinates": [ [ [ -64.25626, -31.39964 ], [ -64.25956, -31.39805 ], [ -64.25844, -31.39576 ], [ -64.25496, -31.397 ], [ -64.25626, -31.39964 ] ] ] } },
{ "type": "Feature", "properties": { "indice_acceso": 0.6 }, "geometry": { "type": "Polygon", "coordinates": [ [ [ -64.26002, -31.40295 ], [ -64.26123, -31.40146 ], [ -64.25956, -31.39805 ], [ -64.25649, -31.39954 ], [ -64.25818, -31.4022 ], [ -64.2542, -31.40411 ], [ -64.25528, -31.4063 ], [ -64.26002, -31.40295 ] ] ] } },
{ "type": "Feature", "properties": { "indice_acceso": 0.606 }, "geometry": { "type": "Polygon", "coordinates": [ [ [ -64.25818, -31.4022 ], [ -64.25649, -31.39954 ], [ -64.25282, -31.40129 ], [ -64.2542, -31.40411 ], [ -64.25818, -31.4022 ] ] ] } },
{ "type": "Feature", "properties": { "indice_acceso": 0.613 }, "geometry": { "type": "Polygon", "coordinates": [ [ [ -64.24656, -31.41145 ], [ -64.24706, -31.41005 ], [ -64.24835, -31.40803 ], [ -64.25102, -31.40706 ], [ -64.25437, -31.40668 ], [ -64.25528, -31.40631 ], [ -64.25282, -31.40129 ], [ -64.24274, -31.40599 ], [ -64.24424, -31.41161 ], [ -64.24656, -31.41145 ] ] ] } },
{ "type": "Feature", "properties": { "indice_acceso": 0.663 }, "geometry": { "type": "Polygon", "coordinates": [ [ [ -64.22495, -31.39378 ], [ -64.22493, -31.39414 ], [ -64.22696, -31.39357 ], [ -64.22717, -31.39433 ], [ -64.22606, -31.39455 ], [ -64.22666, -31.39671 ], [ -64.22776, -31.39649 ], [ -64.22759, -31.39586 ], [ -64.22923, -31.39554 ], [ -64.22943, -31.39619 ], [ -64.23132, -31.39584 ], [ -64.232, -31.39649 ], [ -64.23211, -31.39765 ], [ -64.23146, -31.39892 ], [ -64.23722, -31.39706 ], [ -64.23402, -31.3906 ], [ -64.23168, -31.39162 ], [ -64.22495, -31.39378 ] ] ] } },
{ "type": "Feature", "properties": { "indice_acceso": 0.706 }, "geometry": { "type": "Polygon", "coordinates": [ [ [ -64.22507, -31.40097 ], [ -64.22763, -31.40014 ], [ -64.22606, -31.39455 ], [ -64.22717, -31.39433 ], [ -64.2269, -31.39339 ], [ -64.22246, -31.39464 ], [ -64.22507, -31.40097 ] ] ] } },
{ "type": "Feature", "properties": { "indice_acceso": 0.716 }, "geometry": { "type": "Polygon", "coordinates": [ [ [ -64.22905, -31.40567 ], [ -64.22763, -31.40014 ], [ -64.22507, -31.40097 ], [ -64.22744, -31.40596 ], [ -64.22905, -31.40567 ] ] ] } },
{ "type": "Feature", "properties": { "indice_acceso": 0.705 }, "geometry": { "type": "Polygon", "coordinates": [ [ [ -64.22905, -31.40567 ], [ -64.23108, -31.40524 ], [ -64.23053, -31.40316 ], [ -64.23064, -31.40205 ], [ -64.22923, -31.39672 ], [ -64.22861, -31.39682 ], [ -64.22832, -31.39571 ], [ -64.22759, -31.39586 ], [ -64.22776, -31.39649 ], [ -64.22666, -31.39671 ], [ -64.22905, -31.40567 ] ] ] } },
{ "type": "Feature", "properties": { "indice_acceso": 0.684 }, "geometry": { "type": "Polygon", "coordinates": [ [ [ -64.22861, -31.39682 ], [ -64.22923, -31.39672 ], [ -64.23064, -31.40205 ], [ -64.23226, -31.40063 ], [ -64.23356, -31.40038 ], [ -64.23396, -31.40204 ], [ -64.23462, -31.40194 ], [ -64.23368, -31.3982 ], [ -64.23146, -31.39892 ], [ -64.23211, -31.39765 ], [ -64.232, -31.39649 ], [ -64.23132, -31.39584 ], [ -64.22943, -31.39619 ], [ -64.22923, -31.39554 ], [ -64.22832, -31.39573 ], [ -64.22861, -31.39682 ] ] ] } },
{ "type": "Feature", "properties": { "indice_acceso": 0.663 }, "geometry": { "type": "Polygon", "coordinates": [ [ [ -64.23448, -31.40137 ], [ -64.23548, -31.40104 ], [ -64.23595, -31.402 ], [ -64.23749, -31.4015 ], [ -64.2356, -31.39758 ], [ -64.23368, -31.3982 ], [ -64.23448, -31.40137 ] ] ] } },
{ "type": "Feature", "properties": { "indice_acceso": 0.664 }, "geometry": { "type": "Polygon", "coordinates": [ [ [ -64.24162, -31.40631 ], [ -64.23722, -31.39706 ], [ -64.2356, -31.39758 ], [ -64.24, -31.40672 ], [ -64.24162, -31.40631 ] ] ] } },
{ "type": "Feature", "properties": { "indice_acceso": 0.665 }, "geometry": { "type": "Polygon", "coordinates": [ [ [ -64.23538, -31.4049 ], [ -64.23704, -31.40428 ], [ -64.23843, -31.40715 ], [ -64.24, -31.40673 ], [ -64.23749, -31.4015 ], [ -64.23595, -31.402 ], [ -64.23548, -31.40104 ], [ -64.23448, -31.40137 ], [ -64.23538, -31.4049 ] ] ] } },
{ "type": "Feature", "properties": { "indice_acceso": 0.668 }, "geometry": { "type": "Polygon", "coordinates": [ [ [ -64.23064, -31.40205 ], [ -64.23053, -31.40316 ], [ -64.23108, -31.40524 ], [ -64.23517, -31.40415 ], [ -64.23462, -31.40194 ], [ -64.23396, -31.40204 ], [ -64.23356, -31.40038 ], [ -64.23226, -31.40063 ], [ -64.23064, -31.40205 ] ] ] } },
{ "type": "Feature", "properties": { "indice_acceso": 0.663 }, "geometry": { "type": "Polygon", "coordinates": [ [ [ -64.23108, -31.40524 ], [ -64.23166, -31.40753 ], [ -64.23131, -31.40759 ], [ -64.23344, -31.40786 ], [ -64.2345, -31.41183 ], [ -64.23703, -31.41138 ], [ -64.23606, -31.40777 ], [ -64.23843, -31.40715 ], [ -64.23704, -31.40428 ], [ -64.23538, -31.4049 ], [ -64.23508, -31.4041 ], [ -64.23108, -31.40524 ] ] ] } },
{ "type": "Feature", "properties": { "indice_acceso": 0.655 }, "geometry": { "type": "Polygon", "coordinates": [ [ [ -64.23703, -31.41138 ], [ -64.23996, -31.41184 ], [ -64.23914, -31.40889 ], [ -64.23849, -31.40901 ], [ -64.23801, -31.40725 ], [ -64.23606, -31.40777 ], [ -64.23703, -31.41138 ] ] ] } },
{ "type": "Feature", "properties": { "indice_acceso": 0.65 }, "geometry": { "type": "Polygon", "coordinates": [ [ [ -64.23849, -31.40901 ], [ -64.23914, -31.40889 ], [ -64.23996, -31.41184 ], [ -64.24292, -31.41169 ], [ -64.2415, -31.40634 ], [ -64.23801, -31.40725 ], [ -64.23849, -31.40901 ] ] ] } },
{ "type": "Feature", "properties": { "indice_acceso": 0.653 }, "geometry": { "type": "Polygon", "coordinates": [ [ [ -64.24424, -31.41161 ], [ -64.24274, -31.40599 ], [ -64.2415, -31.40634 ], [ -64.24292, -31.41169 ], [ -64.24424, -31.41161 ] ] ] } },
{ "type": "Feature", "properties": { "indice_acceso": 0.709 }, "geometry": { "type": "Polygon", "coordinates": [ [ [ -64.21752, -31.39533 ], [ -64.21797, -31.39642 ], [ -64.21909, -31.39607 ], [ -64.21995, -31.39799 ], [ -64.22335, -31.39691 ], [ -64.22246, -31.39464 ], [ -64.22133, -31.39515 ], [ -64.21752, -31.39533 ] ] ] } },
{ "type": "Feature", "properties": { "indice_acceso": 0.709 }, "geometry": { "type": "Polygon", "coordinates": [ [ [ -64.21456, -31.3975 ], [ -64.21797, -31.39642 ], [ -64.21752, -31.39533 ], [ -64.21839, -31.39542 ], [ -64.21854, -31.39517 ], [ -64.21609, -31.39404 ], [ -64.21579, -31.3933 ], [ -64.21276, -31.39174 ], [ -64.21215, -31.39227 ], [ -64.21456, -31.3975 ] ] ] } },
{ "type": "Feature", "properties": { "indice_acceso": 0.738 }, "geometry": { "type": "Polygon", "coordinates": [ [ [ -64.21096, -31.39401 ], [ -64.21276, -31.39174 ], [ -64.21027, -31.39139 ], [ -64.20683, -31.39163 ], [ -64.20812, -31.39485 ], [ -64.21096, -31.39401 ] ] ] } },
{ "type": "Feature", "properties": { "indice_acceso": 0.782 }, "geometry": { "type": "Polygon", "coordinates": [ [ [ -64.2024, -31.39658 ], [ -64.20604, -31.39548 ], [ -64.20638, -31.39629 ], [ -64.20844, -31.39564 ], [ -64.20683, -31.39163 ], [ -64.20601, -31.39179 ], [ -64.20413, -31.39293 ], [ -64.20252, -31.39539 ], [ -64.2024, -31.39658 ] ] ] } },
{ "type": "Feature", "properties": { "indice_acceso": 0.799 }, "geometry": { "type": "Polygon", "coordinates": [ [ [ -64.2028, -31.3965 ], [ -64.20284, -31.39702 ], [ -64.20437, -31.39785 ], [ -64.20882, -31.39654 ], [ -64.20844, -31.39564 ], [ -64.20638, -31.39629 ], [ -64.20604, -31.39548 ], [ -64.2028, -31.3965 ] ] ] } },
{ "type": "Feature", "properties": { "indice_acceso": 0.733 }, "geometry": { "type": "Polygon", "coordinates": [ [ [ -64.20861, -31.39605 ], [ -64.21331, -31.39458 ], [ -64.21252, -31.39272 ], [ -64.21215, -31.39227 ], [ -64.21096, -31.39401 ], [ -64.20812, -31.39485 ], [ -64.20861, -31.39605 ] ] ] } },
{ "type": "Feature", "properties": { "indice_acceso": 0.734 }, "geometry": { "type": "Polygon", "coordinates": [ [ [ -64.21456, -31.3975 ], [ -64.21331, -31.39458 ], [ -64.21108, -31.3953 ], [ -64.21229, -31.39821 ], [ -64.21456, -31.3975 ] ] ] } },
{ "type": "Feature", "properties": { "indice_acceso": 0.754 }, "geometry": { "type": "Polygon", "coordinates": [ [ [ -64.21006, -31.39892 ], [ -64.21229, -31.39821 ], [ -64.21108, -31.3953 ], [ -64.20861, -31.39605 ], [ -64.21006, -31.39892 ] ] ] } },
{ "type": "Feature", "properties": { "indice_acceso": 0.779 }, "geometry": { "type": "Polygon", "coordinates": [ [ [ -64.20563, -31.3975 ], [ -64.20466, -31.3978 ], [ -64.20641, -31.39891 ], [ -64.20848, -31.39832 ], [ -64.2089, -31.39929 ], [ -64.21006, -31.39892 ], [ -64.20882, -31.39654 ], [ -64.20563, -31.3975 ] ] ] } },
{ "type": "Feature", "properties": { "indice_acceso": 0.796 }, "geometry": { "type": "Polygon", "coordinates": [ [ [ -64.20412, -31.39941 ], [ -64.2047, -31.40063 ], [ -64.2089, -31.39929 ], [ -64.20848, -31.39832 ], [ -64.20641, -31.39891 ], [ -64.20284, -31.39702 ], [ -64.2028, -31.3965 ], [ -64.2024, -31.39658 ], [ -64.20248, -31.39783 ], [ -64.20412, -31.39941 ] ] ] } },
{ "type": "Feature", "properties": { "indice_acceso": 0.801 }, "geometry": { "type": "Polygon", "coordinates": [ [ [ -64.20733, -31.40423 ], [ -64.20943, -31.40354 ], [ -64.20822, -31.40063 ], [ -64.20844, -31.39944 ], [ -64.20572, -31.40033 ], [ -64.20733, -31.40423 ] ] ] } },
{ "type": "Feature", "properties": { "indice_acceso": 0.796 }, "geometry": { "type": "Polygon", "coordinates": [ [ [ -64.20943, -31.40354 ], [ -64.2117, -31.40282 ], [ -64.21006, -31.39892 ], [ -64.20844, -31.39944 ], [ -64.20822, -31.40063 ], [ -64.20943, -31.40354 ] ] ] } },
{ "type": "Feature", "properties": { "indice_acceso": 0.752 }, "geometry": { "type": "Polygon", "coordinates": [ [ [ -64.21623, -31.40138 ], [ -64.21456, -31.3975 ], [ -64.21006, -31.39892 ], [ -64.2117, -31.40282 ], [ -64.21623, -31.40138 ] ] ] } },
{ "type": "Feature", "properties": { "indice_acceso": 0.726 }, "geometry": { "type": "Polygon", "coordinates": [ [ [ -64.21539, -31.39942 ], [ -64.21995, -31.39799 ], [ -64.21909, -31.39607 ], [ -64.21456, -31.3975 ], [ -64.21539, -31.39942 ] ] ] } },
{ "type": "Feature", "properties": { "indice_acceso": 0.747 }, "geometry": { "type": "Polygon", "coordinates": [ [ [ -64.21623, -31.40138 ], [ -64.2208, -31.39992 ], [ -64.21995, -31.39799 ], [ -64.21539, -31.39942 ], [ -64.21623, -31.40138 ] ] ] } },
{ "type": "Feature", "properties": { "indice_acceso": 0.737 }, "geometry": { "type": "Polygon", "coordinates": [ [ [ -64.22417, -31.39889 ], [ -64.22335, -31.39691 ], [ -64.21995, -31.39799 ], [ -64.22079, -31.39989 ], [ -64.22417, -31.39889 ] ] ] } },
{ "type": "Feature", "properties": { "indice_acceso": 0.815 }, "geometry": { "type": "Polygon", "coordinates": [ [ [ -64.20093, -31.40015 ], [ -64.20202, -31.3997 ], [ -64.20071, -31.39746 ], [ -64.2015, -31.39662 ], [ -64.20118, -31.3957 ], [ -64.19866, -31.39794 ], [ -64.20003, -31.39864 ], [ -64.20093, -31.40015 ] ] ] } },
{ "type": "Feature", "properties": { "indice_acceso": 0.825 }, "geometry": { "type": "Polygon", "coordinates": [ [ [ -64.19874, -31.4011 ], [ -64.20093, -31.40015 ], [ -64.20003, -31.39864 ], [ -64.19866, -31.39794 ], [ -64.19754, -31.39973 ], [ -64.19818, -31.40016 ], [ -64.19874, -31.4011 ] ] ] } },
{ "type": "Feature", "properties": { "indice_acceso": 0.848 }, "geometry": { "type": "Polygon", "coordinates": [ [ [ -64.19697, -31.40061 ], [ -64.19799, -31.39877 ], [ -64.19371, -31.39674 ], [ -64.19339, -31.39885 ], [ -64.19697, -31.40061 ] ] ] } },
{ "type": "Feature", "properties": { "indice_acceso": 0.807 }, "geometry": { "type": "Polygon", "coordinates": [ [ [ -64.1963, -31.40144 ], [ -64.19697, -31.40061 ], [ -64.19339, -31.39885 ], [ -64.19292, -31.39982 ], [ -64.1963, -31.40144 ] ] ] } },
{ "type": "Feature", "properties": { "indice_acceso": 0.796 }, "geometry": { "type": "Polygon", "coordinates": [ [ [ -64.1963, -31.40144 ], [ -64.19292, -31.39982 ], [ -64.19233, -31.40071 ], [ -64.19574, -31.40234 ], [ -64.1963, -31.40144 ] ] ] } },
{ "type": "Feature", "properties": { "indice_acceso": 0.803 }, "geometry": { "type": "Polygon", "coordinates": [ [ [ -64.19531, -31.40308 ], [ -64.19616, -31.40239 ], [ -64.19626, -31.40279 ], [ -64.19928, -31.40203 ], [ -64.19818, -31.40016 ], [ -64.19754, -31.39973 ], [ -64.19531, -31.40308 ] ] ] } },
{ "type": "Feature", "properties": { "indice_acceso": 0.778 }, "geometry": { "type": "Polygon", "coordinates": [ [ [ -64.19983, -31.40298 ], [ -64.2031, -31.40158 ], [ -64.20202, -31.3997 ], [ -64.19874, -31.4011 ], [ -64.19983, -31.40298 ] ] ] } },
{ "type": "Feature", "properties": { "indice_acceso": 0.77 }, "geometry": { "type": "Polygon", "coordinates": [ [ [ -64.2015, -31.39662 ], [ -64.20071, -31.39746 ], [ -64.2031, -31.40158 ], [ -64.19874, -31.40342 ], [ -64.19933, -31.40484 ], [ -64.2029, -31.40372 ], [ -64.20382, -31.40235 ], [ -64.2043, -31.39986 ], [ -64.20253, -31.39801 ], [ -64.2024, -31.39658 ], [ -64.2015, -31.39662 ] ] ] } },
{ "type": "Feature", "properties": { "indice_acceso": 0.798 }, "geometry": { "type": "Polygon", "coordinates": [ [ [ -64.19626, -31.40279 ], [ -64.19616, -31.40239 ], [ -64.19531, -31.40308 ], [ -64.19469, -31.40412 ], [ -64.19983, -31.40298 ], [ -64.19928, -31.40203 ], [ -64.19626, -31.40279 ] ] ] } },
{ "type": "Feature", "properties": { "indice_acceso": 0.783 }, "geometry": { "type": "Polygon", "coordinates": [ [ [ -64.1949, -31.40377 ], [ -64.19574, -31.40234 ], [ -64.19357, -31.40128 ], [ -64.19187, -31.40394 ], [ -64.1949, -31.40377 ] ] ] } },
{ "type": "Feature", "properties": { "indice_acceso": 0.764 }, "geometry": { "type": "Polygon", "coordinates": [ [ [ -64.19187, -31.40394 ], [ -64.19357, -31.40128 ], [ -64.19233, -31.40071 ], [ -64.1913, -31.4019 ], [ -64.18987, -31.40288 ], [ -64.19187, -31.40394 ] ] ] } },
{ "type": "Feature", "properties": { "indice_acceso": 0.762 }, "geometry": { "type": "Polygon", "coordinates": [ [ [ -64.19395, -31.406 ], [ -64.19933, -31.40484 ], [ -64.19874, -31.40342 ], [ -64.19469, -31.40412 ], [ -64.19368, -31.40571 ], [ -64.19395, -31.406 ] ] ] } },
{ "type": "Feature", "properties": { "indice_acceso": 0.759 }, "geometry": { "type": "Polygon", "coordinates": [ [ [ -64.18284, -31.39914 ], [ -64.18541, -31.39833 ], [ -64.18494, -31.39723 ], [ -64.18238, -31.39804 ], [ -64.18284, -31.39914 ] ] ] } },
{ "type": "Feature", "properties": { "indice_acceso": 0.756 }, "geometry": { "type": "Polygon", "coordinates": [ [ [ -64.1833, -31.40024 ], [ -64.18587, -31.39944 ], [ -64.18541, -31.39833 ], [ -64.18284, -31.39914 ], [ -64.1833, -31.40024 ] ] ] } },
{ "type": "Feature", "properties": { "indice_acceso": 0.745 }, "geometry": { "type": "Polygon", "coordinates": [ [ [ -64.1833, -31.40024 ], [ -64.18237, -31.39804 ], [ -64.1795, -31.39893 ], [ -64.18042, -31.40113 ], [ -64.1833, -31.40024 ] ] ] } },
{ "type": "Feature", "properties": { "indice_acceso": 0.752 }, "geometry": { "type": "Polygon", "coordinates": [ [ [ -64.17997, -31.40003 ], [ -64.1795, -31.39893 ], [ -64.17583, -31.40007 ], [ -64.17583, -31.40131 ], [ -64.17997, -31.40003 ] ] ] } },
{ "type": "Feature", "properties": { "indice_acceso": 0.736 }, "geometry": { "type": "Polygon", "coordinates": [ [ [ -64.18042, -31.40113 ], [ -64.17997, -31.40003 ], [ -64.17583, -31.40132 ], [ -64.17583, -31.40259 ], [ -64.18042, -31.40113 ] ] ] } },
{ "type": "Feature", "properties": { "indice_acceso": 0.772 }, "geometry": { "type": "Polygon", "coordinates": [ [ [ -64.17895, -31.40453 ], [ -64.17782, -31.40194 ], [ -64.17583, -31.40259 ], [ -64.17583, -31.40551 ], [ -64.17613, -31.4057 ], [ -64.17895, -31.40453 ] ] ] } },
{ "type": "Feature", "properties": { "indice_acceso": 0.739 }, "geometry": { "type": "Polygon", "coordinates": [ [ [ -64.18168, -31.40429 ], [ -64.18042, -31.40113 ], [ -64.17782, -31.40194 ], [ -64.17895, -31.40453 ], [ -64.18168, -31.40429 ] ] ] } },
{ "type": "Feature", "properties": { "indice_acceso": 0.734 }, "geometry": { "type": "Polygon", "coordinates": [ [ [ -64.18168, -31.40429 ], [ -64.18261, -31.40426 ], [ -64.18259, -31.40337 ], [ -64.18327, -31.40219 ], [ -64.18321, -31.40166 ], [ -64.18177, -31.40196 ], [ -64.1813, -31.40085 ], [ -64.18042, -31.40113 ], [ -64.18168, -31.40429 ] ] ] } },
{ "type": "Feature", "properties": { "indice_acceso": 0.729 }, "geometry": { "type": "Polygon", "coordinates": [ [ [ -64.18177, -31.40196 ], [ -64.18311, -31.40157 ], [ -64.18328, -31.4018 ], [ -64.18259, -31.40337 ], [ -64.18261, -31.40426 ], [ -64.18491, -31.40414 ], [ -64.1833, -31.40024 ], [ -64.1813, -31.40085 ], [ -64.18177, -31.40196 ] ] ] } },
{ "type": "Feature", "properties": { "indice_acceso": 0.741 }, "geometry": { "type": "Polygon", "coordinates": [ [ [ -64.18748, -31.40382 ], [ -64.18587, -31.39944 ], [ -64.1833, -31.40024 ], [ -64.18491, -31.40413 ], [ -64.18748, -31.40382 ] ] ] } },
{ "type": "Feature", "properties": { "indice_acceso": 0.743 }, "geometry": { "type": "Polygon", "coordinates": [ [ [ -64.18748, -31.40382 ], [ -64.18893, -31.40332 ], [ -64.18716, -31.39905 ], [ -64.18587, -31.39944 ], [ -64.18748, -31.40382 ] ] ] } },
{ "type": "Feature", "properties": { "indice_acceso": 0.747 }, "geometry": { "type": "Polygon", "coordinates": [ [ [ -64.18893, -31.40332 ], [ -64.19016, -31.40271 ], [ -64.18844, -31.39864 ], [ -64.18716, -31.39905 ], [ -64.18893, -31.40332 ] ] ] } },
{ "type": "Feature", "properties": { "indice_acceso": 0.784 }, "geometry": { "type": "Polygon", "coordinates": [ [ [ -64.1889, -31.39975 ], [ -64.19147, -31.39896 ], [ -64.19233, -31.40071 ], [ -64.19339, -31.39885 ], [ -64.1937, -31.39701 ], [ -64.18844, -31.39864 ], [ -64.1889, -31.39975 ] ] ] } },
{ "type": "Feature", "properties": { "indice_acceso": 0.759 }, "geometry": { "type": "Polygon", "coordinates": [ [ [ -64.19233, -31.40071 ], [ -64.19147, -31.39896 ], [ -64.1889, -31.39975 ], [ -64.19016, -31.40271 ], [ -64.19233, -31.40071 ] ] ] } },
{ "type": "Feature", "properties": { "indice_acceso": 0.777 }, "geometry": { "type": "Polygon", "coordinates": [ [ [ -64.18789, -31.40635 ], [ -64.19047, -31.40599 ], [ -64.19382, -31.40602 ], [ -64.19368, -31.40545 ], [ -64.1949, -31.40377 ], [ -64.19187, -31.40394 ], [ -64.18987, -31.40288 ], [ -64.18752, -31.4039 ], [ -64.18789, -31.40635 ] ] ] } },
{ "type": "Feature", "properties": { "indice_acceso": 0.754 }, "geometry": { "type": "Polygon", "coordinates": [ [ [ -64.17715, -31.40674 ], [ -64.18021, -31.40583 ], [ -64.18528, -31.40664 ], [ -64.18789, -31.40635 ], [ -64.18748, -31.40382 ], [ -64.17943, -31.40443 ], [ -64.17763, -31.40492 ], [ -64.17619, -31.40571 ], [ -64.17678, -31.40583 ], [ -64.17715, -31.40674 ] ] ] } },
{ "type": "Feature", "properties": { "indice_acceso": 0.751 }, "geometry": { "type": "Polygon", "coordinates": [ [ [ -64.17582, -31.40381 ], [ -64.17582, -31.39955 ], [ -64.17505, -31.39969 ], [ -64.17377, -31.40329 ], [ -64.17582, -31.40381 ] ] ] } },
{ "type": "Feature", "properties": { "indice_acceso": 0.758 }, "geometry": { "type": "Polygon", "coordinates": [ [ [ -64.1734, -31.40434 ], [ -64.17505, -31.39969 ], [ -64.17582, -31.39937 ], [ -64.17343, -31.39962 ], [ -64.17367, -31.39995 ], [ -64.17218, -31.404 ], [ -64.1734, -31.40434 ] ] ] } },
{ "type": "Feature", "properties": { "indice_acceso": 0.756 }, "geometry": { "type": "Polygon", "coordinates": [ [ [ -64.17238, -31.39979 ], [ -64.17062, -31.4047 ], [ -64.17182, -31.40505 ], [ -64.17367, -31.39995 ], [ -64.17343, -31.39962 ], [ -64.17156, -31.39951 ], [ -64.17238, -31.39979 ] ] ] } },
{ "type": "Feature", "properties": { "indice_acceso": 0.756 }, "geometry": { "type": "Polygon", "coordinates": [ [ [ -64.17238, -31.39979 ], [ -64.17115, -31.39945 ], [ -64.16941, -31.40435 ], [ -64.17054, -31.40468 ], [ -64.17238, -31.39979 ] ] ] } },
{ "type": "Feature", "properties": { "indice_acceso": 0.734 }, "geometry": { "type": "Polygon", "coordinates": [ [ [ -64.16941, -31.40435 ], [ -64.17115, -31.39945 ], [ -64.17, -31.3992 ], [ -64.16822, -31.40401 ], [ -64.16941, -31.40435 ] ] ] } },
{ "type": "Feature", "properties": { "indice_acceso": 0.791 }, "geometry": { "type": "Polygon", "coordinates": [ [ [ -64.17218, -31.404 ], [ -64.17182, -31.40505 ], [ -64.17545, -31.406 ], [ -64.176, -31.40567 ], [ -64.17582, -31.40381 ], [ -64.17377, -31.40329 ], [ -64.1734, -31.40433 ], [ -64.17218, -31.404 ] ] ] } },
{ "type": "Feature", "properties": { "indice_acceso": 0.799 }, "geometry": { "type": "Polygon", "coordinates": [ [ [ -64.16743, -31.40614 ], [ -64.1752, -31.40832 ], [ -64.17599, -31.4073 ], [ -64.17715, -31.40674 ], [ -64.17678, -31.40583 ], [ -64.176, -31.40567 ], [ -64.17545, -31.406 ], [ -64.16822, -31.40401 ], [ -64.16743, -31.40614 ] ] ] } },
{ "type": "Feature", "properties": { "indice_acceso": 0.797 }, "geometry": { "type": "Polygon", "coordinates": [ [ [ -64.17476, -31.41218 ], [ -64.1752, -31.40832 ], [ -64.16743, -31.40614 ], [ -64.16628, -31.40926 ], [ -64.17323, -31.41111 ], [ -64.17312, -31.41226 ], [ -64.17476, -31.41218 ] ] ] } },
{ "type": "Feature", "properties": { "indice_acceso": 0.832 }, "geometry": { "type": "Polygon", "coordinates": [ [ [ -64.17312, -31.41226 ], [ -64.17196, -31.41537 ], [ -64.17404, -31.41593 ], [ -64.17471, -31.41331 ], [ -64.17476, -31.41218 ], [ -64.17312, -31.41226 ] ] ] } },
{ "type": "Feature", "properties": { "indice_acceso": 0.834 }, "geometry": { "type": "Polygon", "coordinates": [ [ [ -64.17234, -31.4143 ], [ -64.17312, -31.41226 ], [ -64.17191, -31.41193 ], [ -64.17116, -31.41399 ], [ -64.17234, -31.4143 ] ] ] } },
{ "type": "Feature", "properties": { "indice_acceso": 0.827 }, "geometry": { "type": "Polygon", "coordinates": [ [ [ -64.17034, -31.41263 ], [ -64.17154, -31.41297 ], [ -64.17191, -31.41193 ], [ -64.17312, -31.41226 ], [ -64.17323, -31.41111 ], [ -64.1711, -31.41056 ], [ -64.17034, -31.41263 ] ] ] } },
{ "type": "Feature", "properties": { "indice_acceso": 0.865 }, "geometry": { "type": "Polygon", "coordinates": [ [ [ -64.17196, -31.41537 ], [ -64.17234, -31.4143 ], [ -64.17116, -31.41399 ], [ -64.17154, -31.41297 ], [ -64.17034, -31.41263 ], [ -64.16956, -31.41472 ], [ -64.17196, -31.41537 ] ] ] } },
{ "type": "Feature", "properties": { "indice_acceso": 0.809 }, "geometry": { "type": "Polygon", "coordinates": [ [ [ -64.1711, -31.41056 ], [ -64.1699, -31.41023 ], [ -64.16836, -31.41438 ], [ -64.16956, -31.41471 ], [ -64.1711, -31.41056 ] ] ] } },
{ "type": "Feature", "properties": { "indice_acceso": 0.794 }, "geometry": { "type": "Polygon", "coordinates": [ [ [ -64.1699, -31.41023 ], [ -64.16868, -31.40991 ], [ -64.16715, -31.41407 ], [ -64.16836, -31.41438 ], [ -64.1699, -31.41023 ] ] ] } },
{ "type": "Feature", "properties": { "indice_acceso": 0.773 }, "geometry": { "type": "Polygon", "coordinates": [ [ [ -64.16752, -31.41301 ], [ -64.16868, -31.40991 ], [ -64.16628, -31.40926 ], [ -64.16513, -31.41235 ], [ -64.16752, -31.41301 ] ] ] } },
{ "type": "Feature", "properties": { "indice_acceso": 0.777 }, "geometry": { "type": "Polygon", "coordinates": [ [ [ -64.16638, -31.41615 ], [ -64.16752, -31.41301 ], [ -64.16513, -31.41235 ], [ -64.1639, -31.41547 ], [ -64.16638, -31.41615 ] ] ] } },
{ "type": "Feature", "properties": { "indice_acceso": 0.815 }, "geometry": { "type": "Polygon", "coordinates": [ [ [ -64.16836, -31.41438 ], [ -64.16715, -31.41407 ], [ -64.16677, -31.41512 ], [ -64.16796, -31.41544 ], [ -64.16836, -31.41438 ] ] ] } },
{ "type": "Feature", "properties": { "indice_acceso": 0.843 }, "geometry": { "type": "Polygon", "coordinates": [ [ [ -64.16956, -31.41472 ], [ -64.16836, -31.41438 ], [ -64.16796, -31.41544 ], [ -64.16917, -31.41578 ], [ -64.16956, -31.41472 ] ] ] } },
{ "type": "Feature", "properties": { "indice_acceso": 0.835 }, "geometry": { "type": "Polygon", "coordinates": [ [ [ -64.16917, -31.41578 ], [ -64.16677, -31.41512 ], [ -64.16638, -31.41615 ], [ -64.16877, -31.4168 ], [ -64.16917, -31.41578 ] ] ] } },
{ "type": "Feature", "properties": { "indice_acceso": 0.861 }, "geometry": { "type": "Polygon", "coordinates": [ [ [ -64.16998, -31.41714 ], [ -64.17075, -31.41506 ], [ -64.16956, -31.41472 ], [ -64.16878, -31.4168 ], [ -64.16998, -31.41714 ] ] ] } },
{ "type": "Feature", "properties": { "indice_acceso": 0.877 }, "geometry": { "type": "Polygon", "coordinates": [ [ [ -64.17404, -31.41593 ], [ -64.17075, -31.41506 ], [ -64.16998, -31.41714 ], [ -64.17311, -31.41797 ], [ -64.17404, -31.41593 ] ] ] } },
{ "type": "Feature", "properties": { "indice_acceso": 0.731 }, "geometry": { "type": "Polygon", "coordinates": [ [ [ -64.16516, -31.39989 ], [ -64.16477, -31.40078 ], [ -64.16897, -31.40197 ], [ -64.17, -31.3992 ], [ -64.16794, -31.39857 ], [ -64.16713, -31.40041 ], [ -64.16516, -31.39989 ] ] ] } },
{ "type": "Feature", "properties": { "indice_acceso": 0.727 }, "geometry": { "type": "Polygon", "coordinates": [ [ [ -64.16714, -31.40041 ], [ -64.16794, -31.39857 ], [ -64.16401, -31.39733 ], [ -64.16317, -31.39926 ], [ -64.16714, -31.40041 ] ] ] } },
{ "type": "Feature", "properties": { "indice_acceso": 0.75 }, "geometry": { "type": "Polygon", "coordinates": [ [ [ -64.16401, -31.39733 ], [ -64.16007, -31.39601 ], [ -64.15925, -31.39803 ], [ -64.16317, -31.39926 ], [ -64.16401, -31.39733 ] ] ] } },
{ "type": "Feature", "properties": { "indice_acceso": 0.786 }, "geometry": { "type": "Polygon", "coordinates": [ [ [ -64.16064, -31.40161 ], [ -64.1616, -31.39877 ], [ -64.15925, -31.39803 ], [ -64.15803, -31.40078 ], [ -64.16064, -31.40161 ] ] ] } },
{ "type": "Feature", "properties": { "indice_acceso": 0.763 }, "geometry": { "type": "Polygon", "coordinates": [ [ [ -64.16397, -31.40267 ], [ -64.16516, -31.39989 ], [ -64.1616, -31.39877 ], [ -64.16064, -31.40161 ], [ -64.16397, -31.40267 ] ] ] } },
{ "type": "Feature", "properties": { "indice_acceso": 0.743 }, "geometry": { "type": "Polygon", "coordinates": [ [ [ -64.16397, -31.40267 ], [ -64.16822, -31.40401 ], [ -64.16897, -31.40197 ], [ -64.16477, -31.40078 ], [ -64.16397, -31.40267 ] ] ] } },
{ "type": "Feature", "properties": { "indice_acceso": 0.755 }, "geometry": { "type": "Polygon", "coordinates": [ [ [ -64.16628, -31.40926 ], [ -64.16822, -31.40401 ], [ -64.16704, -31.40364 ], [ -64.1651, -31.40895 ], [ -64.16628, -31.40926 ] ] ] } },
{ "type": "Feature", "properties": { "indice_acceso": 0.748 }, "geometry": { "type": "Polygon", "coordinates": [ [ [ -64.16704, -31.40364 ], [ -64.16592, -31.40329 ], [ -64.16386, -31.40861 ], [ -64.16505, -31.40893 ], [ -64.16704, -31.40364 ] ] ] } },
{ "type": "Feature", "properties": { "indice_acceso": 0.761 }, "geometry": { "type": "Polygon", "coordinates": [ [ [ -64.16592, -31.40329 ], [ -64.16397, -31.40267 ], [ -64.163, -31.40495 ], [ -64.16499, -31.4055 ], [ -64.16592, -31.40329 ] ] ] } },
{ "type": "Feature", "properties": { "indice_acceso": 0.802 }, "geometry": { "type": "Polygon", "coordinates": [ [ [ -64.16141, -31.40564 ], [ -64.16287, -31.40232 ], [ -64.16064, -31.40161 ], [ -64.15936, -31.40511 ], [ -64.16141, -31.40564 ] ] ] } },
{ "type": "Feature", "properties": { "indice_acceso": 0.819 }, "geometry": { "type": "Polygon", "coordinates": [ [ [ -64.16064, -31.40161 ], [ -64.15819, -31.40083 ], [ -64.15719, -31.40338 ], [ -64.15973, -31.40408 ], [ -64.16064, -31.40161 ] ] ] } },
{ "type": "Feature", "properties": { "indice_acceso": 0.808 }, "geometry": { "type": "Polygon", "coordinates": [ [ [ -64.15973, -31.40408 ], [ -64.15719, -31.40338 ], [ -64.15591, -31.40655 ], [ -64.15848, -31.4071 ], [ -64.15973, -31.40408 ] ] ] } },
{ "type": "Feature", "properties": { "indice_acceso": 0.8 }, "geometry": { "type": "Polygon", "coordinates": [ [ [ -64.16427, -31.40748 ], [ -64.16463, -31.40648 ], [ -64.15936, -31.40511 ], [ -64.15903, -31.406 ], [ -64.16427, -31.40748 ] ] ] } },
{ "type": "Feature", "properties": { "indice_acceso": 0.761 }, "geometry": { "type": "Polygon", "coordinates": [ [ [ -64.16386, -31.40861 ], [ -64.16427, -31.40748 ], [ -64.15903, -31.406 ], [ -64.15865, -31.40712 ], [ -64.16386, -31.40861 ] ] ] } },
{ "type": "Feature", "properties": { "indice_acceso": 0.77 }, "geometry": { "type": "Polygon", "coordinates": [ [ [ -64.16463, -31.40648 ], [ -64.16499, -31.4055 ], [ -64.163, -31.40495 ], [ -64.16397, -31.40267 ], [ -64.16287, -31.40232 ], [ -64.16141, -31.40564 ], [ -64.16463, -31.40648 ] ] ] } },
{ "type": "Feature", "properties": { "indice_acceso": 0.744 }, "geometry": { "type": "Polygon", "coordinates": [ [ [ -64.16007, -31.39601 ], [ -64.15613, -31.39475 ], [ -64.15524, -31.39677 ], [ -64.15721, -31.39739 ], [ -64.15684, -31.39828 ], [ -64.15887, -31.39891 ], [ -64.16007, -31.39601 ] ] ] } },
{ "type": "Feature", "properties": { "indice_acceso": 0.749 }, "geometry": { "type": "Polygon", "coordinates": [ [ [ -64.15721, -31.39739 ], [ -64.15524, -31.39677 ], [ -64.15613, -31.39475 ], [ -64.15414, -31.39412 ], [ -64.15288, -31.39703 ], [ -64.15684, -31.39827 ], [ -64.15721, -31.39739 ] ] ] } },
{ "type": "Feature", "properties": { "indice_acceso": 0.739 }, "geometry": { "type": "Polygon", "coordinates": [ [ [ -64.15288, -31.39703 ], [ -64.15414, -31.39412 ], [ -64.15217, -31.3935 ], [ -64.15092, -31.3964 ], [ -64.15288, -31.39703 ] ] ] } },
{ "type": "Feature", "properties": { "indice_acceso": 0.735 }, "geometry": { "type": "Polygon", "coordinates": [ [ [ -64.15217, -31.3935 ], [ -64.14953, -31.39275 ], [ -64.1483, -31.39558 ], [ -64.15092, -31.3964 ], [ -64.15217, -31.3935 ] ] ] } },
{ "type": "Feature", "properties": { "indice_acceso": 0.721 }, "geometry": { "type": "Polygon", "coordinates": [ [ [ -64.1483, -31.39558 ], [ -64.14953, -31.39275 ], [ -64.14629, -31.39196 ], [ -64.14631, -31.39507 ], [ -64.1483, -31.39558 ] ] ] } },
{ "type": "Feature", "properties": { "indice_acceso": 0.708 }, "geometry": { "type": "Polygon", "coordinates": [ [ [ -64.14629, -31.39196 ], [ -64.14235, -31.39103 ], [ -64.1424, -31.39434 ], [ -64.1463, -31.39507 ], [ -64.14629, -31.39196 ] ] ] } },
{ "type": "Feature", "properties": { "indice_acceso": 0.706 }, "geometry": { "type": "Polygon", "coordinates": [ [ [ -64.1424, -31.39434 ], [ -64.14235, -31.39103 ], [ -64.13966, -31.3904 ], [ -64.13967, -31.39434 ], [ -64.1424, -31.39434 ] ] ] } },
{ "type": "Feature", "properties": { "indice_acceso": 0.688 }, "geometry": { "type": "Polygon", "coordinates": [ [ [ -64.13966, -31.3904 ], [ -64.1377, -31.38996 ], [ -64.1377, -31.39433 ], [ -64.13967, -31.39434 ], [ -64.13966, -31.3904 ] ] ] } },
{ "type": "Feature", "properties": { "indice_acceso": 0.669 }, "geometry": { "type": "Polygon", "coordinates": [ [ [ -64.13701, -31.39418 ], [ -64.1377, -31.39418 ], [ -64.1377, -31.38996 ], [ -64.13566, -31.3895 ], [ -64.13557, -31.39452 ], [ -64.13685, -31.39454 ], [ -64.13701, -31.39418 ] ] ] } },
{ "type": "Feature", "properties": { "indice_acceso": 0.666 }, "geometry": { "type": "Polygon", "coordinates": [ [ [ -64.13566, -31.3895 ], [ -64.13413, -31.38914 ], [ -64.13403, -31.3945 ], [ -64.13557, -31.39452 ], [ -64.13566, -31.3895 ] ] ] } },
{ "type": "Feature", "properties": { "indice_acceso": 0.656 }, "geometry": { "type": "Polygon", "coordinates": [ [ [ -64.13181, -31.39292 ], [ -64.13329, -31.39293 ], [ -64.13331, -31.39138 ], [ -64.13409, -31.39139 ], [ -64.13413, -31.38914 ], [ -64.13197, -31.38862 ], [ -64.13181, -31.39292 ] ] ] } },
{ "type": "Feature", "properties": { "indice_acceso": 0.654 }, "geometry": { "type": "Polygon", "coordinates": [ [ [ -64.12937, -31.39442 ], [ -64.12996, -31.39445 ], [ -64.12996, -31.39289 ], [ -64.13181, -31.39292 ], [ -64.13197, -31.38862 ], [ -64.12933, -31.38801 ], [ -64.12937, -31.39442 ] ] ] } },
{ "type": "Feature", "properties": { "indice_acceso": 0.651 }, "geometry": { "type": "Polygon", "coordinates": [ [ [ -64.12935, -31.39287 ], [ -64.12933, -31.38801 ], [ -64.12628, -31.3873 ], [ -64.12715, -31.39285 ], [ -64.12935, -31.39287 ] ] ] } },
{ "type": "Feature", "properties": { "indice_acceso": 0.659 }, "geometry": { "type": "Polygon", "coordinates": [ [ [ -64.13329, -31.39293 ], [ -64.12996, -31.39289 ], [ -64.12996, -31.39445 ], [ -64.13403, -31.3945 ], [ -64.13409, -31.39139 ], [ -64.13331, -31.39138 ], [ -64.13329, -31.39293 ] ] ] } },
{ "type": "Feature", "properties": { "indice_acceso": 0.706 }, "geometry": { "type": "Polygon", "coordinates": [ [ [ -64.13967, -31.3957 ], [ -64.14081, -31.39569 ], [ -64.14081, -31.39614 ], [ -64.1424, -31.39615 ], [ -64.1424, -31.39434 ], [ -64.13967, -31.39434 ], [ -64.13967, -31.3957 ] ] ] } },
{ "type": "Feature", "properties": { "indice_acceso": 0.818 }, "geometry": { "type": "Polygon", "coordinates": [ [ [ -64.15584, -31.40064 ], [ -64.15484, -31.40032 ], [ -64.15458, -31.40095 ], [ -64.15615, -31.40147 ], [ -64.15603, -31.40193 ], [ -64.15542, -31.40212 ], [ -64.15521, -31.40285 ], [ -64.15719, -31.40338 ], [ -64.15822, -31.40086 ], [ -64.15601, -31.40022 ], [ -64.15584, -31.40064 ] ] ] } },
{ "type": "Feature", "properties": { "indice_acceso": 0.749 }, "geometry": { "type": "Polygon", "coordinates": [ [ [ -64.15387, -31.4 ], [ -64.15486, -31.39765 ], [ -64.14705, -31.39524 ], [ -64.14707, -31.39621 ], [ -64.15152, -31.3976 ], [ -64.15111, -31.39858 ], [ -64.15212, -31.39888 ], [ -64.15191, -31.39938 ], [ -64.15387, -31.4 ] ] ] } },
{ "type": "Feature", "properties": { "indice_acceso": 0.797 }, "geometry": { "type": "Polygon", "coordinates": [ [ [ -64.15584, -31.40064 ], [ -64.15604, -31.40014 ], [ -64.15803, -31.40078 ], [ -64.15887, -31.39891 ], [ -64.15486, -31.39765 ], [ -64.15387, -31.4 ], [ -64.15584, -31.40064 ] ] ] } },
{ "type": "Feature", "properties": { "indice_acceso": 0.678 }, "geometry": { "type": "Polygon", "coordinates": [ [ [ -64.12744, -31.39764 ], [ -64.12937, -31.39756 ], [ -64.14243, -31.399 ], [ -64.1424, -31.39615 ], [ -64.14081, -31.39614 ], [ -64.14081, -31.39569 ], [ -64.13967, -31.3957 ], [ -64.13967, -31.39434 ], [ -64.12937, -31.39442 ], [ -64.12935, -31.39287 ], [ -64.12874, -31.39286 ], [ -64.12715, -31.3929 ], [ -64.12744, -31.39764 ] ] ] } },
{ "type": "Feature", "properties": { "indice_acceso": 0.711 }, "geometry": { "type": "Polygon", "coordinates": [ [ [ -64.15105, -31.40193 ], [ -64.15168, -31.39996 ], [ -64.15458, -31.40095 ], [ -64.15484, -31.40032 ], [ -64.15191, -31.39938 ], [ -64.15212, -31.39888 ], [ -64.15111, -31.39858 ], [ -64.15152, -31.3976 ], [ -64.14707, -31.39621 ], [ -64.14705, -31.39524 ], [ -64.1424, -31.39434 ], [ -64.14243, -31.399 ], [ -64.15105, -31.40193 ] ] ] } },
{ "type": "Feature", "properties": { "indice_acceso": 0.766 }, "geometry": { "type": "Polygon", "coordinates": [ [ [ -64.15105, -31.40193 ], [ -64.15242, -31.40242 ], [ -64.15521, -31.40285 ], [ -64.15542, -31.40212 ], [ -64.15603, -31.40193 ], [ -64.15615, -31.40147 ], [ -64.15168, -31.39996 ], [ -64.15105, -31.40193 ] ] ] } },
{ "type": "Feature", "properties": { "indice_acceso": 0.785 }, "geometry": { "type": "Polygon", "coordinates": [ [ [ -64.1579, -31.40924 ], [ -64.15865, -31.40712 ], [ -64.15591, -31.40655 ], [ -64.15519, -31.40848 ], [ -64.1579, -31.40924 ] ] ] } },
{ "type": "Feature", "properties": { "indice_acceso": 0.801 }, "geometry": { "type": "Polygon", "coordinates": [ [ [ -64.15541, -31.40788 ], [ -64.15719, -31.40338 ], [ -64.15538, -31.40289 ], [ -64.1551, -31.40311 ], [ -64.15341, -31.40732 ], [ -64.15541, -31.40788 ] ] ] } },
{ "type": "Feature", "properties": { "indice_acceso": 0.774 }, "geometry": { "type": "Polygon", "coordinates": [ [ [ -64.1544, -31.40471 ], [ -64.15211, -31.4041 ], [ -64.15112, -31.40671 ], [ -64.15341, -31.40732 ], [ -64.1544, -31.40471 ] ] ] } },
{ "type": "Feature", "properties": { "indice_acceso": 0.628 }, "geometry": { "type": "Polygon", "coordinates": [ [ [ -64.13244, -31.40356 ], [ -64.13886, -31.40319 ], [ -64.1429, -31.40535 ], [ -64.14704, -31.40622 ], [ -64.15052, -31.40837 ], [ -64.15091, -31.40741 ], [ -64.15167, -31.40751 ], [ -64.15187, -31.40691 ], [ -64.15112, -31.40671 ], [ -64.15211, -31.4041 ], [ -64.1544, -31.40471 ], [ -64.15538, -31.40289 ], [ -64.15242, -31.40242 ], [ -64.14325, -31.39916 ], [ -64.12937, -31.39756 ], [ -64.12744, -31.39764 ], [ -64.12695, -31.40024 ], [ -64.12595, -31.4029 ], [ -64.13244, -31.40356 ] ] ] } },
{ "type": "Feature", "properties": { "indice_acceso": 0.785 }, "geometry": { "type": "Polygon", "coordinates": [ [ [ -64.15167, -31.40751 ], [ -64.15091, -31.40741 ], [ -64.15052, -31.40837 ], [ -64.14998, -31.40823 ], [ -64.15183, -31.40986 ], [ -64.15241, -31.41003 ], [ -64.15341, -31.40732 ], [ -64.15187, -31.40691 ], [ -64.15167, -31.40751 ] ] ] } },
{ "type": "Feature", "properties": { "indice_acceso": 0.785 }, "geometry": { "type": "Polygon", "coordinates": [ [ [ -64.15241, -31.41003 ], [ -64.15444, -31.41055 ], [ -64.15541, -31.40788 ], [ -64.15341, -31.40732 ], [ -64.15241, -31.41003 ] ] ] } },
{ "type": "Feature", "properties": { "indice_acceso": 0.784 }, "geometry": { "type": "Polygon", "coordinates": [ [ [ -64.1579, -31.40924 ], [ -64.15519, -31.40848 ], [ -64.15444, -31.41055 ], [ -64.15713, -31.41129 ], [ -64.1579, -31.40924 ] ] ] } },
{ "type": "Feature", "properties": { "indice_acceso": 0.784 }, "geometry": { "type": "Polygon", "coordinates": [ [ [ -64.15713, -31.41129 ], [ -64.15405, -31.41044 ], [ -64.1533, -31.4125 ], [ -64.15634, -31.41333 ], [ -64.15713, -31.41129 ] ] ] } },
{ "type": "Feature", "properties": { "indice_acceso": 0.779 }, "geometry": { "type": "Polygon", "coordinates": [ [ [ -64.15405, -31.41044 ], [ -64.15247, -31.41001 ], [ -64.1509, -31.41415 ], [ -64.15253, -31.41461 ], [ -64.15405, -31.41044 ] ] ] } },
{ "type": "Feature", "properties": { "indice_acceso": 0.779 }, "geometry": { "type": "Polygon", "coordinates": [ [ [ -64.15166, -31.41204 ], [ -64.15241, -31.41003 ], [ -64.15023, -31.40859 ], [ -64.14916, -31.41136 ], [ -64.15166, -31.41204 ] ] ] } },
{ "type": "Feature", "properties": { "indice_acceso": 0.765 }, "geometry": { "type": "Polygon", "coordinates": [ [ [ -64.14802, -31.40886 ], [ -64.14808, -31.41115 ], [ -64.14916, -31.41136 ], [ -64.15023, -31.40859 ], [ -64.14891, -31.40727 ], [ -64.14829, -31.40892 ], [ -64.14802, -31.40886 ] ] ] } },
{ "type": "Feature", "properties": { "indice_acceso": 0.734 }, "geometry": { "type": "Polygon", "coordinates": [ [ [ -64.14487, -31.41204 ], [ -64.14599, -31.41221 ], [ -64.14609, -31.41159 ], [ -64.1481, -31.41184 ], [ -64.14802, -31.40886 ], [ -64.14829, -31.40892 ], [ -64.14891, -31.40727 ], [ -64.14704, -31.40622 ], [ -64.14487, -31.40584 ], [ -64.14443, -31.40804 ], [ -64.14557, -31.40826 ], [ -64.14487, -31.41204 ] ] ] } },
{ "type": "Feature", "properties": { "indice_acceso": 0.772 }, "geometry": { "type": "Polygon", "coordinates": [ [ [ -64.15166, -31.41204 ], [ -64.14812, -31.41108 ], [ -64.14803, -31.41336 ], [ -64.1509, -31.41415 ], [ -64.15166, -31.41204 ] ] ] } },
{ "type": "Feature", "properties": { "indice_acceso": 0.767 }, "geometry": { "type": "Polygon", "coordinates": [ [ [ -64.15634, -31.41334 ], [ -64.1533, -31.4125 ], [ -64.15253, -31.41461 ], [ -64.15555, -31.41543 ], [ -64.15634, -31.41334 ] ] ] } },
{ "type": "Feature", "properties": { "indice_acceso": 0.742 }, "geometry": { "type": "Polygon", "coordinates": [ [ [ -64.15526, -31.41625 ], [ -64.15556, -31.41543 ], [ -64.15253, -31.41461 ], [ -64.15137, -31.41804 ], [ -64.15526, -31.41625 ] ] ] } },
{ "type": "Feature", "properties": { "indice_acceso": 0.75 }, "geometry": { "type": "Polygon", "coordinates": [ [ [ -64.14991, -31.41794 ], [ -64.14994, -31.41834 ], [ -64.15137, -31.41804 ], [ -64.15253, -31.41461 ], [ -64.15004, -31.41392 ], [ -64.14929, -31.41596 ], [ -64.15014, -31.41619 ], [ -64.14954, -31.4178 ], [ -64.14991, -31.41794 ] ] ] } },
{ "type": "Feature", "properties": { "indice_acceso": 0.74 }, "geometry": { "type": "Polygon", "coordinates": [ [ [ -64.14947, -31.41798 ], [ -64.15014, -31.41619 ], [ -64.14929, -31.41596 ], [ -64.15004, -31.41392 ], [ -64.14836, -31.41345 ], [ -64.14782, -31.41451 ], [ -64.14746, -31.41773 ], [ -64.14947, -31.41798 ] ] ] } },
{ "type": "Feature", "properties": { "indice_acceso": 0.642 }, "geometry": { "type": "Polygon", "coordinates": [ [ [ -64.1235, -31.40666 ], [ -64.127, -31.40831 ], [ -64.12883, -31.40845 ], [ -64.12982, -31.40796 ], [ -64.13017, -31.40767 ], [ -64.13035, -31.40613 ], [ -64.1316, -31.40543 ], [ -64.13354, -31.4054 ], [ -64.13645, -31.4062 ], [ -64.13696, -31.40616 ], [ -64.13733, -31.40549 ], [ -64.13861, -31.4052 ], [ -64.14144, -31.40583 ], [ -64.14173, -31.40657 ], [ -64.14151, -31.41203 ], [ -64.14188, -31.41373 ], [ -64.14315, -31.41678 ], [ -64.14425, -31.41769 ], [ -64.14651, -31.41864 ], [ -64.14994, -31.41834 ], [ -64.14991, -31.41794 ], [ -64.14746, -31.41773 ], [ -64.14459, -31.41604 ], [ -64.14493, -31.4157 ], [ -64.1465, -31.41592 ], [ -64.14686, -31.41387 ], [ -64.14572, -31.4137 ], [ -64.14599, -31.41221 ], [ -64.14487, -31.41204 ], [ -64.14557, -31.40826 ], [ -64.14443, -31.40804 ], [ -64.14487, -31.40584 ], [ -64.1429, -31.40535 ], [ -64.13886, -31.40319 ], [ -64.13244, -31.40356 ], [ -64.12595, -31.4029 ], [ -64.1235, -31.40666 ] ] ] } },
{ "type": "Feature", "properties": { "indice_acceso": 0.736 }, "geometry": { "type": "Polygon", "coordinates": [ [ [ -64.14572, -31.4137 ], [ -64.14686, -31.41387 ], [ -64.1465, -31.41592 ], [ -64.14493, -31.4157 ], [ -64.14459, -31.41604 ], [ -64.14746, -31.41773 ], [ -64.14782, -31.41451 ], [ -64.14836, -31.41345 ], [ -64.14803, -31.41336 ], [ -64.1481, -31.41184 ], [ -64.14609, -31.41159 ], [ -64.14572, -31.4137 ] ] ] } },
{ "type": "Feature", "properties": { "indice_acceso": 0.752 }, "geometry": { "type": "Polygon", "coordinates": [ [ [ -64.16628, -31.40926 ], [ -64.16386, -31.40861 ], [ -64.16273, -31.4117 ], [ -64.16513, -31.41235 ], [ -64.16628, -31.40926 ] ] ] } },
{ "type": "Feature", "properties": { "indice_acceso": 0.748 }, "geometry": { "type": "Polygon", "coordinates": [ [ [ -64.16386, -31.40861 ], [ -64.16147, -31.40794 ], [ -64.16031, -31.41104 ], [ -64.16256, -31.41166 ], [ -64.16386, -31.40861 ] ] ] } },
{ "type": "Feature", "properties": { "indice_acceso": 0.765 }, "geometry": { "type": "Polygon", "coordinates": [ [ [ -64.16069, -31.41 ], [ -64.16147, -31.40794 ], [ -64.15865, -31.40712 ], [ -64.1579, -31.40924 ], [ -64.16069, -31.41 ] ] ] } },
{ "type": "Feature", "properties": { "indice_acceso": 0.763 }, "geometry": { "type": "Polygon", "coordinates": [ [ [ -64.16069, -31.41 ], [ -64.1579, -31.40924 ], [ -64.15711, -31.41134 ], [ -64.15992, -31.4121 ], [ -64.16069, -31.41 ] ] ] } },
{ "type": "Feature", "properties": { "indice_acceso": 0.747 }, "geometry": { "type": "Polygon", "coordinates": [ [ [ -64.16273, -31.4117 ], [ -64.16031, -31.41104 ], [ -64.15954, -31.41314 ], [ -64.16014, -31.4133 ], [ -64.16158, -31.41479 ], [ -64.16273, -31.4117 ] ] ] } },
{ "type": "Feature", "properties": { "indice_acceso": 0.754 }, "geometry": { "type": "Polygon", "coordinates": [ [ [ -64.16513, -31.41235 ], [ -64.16273, -31.4117 ], [ -64.16158, -31.41479 ], [ -64.1639, -31.41547 ], [ -64.16513, -31.41235 ] ] ] } },
{ "type": "Feature", "properties": { "indice_acceso": 0.769 }, "geometry": { "type": "Polygon", "coordinates": [ [ [ -64.15847, -31.41393 ], [ -64.15944, -31.41339 ], [ -64.15992, -31.4121 ], [ -64.15711, -31.41134 ], [ -64.15634, -31.41334 ], [ -64.15847, -31.41393 ] ] ] } },
{ "type": "Feature", "properties": { "indice_acceso": 0.751 }, "geometry": { "type": "Polygon", "coordinates": [ [ [ -64.15634, -31.41334 ], [ -64.15526, -31.41625 ], [ -64.15651, -31.4163 ], [ -64.15727, -31.41683 ], [ -64.15897, -31.41645 ], [ -64.16005, -31.41329 ], [ -64.15954, -31.41314 ], [ -64.15847, -31.41393 ], [ -64.15634, -31.41334 ] ] ] } },
{ "type": "Feature", "properties": { "indice_acceso": 0.729 }, "geometry": { "type": "Polygon", "coordinates": [ [ [ -64.16077, -31.41701 ], [ -64.16057, -31.41616 ], [ -64.16126, -31.41469 ], [ -64.16014, -31.4133 ], [ -64.15897, -31.41645 ], [ -64.15727, -31.41683 ], [ -64.15781, -31.41812 ], [ -64.16077, -31.41701 ] ] ] } },
{ "type": "Feature", "properties": { "indice_acceso": 0.72 }, "geometry": { "type": "Polygon", "coordinates": [ [ [ -64.16338, -31.41782 ], [ -64.16277, -31.41516 ], [ -64.16126, -31.41469 ], [ -64.16057, -31.41616 ], [ -64.1614, -31.41783 ], [ -64.1612, -31.41815 ], [ -64.16338, -31.41782 ] ] ] } },
{ "type": "Feature", "properties": { "indice_acceso": 0.749 }, "geometry": { "type": "Polygon", "coordinates": [ [ [ -64.16366, -31.41888 ], [ -64.16581, -31.41848 ], [ -64.16512, -31.41581 ], [ -64.16277, -31.41516 ], [ -64.16366, -31.41888 ] ] ] } },
{ "type": "Feature", "properties": { "indice_acceso": 0.804 }, "geometry": { "type": "Polygon", "coordinates": [ [ [ -64.16823, -31.41912 ], [ -64.16758, -31.41648 ], [ -64.16512, -31.41581 ], [ -64.16607, -31.41953 ], [ -64.16823, -31.41912 ] ] ] } },
{ "type": "Feature", "properties": { "indice_acceso": 0.853 }, "geometry": { "type": "Polygon", "coordinates": [ [ [ -64.1699, -31.42068 ], [ -64.16878, -31.4168 ], [ -64.16758, -31.41648 ], [ -64.16876, -31.42121 ], [ -64.1699, -31.42068 ] ] ] } },
{ "type": "Feature", "properties": { "indice_acceso": 0.907 }, "geometry": { "type": "Polygon", "coordinates": [ [ [ -64.1698, -31.42067 ], [ -64.17076, -31.42027 ], [ -64.17126, -31.42213 ], [ -64.17165, -31.42229 ], [ -64.17311, -31.41797 ], [ -64.16878, -31.4168 ], [ -64.1698, -31.42067 ] ] ] } },
{ "type": "Feature", "properties": { "indice_acceso": 0.88 }, "geometry": { "type": "Polygon", "coordinates": [ [ [ -64.16988, -31.42356 ], [ -64.17165, -31.42229 ], [ -64.17126, -31.42213 ], [ -64.17076, -31.42027 ], [ -64.1699, -31.42068 ], [ -64.16945, -31.4218 ], [ -64.16988, -31.42356 ] ] ] } },
{ "type": "Feature", "properties": { "indice_acceso": 0.785 }, "geometry": { "type": "Polygon", "coordinates": [ [ [ -64.16607, -31.41953 ], [ -64.16663, -31.4216 ], [ -64.16552, -31.42181 ], [ -64.16552, -31.42237 ], [ -64.16733, -31.42287 ], [ -64.16853, -31.42363 ], [ -64.16988, -31.42356 ], [ -64.16945, -31.4218 ], [ -64.17, -31.4208 ], [ -64.16876, -31.42121 ], [ -64.16823, -31.41912 ], [ -64.16607, -31.41953 ] ] ] } },
{ "type": "Feature", "properties": { "indice_acceso": 0.719 }, "geometry": { "type": "Polygon", "coordinates": [ [ [ -64.16552, -31.42237 ], [ -64.16552, -31.42181 ], [ -64.16663, -31.4216 ], [ -64.16581, -31.41848 ], [ -64.16366, -31.41888 ], [ -64.1644, -31.42211 ], [ -64.16552, -31.42237 ] ] ] } },
{ "type": "Feature", "properties": { "indice_acceso": 0.714 }, "geometry": { "type": "Polygon", "coordinates": [ [ [ -64.16221, -31.42211 ], [ -64.1644, -31.42211 ], [ -64.16338, -31.41782 ], [ -64.16122, -31.41823 ], [ -64.16221, -31.42211 ] ] ] } },
{ "type": "Feature", "properties": { "indice_acceso": 0.718 }, "geometry": { "type": "Polygon", "coordinates": [ [ [ -64.15803, -31.41972 ], [ -64.15855, -31.41953 ], [ -64.15865, -31.41982 ], [ -64.16148, -31.41928 ], [ -64.16116, -31.41797 ], [ -64.1614, -31.41783 ], [ -64.16077, -31.41701 ], [ -64.15781, -31.41812 ], [ -64.15803, -31.41972 ] ] ] } },
{ "type": "Feature", "properties": { "indice_acceso": 0.711 }, "geometry": { "type": "Polygon", "coordinates": [ [ [ -64.15803, -31.41972 ], [ -64.15853, -31.42074 ], [ -64.15942, -31.42155 ], [ -64.16049, -31.42197 ], [ -64.16221, -31.42211 ], [ -64.16148, -31.41928 ], [ -64.15803, -31.41972 ] ] ] } },
{ "type": "Feature", "properties": { "indice_acceso": 0.868 }, "geometry": { "type": "Polygon", "coordinates": [ [ [ -64.17759, -31.41138 ], [ -64.17576, -31.40751 ], [ -64.17498, -31.40902 ], [ -64.17476, -31.41218 ], [ -64.17759, -31.41138 ] ] ] } },
{ "type": "Feature", "properties": { "indice_acceso": 0.984 }, "geometry": { "type": "Polygon", "coordinates": [ [ [ -64.17529, -31.4134 ], [ -64.1768, -31.41298 ], [ -64.17728, -31.4141 ], [ -64.17856, -31.41373 ], [ -64.17759, -31.41138 ], [ -64.17529, -31.41206 ], [ -64.17529, -31.4134 ] ] ] } },
{ "type": "Feature", "properties": { "indice_acceso": 0.893 }, "geometry": { "type": "Polygon", "coordinates": [ [ [ -64.17404, -31.41593 ], [ -64.17499, -31.41615 ], [ -64.17903, -31.41488 ], [ -64.17856, -31.41373 ], [ -64.17728, -31.4141 ], [ -64.1768, -31.41298 ], [ -64.17529, -31.4134 ], [ -64.17529, -31.41206 ], [ -64.17476, -31.41218 ], [ -64.17404, -31.41593 ] ] ] } },
{ "type": "Feature", "properties": { "indice_acceso": 0.873 }, "geometry": { "type": "Polygon", "coordinates": [ [ [ -64.17698, -31.41681 ], [ -64.17953, -31.41605 ], [ -64.17903, -31.41488 ], [ -64.17646, -31.41567 ], [ -64.17698, -31.41681 ] ] ] } },
{ "type": "Feature", "properties": { "indice_acceso": 0.822 }, "geometry": { "type": "Polygon", "coordinates": [ [ [ -64.17404, -31.41593 ], [ -64.17168, -31.42225 ], [ -64.17231, -31.42264 ], [ -64.17284, -31.42253 ], [ -64.17398, -31.42334 ], [ -64.17531, -31.42112 ], [ -64.17596, -31.41838 ], [ -64.17745, -31.41793 ], [ -64.17646, -31.41567 ], [ -64.17533, -31.41606 ], [ -64.17404, -31.41593 ] ] ] } },
{ "type": "Feature", "properties": { "indice_acceso": 0.866 }, "geometry": { "type": "Polygon", "coordinates": [ [ [ -64.18, -31.41719 ], [ -64.17953, -31.41605 ], [ -64.17698, -31.41681 ], [ -64.17745, -31.41793 ], [ -64.18, -31.41719 ] ] ] } },
{ "type": "Feature", "properties": { "indice_acceso": 0.85 }, "geometry": { "type": "Polygon", "coordinates": [ [ [ -64.18048, -31.41833 ], [ -64.18, -31.41719 ], [ -64.17876, -31.41755 ], [ -64.1792, -31.41869 ], [ -64.18048, -31.41833 ] ] ] } },
{ "type": "Feature", "properties": { "indice_acceso": 0.818 }, "geometry": { "type": "Polygon", "coordinates": [ [ [ -64.17969, -31.41983 ], [ -64.18095, -31.41946 ], [ -64.18048, -31.41833 ], [ -64.1792, -31.41869 ], [ -64.17969, -31.41983 ] ] ] } },
{ "type": "Feature", "properties": { "indice_acceso": 0.826 }, "geometry": { "type": "Polygon", "coordinates": [ [ [ -64.17884, -31.42138 ], [ -64.1802, -31.42098 ], [ -64.17876, -31.41755 ], [ -64.17745, -31.41793 ], [ -64.17884, -31.42138 ] ] ] } },
{ "type": "Feature", "properties": { "indice_acceso": 0.827 }, "geometry": { "type": "Polygon", "coordinates": [ [ [ -64.17531, -31.42112 ], [ -64.17835, -31.42021 ], [ -64.17745, -31.41793 ], [ -64.17596, -31.41838 ], [ -64.17531, -31.42112 ] ] ] } },
{ "type": "Feature", "properties": { "indice_acceso": 0.811 }, "geometry": { "type": "Polygon", "coordinates": [ [ [ -64.17586, -31.42354 ], [ -64.17679, -31.42327 ], [ -64.17631, -31.42212 ], [ -64.17884, -31.42138 ], [ -64.17835, -31.42021 ], [ -64.17531, -31.42112 ], [ -64.17398, -31.42334 ], [ -64.17519, -31.42413 ], [ -64.17586, -31.42354 ] ] ] } },
{ "type": "Feature", "properties": { "indice_acceso": 0.804 }, "geometry": { "type": "Polygon", "coordinates": [ [ [ -64.18145, -31.42061 ], [ -64.18095, -31.41946 ], [ -64.17969, -31.41983 ], [ -64.1802, -31.42098 ], [ -64.18145, -31.42061 ] ] ] } },
{ "type": "Feature", "properties": { "indice_acceso": 0.785 }, "geometry": { "type": "Polygon", "coordinates": [ [ [ -64.18196, -31.42183 ], [ -64.18145, -31.42061 ], [ -64.1802, -31.42098 ], [ -64.18067, -31.42217 ], [ -64.18196, -31.42183 ] ] ] } },
{ "type": "Feature", "properties": { "indice_acceso": 0.804 }, "geometry": { "type": "Polygon", "coordinates": [ [ [ -64.17926, -31.42254 ], [ -64.18067, -31.42217 ], [ -64.1802, -31.42098 ], [ -64.17884, -31.42138 ], [ -64.17926, -31.42254 ] ] ] } },
{ "type": "Feature", "properties": { "indice_acceso": 0.795 }, "geometry": { "type": "Polygon", "coordinates": [ [ [ -64.17926, -31.42254 ], [ -64.17884, -31.42138 ], [ -64.17744, -31.42178 ], [ -64.17788, -31.4229 ], [ -64.17926, -31.42254 ] ] ] } },
{ "type": "Feature", "properties": { "indice_acceso": 0.785 }, "geometry": { "type": "Polygon", "coordinates": [ [ [ -64.17676, -31.42319 ], [ -64.17788, -31.4229 ], [ -64.17744, -31.42178 ], [ -64.17631, -31.42212 ], [ -64.17676, -31.42319 ] ] ] } },
{ "type": "Feature", "properties": { "indice_acceso": 0.805 }, "geometry": { "type": "Polygon", "coordinates": [ [ [ -64.17669, -31.40918 ], [ -64.18064, -31.40798 ], [ -64.17964, -31.40588 ], [ -64.17612, -31.40719 ], [ -64.17576, -31.40751 ], [ -64.17669, -31.40918 ] ] ] } },
{ "type": "Feature", "properties": { "indice_acceso": 0.834 }, "geometry": { "type": "Polygon", "coordinates": [ [ [ -64.18155, -31.41017 ], [ -64.18064, -31.40798 ], [ -64.17669, -31.40918 ], [ -64.17759, -31.41138 ], [ -64.18155, -31.41017 ] ] ] } },
{ "type": "Feature", "properties": { "indice_acceso": 0.82 }, "geometry": { "type": "Polygon", "coordinates": [ [ [ -64.18257, -31.41259 ], [ -64.18155, -31.41017 ], [ -64.18022, -31.4106 ], [ -64.18124, -31.41298 ], [ -64.18257, -31.41259 ] ] ] } },
{ "type": "Feature", "properties": { "indice_acceso": 0.846 }, "geometry": { "type": "Polygon", "coordinates": [ [ [ -64.18124, -31.41298 ], [ -64.18022, -31.4106 ], [ -64.1789, -31.41097 ], [ -64.17992, -31.41335 ], [ -64.18124, -31.41298 ] ] ] } },
{ "type": "Feature", "properties": { "indice_acceso": 0.889 }, "geometry": { "type": "Polygon", "coordinates": [ [ [ -64.17856, -31.41373 ], [ -64.17992, -31.41335 ], [ -64.1789, -31.41097 ], [ -64.17759, -31.41138 ], [ -64.17856, -31.41373 ] ] ] } },
{ "type": "Feature", "properties": { "indice_acceso": 0.843 }, "geometry": { "type": "Polygon", "coordinates": [ [ [ -64.18038, -31.41448 ], [ -64.17992, -31.41335 ], [ -64.17856, -31.41373 ], [ -64.17903, -31.41488 ], [ -64.18038, -31.41448 ] ] ] } },
{ "type": "Feature", "properties": { "indice_acceso": 0.803 }, "geometry": { "type": "Polygon", "coordinates": [ [ [ -64.1817, -31.41408 ], [ -64.18124, -31.41298 ], [ -64.17992, -31.41335 ], [ -64.18038, -31.41448 ], [ -64.1817, -31.41408 ] ] ] } },
{ "type": "Feature", "properties": { "indice_acceso": 0.795 }, "geometry": { "type": "Polygon", "coordinates": [ [ [ -64.183, -31.41367 ], [ -64.18257, -31.41259 ], [ -64.18124, -31.41298 ], [ -64.1817, -31.41408 ], [ -64.183, -31.41367 ] ] ] } },
{ "type": "Feature", "properties": { "indice_acceso": 0.792 }, "geometry": { "type": "Polygon", "coordinates": [ [ [ -64.18134, -31.41679 ], [ -64.18398, -31.41601 ], [ -64.183, -31.41367 ], [ -64.1817, -31.41408 ], [ -64.18219, -31.41524 ], [ -64.18086, -31.41567 ], [ -64.18134, -31.41679 ] ] ] } },
{ "type": "Feature", "properties": { "indice_acceso": 0.802 }, "geometry": { "type": "Polygon", "coordinates": [ [ [ -64.18219, -31.41524 ], [ -64.1817, -31.41408 ], [ -64.18038, -31.41448 ], [ -64.18085, -31.41564 ], [ -64.18219, -31.41524 ] ] ] } },
{ "type": "Feature", "properties": { "indice_acceso": 0.838 }, "geometry": { "type": "Polygon", "coordinates": [ [ [ -64.18134, -31.41679 ], [ -64.18038, -31.41448 ], [ -64.17903, -31.41488 ], [ -64.18, -31.41718 ], [ -64.18134, -31.41679 ] ] ] } },
{ "type": "Feature", "properties": { "indice_acceso": 0.808 }, "geometry": { "type": "Polygon", "coordinates": [ [ [ -64.18048, -31.41833 ], [ -64.18183, -31.41791 ], [ -64.18134, -31.41679 ], [ -64.18, -31.41719 ], [ -64.18048, -31.41833 ] ] ] } },
{ "type": "Feature", "properties": { "indice_acceso": 0.774 }, "geometry": { "type": "Polygon", "coordinates": [ [ [ -64.18495, -31.41825 ], [ -64.18398, -31.41601 ], [ -64.18134, -31.41679 ], [ -64.18231, -31.41905 ], [ -64.18495, -31.41825 ] ] ] } },
{ "type": "Feature", "properties": { "indice_acceso": 0.809 }, "geometry": { "type": "Polygon", "coordinates": [ [ [ -64.18231, -31.41905 ], [ -64.18183, -31.41791 ], [ -64.18048, -31.41833 ], [ -64.18095, -31.41946 ], [ -64.18231, -31.41905 ] ] ] } },
{ "type": "Feature", "properties": { "indice_acceso": 0.781 }, "geometry": { "type": "Polygon", "coordinates": [ [ [ -64.18145, -31.42061 ], [ -64.18279, -31.42021 ], [ -64.18231, -31.41905 ], [ -64.18095, -31.41946 ], [ -64.18145, -31.42061 ] ] ] } },
{ "type": "Feature", "properties": { "indice_acceso": 0.753 }, "geometry": { "type": "Polygon", "coordinates": [ [ [ -64.18544, -31.41939 ], [ -64.18495, -31.41825 ], [ -64.18363, -31.41865 ], [ -64.18404, -31.41963 ], [ -64.18544, -31.41939 ] ] ] } },
{ "type": "Feature", "properties": { "indice_acceso": 0.753 }, "geometry": { "type": "Polygon", "coordinates": [ [ [ -64.18602, -31.42078 ], [ -64.18544, -31.41939 ], [ -64.18411, -31.4198 ], [ -64.18466, -31.42113 ], [ -64.18602, -31.42078 ] ] ] } },
{ "type": "Feature", "properties": { "indice_acceso": 0.755 }, "geometry": { "type": "Polygon", "coordinates": [ [ [ -64.18333, -31.42148 ], [ -64.18466, -31.42113 ], [ -64.18363, -31.41865 ], [ -64.18231, -31.41905 ], [ -64.18333, -31.42148 ] ] ] } },
{ "type": "Feature", "properties": { "indice_acceso": 0.772 }, "geometry": { "type": "Polygon", "coordinates": [ [ [ -64.18196, -31.42183 ], [ -64.18333, -31.42148 ], [ -64.18279, -31.42021 ], [ -64.18145, -31.42061 ], [ -64.18196, -31.42183 ] ] ] } },
{ "type": "Feature", "properties": { "indice_acceso": 0.843 }, "geometry": { "type": "Polygon", "coordinates": [ [ [ -64.19239, -31.40602 ], [ -64.19349, -31.40935 ], [ -64.1949, -31.40895 ], [ -64.19382, -31.40602 ], [ -64.19239, -31.40602 ] ] ] } },
{ "type": "Feature", "properties": { "indice_acceso": 0.831 }, "geometry": { "type": "Polygon", "coordinates": [ [ [ -64.19263, -31.4108 ], [ -64.19388, -31.41043 ], [ -64.19239, -31.40602 ], [ -64.19093, -31.40599 ], [ -64.19263, -31.4108 ] ] ] } },
{ "type": "Feature", "properties": { "indice_acceso": 0.801 }, "geometry": { "type": "Polygon", "coordinates": [ [ [ -64.18816, -31.40722 ], [ -64.18744, -31.40717 ], [ -64.18111, -31.40907 ], [ -64.18155, -31.41017 ], [ -64.19135, -31.40727 ], [ -64.19093, -31.40599 ], [ -64.18789, -31.40635 ], [ -64.18816, -31.40722 ] ] ] } },
{ "type": "Feature", "properties": { "indice_acceso": 0.793 }, "geometry": { "type": "Polygon", "coordinates": [ [ [ -64.18334, -31.40718 ], [ -64.18195, -31.40759 ], [ -64.18241, -31.40868 ], [ -64.18744, -31.40717 ], [ -64.18816, -31.40722 ], [ -64.18789, -31.40635 ], [ -64.18579, -31.40665 ], [ -64.1831, -31.40634 ], [ -64.18334, -31.40718 ] ] ] } },
{ "type": "Feature", "properties": { "indice_acceso": 0.8 }, "geometry": { "type": "Polygon", "coordinates": [ [ [ -64.18111, -31.40907 ], [ -64.18241, -31.40868 ], [ -64.18195, -31.40759 ], [ -64.18334, -31.40718 ], [ -64.1831, -31.40634 ], [ -64.17977, -31.40588 ], [ -64.18111, -31.40907 ] ] ] } },
{ "type": "Feature", "properties": { "indice_acceso": 0.824 }, "geometry": { "type": "Polygon", "coordinates": [ [ [ -64.18257, -31.41259 ], [ -64.18389, -31.41221 ], [ -64.18287, -31.40978 ], [ -64.18155, -31.41017 ], [ -64.18257, -31.41259 ] ] ] } },
{ "type": "Feature", "properties": { "indice_acceso": 0.824 }, "geometry": { "type": "Polygon", "coordinates": [ [ [ -64.18528, -31.41181 ], [ -64.18424, -31.40937 ], [ -64.18287, -31.40978 ], [ -64.18389, -31.41221 ], [ -64.18528, -31.41181 ] ] ] } },
{ "type": "Feature", "properties": { "indice_acceso": 0.811 }, "geometry": { "type": "Polygon", "coordinates": [ [ [ -64.1848, -31.41065 ], [ -64.18899, -31.4094 ], [ -64.1885, -31.40812 ], [ -64.18424, -31.40937 ], [ -64.1848, -31.41065 ] ] ] } },
{ "type": "Feature", "properties": { "indice_acceso": 0.82 }, "geometry": { "type": "Polygon", "coordinates": [ [ [ -64.1918, -31.40853 ], [ -64.19135, -31.40727 ], [ -64.1885, -31.40812 ], [ -64.18899, -31.4094 ], [ -64.1918, -31.40853 ] ] ] } },
{ "type": "Feature", "properties": { "indice_acceso": 0.823 }, "geometry": { "type": "Polygon", "coordinates": [ [ [ -64.19223, -31.40972 ], [ -64.1918, -31.40853 ], [ -64.19046, -31.40893 ], [ -64.1909, -31.4101 ], [ -64.19223, -31.40972 ] ] ] } },
{ "type": "Feature", "properties": { "indice_acceso": 0.825 }, "geometry": { "type": "Polygon", "coordinates": [ [ [ -64.1913, -31.41121 ], [ -64.19046, -31.40893 ], [ -64.18899, -31.4094 ], [ -64.1898, -31.41163 ], [ -64.1913, -31.41121 ] ] ] } },
{ "type": "Feature", "properties": { "indice_acceso": 0.822 }, "geometry": { "type": "Polygon", "coordinates": [ [ [ -64.18942, -31.41056 ], [ -64.18899, -31.4094 ], [ -64.18756, -31.40983 ], [ -64.18803, -31.41098 ], [ -64.18942, -31.41056 ] ] ] } },
{ "type": "Feature", "properties": { "indice_acceso": 0.807 }, "geometry": { "type": "Polygon", "coordinates": [ [ [ -64.18803, -31.41098 ], [ -64.18756, -31.40983 ], [ -64.1848, -31.41065 ], [ -64.18528, -31.41181 ], [ -64.18803, -31.41098 ] ] ] } },
{ "type": "Feature", "properties": { "indice_acceso": 0.797 }, "geometry": { "type": "Polygon", "coordinates": [ [ [ -64.18436, -31.41326 ], [ -64.18389, -31.41221 ], [ -64.18257, -31.41259 ], [ -64.183, -31.41367 ], [ -64.18436, -31.41326 ] ] ] } },
{ "type": "Feature", "properties": { "indice_acceso": 0.803 }, "geometry": { "type": "Polygon", "coordinates": [ [ [ -64.18712, -31.41243 ], [ -64.18667, -31.41139 ], [ -64.18389, -31.41221 ], [ -64.18436, -31.41326 ], [ -64.18712, -31.41243 ] ] ] } },
{ "type": "Feature", "properties": { "indice_acceso": 0.82 }, "geometry": { "type": "Polygon", "coordinates": [ [ [ -64.18847, -31.41203 ], [ -64.18803, -31.41098 ], [ -64.18667, -31.41139 ], [ -64.18712, -31.41242 ], [ -64.18847, -31.41203 ] ] ] } },
{ "type": "Feature", "properties": { "indice_acceso": 0.823 }, "geometry": { "type": "Polygon", "coordinates": [ [ [ -64.1898, -31.41163 ], [ -64.18942, -31.41056 ], [ -64.18803, -31.41098 ], [ -64.18846, -31.41203 ], [ -64.1898, -31.41163 ] ] ] } },
{ "type": "Feature", "properties": { "indice_acceso": 0.821 }, "geometry": { "type": "Polygon", "coordinates": [ [ [ -64.19263, -31.4108 ], [ -64.19223, -31.40972 ], [ -64.19091, -31.4101 ], [ -64.1913, -31.4112 ], [ -64.19263, -31.4108 ] ] ] } },
{ "type": "Feature", "properties": { "indice_acceso": 0.891 }, "geometry": { "type": "Polygon", "coordinates": [ [ [ -64.1953, -31.41003 ], [ -64.1949, -31.40895 ], [ -64.19349, -31.40935 ], [ -64.19388, -31.41043 ], [ -64.1953, -31.41003 ] ] ] } },
{ "type": "Feature", "properties": { "indice_acceso": 0.874 }, "geometry": { "type": "Polygon", "coordinates": [ [ [ -64.19574, -31.41128 ], [ -64.1953, -31.41003 ], [ -64.19388, -31.41043 ], [ -64.19435, -31.41168 ], [ -64.19574, -31.41128 ] ] ] } },
{ "type": "Feature", "properties": { "indice_acceso": 0.833 }, "geometry": { "type": "Polygon", "coordinates": [ [ [ -64.19435, -31.41168 ], [ -64.19388, -31.41043 ], [ -64.19263, -31.4108 ], [ -64.19306, -31.41205 ], [ -64.19435, -31.41168 ] ] ] } },
{ "type": "Feature", "properties": { "indice_acceso": 0.802 }, "geometry": { "type": "Polygon", "coordinates": [ [ [ -64.19306, -31.41205 ], [ -64.19263, -31.4108 ], [ -64.1913, -31.41121 ], [ -64.19182, -31.41233 ], [ -64.19306, -31.41205 ] ] ] } },
{ "type": "Feature", "properties": { "indice_acceso": 0.801 }, "geometry": { "type": "Polygon", "coordinates": [ [ [ -64.19184, -31.41242 ], [ -64.1913, -31.41121 ], [ -64.1898, -31.41163 ], [ -64.1903, -31.41288 ], [ -64.19184, -31.41242 ] ] ] } },
{ "type": "Feature", "properties": { "indice_acceso": 0.801 }, "geometry": { "type": "Polygon", "coordinates": [ [ [ -64.18898, -31.41329 ], [ -64.1903, -31.41288 ], [ -64.1898, -31.41163 ], [ -64.18847, -31.41203 ], [ -64.18898, -31.41329 ] ] ] } },
{ "type": "Feature", "properties": { "indice_acceso": 0.801 }, "geometry": { "type": "Polygon", "coordinates": [ [ [ -64.18898, -31.41329 ], [ -64.18847, -31.41203 ], [ -64.18712, -31.41243 ], [ -64.18764, -31.41368 ], [ -64.18898, -31.41329 ] ] ] } },
{ "type": "Feature", "properties": { "indice_acceso": 0.796 }, "geometry": { "type": "Polygon", "coordinates": [ [ [ -64.18622, -31.41408 ], [ -64.18764, -31.41368 ], [ -64.18712, -31.41243 ], [ -64.18574, -31.41285 ], [ -64.18622, -31.41408 ] ] ] } },
{ "type": "Feature", "properties": { "indice_acceso": 0.788 }, "geometry": { "type": "Polygon", "coordinates": [ [ [ -64.18622, -31.41408 ], [ -64.18574, -31.41285 ], [ -64.183, -31.41367 ], [ -64.1835, -31.41486 ], [ -64.18622, -31.41408 ] ] ] } },
{ "type": "Feature", "properties": { "indice_acceso": 0.77 }, "geometry": { "type": "Polygon", "coordinates": [ [ [ -64.18669, -31.41521 ], [ -64.18622, -31.41408 ], [ -64.1835, -31.41486 ], [ -64.18398, -31.41601 ], [ -64.18669, -31.41521 ] ] ] } },
{ "type": "Feature", "properties": { "indice_acceso": 0.774 }, "geometry": { "type": "Polygon", "coordinates": [ [ [ -64.18813, -31.41479 ], [ -64.18764, -31.41368 ], [ -64.18622, -31.41408 ], [ -64.18669, -31.41521 ], [ -64.18813, -31.41479 ] ] ] } },
{ "type": "Feature", "properties": { "indice_acceso": 0.782 }, "geometry": { "type": "Polygon", "coordinates": [ [ [ -64.19072, -31.41402 ], [ -64.1903, -31.41288 ], [ -64.18898, -31.41329 ], [ -64.18941, -31.41441 ], [ -64.19072, -31.41402 ] ] ] } },
{ "type": "Feature", "properties": { "indice_acceso": 0.782 }, "geometry": { "type": "Polygon", "coordinates": [ [ [ -64.19072, -31.41402 ], [ -64.19214, -31.41362 ], [ -64.19184, -31.41242 ], [ -64.1903, -31.41288 ], [ -64.19072, -31.41402 ] ] ] } },
{ "type": "Feature", "properties": { "indice_acceso": 0.782 }, "geometry": { "type": "Polygon", "coordinates": [ [ [ -64.19346, -31.41322 ], [ -64.19306, -31.41205 ], [ -64.19184, -31.41242 ], [ -64.19214, -31.41362 ], [ -64.19346, -31.41322 ] ] ] } },
{ "type": "Feature", "properties": { "indice_acceso": 0.81 }, "geometry": { "type": "Polygon", "coordinates": [ [ [ -64.19475, -31.41285 ], [ -64.19435, -31.41168 ], [ -64.19306, -31.41205 ], [ -64.19346, -31.41322 ], [ -64.19475, -31.41285 ] ] ] } },
{ "type": "Feature", "properties": { "indice_acceso": 0.817 }, "geometry": { "type": "Polygon", "coordinates": [ [ [ -64.19611, -31.41245 ], [ -64.19574, -31.41128 ], [ -64.19435, -31.41168 ], [ -64.19475, -31.41285 ], [ -64.19611, -31.41245 ] ] ] } },
{ "type": "Feature", "properties": { "indice_acceso": 0.784 }, "geometry": { "type": "Polygon", "coordinates": [ [ [ -64.18941, -31.41441 ], [ -64.18898, -31.41329 ], [ -64.18764, -31.41368 ], [ -64.18812, -31.41477 ], [ -64.18941, -31.41441 ] ] ] } },
{ "type": "Feature", "properties": { "indice_acceso": 0.833 }, "geometry": { "type": "Polygon", "coordinates": [ [ [ -64.19845, -31.40658 ], [ -64.20239, -31.40542 ], [ -64.20182, -31.40412 ], [ -64.19792, -31.40523 ], [ -64.19845, -31.40658 ] ] ] } },
{ "type": "Feature", "properties": { "indice_acceso": 0.885 }, "geometry": { "type": "Polygon", "coordinates": [ [ [ -64.19446, -31.40776 ], [ -64.19719, -31.40695 ], [ -64.19764, -31.40817 ], [ -64.19894, -31.40779 ], [ -64.19792, -31.40523 ], [ -64.19382, -31.40602 ], [ -64.19446, -31.40776 ] ] ] } },
{ "type": "Feature", "properties": { "indice_acceso": 0.985 }, "geometry": { "type": "Polygon", "coordinates": [ [ [ -64.19764, -31.40817 ], [ -64.19719, -31.40695 ], [ -64.19584, -31.40735 ], [ -64.19626, -31.40858 ], [ -64.19764, -31.40817 ] ] ] } },
{ "type": "Feature", "properties": { "indice_acceso": 0.87 }, "geometry": { "type": "Polygon", "coordinates": [ [ [ -64.20035, -31.40737 ], [ -64.19986, -31.40616 ], [ -64.19845, -31.40658 ], [ -64.19894, -31.40779 ], [ -64.20035, -31.40737 ] ] ] } },
{ "type": "Feature", "properties": { "indice_acceso": 0.855 }, "geometry": { "type": "Polygon", "coordinates": [ [ [ -64.20294, -31.40662 ], [ -64.20239, -31.40542 ], [ -64.19986, -31.40616 ], [ -64.20035, -31.40737 ], [ -64.20294, -31.40662 ] ] ] } },
{ "type": "Feature", "properties": { "indice_acceso": 0.841 }, "geometry": { "type": "Polygon", "coordinates": [ [ [ -64.2034, -31.40767 ], [ -64.20294, -31.40662 ], [ -64.19894, -31.40779 ], [ -64.19936, -31.40883 ], [ -64.2034, -31.40767 ] ] ] } },
{ "type": "Feature", "properties": { "indice_acceso": 0.904 }, "geometry": { "type": "Polygon", "coordinates": [ [ [ -64.19804, -31.40924 ], [ -64.19936, -31.40883 ], [ -64.19894, -31.40779 ], [ -64.19764, -31.40817 ], [ -64.19804, -31.40924 ] ] ] } },
{ "type": "Feature", "properties": { "indice_acceso": 0.941 }, "geometry": { "type": "Polygon", "coordinates": [ [ [ -64.1953, -31.41003 ], [ -64.19804, -31.40924 ], [ -64.19764, -31.40817 ], [ -64.19626, -31.40858 ], [ -64.19584, -31.40735 ], [ -64.19446, -31.40776 ], [ -64.1953, -31.41003 ] ] ] } },
{ "type": "Feature", "properties": { "indice_acceso": 0.896 }, "geometry": { "type": "Polygon", "coordinates": [ [ [ -64.19985, -31.41007 ], [ -64.19936, -31.40883 ], [ -64.1953, -31.41003 ], [ -64.19574, -31.41128 ], [ -64.19985, -31.41007 ] ] ] } },
{ "type": "Feature", "properties": { "indice_acceso": 0.821 }, "geometry": { "type": "Polygon", "coordinates": [ [ [ -64.2012, -31.40967 ], [ -64.20076, -31.40842 ], [ -64.19936, -31.40883 ], [ -64.19985, -31.41007 ], [ -64.2012, -31.40967 ] ] ] } },
{ "type": "Feature", "properties": { "indice_acceso": 0.817 }, "geometry": { "type": "Polygon", "coordinates": [ [ [ -64.20163, -31.41083 ], [ -64.2012, -31.40967 ], [ -64.19849, -31.41047 ], [ -64.19891, -31.41162 ], [ -64.20163, -31.41083 ] ] ] } },
{ "type": "Feature", "properties": { "indice_acceso": 0.864 }, "geometry": { "type": "Polygon", "coordinates": [ [ [ -64.19891, -31.41163 ], [ -64.19849, -31.41047 ], [ -64.19707, -31.41089 ], [ -64.1975, -31.41204 ], [ -64.19891, -31.41163 ] ] ] } },
{ "type": "Feature", "properties": { "indice_acceso": 0.858 }, "geometry": { "type": "Polygon", "coordinates": [ [ [ -64.19611, -31.41245 ], [ -64.1975, -31.41204 ], [ -64.19707, -31.41089 ], [ -64.1957, -31.41133 ], [ -64.19611, -31.41245 ] ] ] } },
{ "type": "Feature", "properties": { "indice_acceso": 0.814 }, "geometry": { "type": "Polygon", "coordinates": [ [ [ -64.20345, -31.40309 ], [ -64.2029, -31.40372 ], [ -64.20182, -31.40412 ], [ -64.20294, -31.40662 ], [ -64.20772, -31.40517 ], [ -64.20572, -31.40033 ], [ -64.2047, -31.40063 ], [ -64.2043, -31.39986 ], [ -64.20345, -31.40309 ] ] ] } },
{ "type": "Feature", "properties": { "indice_acceso": 0.838 }, "geometry": { "type": "Polygon", "coordinates": [ [ [ -64.20581, -31.40699 ], [ -64.20605, -31.40691 ], [ -64.20529, -31.40596 ], [ -64.20417, -31.40626 ], [ -64.20294, -31.40662 ], [ -64.2034, -31.40767 ], [ -64.20581, -31.40699 ] ] ] } },
{ "type": "Feature", "properties": { "indice_acceso": 0.852 }, "geometry": { "type": "Polygon", "coordinates": [ [ [ -64.20809, -31.40634 ], [ -64.20772, -31.40517 ], [ -64.20529, -31.40596 ], [ -64.20605, -31.40691 ], [ -64.20809, -31.40634 ] ] ] } },
{ "type": "Feature", "properties": { "indice_acceso": 0.847 }, "geometry": { "type": "Polygon", "coordinates": [ [ [ -64.20853, -31.40733 ], [ -64.20809, -31.40634 ], [ -64.20605, -31.40691 ], [ -64.20685, -31.408 ], [ -64.20853, -31.40733 ] ] ] } },
{ "type": "Feature", "properties": { "indice_acceso": 0.843 }, "geometry": { "type": "Polygon", "coordinates": [ [ [ -64.20685, -31.408 ], [ -64.20605, -31.40691 ], [ -64.2046, -31.40733 ], [ -64.20515, -31.40851 ], [ -64.20685, -31.408 ] ] ] } },
{ "type": "Feature", "properties": { "indice_acceso": 0.833 }, "geometry": { "type": "Polygon", "coordinates": [ [ [ -64.20388, -31.40888 ], [ -64.20516, -31.40851 ], [ -64.2046, -31.40733 ], [ -64.2034, -31.40767 ], [ -64.20388, -31.40888 ] ] ] } },
{ "type": "Feature", "properties": { "indice_acceso": 0.806 }, "geometry": { "type": "Polygon", "coordinates": [ [ [ -64.20257, -31.40927 ], [ -64.20388, -31.40888 ], [ -64.2034, -31.40767 ], [ -64.20209, -31.40805 ], [ -64.20257, -31.40927 ] ] ] } },
{ "type": "Feature", "properties": { "indice_acceso": 0.811 }, "geometry": { "type": "Polygon", "coordinates": [ [ [ -64.20257, -31.40927 ], [ -64.20209, -31.40805 ], [ -64.20076, -31.40842 ], [ -64.20115, -31.40956 ], [ -64.20257, -31.40927 ] ] ] } },
{ "type": "Feature", "properties": { "indice_acceso": 0.786 }, "geometry": { "type": "Polygon", "coordinates": [ [ [ -64.20163, -31.41083 ], [ -64.20303, -31.41042 ], [ -64.20257, -31.40927 ], [ -64.2012, -31.40967 ], [ -64.20163, -31.41083 ] ] ] } },
{ "type": "Feature", "properties": { "indice_acceso": 0.803 }, "geometry": { "type": "Polygon", "coordinates": [ [ [ -64.20437, -31.41002 ], [ -64.20388, -31.40888 ], [ -64.20257, -31.40927 ], [ -64.20303, -31.41042 ], [ -64.20437, -31.41002 ] ] ] } },
{ "type": "Feature", "properties": { "indice_acceso": 0.83 }, "geometry": { "type": "Polygon", "coordinates": [ [ [ -64.20437, -31.41002 ], [ -64.20561, -31.40965 ], [ -64.20516, -31.40851 ], [ -64.20392, -31.40893 ], [ -64.20437, -31.41002 ] ] ] } },
{ "type": "Feature", "properties": { "indice_acceso": 0.84 }, "geometry": { "type": "Polygon", "coordinates": [ [ [ -64.20897, -31.40832 ], [ -64.20853, -31.40733 ], [ -64.20516, -31.40851 ], [ -64.20561, -31.40965 ], [ -64.20897, -31.40832 ] ] ] } },
{ "type": "Feature", "properties": { "indice_acceso": 0.737 }, "geometry": { "type": "Polygon", "coordinates": [ [ [ -64.2217, -31.40203 ], [ -64.22507, -31.40097 ], [ -64.22417, -31.39889 ], [ -64.2208, -31.39992 ], [ -64.2217, -31.40203 ] ] ] } },
{ "type": "Feature", "properties": { "indice_acceso": 0.742 }, "geometry": { "type": "Polygon", "coordinates": [ [ [ -64.22213, -31.40305 ], [ -64.2208, -31.39992 ], [ -64.21964, -31.40029 ], [ -64.22006, -31.40127 ], [ -64.21893, -31.40163 ], [ -64.21985, -31.40377 ], [ -64.22213, -31.40305 ] ] ] } },
{ "type": "Feature", "properties": { "indice_acceso": 0.739 }, "geometry": { "type": "Polygon", "coordinates": [ [ [ -64.21985, -31.40377 ], [ -64.21893, -31.40163 ], [ -64.22006, -31.40127 ], [ -64.21964, -31.40029 ], [ -64.21623, -31.40138 ], [ -64.21757, -31.40449 ], [ -64.21985, -31.40377 ] ] ] } },
{ "type": "Feature", "properties": { "indice_acceso": 0.774 }, "geometry": { "type": "Polygon", "coordinates": [ [ [ -64.21757, -31.40449 ], [ -64.21623, -31.40138 ], [ -64.214, -31.40209 ], [ -64.21531, -31.40521 ], [ -64.21757, -31.40449 ] ] ] } },
{ "type": "Feature", "properties": { "indice_acceso": 0.8 }, "geometry": { "type": "Polygon", "coordinates": [ [ [ -64.21531, -31.40521 ], [ -64.214, -31.40209 ], [ -64.2117, -31.40282 ], [ -64.21304, -31.40593 ], [ -64.21531, -31.40521 ] ] ] } },
{ "type": "Feature", "properties": { "indice_acceso": 0.833 }, "geometry": { "type": "Polygon", "coordinates": [ [ [ -64.21304, -31.40593 ], [ -64.2117, -31.40282 ], [ -64.20943, -31.40354 ], [ -64.21074, -31.40656 ], [ -64.21304, -31.40593 ] ] ] } },
{ "type": "Feature", "properties": { "indice_acceso": 0.852 }, "geometry": { "type": "Polygon", "coordinates": [ [ [ -64.20772, -31.40517 ], [ -64.20871, -31.40486 ], [ -64.2092, -31.40599 ], [ -64.21034, -31.40563 ], [ -64.20943, -31.40354 ], [ -64.20733, -31.40423 ], [ -64.20772, -31.40517 ] ] ] } },
{ "type": "Feature", "properties": { "indice_acceso": 0.848 }, "geometry": { "type": "Polygon", "coordinates": [ [ [ -64.20853, -31.40733 ], [ -64.21078, -31.40665 ], [ -64.21034, -31.40563 ], [ -64.2092, -31.40599 ], [ -64.20871, -31.40486 ], [ -64.20772, -31.40517 ], [ -64.20853, -31.40733 ] ] ] } },
{ "type": "Feature", "properties": { "indice_acceso": 0.821 }, "geometry": { "type": "Polygon", "coordinates": [ [ [ -64.21133, -31.41092 ], [ -64.20964, -31.40698 ], [ -64.20853, -31.40733 ], [ -64.2102, -31.41128 ], [ -64.21133, -31.41092 ] ] ] } },
{ "type": "Feature", "properties": { "indice_acceso": 0.818 }, "geometry": { "type": "Polygon", "coordinates": [ [ [ -64.21247, -31.41056 ], [ -64.21078, -31.40665 ], [ -64.20964, -31.40698 ], [ -64.21133, -31.41092 ], [ -64.21247, -31.41056 ] ] ] } },
{ "type": "Feature", "properties": { "indice_acceso": 0.783 }, "geometry": { "type": "Polygon", "coordinates": [ [ [ -64.21473, -31.40984 ], [ -64.21304, -31.40593 ], [ -64.21078, -31.40665 ], [ -64.21247, -31.41056 ], [ -64.21473, -31.40984 ] ] ] } },
{ "type": "Feature", "properties": { "indice_acceso": 0.783 }, "geometry": { "type": "Polygon", "coordinates": [ [ [ -64.21388, -31.40788 ], [ -64.21502, -31.40752 ], [ -64.21459, -31.40653 ], [ -64.21574, -31.40618 ], [ -64.21531, -31.40521 ], [ -64.21304, -31.40593 ], [ -64.21388, -31.40788 ] ] ] } },
{ "type": "Feature", "properties": { "indice_acceso": 0.754 }, "geometry": { "type": "Polygon", "coordinates": [ [ [ -64.21701, -31.40913 ], [ -64.21574, -31.40618 ], [ -64.21459, -31.40653 ], [ -64.21502, -31.40752 ], [ -64.21388, -31.40788 ], [ -64.21471, -31.4098 ], [ -64.21701, -31.40913 ] ] ] } },
{ "type": "Feature", "properties": { "indice_acceso": 0.75 }, "geometry": { "type": "Polygon", "coordinates": [ [ [ -64.21926, -31.40841 ], [ -64.21757, -31.40449 ], [ -64.21531, -31.40521 ], [ -64.21701, -31.40913 ], [ -64.21926, -31.40841 ] ] ] } },
{ "type": "Feature", "properties": { "indice_acceso": 0.715 }, "geometry": { "type": "Polygon", "coordinates": [ [ [ -64.22297, -31.40499 ], [ -64.22213, -31.40305 ], [ -64.21757, -31.40449 ], [ -64.21841, -31.40644 ], [ -64.22297, -31.40499 ] ] ] } },
{ "type": "Feature", "properties": { "indice_acceso": 0.727 }, "geometry": { "type": "Polygon", "coordinates": [ [ [ -64.22256, -31.40402 ], [ -64.22592, -31.40297 ], [ -64.22507, -31.40097 ], [ -64.2217, -31.40203 ], [ -64.22256, -31.40402 ] ] ] } },
{ "type": "Feature", "properties": { "indice_acceso": 0.717 }, "geometry": { "type": "Polygon", "coordinates": [ [ [ -64.22721, -31.40588 ], [ -64.22592, -31.40297 ], [ -64.22256, -31.40402 ], [ -64.22381, -31.40697 ], [ -64.22721, -31.40588 ] ] ] } },
{ "type": "Feature", "properties": { "indice_acceso": 0.712 }, "geometry": { "type": "Polygon", "coordinates": [ [ [ -64.22381, -31.40697 ], [ -64.22297, -31.40499 ], [ -64.21841, -31.40645 ], [ -64.21925, -31.40841 ], [ -64.22381, -31.40697 ] ] ] } },
{ "type": "Feature", "properties": { "indice_acceso": 0.632 }, "geometry": { "type": "Polygon", "coordinates": [ [ [ -64.24656, -31.41145 ], [ -64.24812, -31.41195 ], [ -64.24811, -31.41081 ], [ -64.24943, -31.41072 ], [ -64.24945, -31.40906 ], [ -64.2534, -31.40876 ], [ -64.25331, -31.40672 ], [ -64.25102, -31.40706 ], [ -64.24835, -31.40803 ], [ -64.24656, -31.41145 ] ] ] } },
{ "type": "Feature", "properties": { "indice_acceso": 0.632 }, "geometry": { "type": "Polygon", "coordinates": [ [ [ -64.25336, -31.41042 ], [ -64.25316, -31.40934 ], [ -64.2534, -31.40932 ], [ -64.2534, -31.40876 ], [ -64.24945, -31.40906 ], [ -64.24943, -31.41072 ], [ -64.25336, -31.41042 ] ] ] } },
{ "type": "Feature", "properties": { "indice_acceso": 0.631 }, "geometry": { "type": "Polygon", "coordinates": [ [ [ -64.25339, -31.41155 ], [ -64.25336, -31.41042 ], [ -64.24811, -31.41081 ], [ -64.24812, -31.41195 ], [ -64.25339, -31.41155 ] ] ] } },
{ "type": "Feature", "properties": { "indice_acceso": 0.629 }, "geometry": { "type": "Polygon", "coordinates": [ [ [ -64.24396, -31.4129 ], [ -64.2459, -31.4127 ], [ -64.2455, -31.41391 ], [ -64.24433, -31.41521 ], [ -64.24487, -31.41538 ], [ -64.24548, -31.41469 ], [ -64.24811, -31.41469 ], [ -64.24812, -31.41195 ], [ -64.24671, -31.41144 ], [ -64.24419, -31.41174 ], [ -64.24396, -31.4129 ] ] ] } },
{ "type": "Feature", "properties": { "indice_acceso": 0.627 }, "geometry": { "type": "Polygon", "coordinates": [ [ [ -64.238, -31.41503 ], [ -64.23952, -31.42075 ], [ -64.24012, -31.42052 ], [ -64.24809, -31.42047 ], [ -64.24811, -31.41469 ], [ -64.24548, -31.41469 ], [ -64.24487, -31.41538 ], [ -64.24433, -31.41521 ], [ -64.2455, -31.41391 ], [ -64.2459, -31.4127 ], [ -64.24396, -31.4129 ], [ -64.24424, -31.41161 ], [ -64.24248, -31.41172 ], [ -64.24283, -31.41236 ], [ -64.238, -31.41503 ] ] ] } },
{ "type": "Feature", "properties": { "indice_acceso": 0.645 }, "geometry": { "type": "Polygon", "coordinates": [ [ [ -64.238, -31.41503 ], [ -64.24283, -31.41235 ], [ -64.24248, -31.41172 ], [ -64.23894, -31.4118 ], [ -64.23703, -31.41138 ], [ -64.238, -31.41503 ] ] ] } },
{ "type": "Feature", "properties": { "indice_acceso": 0.626 }, "geometry": { "type": "Polygon", "coordinates": [ [ [ -64.2481, -31.41567 ], [ -64.25336, -31.41551 ], [ -64.25339, -31.41155 ], [ -64.24812, -31.41195 ], [ -64.2481, -31.41567 ] ] ] } },
{ "type": "Feature", "properties": { "indice_acceso": 0.624 }, "geometry": { "type": "Polygon", "coordinates": [ [ [ -64.25339, -31.41155 ], [ -64.25336, -31.41352 ], [ -64.25918, -31.41353 ], [ -64.25918, -31.41155 ], [ -64.25339, -31.41155 ] ] ] } },
{ "type": "Feature", "properties": { "indice_acceso": 0.612 }, "geometry": { "type": "Polygon", "coordinates": [ [ [ -64.25918, -31.41155 ], [ -64.25918, -31.41353 ], [ -64.26384, -31.41353 ], [ -64.26386, -31.41155 ], [ -64.25918, -31.41155 ] ] ] } },
{ "type": "Feature", "properties": { "indice_acceso": 0.612 }, "geometry": { "type": "Polygon", "coordinates": [ [ [ -64.25918, -31.41551 ], [ -64.26381, -31.41551 ], [ -64.26384, -31.41353 ], [ -64.25918, -31.41353 ], [ -64.25918, -31.41551 ] ] ] } },
{ "type": "Feature", "properties": { "indice_acceso": 0.624 }, "geometry": { "type": "Polygon", "coordinates": [ [ [ -64.25336, -31.41551 ], [ -64.25918, -31.41551 ], [ -64.25918, -31.41353 ], [ -64.25336, -31.41352 ], [ -64.25336, -31.41551 ] ] ] } },
{ "type": "Feature", "properties": { "indice_acceso": 0.609 }, "geometry": { "type": "Polygon", "coordinates": [ [ [ -64.25802, -31.41552 ], [ -64.25803, -31.42047 ], [ -64.26383, -31.42047 ], [ -64.26381, -31.41551 ], [ -64.25802, -31.41552 ] ] ] } },
{ "type": "Feature", "properties": { "indice_acceso": 0.612 }, "geometry": { "type": "Polygon", "coordinates": [ [ [ -64.25335, -31.42044 ], [ -64.25803, -31.42047 ], [ -64.25802, -31.41552 ], [ -64.25336, -31.41551 ], [ -64.25335, -31.42044 ] ] ] } },
{ "type": "Feature", "properties": { "indice_acceso": 0.619 }, "geometry": { "type": "Polygon", "coordinates": [ [ [ -64.24809, -31.41805 ], [ -64.25336, -31.41784 ], [ -64.25336, -31.41551 ], [ -64.2481, -31.41567 ], [ -64.24809, -31.41805 ] ] ] } },
{ "type": "Feature", "properties": { "indice_acceso": 0.613 }, "geometry": { "type": "Polygon", "coordinates": [ [ [ -64.24809, -31.42047 ], [ -64.25335, -31.42044 ], [ -64.25336, -31.41784 ], [ -64.24809, -31.41805 ], [ -64.24809, -31.42047 ] ] ] } },
{ "type": "Feature", "properties": { "indice_acceso": 0.681 }, "geometry": { "type": "Polygon", "coordinates": [ [ [ -64.23028, -31.41032 ], [ -64.2313, -31.41011 ], [ -64.23111, -31.40925 ], [ -64.23233, -31.409 ], [ -64.23201, -31.40774 ], [ -64.23131, -31.40759 ], [ -64.23166, -31.40753 ], [ -64.23108, -31.40524 ], [ -64.22905, -31.40567 ], [ -64.23028, -31.41032 ] ] ] } },
{ "type": "Feature", "properties": { "indice_acceso": 0.694 }, "geometry": { "type": "Polygon", "coordinates": [ [ [ -64.22381, -31.40697 ], [ -64.22454, -31.40907 ], [ -64.22618, -31.40832 ], [ -64.22963, -31.40789 ], [ -64.22905, -31.40567 ], [ -64.22381, -31.40697 ] ] ] } },
{ "type": "Feature", "properties": { "indice_acceso": 0.681 }, "geometry": { "type": "Polygon", "coordinates": [ [ [ -64.23005, -31.40946 ], [ -64.22963, -31.40789 ], [ -64.22618, -31.40832 ], [ -64.22454, -31.40907 ], [ -64.22492, -31.41049 ], [ -64.23005, -31.40946 ] ] ] } },
{ "type": "Feature", "properties": { "indice_acceso": 0.68 }, "geometry": { "type": "Polygon", "coordinates": [ [ [ -64.22514, -31.41133 ], [ -64.22778, -31.41081 ], [ -64.228, -31.4119 ], [ -64.23056, -31.41141 ], [ -64.23005, -31.40946 ], [ -64.22492, -31.41049 ], [ -64.22514, -31.41133 ] ] ] } },
{ "type": "Feature", "properties": { "indice_acceso": 0.681 }, "geometry": { "type": "Polygon", "coordinates": [ [ [ -64.22573, -31.41354 ], [ -64.23087, -31.41255 ], [ -64.23056, -31.41141 ], [ -64.228, -31.4119 ], [ -64.22778, -31.41081 ], [ -64.22514, -31.41133 ], [ -64.22573, -31.41354 ] ] ] } },
{ "type": "Feature", "properties": { "indice_acceso": 0.67 }, "geometry": { "type": "Polygon", "coordinates": [ [ [ -64.23233, -31.409 ], [ -64.23111, -31.40925 ], [ -64.2313, -31.41011 ], [ -64.23028, -31.41032 ], [ -64.23087, -31.41255 ], [ -64.2345, -31.41183 ], [ -64.23344, -31.40786 ], [ -64.23201, -31.40774 ], [ -64.23233, -31.409 ] ] ] } },
{ "type": "Feature", "properties": { "indice_acceso": 0.654 }, "geometry": { "type": "Polygon", "coordinates": [ [ [ -64.2346, -31.41428 ], [ -64.23558, -31.41409 ], [ -64.23578, -31.41489 ], [ -64.23786, -31.41451 ], [ -64.23703, -31.41138 ], [ -64.23399, -31.41193 ], [ -64.2346, -31.41428 ] ] ] } },
{ "type": "Feature", "properties": { "indice_acceso": 0.67 }, "geometry": { "type": "Polygon", "coordinates": [ [ [ -64.23169, -31.41563 ], [ -64.23578, -31.41489 ], [ -64.23558, -31.41409 ], [ -64.2346, -31.41428 ], [ -64.23399, -31.41193 ], [ -64.23087, -31.41255 ], [ -64.23169, -31.41563 ] ] ] } },
{ "type": "Feature", "properties": { "indice_acceso": 0.678 }, "geometry": { "type": "Polygon", "coordinates": [ [ [ -64.2265, -31.41645 ], [ -64.23171, -31.4157 ], [ -64.23087, -31.41255 ], [ -64.22573, -31.41354 ], [ -64.2265, -31.41645 ] ] ] } },
{ "type": "Feature", "properties": { "indice_acceso": 0.668 }, "geometry": { "type": "Polygon", "coordinates": [ [ [ -64.2265, -31.41645 ], [ -64.22713, -31.41884 ], [ -64.23226, -31.41782 ], [ -64.23171, -31.4157 ], [ -64.2265, -31.41645 ] ] ] } },
{ "type": "Feature", "properties": { "indice_acceso": 0.65 }, "geometry": { "type": "Polygon", "coordinates": [ [ [ -64.23201, -31.41686 ], [ -64.23409, -31.41647 ], [ -64.23435, -31.41749 ], [ -64.23486, -31.41749 ], [ -64.23507, -31.4184 ], [ -64.23696, -31.41818 ], [ -64.23706, -31.41857 ], [ -64.23887, -31.41823 ], [ -64.23786, -31.41451 ], [ -64.23171, -31.4157 ], [ -64.23201, -31.41686 ] ] ] } },
{ "type": "Feature", "properties": { "indice_acceso": 0.649 }, "geometry": { "type": "Polygon", "coordinates": [ [ [ -64.23293, -31.42041 ], [ -64.23421, -31.42014 ], [ -64.23401, -31.41935 ], [ -64.23461, -31.41923 ], [ -64.2348, -31.41992 ], [ -64.23911, -31.41916 ], [ -64.23887, -31.41823 ], [ -64.23706, -31.41857 ], [ -64.23696, -31.41818 ], [ -64.23507, -31.4184 ], [ -64.23486, -31.41749 ], [ -64.23435, -31.41749 ], [ -64.23409, -31.41647 ], [ -64.23201, -31.41686 ], [ -64.23293, -31.42041 ] ] ] } },
{ "type": "Feature", "properties": { "indice_acceso": 0.638 }, "geometry": { "type": "Polygon", "coordinates": [ [ [ -64.2348, -31.41992 ], [ -64.23461, -31.41923 ], [ -64.23401, -31.41935 ], [ -64.23421, -31.42014 ], [ -64.23293, -31.42041 ], [ -64.23364, -31.42312 ], [ -64.23986, -31.42191 ], [ -64.23911, -31.41916 ], [ -64.2348, -31.41992 ] ] ] } },
{ "type": "Feature", "properties": { "indice_acceso": 0.694 }, "geometry": { "type": "Polygon", "coordinates": [ [ [ -64.22078, -31.40905 ], [ -64.22185, -31.4088 ], [ -64.22233, -31.41069 ], [ -64.22478, -31.40997 ], [ -64.22401, -31.40702 ], [ -64.22052, -31.40811 ], [ -64.22078, -31.40905 ] ] ] } },
{ "type": "Feature", "properties": { "indice_acceso": 0.701 }, "geometry": { "type": "Polygon", "coordinates": [ [ [ -64.21972, -31.41127 ], [ -64.22233, -31.41069 ], [ -64.22185, -31.4088 ], [ -64.22078, -31.40905 ], [ -64.22047, -31.40802 ], [ -64.21907, -31.40857 ], [ -64.21972, -31.41127 ] ] ] } },
{ "type": "Feature", "properties": { "indice_acceso": 0.714 }, "geometry": { "type": "Polygon", "coordinates": [ [ [ -64.21994, -31.41212 ], [ -64.21906, -31.40847 ], [ -64.21774, -31.4089 ], [ -64.2184, -31.41151 ], [ -64.21704, -31.41175 ], [ -64.21725, -31.4126 ], [ -64.21994, -31.41212 ] ] ] } },
{ "type": "Feature", "properties": { "indice_acceso": 0.734 }, "geometry": { "type": "Polygon", "coordinates": [ [ [ -64.21755, -31.41379 ], [ -64.21704, -31.41175 ], [ -64.2184, -31.41151 ], [ -64.21774, -31.4089 ], [ -64.21408, -31.41005 ], [ -64.21512, -31.41423 ], [ -64.21755, -31.41379 ] ] ] } },
{ "type": "Feature", "properties": { "indice_acceso": 0.724 }, "geometry": { "type": "Polygon", "coordinates": [ [ [ -64.21546, -31.41555 ], [ -64.22055, -31.41455 ], [ -64.21994, -31.41212 ], [ -64.21726, -31.41263 ], [ -64.21755, -31.41379 ], [ -64.21512, -31.41424 ], [ -64.21546, -31.41555 ] ] ] } },
{ "type": "Feature", "properties": { "indice_acceso": 0.701 }, "geometry": { "type": "Polygon", "coordinates": [ [ [ -64.22324, -31.41403 ], [ -64.22233, -31.41069 ], [ -64.21972, -31.41127 ], [ -64.22055, -31.41455 ], [ -64.22324, -31.41403 ] ] ] } },
{ "type": "Feature", "properties": { "indice_acceso": 0.684 }, "geometry": { "type": "Polygon", "coordinates": [ [ [ -64.22573, -31.41354 ], [ -64.22478, -31.40997 ], [ -64.22233, -31.41069 ], [ -64.22324, -31.41403 ], [ -64.22573, -31.41354 ] ] ] } },
{ "type": "Feature", "properties": { "indice_acceso": 0.689 }, "geometry": { "type": "Polygon", "coordinates": [ [ [ -64.22117, -31.41686 ], [ -64.22634, -31.41586 ], [ -64.22573, -31.41354 ], [ -64.22055, -31.41455 ], [ -64.22117, -31.41686 ] ] ] } },
{ "type": "Feature", "properties": { "indice_acceso": 0.723 }, "geometry": { "type": "Polygon", "coordinates": [ [ [ -64.21792, -31.41797 ], [ -64.21745, -31.41621 ], [ -64.22081, -31.41555 ], [ -64.22055, -31.41455 ], [ -64.21546, -31.41555 ], [ -64.21618, -31.41826 ], [ -64.21792, -31.41797 ] ] ] } },
{ "type": "Feature", "properties": { "indice_acceso": 0.698 }, "geometry": { "type": "Polygon", "coordinates": [ [ [ -64.21686, -31.42084 ], [ -64.22198, -31.41984 ], [ -64.22145, -31.41789 ], [ -64.21914, -31.41834 ], [ -64.21849, -31.416 ], [ -64.21745, -31.41621 ], [ -64.21792, -31.41797 ], [ -64.21619, -31.41831 ], [ -64.21686, -31.42084 ] ] ] } },
{ "type": "Feature", "properties": { "indice_acceso": 0.722 }, "geometry": { "type": "Polygon", "coordinates": [ [ [ -64.21914, -31.41834 ], [ -64.22145, -31.41789 ], [ -64.22081, -31.41555 ], [ -64.21849, -31.416 ], [ -64.21914, -31.41834 ] ] ] } },
{ "type": "Feature", "properties": { "indice_acceso": 0.687 }, "geometry": { "type": "Polygon", "coordinates": [ [ [ -64.22465, -31.41932 ], [ -64.22403, -31.41702 ], [ -64.22135, -31.41754 ], [ -64.22196, -31.41974 ], [ -64.22465, -31.41932 ] ] ] } },
{ "type": "Feature", "properties": { "indice_acceso": 0.677 }, "geometry": { "type": "Polygon", "coordinates": [ [ [ -64.22135, -31.41754 ], [ -64.22403, -31.41702 ], [ -64.22465, -31.41932 ], [ -64.22713, -31.41884 ], [ -64.22634, -31.41586 ], [ -64.22118, -31.41692 ], [ -64.22135, -31.41754 ] ] ] } },
{ "type": "Feature", "properties": { "indice_acceso": 0.77 }, "geometry": { "type": "Polygon", "coordinates": [ [ [ -64.21316, -31.41394 ], [ -64.21495, -31.4136 ], [ -64.21408, -31.41005 ], [ -64.21185, -31.41077 ], [ -64.21316, -31.41394 ] ] ] } },
{ "type": "Feature", "properties": { "indice_acceso": 0.771 }, "geometry": { "type": "Polygon", "coordinates": [ [ [ -64.21316, -31.41394 ], [ -64.21185, -31.41077 ], [ -64.20909, -31.41164 ], [ -64.20985, -31.41468 ], [ -64.21316, -31.41394 ] ] ] } },
{ "type": "Feature", "properties": { "indice_acceso": 0.783 }, "geometry": { "type": "Polygon", "coordinates": [ [ [ -64.20985, -31.41468 ], [ -64.20909, -31.41164 ], [ -64.2102, -31.41128 ], [ -64.20977, -31.41027 ], [ -64.20755, -31.41101 ], [ -64.20882, -31.41487 ], [ -64.20985, -31.41468 ] ] ] } },
{ "type": "Feature", "properties": { "indice_acceso": 0.821 }, "geometry": { "type": "Polygon", "coordinates": [ [ [ -64.20977, -31.41027 ], [ -64.20897, -31.40832 ], [ -64.2068, -31.40925 ], [ -64.20755, -31.41101 ], [ -64.20977, -31.41027 ] ] ] } },
{ "type": "Feature", "properties": { "indice_acceso": 0.781 }, "geometry": { "type": "Polygon", "coordinates": [ [ [ -64.2067, -31.41239 ], [ -64.20634, -31.41263 ], [ -64.20724, -31.41233 ], [ -64.20757, -31.41364 ], [ -64.20846, -31.41347 ], [ -64.2068, -31.40925 ], [ -64.20561, -31.40965 ], [ -64.2067, -31.41239 ] ] ] } },
{ "type": "Feature", "properties": { "indice_acceso": 0.754 }, "geometry": { "type": "Polygon", "coordinates": [ [ [ -64.20705, -31.41522 ], [ -64.20882, -31.41487 ], [ -64.20846, -31.41347 ], [ -64.20757, -31.41364 ], [ -64.20724, -31.41233 ], [ -64.20634, -31.41263 ], [ -64.20705, -31.41522 ] ] ] } },
{ "type": "Feature", "properties": { "indice_acceso": 0.733 }, "geometry": { "type": "Polygon", "coordinates": [ [ [ -64.21089, -31.41861 ], [ -64.20985, -31.41468 ], [ -64.20705, -31.41522 ], [ -64.20826, -31.41926 ], [ -64.21089, -31.41861 ] ] ] } },
{ "type": "Feature", "properties": { "indice_acceso": 0.747 }, "geometry": { "type": "Polygon", "coordinates": [ [ [ -64.21546, -31.41555 ], [ -64.21495, -31.4136 ], [ -64.20985, -31.41468 ], [ -64.21034, -31.41655 ], [ -64.21546, -31.41555 ] ] ] } },
{ "type": "Feature", "properties": { "indice_acceso": 0.728 }, "geometry": { "type": "Polygon", "coordinates": [ [ [ -64.21089, -31.41861 ], [ -64.21137, -31.41851 ], [ -64.2115, -31.41897 ], [ -64.21615, -31.41816 ], [ -64.21546, -31.41555 ], [ -64.21034, -31.41655 ], [ -64.21089, -31.41861 ] ] ] } },
{ "type": "Feature", "properties": { "indice_acceso": 0.714 }, "geometry": { "type": "Polygon", "coordinates": [ [ [ -64.2115, -31.41897 ], [ -64.21137, -31.41851 ], [ -64.21089, -31.41861 ], [ -64.21175, -31.42183 ], [ -64.21686, -31.42084 ], [ -64.21615, -31.41816 ], [ -64.2115, -31.41897 ] ] ] } },
{ "type": "Feature", "properties": { "indice_acceso": 0.727 }, "geometry": { "type": "Polygon", "coordinates": [ [ [ -64.20903, -31.42234 ], [ -64.21175, -31.42183 ], [ -64.21089, -31.41861 ], [ -64.20826, -31.41926 ], [ -64.20903, -31.42234 ] ] ] } },
{ "type": "Feature", "properties": { "indice_acceso": 0.788 }, "geometry": { "type": "Polygon", "coordinates": [ [ [ -64.20071, -31.41234 ], [ -64.20605, -31.41077 ], [ -64.20561, -31.40965 ], [ -64.20029, -31.41122 ], [ -64.20071, -31.41234 ] ] ] } },
{ "type": "Feature", "properties": { "indice_acceso": 0.796 }, "geometry": { "type": "Polygon", "coordinates": [ [ [ -64.19971, -31.41388 ], [ -64.20117, -31.41346 ], [ -64.20029, -31.41122 ], [ -64.19891, -31.41163 ], [ -64.19971, -31.41388 ] ] ] } },
{ "type": "Feature", "properties": { "indice_acceso": 0.827 }, "geometry": { "type": "Polygon", "coordinates": [ [ [ -64.20013, -31.41504 ], [ -64.19891, -31.41163 ], [ -64.1975, -31.41204 ], [ -64.19869, -31.41537 ], [ -64.20013, -31.41504 ] ] ] } },
{ "type": "Feature", "properties": { "indice_acceso": 0.774 }, "geometry": { "type": "Polygon", "coordinates": [ [ [ -64.20013, -31.41504 ], [ -64.20115, -31.41464 ], [ -64.20072, -31.41359 ], [ -64.19971, -31.41388 ], [ -64.20013, -31.41504 ] ] ] } },
{ "type": "Feature", "properties": { "indice_acceso": 0.749 }, "geometry": { "type": "Polygon", "coordinates": [ [ [ -64.20071, -31.41234 ], [ -64.20117, -31.41346 ], [ -64.20072, -31.41359 ], [ -64.20115, -31.41464 ], [ -64.2067, -31.41239 ], [ -64.20605, -31.41077 ], [ -64.20071, -31.41234 ] ] ] } },
{ "type": "Feature", "properties": { "indice_acceso": 0.747 }, "geometry": { "type": "Polygon", "coordinates": [ [ [ -64.20759, -31.41707 ], [ -64.20634, -31.41263 ], [ -64.20275, -31.41384 ], [ -64.20267, -31.41403 ], [ -64.2035, -31.41417 ], [ -64.20566, -31.41621 ], [ -64.20759, -31.41707 ] ] ] } },
{ "type": "Feature", "properties": { "indice_acceso": 0.745 }, "geometry": { "type": "Polygon", "coordinates": [ [ [ -64.20184, -31.41679 ], [ -64.20566, -31.41621 ], [ -64.2035, -31.41417 ], [ -64.20239, -31.41396 ], [ -64.20133, -31.41456 ], [ -64.20184, -31.41679 ] ] ] } },
{ "type": "Feature", "properties": { "indice_acceso": 0.772 }, "geometry": { "type": "Polygon", "coordinates": [ [ [ -64.19935, -31.41721 ], [ -64.20184, -31.41679 ], [ -64.20133, -31.41456 ], [ -64.19872, -31.41547 ], [ -64.19935, -31.41721 ] ] ] } },
{ "type": "Feature", "properties": { "indice_acceso": 0.765 }, "geometry": { "type": "Polygon", "coordinates": [ [ [ -64.20017, -31.41945 ], [ -64.20313, -31.41879 ], [ -64.20223, -31.41743 ], [ -64.20418, -31.41719 ], [ -64.20422, -31.41641 ], [ -64.19935, -31.41721 ], [ -64.20017, -31.41945 ] ] ] } },
{ "type": "Feature", "properties": { "indice_acceso": 0.735 }, "geometry": { "type": "Polygon", "coordinates": [ [ [ -64.20223, -31.41743 ], [ -64.20313, -31.41879 ], [ -64.20776, -31.41744 ], [ -64.20623, -31.41627 ], [ -64.20516, -31.41617 ], [ -64.20422, -31.41641 ], [ -64.20418, -31.41719 ], [ -64.20223, -31.41743 ] ] ] } },
{ "type": "Feature", "properties": { "indice_acceso": 0.732 }, "geometry": { "type": "Polygon", "coordinates": [ [ [ -64.20375, -31.42042 ], [ -64.20826, -31.41926 ], [ -64.20776, -31.41744 ], [ -64.20316, -31.41887 ], [ -64.20375, -31.42042 ] ] ] } },
{ "type": "Feature", "properties": { "indice_acceso": 0.732 }, "geometry": { "type": "Polygon", "coordinates": [ [ [ -64.20122, -31.42238 ], [ -64.20268, -31.42199 ], [ -64.20303, -31.42295 ], [ -64.20448, -31.42249 ], [ -64.20313, -31.41879 ], [ -64.20017, -31.41945 ], [ -64.20122, -31.42238 ] ] ] } },
{ "type": "Feature", "properties": { "indice_acceso": 0.732 }, "geometry": { "type": "Polygon", "coordinates": [ [ [ -64.20417, -31.4216 ], [ -64.20858, -31.42043 ], [ -64.2082, -31.41924 ], [ -64.20375, -31.42042 ], [ -64.20417, -31.4216 ] ] ] } },
{ "type": "Feature", "properties": { "indice_acceso": 0.64 }, "geometry": { "type": "Polygon", "coordinates": [ [ [ -64.20978, -31.42572 ], [ -64.20858, -31.42043 ], [ -64.20638, -31.42102 ], [ -64.20761, -31.42567 ], [ -64.20978, -31.42572 ] ] ] } },
{ "type": "Feature", "properties": { "indice_acceso": 0.735 }, "geometry": { "type": "Polygon", "coordinates": [ [ [ -64.20699, -31.42261 ], [ -64.20638, -31.42102 ], [ -64.20417, -31.4216 ], [ -64.20523, -31.42562 ], [ -64.2075, -31.42567 ], [ -64.20699, -31.42261 ] ] ] } },
{ "type": "Feature", "properties": { "indice_acceso": 0.742 }, "geometry": { "type": "Polygon", "coordinates": [ [ [ -64.20238, -31.42556 ], [ -64.20523, -31.42562 ], [ -64.20448, -31.42249 ], [ -64.20303, -31.42295 ], [ -64.20268, -31.42199 ], [ -64.20122, -31.42238 ], [ -64.20238, -31.42556 ] ] ] } },
{ "type": "Feature", "properties": { "indice_acceso": 0.83 }, "geometry": { "type": "Polygon", "coordinates": [ [ [ -64.19791, -31.41317 ], [ -64.1975, -31.41204 ], [ -64.19611, -31.41245 ], [ -64.19649, -31.41358 ], [ -64.19791, -31.41317 ] ] ] } },
{ "type": "Feature", "properties": { "indice_acceso": 0.814 }, "geometry": { "type": "Polygon", "coordinates": [ [ [ -64.19649, -31.41358 ], [ -64.19611, -31.41245 ], [ -64.19475, -31.41285 ], [ -64.19516, -31.41398 ], [ -64.19649, -31.41358 ] ] ] } },
{ "type": "Feature", "properties": { "indice_acceso": 0.793 }, "geometry": { "type": "Polygon", "coordinates": [ [ [ -64.19516, -31.41398 ], [ -64.19475, -31.41285 ], [ -64.19346, -31.41322 ], [ -64.19385, -31.41437 ], [ -64.19516, -31.41398 ] ] ] } },
{ "type": "Feature", "properties": { "indice_acceso": 0.77 }, "geometry": { "type": "Polygon", "coordinates": [ [ [ -64.19258, -31.41476 ], [ -64.19385, -31.41437 ], [ -64.19346, -31.41322 ], [ -64.19214, -31.41362 ], [ -64.19258, -31.41476 ] ] ] } },
{ "type": "Feature", "properties": { "indice_acceso": 0.76 }, "geometry": { "type": "Polygon", "coordinates": [ [ [ -64.19258, -31.41476 ], [ -64.19214, -31.41362 ], [ -64.19156, -31.41378 ], [ -64.19113, -31.41518 ], [ -64.19258, -31.41476 ] ] ] } },
{ "type": "Feature", "properties": { "indice_acceso": 0.771 }, "geometry": { "type": "Polygon", "coordinates": [ [ [ -64.19065, -31.41659 ], [ -64.19557, -31.41513 ], [ -64.19516, -31.41398 ], [ -64.19113, -31.41518 ], [ -64.19065, -31.41659 ] ] ] } },
{ "type": "Feature", "properties": { "indice_acceso": 0.802 }, "geometry": { "type": "Polygon", "coordinates": [ [ [ -64.19692, -31.41473 ], [ -64.19649, -31.41358 ], [ -64.19516, -31.41398 ], [ -64.19557, -31.41513 ], [ -64.19692, -31.41473 ] ] ] } },
{ "type": "Feature", "properties": { "indice_acceso": 0.805 }, "geometry": { "type": "Polygon", "coordinates": [ [ [ -64.1983, -31.41431 ], [ -64.19791, -31.41317 ], [ -64.19649, -31.41358 ], [ -64.19692, -31.41473 ], [ -64.1983, -31.41431 ] ] ] } },
{ "type": "Feature", "properties": { "indice_acceso": 0.801 }, "geometry": { "type": "Polygon", "coordinates": [ [ [ -64.19732, -31.41586 ], [ -64.198, -31.41569 ], [ -64.19868, -31.41744 ], [ -64.19935, -31.41721 ], [ -64.1983, -31.41431 ], [ -64.19692, -31.41473 ], [ -64.19732, -31.41586 ] ] ] } },
{ "type": "Feature", "properties": { "indice_acceso": 0.799 }, "geometry": { "type": "Polygon", "coordinates": [ [ [ -64.19732, -31.41586 ], [ -64.19692, -31.41473 ], [ -64.19429, -31.41551 ], [ -64.19471, -31.41667 ], [ -64.19732, -31.41586 ] ] ] } },
{ "type": "Feature", "properties": { "indice_acceso": 0.759 }, "geometry": { "type": "Polygon", "coordinates": [ [ [ -64.19474, -31.41676 ], [ -64.19429, -31.41551 ], [ -64.19065, -31.41659 ], [ -64.19018, -31.41809 ], [ -64.19474, -31.41676 ] ] ] } },
{ "type": "Feature", "properties": { "indice_acceso": 0.796 }, "geometry": { "type": "Polygon", "coordinates": [ [ [ -64.19532, -31.41839 ], [ -64.19666, -31.41801 ], [ -64.19603, -31.41626 ], [ -64.19474, -31.41676 ], [ -64.19532, -31.41839 ] ] ] } },
{ "type": "Feature", "properties": { "indice_acceso": 0.799 }, "geometry": { "type": "Polygon", "coordinates": [ [ [ -64.1977, -31.41689 ], [ -64.19732, -31.41586 ], [ -64.19603, -31.41626 ], [ -64.19634, -31.41715 ], [ -64.1977, -31.41689 ] ] ] } },
{ "type": "Feature", "properties": { "indice_acceso": 0.801 }, "geometry": { "type": "Polygon", "coordinates": [ [ [ -64.19868, -31.41744 ], [ -64.198, -31.41569 ], [ -64.19732, -31.41586 ], [ -64.1977, -31.41689 ], [ -64.19634, -31.41715 ], [ -64.19665, -31.418 ], [ -64.19868, -31.41744 ] ] ] } },
{ "type": "Feature", "properties": { "indice_acceso": 0.766 }, "geometry": { "type": "Polygon", "coordinates": [ [ [ -64.1899, -31.41553 ], [ -64.19113, -31.41518 ], [ -64.19156, -31.41378 ], [ -64.18941, -31.41441 ], [ -64.1899, -31.41553 ] ] ] } },
{ "type": "Feature", "properties": { "indice_acceso": 0.771 }, "geometry": { "type": "Polygon", "coordinates": [ [ [ -64.1899, -31.41553 ], [ -64.18941, -31.41441 ], [ -64.18813, -31.41479 ], [ -64.18862, -31.41589 ], [ -64.1899, -31.41553 ] ] ] } },
{ "type": "Feature", "properties": { "indice_acceso": 0.763 }, "geometry": { "type": "Polygon", "coordinates": [ [ [ -64.18716, -31.41629 ], [ -64.18862, -31.41589 ], [ -64.18813, -31.41479 ], [ -64.18669, -31.41521 ], [ -64.18716, -31.41629 ] ] ] } },
{ "type": "Feature", "properties": { "indice_acceso": 0.758 }, "geometry": { "type": "Polygon", "coordinates": [ [ [ -64.18875, -31.4201 ], [ -64.18669, -31.41521 ], [ -64.18535, -31.4156 ], [ -64.18737, -31.42045 ], [ -64.18875, -31.4201 ] ] ] } },
{ "type": "Feature", "properties": { "indice_acceso": 0.755 }, "geometry": { "type": "Polygon", "coordinates": [ [ [ -64.18544, -31.41939 ], [ -64.18677, -31.41901 ], [ -64.18535, -31.4156 ], [ -64.18396, -31.41608 ], [ -64.18544, -31.41939 ] ] ] } },
{ "type": "Feature", "properties": { "indice_acceso": 0.755 }, "geometry": { "type": "Polygon", "coordinates": [ [ [ -64.18766, -31.41747 ], [ -64.18912, -31.41705 ], [ -64.18862, -31.41589 ], [ -64.18716, -31.41629 ], [ -64.18766, -31.41747 ] ] ] } },
{ "type": "Feature", "properties": { "indice_acceso": 0.759 }, "geometry": { "type": "Polygon", "coordinates": [ [ [ -64.19065, -31.41659 ], [ -64.19113, -31.41518 ], [ -64.18862, -31.41589 ], [ -64.18912, -31.41705 ], [ -64.19065, -31.41659 ] ] ] } },
{ "type": "Feature", "properties": { "indice_acceso": 0.76 }, "geometry": { "type": "Polygon", "coordinates": [ [ [ -64.19018, -31.41809 ], [ -64.19065, -31.41659 ], [ -64.18912, -31.41705 ], [ -64.18962, -31.41824 ], [ -64.19018, -31.41809 ] ] ] } },
{ "type": "Feature", "properties": { "indice_acceso": 0.76 }, "geometry": { "type": "Polygon", "coordinates": [ [ [ -64.18816, -31.41866 ], [ -64.18962, -31.41824 ], [ -64.18912, -31.41705 ], [ -64.18766, -31.41747 ], [ -64.18816, -31.41866 ] ] ] } },
{ "type": "Feature", "properties": { "indice_acceso": 0.756 }, "geometry": { "type": "Polygon", "coordinates": [ [ [ -64.18737, -31.42045 ], [ -64.18677, -31.41901 ], [ -64.18544, -31.41939 ], [ -64.18602, -31.42078 ], [ -64.18737, -31.42045 ] ] ] } },
{ "type": "Feature", "properties": { "indice_acceso": 0.763 }, "geometry": { "type": "Polygon", "coordinates": [ [ [ -64.18875, -31.4201 ], [ -64.19022, -31.41978 ], [ -64.19018, -31.41809 ], [ -64.18817, -31.41869 ], [ -64.18875, -31.4201 ] ] ] } },
{ "type": "Feature", "properties": { "indice_acceso": 0.77 }, "geometry": { "type": "Polygon", "coordinates": [ [ [ -64.19532, -31.41839 ], [ -64.19474, -31.41676 ], [ -64.19345, -31.41715 ], [ -64.19405, -31.41874 ], [ -64.19532, -31.41839 ] ] ] } },
{ "type": "Feature", "properties": { "indice_acceso": 0.76 }, "geometry": { "type": "Polygon", "coordinates": [ [ [ -64.19279, -31.41908 ], [ -64.19405, -31.41874 ], [ -64.19345, -31.41715 ], [ -64.19208, -31.41754 ], [ -64.19279, -31.41908 ] ] ] } },
{ "type": "Feature", "properties": { "indice_acceso": 0.751 }, "geometry": { "type": "Polygon", "coordinates": [ [ [ -64.19279, -31.41908 ], [ -64.19208, -31.41754 ], [ -64.19086, -31.41788 ], [ -64.19147, -31.41941 ], [ -64.19279, -31.41908 ] ] ] } },
{ "type": "Feature", "properties": { "indice_acceso": 0.764 }, "geometry": { "type": "Polygon", "coordinates": [ [ [ -64.19148, -31.41943 ], [ -64.19086, -31.41788 ], [ -64.19015, -31.41814 ], [ -64.19022, -31.41978 ], [ -64.19148, -31.41943 ] ] ] } },
{ "type": "Feature", "properties": { "indice_acceso": 0.75 }, "geometry": { "type": "Polygon", "coordinates": [ [ [ -64.19191, -31.42043 ], [ -64.19148, -31.41943 ], [ -64.19022, -31.41978 ], [ -64.19063, -31.4208 ], [ -64.19191, -31.42043 ] ] ] } },
{ "type": "Feature", "properties": { "indice_acceso": 0.746 }, "geometry": { "type": "Polygon", "coordinates": [ [ [ -64.19323, -31.42007 ], [ -64.19279, -31.41908 ], [ -64.19148, -31.41943 ], [ -64.19191, -31.42043 ], [ -64.19323, -31.42007 ] ] ] } },
{ "type": "Feature", "properties": { "indice_acceso": 0.748 }, "geometry": { "type": "Polygon", "coordinates": [ [ [ -64.19387, -31.42124 ], [ -64.19487, -31.42098 ], [ -64.19405, -31.41874 ], [ -64.19279, -31.41908 ], [ -64.19387, -31.42124 ] ] ] } },
{ "type": "Feature", "properties": { "indice_acceso": 0.762 }, "geometry": { "type": "Polygon", "coordinates": [ [ [ -64.19567, -31.41938 ], [ -64.19532, -31.41839 ], [ -64.19405, -31.41874 ], [ -64.1944, -31.41973 ], [ -64.19567, -31.41938 ] ] ] } },
{ "type": "Feature", "properties": { "indice_acceso": 0.784 }, "geometry": { "type": "Polygon", "coordinates": [ [ [ -64.19773, -31.41879 ], [ -64.19737, -31.41781 ], [ -64.19532, -31.41839 ], [ -64.19567, -31.41938 ], [ -64.19773, -31.41879 ] ] ] } },
{ "type": "Feature", "properties": { "indice_acceso": 0.79 }, "geometry": { "type": "Polygon", "coordinates": [ [ [ -64.19972, -31.41821 ], [ -64.19935, -31.41721 ], [ -64.19737, -31.41781 ], [ -64.19773, -31.41879 ], [ -64.19972, -31.41821 ] ] ] } },
{ "type": "Feature", "properties": { "indice_acceso": 0.764 }, "geometry": { "type": "Polygon", "coordinates": [ [ [ -64.2008, -31.42122 ], [ -64.19972, -31.41821 ], [ -64.197, -31.419 ], [ -64.19759, -31.42043 ], [ -64.19704, -31.42055 ], [ -64.19739, -31.42147 ], [ -64.2008, -31.42122 ] ] ] } },
{ "type": "Feature", "properties": { "indice_acceso": 0.769 }, "geometry": { "type": "Polygon", "coordinates": [ [ [ -64.19739, -31.42147 ], [ -64.19704, -31.42055 ], [ -64.19759, -31.42043 ], [ -64.197, -31.419 ], [ -64.19567, -31.41938 ], [ -64.19653, -31.4217 ], [ -64.19739, -31.42147 ] ] ] } },
{ "type": "Feature", "properties": { "indice_acceso": 0.754 }, "geometry": { "type": "Polygon", "coordinates": [ [ [ -64.19571, -31.42193 ], [ -64.19653, -31.4217 ], [ -64.19567, -31.41938 ], [ -64.1944, -31.41973 ], [ -64.19496, -31.42122 ], [ -64.19571, -31.42193 ] ] ] } },
{ "type": "Feature", "properties": { "indice_acceso": 0.755 }, "geometry": { "type": "Polygon", "coordinates": [ [ [ -64.19063, -31.4208 ], [ -64.19283, -31.42228 ], [ -64.19304, -31.4227 ], [ -64.19571, -31.42193 ], [ -64.19551, -31.42149 ], [ -64.1951, -31.42161 ], [ -64.19487, -31.42098 ], [ -64.19387, -31.42124 ], [ -64.19323, -31.42007 ], [ -64.19063, -31.4208 ] ] ] } },
{ "type": "Feature", "properties": { "indice_acceso": 0.755 }, "geometry": { "type": "Polygon", "coordinates": [ [ [ -64.19063, -31.4208 ], [ -64.19022, -31.41978 ], [ -64.18875, -31.4201 ], [ -64.19001, -31.42099 ], [ -64.19063, -31.4208 ] ] ] } },
{ "type": "Feature", "properties": { "indice_acceso": 0.751 }, "geometry": { "type": "Polygon", "coordinates": [ [ [ -64.19002, -31.42099 ], [ -64.18875, -31.4201 ], [ -64.18922, -31.42121 ], [ -64.19002, -31.42099 ] ] ] } },
{ "type": "Feature", "properties": { "indice_acceso": 0.763 }, "geometry": { "type": "Polygon", "coordinates": [ [ [ -64.1902, -31.42352 ], [ -64.19167, -31.42309 ], [ -64.19129, -31.42226 ], [ -64.19002, -31.42099 ], [ -64.18923, -31.42121 ], [ -64.1902, -31.42352 ] ] ] } },
{ "type": "Feature", "properties": { "indice_acceso": 0.771 }, "geometry": { "type": "Polygon", "coordinates": [ [ [ -64.19167, -31.42309 ], [ -64.19304, -31.4227 ], [ -64.19283, -31.42228 ], [ -64.19063, -31.4208 ], [ -64.19002, -31.42099 ], [ -64.19167, -31.42309 ] ] ] } },
{ "type": "Feature", "properties": { "indice_acceso": 0.782 }, "geometry": { "type": "Polygon", "coordinates": [ [ [ -64.19475, -31.42346 ], [ -64.19429, -31.42233 ], [ -64.1902, -31.42352 ], [ -64.19067, -31.42464 ], [ -64.19475, -31.42346 ] ] ] } },
{ "type": "Feature", "properties": { "indice_acceso": 0.773 }, "geometry": { "type": "Polygon", "coordinates": [ [ [ -64.19545, -31.42529 ], [ -64.19881, -31.42426 ], [ -64.19886, -31.42355 ], [ -64.19804, -31.42146 ], [ -64.19429, -31.42233 ], [ -64.19545, -31.42529 ] ] ] } },
{ "type": "Feature", "properties": { "indice_acceso": 0.742 }, "geometry": { "type": "Polygon", "coordinates": [ [ [ -64.19881, -31.42426 ], [ -64.20038, -31.42406 ], [ -64.20159, -31.4234 ], [ -64.2008, -31.42122 ], [ -64.19804, -31.42146 ], [ -64.19886, -31.42355 ], [ -64.19881, -31.42426 ] ] ] } },
{ "type": "Feature", "properties": { "indice_acceso": 0.648 }, "geometry": { "type": "Polygon", "coordinates": [ [ [ -64.19881, -31.42426 ], [ -64.19918, -31.42604 ], [ -64.20238, -31.42556 ], [ -64.20159, -31.4234 ], [ -64.20035, -31.42407 ], [ -64.19881, -31.42426 ] ] ] } },
{ "type": "Feature", "properties": { "indice_acceso": 0.599 }, "geometry": { "type": "Polygon", "coordinates": [ [ [ -64.19722, -31.42532 ], [ -64.19894, -31.42482 ], [ -64.19881, -31.42426 ], [ -64.19705, -31.42486 ], [ -64.19722, -31.42532 ] ] ] } },
{ "type": "Feature", "properties": { "indice_acceso": 0.784 }, "geometry": { "type": "Polygon", "coordinates": [ [ [ -64.19627, -31.42685 ], [ -64.19918, -31.42604 ], [ -64.19894, -31.42482 ], [ -64.19722, -31.42532 ], [ -64.19704, -31.42482 ], [ -64.19545, -31.42529 ], [ -64.19627, -31.42685 ] ] ] } },
{ "type": "Feature", "properties": { "indice_acceso": 0.802 }, "geometry": { "type": "Polygon", "coordinates": [ [ [ -64.1929, -31.42785 ], [ -64.19468, -31.42733 ], [ -64.19448, -31.42688 ], [ -64.19518, -31.42717 ], [ -64.19627, -31.42685 ], [ -64.19475, -31.42346 ], [ -64.19354, -31.4238 ], [ -64.1943, -31.42564 ], [ -64.19228, -31.42626 ], [ -64.1929, -31.42785 ] ] ] } },
{ "type": "Feature", "properties": { "indice_acceso": 0.781 }, "geometry": { "type": "Polygon", "coordinates": [ [ [ -64.19403, -31.42496 ], [ -64.19354, -31.4238 ], [ -64.19067, -31.42465 ], [ -64.19118, -31.42585 ], [ -64.19403, -31.42496 ] ] ] } },
{ "type": "Feature", "properties": { "indice_acceso": 0.803 }, "geometry": { "type": "Polygon", "coordinates": [ [ [ -64.1943, -31.42564 ], [ -64.19403, -31.42496 ], [ -64.19264, -31.42538 ], [ -64.19292, -31.42606 ], [ -64.1943, -31.42564 ] ] ] } },
{ "type": "Feature", "properties": { "indice_acceso": 0.787 }, "geometry": { "type": "Polygon", "coordinates": [ [ [ -64.19292, -31.42607 ], [ -64.19264, -31.42538 ], [ -64.19118, -31.42585 ], [ -64.19146, -31.42653 ], [ -64.19292, -31.42607 ] ] ] } },
{ "type": "Feature", "properties": { "indice_acceso": 0.752 }, "geometry": { "type": "Polygon", "coordinates": [ [ [ -64.18934, -31.42511 ], [ -64.19067, -31.42465 ], [ -64.1897, -31.42233 ], [ -64.18835, -31.42278 ], [ -64.18934, -31.42511 ] ] ] } },
{ "type": "Feature", "properties": { "indice_acceso": 0.751 }, "geometry": { "type": "Polygon", "coordinates": [ [ [ -64.18755, -31.42435 ], [ -64.18884, -31.42395 ], [ -64.18835, -31.42278 ], [ -64.18739, -31.42308 ], [ -64.18723, -31.42347 ], [ -64.18755, -31.42435 ] ] ] } },
{ "type": "Feature", "properties": { "indice_acceso": 0.758 }, "geometry": { "type": "Polygon", "coordinates": [ [ [ -64.18802, -31.42551 ], [ -64.18934, -31.42511 ], [ -64.18884, -31.42395 ], [ -64.18755, -31.42435 ], [ -64.18802, -31.42551 ] ] ] } },
{ "type": "Feature", "properties": { "indice_acceso": 0.761 }, "geometry": { "type": "Polygon", "coordinates": [ [ [ -64.18668, -31.42593 ], [ -64.18802, -31.42551 ], [ -64.18723, -31.42347 ], [ -64.18638, -31.42523 ], [ -64.18668, -31.42593 ] ] ] } },
{ "type": "Feature", "properties": { "indice_acceso": 0.764 }, "geometry": { "type": "Polygon", "coordinates": [ [ [ -64.18851, -31.42668 ], [ -64.18802, -31.42551 ], [ -64.18668, -31.42593 ], [ -64.18717, -31.42711 ], [ -64.18851, -31.42668 ] ] ] } },
{ "type": "Feature", "properties": { "indice_acceso": 0.76 }, "geometry": { "type": "Polygon", "coordinates": [ [ [ -64.18981, -31.42628 ], [ -64.18934, -31.42511 ], [ -64.18802, -31.42551 ], [ -64.18851, -31.42668 ], [ -64.18981, -31.42628 ] ] ] } },
{ "type": "Feature", "properties": { "indice_acceso": 0.77 }, "geometry": { "type": "Polygon", "coordinates": [ [ [ -64.19118, -31.42585 ], [ -64.19067, -31.42465 ], [ -64.18934, -31.42511 ], [ -64.18981, -31.42628 ], [ -64.19118, -31.42585 ] ] ] } },
{ "type": "Feature", "properties": { "indice_acceso": 0.762 }, "geometry": { "type": "Polygon", "coordinates": [ [ [ -64.1901, -31.42695 ], [ -64.19147, -31.42653 ], [ -64.19118, -31.42585 ], [ -64.18981, -31.42628 ], [ -64.1901, -31.42695 ] ] ] } },
{ "type": "Feature", "properties": { "indice_acceso": 0.756 }, "geometry": { "type": "Polygon", "coordinates": [ [ [ -64.1888, -31.42736 ], [ -64.1901, -31.42695 ], [ -64.18981, -31.42628 ], [ -64.18856, -31.42681 ], [ -64.1888, -31.42736 ] ] ] } },
{ "type": "Feature", "properties": { "indice_acceso": 0.762 }, "geometry": { "type": "Polygon", "coordinates": [ [ [ -64.18746, -31.42777 ], [ -64.1888, -31.42736 ], [ -64.18851, -31.42668 ], [ -64.18717, -31.42711 ], [ -64.18746, -31.42777 ] ] ] } },
{ "type": "Feature", "properties": { "indice_acceso": 0.754 }, "geometry": { "type": "Polygon", "coordinates": [ [ [ -64.18746, -31.42777 ], [ -64.18717, -31.42711 ], [ -64.18584, -31.42751 ], [ -64.18615, -31.42818 ], [ -64.18746, -31.42777 ] ] ] } },
{ "type": "Feature", "properties": { "indice_acceso": 0.752 }, "geometry": { "type": "Polygon", "coordinates": [ [ [ -64.18786, -31.42163 ], [ -64.18812, -31.42154 ], [ -64.18739, -31.42308 ], [ -64.1897, -31.42233 ], [ -64.18875, -31.4201 ], [ -64.18737, -31.42045 ], [ -64.18786, -31.42163 ] ] ] } },
{ "type": "Feature", "properties": { "indice_acceso": 0.749 }, "geometry": { "type": "Polygon", "coordinates": [ [ [ -64.18786, -31.42163 ], [ -64.18737, -31.42045 ], [ -64.18602, -31.42078 ], [ -64.18655, -31.42203 ], [ -64.18786, -31.42163 ] ] ] } },
{ "type": "Feature", "properties": { "indice_acceso": 0.747 }, "geometry": { "type": "Polygon", "coordinates": [ [ [ -64.18655, -31.42204 ], [ -64.18602, -31.42078 ], [ -64.18466, -31.42113 ], [ -64.18521, -31.42244 ], [ -64.18655, -31.42204 ] ] ] } },
{ "type": "Feature", "properties": { "indice_acceso": 0.749 }, "geometry": { "type": "Polygon", "coordinates": [ [ [ -64.18521, -31.42244 ], [ -64.18466, -31.42113 ], [ -64.18333, -31.42148 ], [ -64.1839, -31.42284 ], [ -64.18521, -31.42244 ] ] ] } },
{ "type": "Feature", "properties": { "indice_acceso": 0.76 }, "geometry": { "type": "Polygon", "coordinates": [ [ [ -64.1839, -31.42285 ], [ -64.18333, -31.42148 ], [ -64.18196, -31.42183 ], [ -64.18246, -31.4233 ], [ -64.1839, -31.42285 ] ] ] } },
{ "type": "Feature", "properties": { "indice_acceso": 0.768 }, "geometry": { "type": "Polygon", "coordinates": [ [ [ -64.18129, -31.42366 ], [ -64.18246, -31.4233 ], [ -64.18196, -31.42183 ], [ -64.18067, -31.42217 ], [ -64.18129, -31.42366 ] ] ] } },
{ "type": "Feature", "properties": { "indice_acceso": 0.753 }, "geometry": { "type": "Polygon", "coordinates": [ [ [ -64.18292, -31.42446 ], [ -64.18246, -31.4233 ], [ -64.18129, -31.42366 ], [ -64.18177, -31.42482 ], [ -64.18292, -31.42446 ] ] ] } },
{ "type": "Feature", "properties": { "indice_acceso": 0.76 }, "geometry": { "type": "Polygon", "coordinates": [ [ [ -64.18439, -31.42402 ], [ -64.1839, -31.42285 ], [ -64.18246, -31.4233 ], [ -64.18292, -31.42446 ], [ -64.18439, -31.42402 ] ] ] } },
{ "type": "Feature", "properties": { "indice_acceso": 0.751 }, "geometry": { "type": "Polygon", "coordinates": [ [ [ -64.1857, -31.4236 ], [ -64.18521, -31.42244 ], [ -64.1839, -31.42285 ], [ -64.18439, -31.42402 ], [ -64.1857, -31.4236 ] ] ] } },
{ "type": "Feature", "properties": { "indice_acceso": 0.738 }, "geometry": { "type": "Polygon", "coordinates": [ [ [ -64.1857, -31.4236 ], [ -64.18706, -31.42318 ], [ -64.18655, -31.42204 ], [ -64.18521, -31.42244 ], [ -64.1857, -31.4236 ] ] ] } },
{ "type": "Feature", "properties": { "indice_acceso": 0.747 }, "geometry": { "type": "Polygon", "coordinates": [ [ [ -64.18706, -31.42318 ], [ -64.18739, -31.42308 ], [ -64.18812, -31.42154 ], [ -64.18655, -31.42204 ], [ -64.18706, -31.42318 ] ] ] } },
{ "type": "Feature", "properties": { "indice_acceso": 0.771 }, "geometry": { "type": "Polygon", "coordinates": [ [ [ -64.17991, -31.42408 ], [ -64.18129, -31.42366 ], [ -64.18067, -31.42217 ], [ -64.17926, -31.42254 ], [ -64.17991, -31.42408 ] ] ] } },
{ "type": "Feature", "properties": { "indice_acceso": 0.779 }, "geometry": { "type": "Polygon", "coordinates": [ [ [ -64.17991, -31.42408 ], [ -64.17926, -31.42254 ], [ -64.17788, -31.4229 ], [ -64.1785, -31.42451 ], [ -64.17991, -31.42408 ] ] ] } },
{ "type": "Feature", "properties": { "indice_acceso": 0.773 }, "geometry": { "type": "Polygon", "coordinates": [ [ [ -64.17739, -31.42485 ], [ -64.1785, -31.42451 ], [ -64.17788, -31.4229 ], [ -64.17676, -31.42319 ], [ -64.17739, -31.42485 ] ] ] } },
{ "type": "Feature", "properties": { "indice_acceso": 0.772 }, "geometry": { "type": "Polygon", "coordinates": [ [ [ -64.17696, -31.42499 ], [ -64.17739, -31.42485 ], [ -64.17679, -31.42327 ], [ -64.17586, -31.42354 ], [ -64.1753, -31.42418 ], [ -64.17696, -31.42499 ] ] ] } },
{ "type": "Feature", "properties": { "indice_acceso": 0.767 }, "geometry": { "type": "Polygon", "coordinates": [ [ [ -64.1785, -31.42451 ], [ -64.17682, -31.42503 ], [ -64.17742, -31.42529 ], [ -64.17911, -31.42604 ], [ -64.1785, -31.42451 ] ] ] } },
{ "type": "Feature", "properties": { "indice_acceso": 0.763 }, "geometry": { "type": "Polygon", "coordinates": [ [ [ -64.18041, -31.42525 ], [ -64.17991, -31.42408 ], [ -64.1785, -31.42451 ], [ -64.17893, -31.42554 ], [ -64.18041, -31.42525 ] ] ] } },
{ "type": "Feature", "properties": { "indice_acceso": 0.759 }, "geometry": { "type": "Polygon", "coordinates": [ [ [ -64.18177, -31.42483 ], [ -64.18129, -31.42366 ], [ -64.17991, -31.42408 ], [ -64.18041, -31.42525 ], [ -64.18177, -31.42483 ] ] ] } },
{ "type": "Feature", "properties": { "indice_acceso": 0.719 }, "geometry": { "type": "Polygon", "coordinates": [ [ [ -64.15399, -31.42065 ], [ -64.1565, -31.42041 ], [ -64.15635, -31.41935 ], [ -64.15757, -31.41918 ], [ -64.15771, -31.41961 ], [ -64.158, -31.41961 ], [ -64.15747, -31.41706 ], [ -64.15684, -31.41643 ], [ -64.15601, -31.4162 ], [ -64.155, -31.41632 ], [ -64.15359, -31.41707 ], [ -64.15399, -31.42065 ] ] ] } },
{ "type": "Feature", "properties": { "indice_acceso": 0.726 }, "geometry": { "type": "Polygon", "coordinates": [ [ [ -64.14875, -31.41837 ], [ -64.149, -31.42109 ], [ -64.15149, -31.42088 ], [ -64.15135, -31.41982 ], [ -64.15385, -31.41958 ], [ -64.15359, -31.41707 ], [ -64.15137, -31.41804 ], [ -64.14875, -31.41837 ] ] ] } },
{ "type": "Feature", "properties": { "indice_acceso": 0.69 }, "geometry": { "type": "Polygon", "coordinates": [ [ [ -64.14342, -31.41785 ], [ -64.14398, -31.42156 ], [ -64.149, -31.42109 ], [ -64.14875, -31.41837 ], [ -64.14651, -31.41864 ], [ -64.14411, -31.4176 ], [ -64.1437, -31.41814 ], [ -64.14342, -31.41785 ] ] ] } },
{ "type": "Feature", "properties": { "indice_acceso": 0.697 }, "geometry": { "type": "Polygon", "coordinates": [ [ [ -64.14429, -31.42374 ], [ -64.14748, -31.42345 ], [ -64.14754, -31.42391 ], [ -64.14861, -31.42381 ], [ -64.14855, -31.42335 ], [ -64.14928, -31.42328 ], [ -64.149, -31.42109 ], [ -64.14398, -31.42156 ], [ -64.14429, -31.42374 ] ] ] } },
{ "type": "Feature", "properties": { "indice_acceso": 0.727 }, "geometry": { "type": "Polygon", "coordinates": [ [ [ -64.14914, -31.42218 ], [ -64.15413, -31.42172 ], [ -64.15385, -31.41958 ], [ -64.15135, -31.41982 ], [ -64.15149, -31.42088 ], [ -64.149, -31.42109 ], [ -64.14914, -31.42218 ] ] ] } },
{ "type": "Feature", "properties": { "indice_acceso": 0.725 }, "geometry": { "type": "Polygon", "coordinates": [ [ [ -64.1565, -31.42041 ], [ -64.15399, -31.42065 ], [ -64.15428, -31.4228 ], [ -64.15926, -31.42236 ], [ -64.15923, -31.4217 ], [ -64.16055, -31.4224 ], [ -64.16318, -31.42258 ], [ -64.16319, -31.4221 ], [ -64.16075, -31.42201 ], [ -64.15961, -31.42167 ], [ -64.15862, -31.42086 ], [ -64.15757, -31.41918 ], [ -64.15635, -31.41935 ], [ -64.1565, -31.42041 ] ] ] } },
{ "type": "Feature", "properties": { "indice_acceso": 0.82 }, "geometry": { "type": "Polygon", "coordinates": [ [ [ -64.16332, -31.42415 ], [ -64.16748, -31.42403 ], [ -64.16893, -31.42485 ], [ -64.16915, -31.42528 ], [ -64.17247, -31.42439 ], [ -64.17398, -31.42334 ], [ -64.17284, -31.42253 ], [ -64.17231, -31.42264 ], [ -64.17168, -31.42225 ], [ -64.17011, -31.42348 ], [ -64.1688, -31.42367 ], [ -64.16597, -31.42246 ], [ -64.16319, -31.4221 ], [ -64.16332, -31.42415 ] ] ] } },
{ "type": "Feature", "properties": { "indice_acceso": 0.751 }, "geometry": { "type": "Polygon", "coordinates": [ [ [ -64.16332, -31.42415 ], [ -64.16339, -31.42288 ], [ -64.16318, -31.42258 ], [ -64.16055, -31.4224 ], [ -64.15923, -31.4217 ], [ -64.1596, -31.4245 ], [ -64.16332, -31.42415 ] ] ] } },
{ "type": "Feature", "properties": { "indice_acceso": 0.726 }, "geometry": { "type": "Polygon", "coordinates": [ [ [ -64.1596, -31.4245 ], [ -64.15926, -31.42236 ], [ -64.15428, -31.4228 ], [ -64.15456, -31.42495 ], [ -64.1596, -31.4245 ] ] ] } },
{ "type": "Feature", "properties": { "indice_acceso": 0.721 }, "geometry": { "type": "Polygon", "coordinates": [ [ [ -64.15456, -31.42496 ], [ -64.15413, -31.42172 ], [ -64.15163, -31.42195 ], [ -64.15207, -31.4252 ], [ -64.15456, -31.42496 ] ] ] } },
{ "type": "Feature", "properties": { "indice_acceso": 0.715 }, "geometry": { "type": "Polygon", "coordinates": [ [ [ -64.15207, -31.4252 ], [ -64.15163, -31.42195 ], [ -64.14914, -31.42218 ], [ -64.14958, -31.42543 ], [ -64.15207, -31.4252 ] ] ] } },
{ "type": "Feature", "properties": { "indice_acceso": 0.712 }, "geometry": { "type": "Polygon", "coordinates": [ [ [ -64.14748, -31.42345 ], [ -64.14678, -31.42351 ], [ -64.14725, -31.42672 ], [ -64.14972, -31.42649 ], [ -64.14928, -31.42328 ], [ -64.14855, -31.42335 ], [ -64.14861, -31.42381 ], [ -64.14777, -31.42389 ], [ -64.14748, -31.42345 ] ] ] } },
{ "type": "Feature", "properties": { "indice_acceso": 0.712 }, "geometry": { "type": "Polygon", "coordinates": [ [ [ -64.14481, -31.42696 ], [ -64.14725, -31.42672 ], [ -64.14678, -31.42351 ], [ -64.14429, -31.42374 ], [ -64.14481, -31.42696 ] ] ] } },
{ "type": "Feature", "properties": { "indice_acceso": 0.677 }, "geometry": { "type": "Polygon", "coordinates": [ [ [ -64.13715, -31.41032 ], [ -64.13767, -31.41346 ], [ -64.14174, -31.41312 ], [ -64.1415, -31.40945 ], [ -64.14073, -31.40921 ], [ -64.13715, -31.41032 ] ] ] } },
{ "type": "Feature", "properties": { "indice_acceso": 0.681 }, "geometry": { "type": "Polygon", "coordinates": [ [ [ -64.13423, -31.41375 ], [ -64.13518, -31.41367 ], [ -64.13526, -31.4142 ], [ -64.13774, -31.41399 ], [ -64.13724, -31.41037 ], [ -64.13501, -31.41216 ], [ -64.13418, -31.41222 ], [ -64.13423, -31.41375 ] ] ] } },
{ "type": "Feature", "properties": { "indice_acceso": 0.675 }, "geometry": { "type": "Polygon", "coordinates": [ [ [ -64.13428, -31.41589 ], [ -64.13798, -31.41559 ], [ -64.13774, -31.41399 ], [ -64.13526, -31.4142 ], [ -64.13518, -31.41367 ], [ -64.13423, -31.41375 ], [ -64.13428, -31.41589 ] ] ] } },
{ "type": "Feature", "properties": { "indice_acceso": 0.666 }, "geometry": { "type": "Polygon", "coordinates": [ [ [ -64.14214, -31.41524 ], [ -64.14255, -31.41523 ], [ -64.14174, -31.41312 ], [ -64.14095, -31.41318 ], [ -64.13767, -31.41346 ], [ -64.13798, -31.41558 ], [ -64.14214, -31.41524 ] ] ] } },
{ "type": "Feature", "properties": { "indice_acceso": 0.668 }, "geometry": { "type": "Polygon", "coordinates": [ [ [ -64.13832, -31.41773 ], [ -64.14359, -31.41723 ], [ -64.14284, -31.41625 ], [ -64.14255, -31.41523 ], [ -64.13798, -31.41559 ], [ -64.13832, -31.41773 ] ] ] } },
{ "type": "Feature", "properties": { "indice_acceso": 0.682 }, "geometry": { "type": "Polygon", "coordinates": [ [ [ -64.13434, -31.41795 ], [ -64.13347, -31.41794 ], [ -64.13348, -31.4203 ], [ -64.13866, -31.41986 ], [ -64.13798, -31.41559 ], [ -64.13428, -31.41589 ], [ -64.13434, -31.41795 ] ] ] } },
{ "type": "Feature", "properties": { "indice_acceso": 0.675 }, "geometry": { "type": "Polygon", "coordinates": [ [ [ -64.13003, -31.41862 ], [ -64.13005, -31.42141 ], [ -64.13438, -31.42134 ], [ -64.13436, -31.42031 ], [ -64.13348, -31.4203 ], [ -64.13347, -31.41794 ], [ -64.13122, -31.41798 ], [ -64.13122, -31.41862 ], [ -64.13003, -31.41862 ] ] ] } },
{ "type": "Feature", "properties": { "indice_acceso": 0.66 }, "geometry": { "type": "Polygon", "coordinates": [ [ [ -64.12777, -31.42143 ], [ -64.13005, -31.42141 ], [ -64.13003, -31.41862 ], [ -64.13122, -31.41862 ], [ -64.13122, -31.41798 ], [ -64.12773, -31.41802 ], [ -64.12777, -31.42143 ] ] ] } },
{ "type": "Feature", "properties": { "indice_acceso": 0.665 }, "geometry": { "type": "Polygon", "coordinates": [ [ [ -64.13129, -31.42355 ], [ -64.13124, -31.42141 ], [ -64.12777, -31.42143 ], [ -64.1278, -31.42357 ], [ -64.13129, -31.42355 ] ] ] } },
{ "type": "Feature", "properties": { "indice_acceso": 0.676 }, "geometry": { "type": "Polygon", "coordinates": [ [ [ -64.1313, -31.42475 ], [ -64.13466, -31.42473 ], [ -64.13438, -31.42134 ], [ -64.13124, -31.42141 ], [ -64.1313, -31.42475 ] ] ] } },
{ "type": "Feature", "properties": { "indice_acceso": 0.68 }, "geometry": { "type": "Polygon", "coordinates": [ [ [ -64.13705, -31.42331 ], [ -64.1369, -31.42218 ], [ -64.13898, -31.42199 ], [ -64.13866, -31.41986 ], [ -64.13436, -31.42031 ], [ -64.13465, -31.42352 ], [ -64.13705, -31.42331 ] ] ] } },
{ "type": "Feature", "properties": { "indice_acceso": 0.677 }, "geometry": { "type": "Polygon", "coordinates": [ [ [ -64.13898, -31.42199 ], [ -64.14146, -31.42175 ], [ -64.1413, -31.42071 ], [ -64.14381, -31.42048 ], [ -64.14342, -31.41785 ], [ -64.1437, -31.41814 ], [ -64.14411, -31.4176 ], [ -64.14359, -31.41723 ], [ -64.13832, -31.41773 ], [ -64.13898, -31.42199 ] ] ] } },
{ "type": "Feature", "properties": { "indice_acceso": 0.687 }, "geometry": { "type": "Polygon", "coordinates": [ [ [ -64.13915, -31.42312 ], [ -64.13974, -31.42306 ], [ -64.13991, -31.42417 ], [ -64.14429, -31.42374 ], [ -64.14381, -31.42048 ], [ -64.1413, -31.42071 ], [ -64.14146, -31.42175 ], [ -64.13898, -31.42199 ], [ -64.13915, -31.42312 ] ] ] } },
{ "type": "Feature", "properties": { "indice_acceso": 0.679 }, "geometry": { "type": "Polygon", "coordinates": [ [ [ -64.13705, -31.42331 ], [ -64.13465, -31.42353 ], [ -64.13466, -31.42473 ], [ -64.13606, -31.42471 ], [ -64.13605, -31.425 ], [ -64.13682, -31.42471 ], [ -64.13882, -31.42475 ], [ -64.13926, -31.42425 ], [ -64.13991, -31.42417 ], [ -64.13974, -31.42306 ], [ -64.13915, -31.42312 ], [ -64.13898, -31.42199 ], [ -64.1369, -31.42218 ], [ -64.13705, -31.42331 ] ] ] } },
{ "type": "Feature", "properties": { "indice_acceso": 0.673 }, "geometry": { "type": "Polygon", "coordinates": [ [ [ -64.1278, -31.42357 ], [ -64.12792, -31.42693 ], [ -64.13133, -31.42683 ], [ -64.13129, -31.42355 ], [ -64.1278, -31.42357 ] ] ] } },
{ "type": "Feature", "properties": { "indice_acceso": 0.682 }, "geometry": { "type": "Polygon", "coordinates": [ [ [ -64.1313, -31.42475 ], [ -64.13133, -31.42683 ], [ -64.13471, -31.42674 ], [ -64.13466, -31.42473 ], [ -64.1313, -31.42475 ] ] ] } },
{ "type": "Feature", "properties": { "indice_acceso": 0.688 }, "geometry": { "type": "Polygon", "coordinates": [ [ [ -64.13682, -31.42471 ], [ -64.13605, -31.425 ], [ -64.13606, -31.42471 ], [ -64.13466, -31.42473 ], [ -64.13471, -31.42674 ], [ -64.14024, -31.42631 ], [ -64.13991, -31.42417 ], [ -64.13926, -31.42425 ], [ -64.13882, -31.42475 ], [ -64.13682, -31.42471 ] ] ] } },
{ "type": "Feature", "properties": { "indice_acceso": 0.69 }, "geometry": { "type": "Polygon", "coordinates": [ [ [ -64.14463, -31.42588 ], [ -64.14429, -31.42374 ], [ -64.13991, -31.42417 ], [ -64.14024, -31.42631 ], [ -64.14463, -31.42588 ] ] ] } },
{ "type": "Feature", "properties": { "indice_acceso": 0.668 }, "geometry": { "type": "Polygon", "coordinates": [ [ [ -64.13762, -31.40536 ], [ -64.13704, -31.40571 ], [ -64.13696, -31.40616 ], [ -64.13657, -31.4062 ], [ -64.13337, -31.40539 ], [ -64.13078, -31.40567 ], [ -64.13035, -31.40613 ], [ -64.13026, -31.40719 ], [ -64.13128, -31.40763 ], [ -64.13209, -31.41013 ], [ -64.1315, -31.41099 ], [ -64.12998, -31.41187 ], [ -64.13501, -31.41216 ], [ -64.13675, -31.41055 ], [ -64.13782, -31.40997 ], [ -64.1396, -31.40973 ], [ -64.14073, -31.40921 ], [ -64.1415, -31.40945 ], [ -64.1416, -31.40595 ], [ -64.13885, -31.40522 ], [ -64.13762, -31.40536 ] ] ] } },
{ "type": "Feature", "properties": { "indice_acceso": 0.682 }, "geometry": { "type": "Polygon", "coordinates": [ [ [ -64.13101, -31.41355 ], [ -64.13235, -31.41294 ], [ -64.13293, -31.41388 ], [ -64.13421, -31.41331 ], [ -64.13418, -31.41222 ], [ -64.13169, -31.41177 ], [ -64.12998, -31.41187 ], [ -64.13101, -31.41355 ] ] ] } },
{ "type": "Feature", "properties": { "indice_acceso": 0.677 }, "geometry": { "type": "Polygon", "coordinates": [ [ [ -64.13361, -31.41794 ], [ -64.13434, -31.41795 ], [ -64.13421, -31.41331 ], [ -64.13293, -31.41388 ], [ -64.13235, -31.41294 ], [ -64.13101, -31.41355 ], [ -64.13361, -31.41794 ] ] ] } },
{ "type": "Feature", "properties": { "indice_acceso": 0.673 }, "geometry": { "type": "Polygon", "coordinates": [ [ [ -64.13033, -31.41728 ], [ -64.13089, -31.41704 ], [ -64.13145, -31.41797 ], [ -64.13361, -31.41794 ], [ -64.13157, -31.4145 ], [ -64.13042, -31.41497 ], [ -64.13095, -31.4159 ], [ -64.12982, -31.41636 ], [ -64.13033, -31.41728 ] ] ] } },
{ "type": "Feature", "properties": { "indice_acceso": 0.658 }, "geometry": { "type": "Polygon", "coordinates": [ [ [ -64.12747, -31.41802 ], [ -64.13145, -31.41797 ], [ -64.13089, -31.41704 ], [ -64.13033, -31.41728 ], [ -64.12982, -31.41635 ], [ -64.13095, -31.4159 ], [ -64.13042, -31.41497 ], [ -64.12743, -31.4162 ], [ -64.12747, -31.41802 ] ] ] } },
{ "type": "Feature", "properties": { "indice_acceso": 0.656 }, "geometry": { "type": "Polygon", "coordinates": [ [ [ -64.12194, -31.41932 ], [ -64.12551, -31.41932 ], [ -64.12596, -31.419 ], [ -64.12595, -31.41804 ], [ -64.12747, -31.41802 ], [ -64.12743, -31.4162 ], [ -64.13157, -31.4145 ], [ -64.12998, -31.41187 ], [ -64.12758, -31.41209 ], [ -64.12408, -31.41323 ], [ -64.122, -31.41462 ], [ -64.12194, -31.41932 ] ] ] } },
{ "type": "Feature", "properties": { "indice_acceso": 0.64 }, "geometry": { "type": "Polygon", "coordinates": [ [ [ -64.1206, -31.41507 ], [ -64.12059, -31.41467 ], [ -64.11925, -31.41468 ], [ -64.11928, -31.41932 ], [ -64.12194, -31.41932 ], [ -64.122, -31.41462 ], [ -64.1206, -31.41507 ] ] ] } },
{ "type": "Feature", "properties": { "indice_acceso": 0.645 }, "geometry": { "type": "Polygon", "coordinates": [ [ [ -64.11928, -31.41932 ], [ -64.11926, -31.42139 ], [ -64.12104, -31.42187 ], [ -64.12327, -31.42186 ], [ -64.12327, -31.41932 ], [ -64.11928, -31.41932 ] ] ] } },
{ "type": "Feature", "properties": { "indice_acceso": 0.658 }, "geometry": { "type": "Polygon", "coordinates": [ [ [ -64.12327, -31.41932 ], [ -64.12327, -31.42186 ], [ -64.12777, -31.42182 ], [ -64.12773, -31.41802 ], [ -64.12595, -31.41804 ], [ -64.12596, -31.419 ], [ -64.12551, -31.41932 ], [ -64.12327, -31.41932 ] ] ] } },
{ "type": "Feature", "properties": { "indice_acceso": 0.666 }, "geometry": { "type": "Polygon", "coordinates": [ [ [ -64.12327, -31.42186 ], [ -64.12328, -31.42468 ], [ -64.12782, -31.42464 ], [ -64.12777, -31.42182 ], [ -64.12327, -31.42186 ] ] ] } },
{ "type": "Feature", "properties": { "indice_acceso": 0.65 }, "geometry": { "type": "Polygon", "coordinates": [ [ [ -64.11922, -31.4246 ], [ -64.12328, -31.42468 ], [ -64.12327, -31.42186 ], [ -64.12104, -31.42187 ], [ -64.11926, -31.42139 ], [ -64.11922, -31.4246 ] ] ] } },
{ "type": "Feature", "properties": { "indice_acceso": 0.646 }, "geometry": { "type": "Polygon", "coordinates": [ [ [ -64.11922, -31.4246 ], [ -64.11926, -31.42175 ], [ -64.11568, -31.42168 ], [ -64.11514, -31.42451 ], [ -64.11922, -31.4246 ] ] ] } },
{ "type": "Feature", "properties": { "indice_acceso": 0.636 }, "geometry": { "type": "Polygon", "coordinates": [ [ [ -64.10975, -31.42186 ], [ -64.10929, -31.42436 ], [ -64.11514, -31.42451 ], [ -64.11568, -31.42168 ], [ -64.11169, -31.42161 ], [ -64.11089, -31.42199 ], [ -64.10975, -31.42186 ] ] ] } },
{ "type": "Feature", "properties": { "indice_acceso": 0.641 }, "geometry": { "type": "Polygon", "coordinates": [ [ [ -64.1096, -31.42725 ], [ -64.11463, -31.42734 ], [ -64.11514, -31.42451 ], [ -64.10929, -31.42436 ], [ -64.1096, -31.42725 ] ] ] } },
{ "type": "Feature", "properties": { "indice_acceso": 0.653 }, "geometry": { "type": "Polygon", "coordinates": [ [ [ -64.11463, -31.42734 ], [ -64.11926, -31.42744 ], [ -64.11922, -31.4246 ], [ -64.11514, -31.42451 ], [ -64.11463, -31.42734 ] ] ] } },
{ "type": "Feature", "properties": { "indice_acceso": 0.657 }, "geometry": { "type": "Polygon", "coordinates": [ [ [ -64.12328, -31.42468 ], [ -64.11922, -31.4246 ], [ -64.11926, -31.42744 ], [ -64.12332, -31.42753 ], [ -64.12328, -31.42468 ] ] ] } },
{ "type": "Feature", "properties": { "indice_acceso": 0.665 }, "geometry": { "type": "Polygon", "coordinates": [ [ [ -64.12328, -31.42468 ], [ -64.12332, -31.42753 ], [ -64.12754, -31.42758 ], [ -64.12794, -31.42784 ], [ -64.12782, -31.42464 ], [ -64.12328, -31.42468 ] ] ] } },
{ "type": "Feature", "properties": { "indice_acceso": 0.658 }, "geometry": { "type": "Polygon", "coordinates": [ [ [ -64.11979, -31.41172 ], [ -64.1177, -31.4136 ], [ -64.11806, -31.41415 ], [ -64.11925, -31.41417 ], [ -64.11925, -31.41468 ], [ -64.12059, -31.41467 ], [ -64.1206, -31.41507 ], [ -64.12163, -31.41485 ], [ -64.12408, -31.41323 ], [ -64.12758, -31.41209 ], [ -64.12998, -31.41187 ], [ -64.1315, -31.41099 ], [ -64.13209, -31.41013 ], [ -64.13128, -31.40763 ], [ -64.13066, -31.40726 ], [ -64.13026, -31.40719 ], [ -64.13014, -31.40775 ], [ -64.12917, -31.40834 ], [ -64.12821, -31.40846 ], [ -64.12665, -31.40821 ], [ -64.12377, -31.40678 ], [ -64.11979, -31.41172 ] ] ] } },
{ "type": "Feature", "properties": { "indice_acceso": 0.631 }, "geometry": { "type": "Polygon", "coordinates": [ [ [ -64.10975, -31.42186 ], [ -64.11077, -31.42214 ], [ -64.11169, -31.42161 ], [ -64.11926, -31.42175 ], [ -64.11925, -31.41417 ], [ -64.11806, -31.41415 ], [ -64.1177, -31.4136 ], [ -64.11365, -31.41658 ], [ -64.11151, -31.41864 ], [ -64.10975, -31.42186 ] ] ] } },
{ "type": "Feature", "properties": { "indice_acceso": 0.686 }, "geometry": { "type": "Polygon", "coordinates": [ [ [ -64.12723, -31.42758 ], [ -64.12535, -31.42756 ], [ -64.12519, -31.43419 ], [ -64.12707, -31.43422 ], [ -64.12723, -31.42758 ] ] ] } },
{ "type": "Feature", "properties": { "indice_acceso": 0.683 }, "geometry": { "type": "Polygon", "coordinates": [ [ [ -64.12519, -31.43419 ], [ -64.12535, -31.42756 ], [ -64.12332, -31.42753 ], [ -64.12331, -31.43417 ], [ -64.12519, -31.43419 ] ] ] } },
{ "type": "Feature", "properties": { "indice_acceso": 0.661 }, "geometry": { "type": "Polygon", "coordinates": [ [ [ -64.12332, -31.42753 ], [ -64.11926, -31.42744 ], [ -64.11924, -31.42971 ], [ -64.12329, -31.42981 ], [ -64.12332, -31.42753 ] ] ] } },
{ "type": "Feature", "properties": { "indice_acceso": 0.653 }, "geometry": { "type": "Polygon", "coordinates": [ [ [ -64.11924, -31.42971 ], [ -64.11926, -31.42744 ], [ -64.11463, -31.42734 ], [ -64.11455, -31.42963 ], [ -64.11924, -31.42971 ] ] ] } },
{ "type": "Feature", "properties": { "indice_acceso": 0.666 }, "geometry": { "type": "Polygon", "coordinates": [ [ [ -64.11924, -31.42971 ], [ -64.11455, -31.42963 ], [ -64.11449, -31.43186 ], [ -64.11923, -31.43195 ], [ -64.11924, -31.42971 ] ] ] } },
{ "type": "Feature", "properties": { "indice_acceso": 0.644 }, "geometry": { "type": "Polygon", "coordinates": [ [ [ -64.11088, -31.42947 ], [ -64.11142, -31.42902 ], [ -64.11321, -31.43072 ], [ -64.11454, -31.43073 ], [ -64.11463, -31.42734 ], [ -64.10985, -31.42724 ], [ -64.11088, -31.42947 ] ] ] } },
{ "type": "Feature", "properties": { "indice_acceso": 0.656 }, "geometry": { "type": "Polygon", "coordinates": [ [ [ -64.11437, -31.43629 ], [ -64.11623, -31.4363 ], [ -64.11664, -31.43669 ], [ -64.11691, -31.43647 ], [ -64.11667, -31.43626 ], [ -64.11695, -31.43564 ], [ -64.11683, -31.43302 ], [ -64.11803, -31.43304 ], [ -64.11803, -31.43193 ], [ -64.11449, -31.43186 ], [ -64.11437, -31.43629 ] ] ] } },
{ "type": "Feature", "properties": { "indice_acceso": 0.662 }, "geometry": { "type": "Polygon", "coordinates": [ [ [ -64.11683, -31.43302 ], [ -64.1168, -31.4355 ], [ -64.11773, -31.43635 ], [ -64.1192, -31.43639 ], [ -64.11923, -31.43195 ], [ -64.11803, -31.43193 ], [ -64.11803, -31.43295 ], [ -64.11683, -31.43302 ] ] ] } },
{ "type": "Feature", "properties": { "indice_acceso": 0.677 }, "geometry": { "type": "Polygon", "coordinates": [ [ [ -64.12331, -31.43538 ], [ -64.1233, -31.43203 ], [ -64.11923, -31.43195 ], [ -64.11921, -31.43528 ], [ -64.12331, -31.43538 ] ] ] } },
{ "type": "Feature", "properties": { "indice_acceso": 0.674 }, "geometry": { "type": "Polygon", "coordinates": [ [ [ -64.12707, -31.43422 ], [ -64.12331, -31.43417 ], [ -64.1234, -31.43768 ], [ -64.12702, -31.43779 ], [ -64.12707, -31.43422 ] ] ] } },
{ "type": "Feature", "properties": { "indice_acceso": 0.669 }, "geometry": { "type": "Polygon", "coordinates": [ [ [ -64.12693, -31.44113 ], [ -64.12703, -31.43779 ], [ -64.1234, -31.43768 ], [ -64.12331, -31.44108 ], [ -64.12693, -31.44113 ] ] ] } },
{ "type": "Feature", "properties": { "indice_acceso": 0.66 }, "geometry": { "type": "Polygon", "coordinates": [ [ [ -64.1192, -31.441 ], [ -64.12216, -31.4392 ], [ -64.1224, -31.44088 ], [ -64.12331, -31.44108 ], [ -64.12331, -31.43538 ], [ -64.11921, -31.43528 ], [ -64.11918, -31.438 ], [ -64.11851, -31.43838 ], [ -64.1192, -31.4392 ], [ -64.1192, -31.441 ] ] ] } },
{ "type": "Feature", "properties": { "indice_acceso": 0.647 }, "geometry": { "type": "Polygon", "coordinates": [ [ [ -64.11623, -31.4363 ], [ -64.11437, -31.43629 ], [ -64.11433, -31.43931 ], [ -64.11547, -31.43934 ], [ -64.11549, -31.43833 ], [ -64.11851, -31.43838 ], [ -64.11918, -31.438 ], [ -64.1192, -31.43639 ], [ -64.11773, -31.43635 ], [ -64.11695, -31.43564 ], [ -64.11667, -31.43667 ], [ -64.11623, -31.4363 ] ] ] } },
{ "type": "Feature", "properties": { "indice_acceso": 0.645 }, "geometry": { "type": "Polygon", "coordinates": [ [ [ -64.11433, -31.43931 ], [ -64.1143, -31.44102 ], [ -64.1192, -31.441 ], [ -64.1192, -31.43905 ], [ -64.11851, -31.43838 ], [ -64.11549, -31.43833 ], [ -64.11547, -31.43933 ], [ -64.11433, -31.43931 ] ] ] } },
{ "type": "Feature", "properties": { "indice_acceso": 0.676 }, "geometry": { "type": "Polygon", "coordinates": [ [ [ -64.1233, -31.42981 ], [ -64.11924, -31.42971 ], [ -64.11923, -31.43195 ], [ -64.1233, -31.43203 ], [ -64.1233, -31.42981 ] ] ] } },
{ "type": "Feature", "properties": { "indice_acceso": 0.641 }, "geometry": { "type": "Polygon", "coordinates": [ [ [ -64.10972, -31.4296 ], [ -64.1093, -31.42982 ], [ -64.10926, -31.4362 ], [ -64.11437, -31.43629 ], [ -64.11454, -31.43073 ], [ -64.11321, -31.43072 ], [ -64.11142, -31.42902 ], [ -64.11088, -31.42947 ], [ -64.10985, -31.42724 ], [ -64.10879, -31.42724 ], [ -64.10972, -31.4296 ] ] ] } },
{ "type": "Feature", "properties": { "indice_acceso": 0.646 }, "geometry": { "type": "Polygon", "coordinates": [ [ [ -64.10929, -31.43926 ], [ -64.1093, -31.44103 ], [ -64.1143, -31.44102 ], [ -64.11437, -31.43629 ], [ -64.11002, -31.43621 ], [ -64.10996, -31.43905 ], [ -64.10929, -31.43926 ] ] ] } },
{ "type": "Feature", "properties": { "indice_acceso": 0.695 }, "geometry": { "type": "Polygon", "coordinates": [ [ [ -64.14558, -31.43155 ], [ -64.14463, -31.42588 ], [ -64.14212, -31.42613 ], [ -64.14299, -31.43181 ], [ -64.14558, -31.43155 ] ] ] } },
{ "type": "Feature", "properties": { "indice_acceso": 0.702 }, "geometry": { "type": "Polygon", "coordinates": [ [ [ -64.14118, -31.42834 ], [ -64.14135, -31.42945 ], [ -64.14258, -31.42932 ], [ -64.14212, -31.42613 ], [ -64.1397, -31.42636 ], [ -64.13998, -31.42834 ], [ -64.14118, -31.42834 ] ] ] } },
{ "type": "Feature", "properties": { "indice_acceso": 0.702 }, "geometry": { "type": "Polygon", "coordinates": [ [ [ -64.13777, -31.42905 ], [ -64.14006, -31.42882 ], [ -64.1397, -31.42636 ], [ -64.13738, -31.42657 ], [ -64.13777, -31.42905 ] ] ] } },
{ "type": "Feature", "properties": { "indice_acceso": 0.694 }, "geometry": { "type": "Polygon", "coordinates": [ [ [ -64.13514, -31.4309 ], [ -64.13732, -31.43031 ], [ -64.13749, -31.4308 ], [ -64.13799, -31.43066 ], [ -64.13738, -31.42657 ], [ -64.13471, -31.42674 ], [ -64.13475, -31.42982 ], [ -64.13514, -31.4309 ] ] ] } },
{ "type": "Feature", "properties": { "indice_acceso": 0.695 }, "geometry": { "type": "Polygon", "coordinates": [ [ [ -64.13249, -31.42949 ], [ -64.13249, -31.43049 ], [ -64.13292, -31.43083 ], [ -64.13336, -31.43041 ], [ -64.13492, -31.43032 ], [ -64.13459, -31.4294 ], [ -64.13471, -31.42674 ], [ -64.13133, -31.42683 ], [ -64.13135, -31.4294 ], [ -64.13249, -31.42949 ] ] ] } },
{ "type": "Feature", "properties": { "indice_acceso": 0.695 }, "geometry": { "type": "Polygon", "coordinates": [ [ [ -64.13247, -31.43128 ], [ -64.13292, -31.43083 ], [ -64.13249, -31.43049 ], [ -64.13249, -31.42949 ], [ -64.13135, -31.42951 ], [ -64.13133, -31.42683 ], [ -64.12792, -31.42693 ], [ -64.12804, -31.42799 ], [ -64.13247, -31.43128 ] ] ] } },
{ "type": "Feature", "properties": { "indice_acceso": 0.691 }, "geometry": { "type": "Polygon", "coordinates": [ [ [ -64.13247, -31.43128 ], [ -64.12723, -31.42758 ], [ -64.12717, -31.42982 ], [ -64.12902, -31.43123 ], [ -64.1286, -31.43165 ], [ -64.13059, -31.43313 ], [ -64.13247, -31.43128 ] ] ] } },
{ "type": "Feature", "properties": { "indice_acceso": 0.69 }, "geometry": { "type": "Polygon", "coordinates": [ [ [ -64.12702, -31.43666 ], [ -64.13059, -31.43313 ], [ -64.1286, -31.43165 ], [ -64.12902, -31.43123 ], [ -64.12717, -31.42982 ], [ -64.12702, -31.43666 ] ] ] } },
{ "type": "Feature", "properties": { "indice_acceso": 0.693 }, "geometry": { "type": "Polygon", "coordinates": [ [ [ -64.13514, -31.43407 ], [ -64.13453, -31.43283 ], [ -64.13247, -31.43128 ], [ -64.12929, -31.43441 ], [ -64.13242, -31.43664 ], [ -64.13514, -31.43407 ] ] ] } },
{ "type": "Feature", "properties": { "indice_acceso": 0.702 }, "geometry": { "type": "Polygon", "coordinates": [ [ [ -64.13514, -31.4309 ], [ -64.13492, -31.43032 ], [ -64.13336, -31.43041 ], [ -64.13247, -31.43128 ], [ -64.13453, -31.43283 ], [ -64.13514, -31.43407 ], [ -64.13424, -31.43496 ], [ -64.13691, -31.43335 ], [ -64.13903, -31.43264 ], [ -64.13849, -31.43182 ], [ -64.13894, -31.43194 ], [ -64.139, -31.43159 ], [ -64.13841, -31.43161 ], [ -64.13803, -31.43056 ], [ -64.13749, -31.4308 ], [ -64.13732, -31.43031 ], [ -64.13514, -31.4309 ] ] ] } },
{ "type": "Feature", "properties": { "indice_acceso": 0.729 }, "geometry": { "type": "Polygon", "coordinates": [ [ [ -64.13841, -31.43161 ], [ -64.1398, -31.4312 ], [ -64.14034, -31.43067 ], [ -64.14006, -31.42882 ], [ -64.13777, -31.42905 ], [ -64.13841, -31.43161 ] ] ] } },
{ "type": "Feature", "properties": { "indice_acceso": 0.723 }, "geometry": { "type": "Polygon", "coordinates": [ [ [ -64.14034, -31.43067 ], [ -64.139, -31.43159 ], [ -64.13894, -31.43194 ], [ -64.13849, -31.43182 ], [ -64.13903, -31.43264 ], [ -64.14301, -31.43198 ], [ -64.14258, -31.42932 ], [ -64.14135, -31.42945 ], [ -64.14118, -31.42834 ], [ -64.13998, -31.42834 ], [ -64.14034, -31.43067 ] ] ] } },
{ "type": "Feature", "properties": { "indice_acceso": 0.725 }, "geometry": { "type": "Polygon", "coordinates": [ [ [ -64.13424, -31.43496 ], [ -64.13454, -31.43536 ], [ -64.13915, -31.43532 ], [ -64.13926, -31.43566 ], [ -64.1415, -31.43602 ], [ -64.14305, -31.43681 ], [ -64.1445, -31.43804 ], [ -64.14478, -31.43796 ], [ -64.14405, -31.43587 ], [ -64.14425, -31.43413 ], [ -64.14477, -31.43307 ], [ -64.14516, -31.43315 ], [ -64.14669, -31.4316 ], [ -64.14638, -31.43134 ], [ -64.13822, -31.43286 ], [ -64.13424, -31.43496 ] ] ] } },
{ "type": "Feature", "properties": { "indice_acceso": 0.749 }, "geometry": { "type": "Polygon", "coordinates": [ [ [ -64.14264, -31.43804 ], [ -64.14194, -31.43805 ], [ -64.14195, -31.43952 ], [ -64.14409, -31.43952 ], [ -64.1441, -31.43998 ], [ -64.14652, -31.43998 ], [ -64.14676, -31.43974 ], [ -64.14264, -31.43656 ], [ -64.14264, -31.43804 ] ] ] } },
{ "type": "Feature", "properties": { "indice_acceso": 0.739 }, "geometry": { "type": "Polygon", "coordinates": [ [ [ -64.13913, -31.43805 ], [ -64.1405, -31.43805 ], [ -64.14051, -31.43866 ], [ -64.14194, -31.43878 ], [ -64.14194, -31.43805 ], [ -64.14264, -31.43804 ], [ -64.14264, -31.43656 ], [ -64.1415, -31.43602 ], [ -64.13915, -31.43561 ], [ -64.13913, -31.43805 ] ] ] } },
{ "type": "Feature", "properties": { "indice_acceso": 0.71 }, "geometry": { "type": "Polygon", "coordinates": [ [ [ -64.13563, -31.43534 ], [ -64.1356, -31.43803 ], [ -64.13913, -31.43805 ], [ -64.13915, -31.43532 ], [ -64.13563, -31.43534 ] ] ] } },
{ "type": "Feature", "properties": { "indice_acceso": 0.695 }, "geometry": { "type": "Polygon", "coordinates": [ [ [ -64.13242, -31.43664 ], [ -64.13264, -31.43681 ], [ -64.13239, -31.43705 ], [ -64.13251, -31.43829 ], [ -64.13198, -31.43837 ], [ -64.13214, -31.43976 ], [ -64.13561, -31.43978 ], [ -64.13563, -31.43534 ], [ -64.13454, -31.43536 ], [ -64.13424, -31.43496 ], [ -64.13242, -31.43664 ] ] ] } },
{ "type": "Feature", "properties": { "indice_acceso": 0.679 }, "geometry": { "type": "Polygon", "coordinates": [ [ [ -64.12693, -31.44113 ], [ -64.1273, -31.44112 ], [ -64.12717, -31.44171 ], [ -64.13242, -31.43664 ], [ -64.12929, -31.43441 ], [ -64.12702, -31.43666 ], [ -64.12693, -31.44113 ] ] ] } },
{ "type": "Feature", "properties": { "indice_acceso": 0.675 }, "geometry": { "type": "Polygon", "coordinates": [ [ [ -64.12494, -31.44358 ], [ -64.12506, -31.44376 ], [ -64.12561, -31.44416 ], [ -64.12934, -31.44097 ], [ -64.13562, -31.44114 ], [ -64.13561, -31.43978 ], [ -64.13214, -31.43976 ], [ -64.13198, -31.43837 ], [ -64.13251, -31.43829 ], [ -64.13239, -31.43705 ], [ -64.13264, -31.43681 ], [ -64.13242, -31.43664 ], [ -64.12494, -31.44358 ] ] ] } },
{ "type": "Feature", "properties": { "indice_acceso": 0.733 }, "geometry": { "type": "Polygon", "coordinates": [ [ [ -64.1356, -31.43803 ], [ -64.13562, -31.44114 ], [ -64.13908, -31.44113 ], [ -64.13913, -31.43805 ], [ -64.1356, -31.43803 ] ] ] } },
{ "type": "Feature", "properties": { "indice_acceso": 0.767 }, "geometry": { "type": "Polygon", "coordinates": [ [ [ -64.13908, -31.44113 ], [ -64.14196, -31.44112 ], [ -64.14187, -31.43865 ], [ -64.14051, -31.43866 ], [ -64.1405, -31.43805 ], [ -64.13913, -31.43805 ], [ -64.13908, -31.44113 ] ] ] } },
{ "type": "Feature", "properties": { "indice_acceso": 0.776 }, "geometry": { "type": "Polygon", "coordinates": [ [ [ -64.14196, -31.44112 ], [ -64.14411, -31.44112 ], [ -64.14411, -31.44151 ], [ -64.14842, -31.44153 ], [ -64.14863, -31.44179 ], [ -64.14922, -31.4416 ], [ -64.14676, -31.43974 ], [ -64.14652, -31.43998 ], [ -64.1441, -31.43998 ], [ -64.14409, -31.43952 ], [ -64.14195, -31.43952 ], [ -64.14196, -31.44112 ] ] ] } },
{ "type": "Feature", "properties": { "indice_acceso": 0.751 }, "geometry": { "type": "Polygon", "coordinates": [ [ [ -64.1657, -31.4256 ], [ -64.16908, -31.4251 ], [ -64.16722, -31.42397 ], [ -64.1596, -31.4245 ], [ -64.15984, -31.42656 ], [ -64.1657, -31.4256 ] ] ] } },
{ "type": "Feature", "properties": { "indice_acceso": 0.712 }, "geometry": { "type": "Polygon", "coordinates": [ [ [ -64.15984, -31.42656 ], [ -64.1596, -31.4245 ], [ -64.15456, -31.42496 ], [ -64.15487, -31.42764 ], [ -64.15984, -31.42656 ] ] ] } },
{ "type": "Feature", "properties": { "indice_acceso": 0.715 }, "geometry": { "type": "Polygon", "coordinates": [ [ [ -64.1536, -31.42723 ], [ -64.15345, -31.42616 ], [ -64.15468, -31.42605 ], [ -64.15456, -31.42496 ], [ -64.14958, -31.42543 ], [ -64.14983, -31.42758 ], [ -64.1536, -31.42723 ] ] ] } },
{ "type": "Feature", "properties": { "indice_acceso": 0.704 }, "geometry": { "type": "Polygon", "coordinates": [ [ [ -64.15487, -31.42764 ], [ -64.15468, -31.42605 ], [ -64.15345, -31.42616 ], [ -64.1536, -31.42723 ], [ -64.14983, -31.42758 ], [ -64.15011, -31.42979 ], [ -64.15487, -31.42764 ] ] ] } },
{ "type": "Feature", "properties": { "indice_acceso": 0.711 }, "geometry": { "type": "Polygon", "coordinates": [ [ [ -64.15011, -31.42979 ], [ -64.14972, -31.42649 ], [ -64.14725, -31.42672 ], [ -64.14759, -31.42964 ], [ -64.14826, -31.43063 ], [ -64.15011, -31.42979 ] ] ] } },
{ "type": "Feature", "properties": { "indice_acceso": 0.684 }, "geometry": { "type": "Polygon", "coordinates": [ [ [ -64.14826, -31.43063 ], [ -64.14759, -31.42964 ], [ -64.14725, -31.42672 ], [ -64.14481, -31.42696 ], [ -64.14558, -31.43155 ], [ -64.14826, -31.43063 ] ] ] } },
{ "type": "Feature", "properties": { "indice_acceso": 0.717 }, "geometry": { "type": "Polygon", "coordinates": [ [ [ -64.14473, -31.43314 ], [ -64.14632, -31.43338 ], [ -64.15074, -31.43324 ], [ -64.15025, -31.42973 ], [ -64.14638, -31.43134 ], [ -64.14669, -31.4316 ], [ -64.14518, -31.43311 ], [ -64.14473, -31.43314 ] ] ] } },
{ "type": "Feature", "properties": { "indice_acceso": 0.702 }, "geometry": { "type": "Polygon", "coordinates": [ [ [ -64.15074, -31.43324 ], [ -64.1541, -31.43311 ], [ -64.15385, -31.43113 ], [ -64.15272, -31.43123 ], [ -64.15252, -31.42867 ], [ -64.15025, -31.42973 ], [ -64.15074, -31.43324 ] ] ] } },
{ "type": "Feature", "properties": { "indice_acceso": 0.705 }, "geometry": { "type": "Polygon", "coordinates": [ [ [ -64.1526, -31.43029 ], [ -64.1571, -31.42986 ], [ -64.15706, -31.42702 ], [ -64.15252, -31.42867 ], [ -64.1526, -31.43029 ] ] ] } },
{ "type": "Feature", "properties": { "indice_acceso": 0.706 }, "geometry": { "type": "Polygon", "coordinates": [ [ [ -64.15272, -31.43123 ], [ -64.15385, -31.43113 ], [ -64.1541, -31.43311 ], [ -64.15713, -31.43316 ], [ -64.1571, -31.42986 ], [ -64.1526, -31.43029 ], [ -64.15272, -31.43123 ] ] ] } },
{ "type": "Feature", "properties": { "indice_acceso": 0.715 }, "geometry": { "type": "Polygon", "coordinates": [ [ [ -64.15713, -31.43316 ], [ -64.16078, -31.43317 ], [ -64.16123, -31.4329 ], [ -64.15957, -31.43043 ], [ -64.15863, -31.42676 ], [ -64.15702, -31.42713 ], [ -64.15713, -31.43316 ] ] ] } },
{ "type": "Feature", "properties": { "indice_acceso": 0.726 }, "geometry": { "type": "Polygon", "coordinates": [ [ [ -64.16148, -31.4312 ], [ -64.1617, -31.42954 ], [ -64.1614, -31.42817 ], [ -64.16241, -31.42674 ], [ -64.16234, -31.42615 ], [ -64.15863, -31.42676 ], [ -64.15957, -31.43043 ], [ -64.16076, -31.43249 ], [ -64.16148, -31.4312 ] ] ] } },
{ "type": "Feature", "properties": { "indice_acceso": 0.736 }, "geometry": { "type": "Polygon", "coordinates": [ [ [ -64.16218, -31.42823 ], [ -64.16245, -31.42941 ], [ -64.165, -31.429 ], [ -64.16474, -31.42782 ], [ -64.1636, -31.42595 ], [ -64.16234, -31.42615 ], [ -64.16241, -31.42674 ], [ -64.1614, -31.42817 ], [ -64.16218, -31.42823 ] ] ] } },
{ "type": "Feature", "properties": { "indice_acceso": 0.786 }, "geometry": { "type": "Polygon", "coordinates": [ [ [ -64.16747, -31.42533 ], [ -64.16354, -31.42612 ], [ -64.16474, -31.42782 ], [ -64.165, -31.429 ], [ -64.16966, -31.42821 ], [ -64.16949, -31.42721 ], [ -64.17058, -31.42507 ], [ -64.16747, -31.42533 ] ] ] } },
{ "type": "Feature", "properties": { "indice_acceso": 0.795 }, "geometry": { "type": "Polygon", "coordinates": [ [ [ -64.1647, -31.4315 ], [ -64.16776, -31.43078 ], [ -64.17004, -31.4293 ], [ -64.16966, -31.42821 ], [ -64.16417, -31.42914 ], [ -64.1647, -31.4315 ] ] ] } },
{ "type": "Feature", "properties": { "indice_acceso": 0.74 }, "geometry": { "type": "Polygon", "coordinates": [ [ [ -64.16148, -31.4312 ], [ -64.1609, -31.43253 ], [ -64.16116, -31.4331 ], [ -64.1647, -31.4315 ], [ -64.16417, -31.42914 ], [ -64.16245, -31.42941 ], [ -64.16218, -31.42823 ], [ -64.16144, -31.42835 ], [ -64.16148, -31.4312 ] ] ] } },
{ "type": "Feature", "properties": { "indice_acceso": 0.781 }, "geometry": { "type": "Polygon", "coordinates": [ [ [ -64.16573, -31.43123 ], [ -64.16607, -31.43164 ], [ -64.16606, -31.43654 ], [ -64.16665, -31.43615 ], [ -64.16879, -31.43615 ], [ -64.1688, -31.43174 ], [ -64.16794, -31.4314 ], [ -64.16776, -31.43078 ], [ -64.16573, -31.43123 ] ] ] } },
{ "type": "Feature", "properties": { "indice_acceso": 0.771 }, "geometry": { "type": "Polygon", "coordinates": [ [ [ -64.16196, -31.43435 ], [ -64.16607, -31.43434 ], [ -64.16607, -31.43164 ], [ -64.16573, -31.43123 ], [ -64.1639, -31.43182 ], [ -64.16199, -31.43283 ], [ -64.16196, -31.43435 ] ] ] } },
{ "type": "Feature", "properties": { "indice_acceso": 0.771 }, "geometry": { "type": "Polygon", "coordinates": [ [ [ -64.16196, -31.43435 ], [ -64.16197, -31.43616 ], [ -64.16607, -31.43615 ], [ -64.16607, -31.43434 ], [ -64.16196, -31.43435 ] ] ] } },
{ "type": "Feature", "properties": { "indice_acceso": 0.749 }, "geometry": { "type": "Polygon", "coordinates": [ [ [ -64.15934, -31.43319 ], [ -64.15846, -31.43442 ], [ -64.15944, -31.43494 ], [ -64.15899, -31.43554 ], [ -64.16197, -31.43712 ], [ -64.16199, -31.43283 ], [ -64.15934, -31.43319 ] ] ] } },
{ "type": "Feature", "properties": { "indice_acceso": 0.72 }, "geometry": { "type": "Polygon", "coordinates": [ [ [ -64.15944, -31.43494 ], [ -64.15846, -31.43442 ], [ -64.15934, -31.43319 ], [ -64.15788, -31.43317 ], [ -64.1557, -31.43617 ], [ -64.15752, -31.43725 ], [ -64.15944, -31.43494 ] ] ] } },
{ "type": "Feature", "properties": { "indice_acceso": 0.705 }, "geometry": { "type": "Polygon", "coordinates": [ [ [ -64.15034, -31.43331 ], [ -64.15568, -31.43625 ], [ -64.15788, -31.43317 ], [ -64.15034, -31.43331 ] ] ] } },
{ "type": "Feature", "properties": { "indice_acceso": 0.731 }, "geometry": { "type": "Polygon", "coordinates": [ [ [ -64.15568, -31.43625 ], [ -64.15114, -31.43379 ], [ -64.15116, -31.43537 ], [ -64.15192, -31.43548 ], [ -64.15194, -31.43786 ], [ -64.15386, -31.4388 ], [ -64.15568, -31.43625 ] ] ] } },
{ "type": "Feature", "properties": { "indice_acceso": 0.734 }, "geometry": { "type": "Polygon", "coordinates": [ [ [ -64.14572, -31.43534 ], [ -64.15116, -31.43537 ], [ -64.15114, -31.43379 ], [ -64.15034, -31.43331 ], [ -64.14571, -31.4333 ], [ -64.14572, -31.43534 ] ] ] } },
{ "type": "Feature", "properties": { "indice_acceso": 0.738 }, "geometry": { "type": "Polygon", "coordinates": [ [ [ -64.14571, -31.4333 ], [ -64.14473, -31.43314 ], [ -64.14405, -31.43531 ], [ -64.14572, -31.43534 ], [ -64.14571, -31.4333 ] ] ] } },
{ "type": "Feature", "properties": { "indice_acceso": 0.754 }, "geometry": { "type": "Polygon", "coordinates": [ [ [ -64.15117, -31.43661 ], [ -64.15116, -31.43537 ], [ -64.14405, -31.43531 ], [ -64.14415, -31.43645 ], [ -64.15117, -31.43661 ] ] ] } },
{ "type": "Feature", "properties": { "indice_acceso": 0.772 }, "geometry": { "type": "Polygon", "coordinates": [ [ [ -64.14843, -31.43667 ], [ -64.14445, -31.43665 ], [ -64.14509, -31.43796 ], [ -64.15118, -31.43785 ], [ -64.15117, -31.43661 ], [ -64.14843, -31.43667 ] ] ] } },
{ "type": "Feature", "properties": { "indice_acceso": 0.807 }, "geometry": { "type": "Polygon", "coordinates": [ [ [ -64.1484, -31.43797 ], [ -64.14509, -31.43796 ], [ -64.14648, -31.43927 ], [ -64.15118, -31.43916 ], [ -64.15118, -31.43785 ], [ -64.1484, -31.43797 ] ] ] } },
{ "type": "Feature", "properties": { "indice_acceso": 0.811 }, "geometry": { "type": "Polygon", "coordinates": [ [ [ -64.14922, -31.4416 ], [ -64.15125, -31.44098 ], [ -64.15118, -31.43916 ], [ -64.14648, -31.43927 ], [ -64.14534, -31.43828 ], [ -64.1444, -31.43649 ], [ -64.14417, -31.43654 ], [ -64.14482, -31.43802 ], [ -64.14922, -31.4416 ] ] ] } },
{ "type": "Feature", "properties": { "indice_acceso": 0.752 }, "geometry": { "type": "Polygon", "coordinates": [ [ [ -64.15291, -31.44011 ], [ -64.15386, -31.4388 ], [ -64.15194, -31.43786 ], [ -64.15192, -31.43548 ], [ -64.15116, -31.43537 ], [ -64.15122, -31.44011 ], [ -64.15291, -31.44011 ] ] ] } },
{ "type": "Feature", "properties": { "indice_acceso": 0.713 }, "geometry": { "type": "Polygon", "coordinates": [ [ [ -64.15122, -31.44011 ], [ -64.15125, -31.44098 ], [ -64.15527, -31.44038 ], [ -64.16089, -31.44031 ], [ -64.15561, -31.44015 ], [ -64.15767, -31.43734 ], [ -64.15568, -31.43625 ], [ -64.15291, -31.44011 ], [ -64.15122, -31.44011 ] ] ] } },
{ "type": "Feature", "properties": { "indice_acceso": 0.749 }, "geometry": { "type": "Polygon", "coordinates": [ [ [ -64.16197, -31.43712 ], [ -64.15899, -31.43554 ], [ -64.15767, -31.43734 ], [ -64.16175, -31.4395 ], [ -64.16197, -31.43712 ] ] ] } },
{ "type": "Feature", "properties": { "indice_acceso": 0.72 }, "geometry": { "type": "Polygon", "coordinates": [ [ [ -64.16089, -31.44031 ], [ -64.16175, -31.4395 ], [ -64.15767, -31.43734 ], [ -64.15561, -31.44015 ], [ -64.16089, -31.44031 ] ] ] } },
{ "type": "Feature", "properties": { "indice_acceso": 0.771 }, "geometry": { "type": "Polygon", "coordinates": [ [ [ -64.16415, -31.44038 ], [ -64.16415, -31.43813 ], [ -64.16375, -31.43813 ], [ -64.16388, -31.43616 ], [ -64.16197, -31.43616 ], [ -64.16196, -31.43933 ], [ -64.16088, -31.44037 ], [ -64.16415, -31.44038 ] ] ] } },
{ "type": "Feature", "properties": { "indice_acceso": 0.777 }, "geometry": { "type": "Polygon", "coordinates": [ [ [ -64.16388, -31.43616 ], [ -64.16375, -31.43813 ], [ -64.16415, -31.43813 ], [ -64.16415, -31.44038 ], [ -64.16586, -31.44038 ], [ -64.16585, -31.43899 ], [ -64.16638, -31.43899 ], [ -64.16639, -31.43631 ], [ -64.16606, -31.43654 ], [ -64.16607, -31.43615 ], [ -64.16388, -31.43616 ] ] ] } },
{ "type": "Feature", "properties": { "indice_acceso": 0.767 }, "geometry": { "type": "Polygon", "coordinates": [ [ [ -64.16639, -31.43631 ], [ -64.16638, -31.43899 ], [ -64.16585, -31.43899 ], [ -64.16586, -31.44038 ], [ -64.16877, -31.44053 ], [ -64.16879, -31.43615 ], [ -64.16639, -31.43631 ] ] ] } },
{ "type": "Feature", "properties": { "indice_acceso": 0.747 }, "geometry": { "type": "Polygon", "coordinates": [ [ [ -64.1844, -31.42901 ], [ -64.18372, -31.43031 ], [ -64.18423, -31.43083 ], [ -64.18427, -31.43151 ], [ -64.18572, -31.43104 ], [ -64.18521, -31.42986 ], [ -64.18653, -31.42945 ], [ -64.18534, -31.42891 ], [ -64.1844, -31.42901 ] ] ] } },
{ "type": "Feature", "properties": { "indice_acceso": 0.743 }, "geometry": { "type": "Polygon", "coordinates": [ [ [ -64.18715, -31.4306 ], [ -64.18673, -31.42953 ], [ -64.18521, -31.42986 ], [ -64.18569, -31.43098 ], [ -64.18715, -31.4306 ] ] ] } },
{ "type": "Feature", "properties": { "indice_acceso": 0.741 }, "geometry": { "type": "Polygon", "coordinates": [ [ [ -64.18823, -31.43027 ], [ -64.18673, -31.42953 ], [ -64.18692, -31.43007 ], [ -64.18715, -31.4306 ], [ -64.18823, -31.43027 ] ] ] } },
{ "type": "Feature", "properties": { "indice_acceso": 0.752 }, "geometry": { "type": "Polygon", "coordinates": [ [ [ -64.18898, -31.4314 ], [ -64.18997, -31.43108 ], [ -64.18858, -31.43043 ], [ -64.18898, -31.4314 ] ] ] } },
{ "type": "Feature", "properties": { "indice_acceso": 0.733 }, "geometry": { "type": "Polygon", "coordinates": [ [ [ -64.18764, -31.43181 ], [ -64.18898, -31.4314 ], [ -64.18858, -31.43043 ], [ -64.18823, -31.43027 ], [ -64.18715, -31.4306 ], [ -64.18764, -31.43181 ] ] ] } },
{ "type": "Feature", "properties": { "indice_acceso": 0.74 }, "geometry": { "type": "Polygon", "coordinates": [ [ [ -64.18764, -31.43181 ], [ -64.18715, -31.4306 ], [ -64.18572, -31.43104 ], [ -64.18619, -31.43218 ], [ -64.18764, -31.43181 ] ] ] } },
{ "type": "Feature", "properties": { "indice_acceso": 0.731 }, "geometry": { "type": "Polygon", "coordinates": [ [ [ -64.18802, -31.43271 ], [ -64.19003, -31.43209 ], [ -64.18964, -31.43119 ], [ -64.18764, -31.43181 ], [ -64.18802, -31.43271 ] ] ] } },
{ "type": "Feature", "properties": { "indice_acceso": 0.73 }, "geometry": { "type": "Polygon", "coordinates": [ [ [ -64.18841, -31.43363 ], [ -64.19041, -31.433 ], [ -64.19003, -31.43209 ], [ -64.18802, -31.43272 ], [ -64.18841, -31.43363 ] ] ] } },
{ "type": "Feature", "properties": { "indice_acceso": 0.766 }, "geometry": { "type": "Polygon", "coordinates": [ [ [ -64.19041, -31.433 ], [ -64.19108, -31.4328 ], [ -64.1907, -31.43189 ], [ -64.19133, -31.43169 ], [ -64.18964, -31.43119 ], [ -64.19041, -31.433 ] ] ] } },
{ "type": "Feature", "properties": { "indice_acceso": 0.747 }, "geometry": { "type": "Polygon", "coordinates": [ [ [ -64.19237, -31.4324 ], [ -64.19268, -31.43231 ], [ -64.19133, -31.43169 ], [ -64.1907, -31.43189 ], [ -64.19108, -31.4328 ], [ -64.19237, -31.4324 ] ] ] } },
{ "type": "Feature", "properties": { "indice_acceso": 0.719 }, "geometry": { "type": "Polygon", "coordinates": [ [ [ -64.17861, -31.4343 ], [ -64.17984, -31.43727 ], [ -64.17616, -31.43825 ], [ -64.17667, -31.44148 ], [ -64.1978, -31.44399 ], [ -64.19475, -31.43454 ], [ -64.19309, -31.43251 ], [ -64.19268, -31.43231 ], [ -64.18841, -31.43363 ], [ -64.18764, -31.43181 ], [ -64.18622, -31.43226 ], [ -64.18572, -31.43104 ], [ -64.18427, -31.43151 ], [ -64.18375, -31.43223 ], [ -64.17861, -31.4343 ] ] ] } },
{ "type": "Feature", "properties": { "indice_acceso": 0.744 }, "geometry": { "type": "Polygon", "coordinates": [ [ [ -64.16767, -31.43061 ], [ -64.16971, -31.43015 ], [ -64.16986, -31.43046 ], [ -64.16968, -31.4315 ], [ -64.17008, -31.43184 ], [ -64.16957, -31.43343 ], [ -64.17058, -31.43329 ], [ -64.17172, -31.43951 ], [ -64.17256, -31.44097 ], [ -64.17667, -31.44148 ], [ -64.17616, -31.43825 ], [ -64.17984, -31.43727 ], [ -64.17861, -31.4343 ], [ -64.1828, -31.43273 ], [ -64.18411, -31.43194 ], [ -64.18425, -31.43089 ], [ -64.18371, -31.43036 ], [ -64.1844, -31.42901 ], [ -64.18419, -31.42841 ], [ -64.17682, -31.42503 ], [ -64.17398, -31.42334 ], [ -64.17268, -31.42428 ], [ -64.17058, -31.42507 ], [ -64.16949, -31.42721 ], [ -64.17004, -31.4293 ], [ -64.16767, -31.43061 ] ] ] } },
{ "type": "Feature", "properties": { "indice_acceso": 0.817 }, "geometry": { "type": "Polygon", "coordinates": [ [ [ -64.16878, -31.43556 ], [ -64.17089, -31.43554 ], [ -64.17058, -31.43329 ], [ -64.16957, -31.43343 ], [ -64.17008, -31.43184 ], [ -64.16968, -31.4315 ], [ -64.16971, -31.43015 ], [ -64.16865, -31.4303 ], [ -64.16769, -31.43088 ], [ -64.16794, -31.4314 ], [ -64.1688, -31.43174 ], [ -64.16878, -31.43556 ] ] ] } },
{ "type": "Feature", "properties": { "indice_acceso": 0.746 }, "geometry": { "type": "Polygon", "coordinates": [ [ [ -64.16878, -31.43556 ], [ -64.16877, -31.44053 ], [ -64.17256, -31.44097 ], [ -64.17172, -31.43951 ], [ -64.17089, -31.43554 ], [ -64.16878, -31.43556 ] ] ] } },
{ "type": "Feature", "properties": { "indice_acceso": 0.75 }, "geometry": { "type": "Polygon", "coordinates": [ [ [ -64.18668, -31.42462 ], [ -64.18739, -31.42308 ], [ -64.18439, -31.42402 ], [ -64.18489, -31.42518 ], [ -64.18668, -31.42462 ] ] ] } },
{ "type": "Feature", "properties": { "indice_acceso": 0.758 }, "geometry": { "type": "Polygon", "coordinates": [ [ [ -64.18343, -31.42562 ], [ -64.18489, -31.42518 ], [ -64.18439, -31.42402 ], [ -64.18292, -31.42446 ], [ -64.18343, -31.42562 ] ] ] } },
{ "type": "Feature", "properties": { "indice_acceso": 0.759 }, "geometry": { "type": "Polygon", "coordinates": [ [ [ -64.18343, -31.42562 ], [ -64.18292, -31.42446 ], [ -64.18177, -31.42483 ], [ -64.18223, -31.42591 ], [ -64.18343, -31.42562 ] ] ] } },
{ "type": "Feature", "properties": { "indice_acceso": 0.757 }, "geometry": { "type": "Polygon", "coordinates": [ [ [ -64.18226, -31.42599 ], [ -64.18177, -31.42483 ], [ -64.18041, -31.42525 ], [ -64.18089, -31.42638 ], [ -64.18226, -31.42599 ] ] ] } },
{ "type": "Feature", "properties": { "indice_acceso": 0.755 }, "geometry": { "type": "Polygon", "coordinates": [ [ [ -64.18041, -31.42525 ], [ -64.17898, -31.42568 ], [ -64.17911, -31.42605 ], [ -64.18097, -31.42692 ], [ -64.18041, -31.42525 ] ] ] } },
{ "type": "Feature", "properties": { "indice_acceso": 0.758 }, "geometry": { "type": "Polygon", "coordinates": [ [ [ -64.18393, -31.42679 ], [ -64.18343, -31.42562 ], [ -64.18091, -31.42641 ], [ -64.18113, -31.427 ], [ -64.18197, -31.42739 ], [ -64.18393, -31.42679 ] ] ] } },
{ "type": "Feature", "properties": { "indice_acceso": 0.747 }, "geometry": { "type": "Polygon", "coordinates": [ [ [ -64.18393, -31.42679 ], [ -64.18536, -31.42635 ], [ -64.18489, -31.42518 ], [ -64.18343, -31.42562 ], [ -64.18393, -31.42679 ] ] ] } },
{ "type": "Feature", "properties": { "indice_acceso": 0.758 }, "geometry": { "type": "Polygon", "coordinates": [ [ [ -64.18668, -31.42593 ], [ -64.18638, -31.42523 ], [ -64.18668, -31.42462 ], [ -64.18489, -31.42518 ], [ -64.18536, -31.42635 ], [ -64.18668, -31.42593 ] ] ] } },
{ "type": "Feature", "properties": { "indice_acceso": 0.753 }, "geometry": { "type": "Polygon", "coordinates": [ [ [ -64.18546, -31.4284 ], [ -64.18615, -31.42818 ], [ -64.18584, -31.42751 ], [ -64.18717, -31.42711 ], [ -64.18668, -31.42593 ], [ -64.18393, -31.42679 ], [ -64.18454, -31.428 ], [ -64.18546, -31.4284 ] ] ] } },
{ "type": "Feature", "properties": { "indice_acceso": 0.745 }, "geometry": { "type": "Polygon", "coordinates": [ [ [ -64.18419, -31.42841 ], [ -64.18454, -31.42908 ], [ -64.18509, -31.42907 ], [ -64.18547, -31.42866 ], [ -64.18533, -31.42825 ], [ -64.18439, -31.4279 ], [ -64.18393, -31.42679 ], [ -64.18197, -31.42739 ], [ -64.18419, -31.42841 ] ] ] } },
{ "type": "Feature", "properties": { "indice_acceso": 0.764 }, "geometry": { "type": "Polygon", "coordinates": [ [ [ -64.19199, -31.42776 ], [ -64.19147, -31.42653 ], [ -64.1901, -31.42695 ], [ -64.19061, -31.42818 ], [ -64.19199, -31.42776 ] ] ] } },
{ "type": "Feature", "properties": { "indice_acceso": 0.758 }, "geometry": { "type": "Polygon", "coordinates": [ [ [ -64.19061, -31.42818 ], [ -64.1901, -31.42695 ], [ -64.1888, -31.42736 ], [ -64.18931, -31.42858 ], [ -64.19061, -31.42818 ] ] ] } },
{ "type": "Feature", "properties": { "indice_acceso": 0.764 }, "geometry": { "type": "Polygon", "coordinates": [ [ [ -64.18931, -31.42858 ], [ -64.1888, -31.42736 ], [ -64.18746, -31.42777 ], [ -64.18798, -31.429 ], [ -64.18931, -31.42858 ] ] ] } },
{ "type": "Feature", "properties": { "indice_acceso": 0.743 }, "geometry": { "type": "Polygon", "coordinates": [ [ [ -64.18653, -31.42945 ], [ -64.18798, -31.429 ], [ -64.18746, -31.42777 ], [ -64.18546, -31.4284 ], [ -64.18534, -31.42891 ], [ -64.18653, -31.42945 ] ] ] } },
{ "type": "Feature", "properties": { "indice_acceso": 0.74 }, "geometry": { "type": "Polygon", "coordinates": [ [ [ -64.18847, -31.43018 ], [ -64.18798, -31.429 ], [ -64.18653, -31.42945 ], [ -64.18847, -31.43018 ] ] ] } },
{ "type": "Feature", "properties": { "indice_acceso": 0.761 }, "geometry": { "type": "Polygon", "coordinates": [ [ [ -64.18815, -31.42941 ], [ -64.18949, -31.429 ], [ -64.18931, -31.42858 ], [ -64.18798, -31.429 ], [ -64.18815, -31.42941 ] ] ] } },
{ "type": "Feature", "properties": { "indice_acceso": 0.756 }, "geometry": { "type": "Polygon", "coordinates": [ [ [ -64.18847, -31.43018 ], [ -64.18981, -31.42978 ], [ -64.18949, -31.429 ], [ -64.18815, -31.42941 ], [ -64.18847, -31.43018 ] ] ] } },
{ "type": "Feature", "properties": { "indice_acceso": 0.756 }, "geometry": { "type": "Polygon", "coordinates": [ [ [ -64.18997, -31.43108 ], [ -64.19162, -31.43058 ], [ -64.19061, -31.42818 ], [ -64.18931, -31.42858 ], [ -64.18981, -31.42978 ], [ -64.18823, -31.43027 ], [ -64.18997, -31.43108 ] ] ] } },
{ "type": "Feature", "properties": { "indice_acceso": 0.766 }, "geometry": { "type": "Polygon", "coordinates": [ [ [ -64.19299, -31.43015 ], [ -64.19199, -31.42776 ], [ -64.19061, -31.42818 ], [ -64.19162, -31.43058 ], [ -64.19299, -31.43015 ] ] ] } },
{ "type": "Feature", "properties": { "indice_acceso": 0.768 }, "geometry": { "type": "Polygon", "coordinates": [ [ [ -64.1939, -31.43358 ], [ -64.1948, -31.43328 ], [ -64.19468, -31.43264 ], [ -64.19397, -31.43247 ], [ -64.19299, -31.43015 ], [ -64.19162, -31.43058 ], [ -64.192, -31.43149 ], [ -64.19133, -31.43169 ], [ -64.19268, -31.43231 ], [ -64.1939, -31.43358 ] ] ] } },
{ "type": "Feature", "properties": { "indice_acceso": 0.759 }, "geometry": { "type": "Polygon", "coordinates": [ [ [ -64.192, -31.43149 ], [ -64.19162, -31.43058 ], [ -64.18997, -31.43108 ], [ -64.19121, -31.43164 ], [ -64.192, -31.43149 ] ] ] } },
{ "type": "Feature", "properties": { "indice_acceso": 0.755 }, "geometry": { "type": "Polygon", "coordinates": [ [ [ -64.20622, -31.42802 ], [ -64.20796, -31.42774 ], [ -64.20826, -31.43007 ], [ -64.20879, -31.42996 ], [ -64.20866, -31.42951 ], [ -64.21041, -31.42942 ], [ -64.21079, -31.42897 ], [ -64.20978, -31.42572 ], [ -64.20564, -31.42563 ], [ -64.20622, -31.42802 ] ] ] } },
{ "type": "Feature", "properties": { "indice_acceso": 0.756 }, "geometry": { "type": "Polygon", "coordinates": [ [ [ -64.2047, -31.42964 ], [ -64.20503, -31.42963 ], [ -64.20528, -31.43063 ], [ -64.20826, -31.43007 ], [ -64.20796, -31.42774 ], [ -64.20622, -31.42802 ], [ -64.20564, -31.42563 ], [ -64.20395, -31.42559 ], [ -64.2047, -31.42964 ] ] ] } },
{ "type": "Feature", "properties": { "indice_acceso": 0.752 }, "geometry": { "type": "Polygon", "coordinates": [ [ [ -64.20442, -31.42846 ], [ -64.20395, -31.42559 ], [ -64.20063, -31.42582 ], [ -64.20128, -31.42876 ], [ -64.20442, -31.42846 ] ] ] } },
{ "type": "Feature", "properties": { "indice_acceso": 0.774 }, "geometry": { "type": "Polygon", "coordinates": [ [ [ -64.20226, -31.4312 ], [ -64.20528, -31.43063 ], [ -64.20442, -31.42846 ], [ -64.20158, -31.42873 ], [ -64.20226, -31.4312 ] ] ] } },
{ "type": "Feature", "properties": { "indice_acceso": 0.782 }, "geometry": { "type": "Polygon", "coordinates": [ [ [ -64.20085, -31.42684 ], [ -64.20063, -31.42582 ], [ -64.19518, -31.42717 ], [ -64.19655, -31.42791 ], [ -64.20085, -31.42684 ] ] ] } },
{ "type": "Feature", "properties": { "indice_acceso": 0.776 }, "geometry": { "type": "Polygon", "coordinates": [ [ [ -64.1998, -31.42887 ], [ -64.20128, -31.42876 ], [ -64.20085, -31.42684 ], [ -64.19655, -31.42792 ], [ -64.1998, -31.42887 ] ] ] } },
{ "type": "Feature", "properties": { "indice_acceso": 0.662 }, "geometry": { "type": "Polygon", "coordinates": [ [ [ -64.19831, -31.43077 ], [ -64.2002, -31.43022 ], [ -64.20004, -31.42987 ], [ -64.20188, -31.42977 ], [ -64.20158, -31.42873 ], [ -64.1998, -31.42887 ], [ -64.19788, -31.42844 ], [ -64.19485, -31.42704 ], [ -64.1952, -31.42776 ], [ -64.19676, -31.42885 ], [ -64.19831, -31.43077 ] ] ] } },
{ "type": "Feature", "properties": { "indice_acceso": 0.778 }, "geometry": { "type": "Polygon", "coordinates": [ [ [ -64.20226, -31.4312 ], [ -64.20188, -31.42977 ], [ -64.20004, -31.42987 ], [ -64.2002, -31.43022 ], [ -64.19831, -31.43077 ], [ -64.19861, -31.4314 ], [ -64.19988, -31.4317 ], [ -64.20226, -31.4312 ] ] ] } },
{ "type": "Feature", "properties": { "indice_acceso": 0.802 }, "geometry": { "type": "Polygon", "coordinates": [ [ [ -64.19357, -31.43151 ], [ -64.19786, -31.42999 ], [ -64.19448, -31.42688 ], [ -64.19468, -31.42733 ], [ -64.19354, -31.42765 ], [ -64.19451, -31.42995 ], [ -64.19309, -31.43038 ], [ -64.19357, -31.43151 ] ] ] } },
{ "type": "Feature", "properties": { "indice_acceso": 0.78 }, "geometry": { "type": "Polygon", "coordinates": [ [ [ -64.19309, -31.43038 ], [ -64.19451, -31.42995 ], [ -64.19354, -31.42765 ], [ -64.1929, -31.42785 ], [ -64.19228, -31.42626 ], [ -64.19147, -31.42653 ], [ -64.19309, -31.43038 ] ] ] } },
{ "type": "Feature", "properties": { "indice_acceso": 0.633 }, "geometry": { "type": "Polygon", "coordinates": [ [ [ -64.19976, -31.43168 ], [ -64.20038, -31.43201 ], [ -64.20054, -31.43422 ], [ -64.20226, -31.43547 ], [ -64.20239, -31.43596 ], [ -64.20348, -31.43575 ], [ -64.20226, -31.4312 ], [ -64.19976, -31.43168 ] ] ] } },
{ "type": "Feature", "properties": { "indice_acceso": 0.699 }, "geometry": { "type": "Polygon", "coordinates": [ [ [ -64.20348, -31.43575 ], [ -64.20649, -31.43514 ], [ -64.20575, -31.43245 ], [ -64.20374, -31.43283 ], [ -64.20328, -31.431 ], [ -64.20226, -31.4312 ], [ -64.20348, -31.43575 ] ] ] } },
{ "type": "Feature", "properties": { "indice_acceso": 0.783 }, "geometry": { "type": "Polygon", "coordinates": [ [ [ -64.20374, -31.43283 ], [ -64.20872, -31.4319 ], [ -64.20826, -31.43007 ], [ -64.20328, -31.431 ], [ -64.20374, -31.43283 ] ] ] } },
{ "type": "Feature", "properties": { "indice_acceso": 0.796 }, "geometry": { "type": "Polygon", "coordinates": [ [ [ -64.2094, -31.43457 ], [ -64.20872, -31.4319 ], [ -64.20575, -31.43245 ], [ -64.20649, -31.43514 ], [ -64.2094, -31.43457 ] ] ] } },
{ "type": "Feature", "properties": { "indice_acceso": 0.773 }, "geometry": { "type": "Polygon", "coordinates": [ [ [ -64.20917, -31.43371 ], [ -64.20976, -31.43361 ], [ -64.20966, -31.43333 ], [ -64.21105, -31.43193 ], [ -64.21165, -31.43218 ], [ -64.21114, -31.43021 ], [ -64.21041, -31.42942 ], [ -64.20866, -31.42951 ], [ -64.20879, -31.42996 ], [ -64.20826, -31.43007 ], [ -64.20917, -31.43371 ] ] ] } },
{ "type": "Feature", "properties": { "indice_acceso": 0.655 }, "geometry": { "type": "Polygon", "coordinates": [ [ [ -64.21023, -31.4377 ], [ -64.21101, -31.43663 ], [ -64.21205, -31.4362 ], [ -64.21201, -31.43508 ], [ -64.21237, -31.43508 ], [ -64.21165, -31.43218 ], [ -64.21105, -31.43193 ], [ -64.20966, -31.43333 ], [ -64.20976, -31.43361 ], [ -64.20917, -31.43371 ], [ -64.21023, -31.4377 ] ] ] } },
{ "type": "Feature", "properties": { "indice_acceso": 0.68 }, "geometry": { "type": "Polygon", "coordinates": [ [ [ -64.22003, -31.42392 ], [ -64.22293, -31.42339 ], [ -64.22198, -31.41984 ], [ -64.21909, -31.4204 ], [ -64.22003, -31.42392 ] ] ] } },
{ "type": "Feature", "properties": { "indice_acceso": 0.688 }, "geometry": { "type": "Polygon", "coordinates": [ [ [ -64.22003, -31.42392 ], [ -64.21909, -31.4204 ], [ -64.21686, -31.42084 ], [ -64.21774, -31.42415 ], [ -64.22003, -31.42392 ] ] ] } },
{ "type": "Feature", "properties": { "indice_acceso": 0.672 }, "geometry": { "type": "Polygon", "coordinates": [ [ [ -64.22339, -31.42511 ], [ -64.22293, -31.42339 ], [ -64.21779, -31.42434 ], [ -64.21826, -31.42611 ], [ -64.22339, -31.42511 ] ] ] } },
{ "type": "Feature", "properties": { "indice_acceso": 0.541 }, "geometry": { "type": "Polygon", "coordinates": [ [ [ -64.21543, -31.42338 ], [ -64.21615, -31.42324 ], [ -64.21644, -31.42433 ], [ -64.21771, -31.42407 ], [ -64.21686, -31.42084 ], [ -64.21488, -31.42122 ], [ -64.21543, -31.42338 ] ] ] } },
{ "type": "Feature", "properties": { "indice_acceso": 0.623 }, "geometry": { "type": "Polygon", "coordinates": [ [ [ -64.21311, -31.42708 ], [ -64.21826, -31.42611 ], [ -64.21771, -31.42407 ], [ -64.21644, -31.42433 ], [ -64.21615, -31.42324 ], [ -64.21543, -31.42338 ], [ -64.21488, -31.42122 ], [ -64.21175, -31.42183 ], [ -64.21311, -31.42708 ] ] ] } },
{ "type": "Feature", "properties": { "indice_acceso": 0.73 }, "geometry": { "type": "Polygon", "coordinates": [ [ [ -64.20957, -31.42476 ], [ -64.21235, -31.42421 ], [ -64.21175, -31.42183 ], [ -64.20903, -31.42234 ], [ -64.20957, -31.42476 ] ] ] } },
{ "type": "Feature", "properties": { "indice_acceso": 0.735 }, "geometry": { "type": "Polygon", "coordinates": [ [ [ -64.21311, -31.42708 ], [ -64.21235, -31.42421 ], [ -64.20957, -31.42476 ], [ -64.21028, -31.4276 ], [ -64.21311, -31.42708 ] ] ] } },
{ "type": "Feature", "properties": { "indice_acceso": 0.734 }, "geometry": { "type": "Polygon", "coordinates": [ [ [ -64.21645, -31.43053 ], [ -64.21567, -31.428 ], [ -64.21597, -31.42795 ], [ -64.21588, -31.42759 ], [ -64.21655, -31.42747 ], [ -64.2163, -31.42649 ], [ -64.21028, -31.4276 ], [ -64.21079, -31.42897 ], [ -64.21041, -31.42942 ], [ -64.21093, -31.43016 ], [ -64.21645, -31.43053 ] ] ] } },
{ "type": "Feature", "properties": { "indice_acceso": 0.688 }, "geometry": { "type": "Polygon", "coordinates": [ [ [ -64.21952, -31.43087 ], [ -64.21826, -31.42611 ], [ -64.2163, -31.42649 ], [ -64.21655, -31.42747 ], [ -64.21588, -31.42759 ], [ -64.21597, -31.42795 ], [ -64.21567, -31.428 ], [ -64.21633, -31.43052 ], [ -64.21952, -31.43087 ] ] ] } },
{ "type": "Feature", "properties": { "indice_acceso": 0.687 }, "geometry": { "type": "Polygon", "coordinates": [ [ [ -64.22378, -31.42656 ], [ -64.22339, -31.42511 ], [ -64.21826, -31.42611 ], [ -64.21861, -31.42745 ], [ -64.22378, -31.42656 ] ] ] } },
{ "type": "Feature", "properties": { "indice_acceso": 0.683 }, "geometry": { "type": "Polygon", "coordinates": [ [ [ -64.21952, -31.43087 ], [ -64.22271, -31.43109 ], [ -64.22216, -31.42894 ], [ -64.22138, -31.42909 ], [ -64.22119, -31.42836 ], [ -64.22195, -31.42822 ], [ -64.22163, -31.42699 ], [ -64.21864, -31.42755 ], [ -64.21952, -31.43087 ] ] ] } },
{ "type": "Feature", "properties": { "indice_acceso": 0.672 }, "geometry": { "type": "Polygon", "coordinates": [ [ [ -64.22138, -31.42909 ], [ -64.22216, -31.42894 ], [ -64.22271, -31.43109 ], [ -64.22503, -31.43125 ], [ -64.22378, -31.42656 ], [ -64.22163, -31.42699 ], [ -64.22195, -31.42822 ], [ -64.22119, -31.42836 ], [ -64.22138, -31.42909 ] ] ] } },
{ "type": "Feature", "properties": { "indice_acceso": 0.656 }, "geometry": { "type": "Polygon", "coordinates": [ [ [ -64.23329, -31.42175 ], [ -64.23226, -31.41782 ], [ -64.22967, -31.41834 ], [ -64.2307, -31.4222 ], [ -64.23329, -31.42175 ] ] ] } },
{ "type": "Feature", "properties": { "indice_acceso": 0.649 }, "geometry": { "type": "Polygon", "coordinates": [ [ [ -64.23071, -31.42226 ], [ -64.22967, -31.41834 ], [ -64.22713, -31.41884 ], [ -64.22817, -31.42275 ], [ -64.23071, -31.42226 ] ] ] } },
{ "type": "Feature", "properties": { "indice_acceso": 0.576 }, "geometry": { "type": "Polygon", "coordinates": [ [ [ -64.22515, -31.42242 ], [ -64.22794, -31.42188 ], [ -64.22713, -31.41884 ], [ -64.22439, -31.41937 ], [ -64.22515, -31.42242 ] ] ] } },
{ "type": "Feature", "properties": { "indice_acceso": 0.574 }, "geometry": { "type": "Polygon", "coordinates": [ [ [ -64.22293, -31.42339 ], [ -64.22807, -31.4224 ], [ -64.22794, -31.42188 ], [ -64.22515, -31.42242 ], [ -64.22439, -31.41937 ], [ -64.22198, -31.41984 ], [ -64.22293, -31.42339 ] ] ] } },
{ "type": "Feature", "properties": { "indice_acceso": 0.653 }, "geometry": { "type": "Polygon", "coordinates": [ [ [ -64.22421, -31.42816 ], [ -64.22643, -31.42774 ], [ -64.2258, -31.42529 ], [ -64.2253, -31.42474 ], [ -64.22606, -31.42459 ], [ -64.22561, -31.42287 ], [ -64.22293, -31.42339 ], [ -64.22421, -31.42816 ] ] ] } },
{ "type": "Feature", "properties": { "indice_acceso": 0.605 }, "geometry": { "type": "Polygon", "coordinates": [ [ [ -64.22715, -31.4276 ], [ -64.2268, -31.42687 ], [ -64.22913, -31.42642 ], [ -64.22807, -31.4224 ], [ -64.22561, -31.42287 ], [ -64.22606, -31.42459 ], [ -64.2253, -31.42474 ], [ -64.2258, -31.42529 ], [ -64.22643, -31.42774 ], [ -64.22715, -31.4276 ] ] ] } },
{ "type": "Feature", "properties": { "indice_acceso": 0.61 }, "geometry": { "type": "Polygon", "coordinates": [ [ [ -64.2293, -31.42706 ], [ -64.23186, -31.42655 ], [ -64.23148, -31.42515 ], [ -64.23063, -31.42532 ], [ -64.22986, -31.42243 ], [ -64.22817, -31.42275 ], [ -64.2293, -31.42706 ] ] ] } },
{ "type": "Feature", "properties": { "indice_acceso": 0.641 }, "geometry": { "type": "Polygon", "coordinates": [ [ [ -64.23063, -31.42532 ], [ -64.23148, -31.42515 ], [ -64.23186, -31.42655 ], [ -64.23359, -31.42621 ], [ -64.23322, -31.4248 ], [ -64.23411, -31.42463 ], [ -64.23329, -31.42175 ], [ -64.22986, -31.42243 ], [ -64.23063, -31.42532 ] ] ] } },
{ "type": "Feature", "properties": { "indice_acceso": 0.636 }, "geometry": { "type": "Polygon", "coordinates": [ [ [ -64.23445, -31.42606 ], [ -64.2351, -31.42595 ], [ -64.2372, -31.42411 ], [ -64.23841, -31.42509 ], [ -64.24059, -31.42462 ], [ -64.23986, -31.42191 ], [ -64.23366, -31.42314 ], [ -64.23445, -31.42606 ] ] ] } },
{ "type": "Feature", "properties": { "indice_acceso": 0.633 }, "geometry": { "type": "Polygon", "coordinates": [ [ [ -64.2351, -31.42595 ], [ -64.23445, -31.42606 ], [ -64.23477, -31.4275 ], [ -64.24103, -31.42629 ], [ -64.24059, -31.42462 ], [ -64.23841, -31.42509 ], [ -64.2372, -31.42411 ], [ -64.2351, -31.42595 ] ] ] } },
{ "type": "Feature", "properties": { "indice_acceso": 0.636 }, "geometry": { "type": "Polygon", "coordinates": [ [ [ -64.23843, -31.42956 ], [ -64.23958, -31.4296 ], [ -64.23946, -31.42921 ], [ -64.24184, -31.42937 ], [ -64.24103, -31.42629 ], [ -64.23477, -31.4275 ], [ -64.23514, -31.42894 ], [ -64.23831, -31.42913 ], [ -64.23843, -31.42956 ] ] ] } },
{ "type": "Feature", "properties": { "indice_acceso": 0.604 }, "geometry": { "type": "Polygon", "coordinates": [ [ [ -64.23597, -31.43199 ], [ -64.24263, -31.43241 ], [ -64.24177, -31.42933 ], [ -64.23946, -31.42921 ], [ -64.23958, -31.4296 ], [ -64.23843, -31.42956 ], [ -64.23831, -31.42913 ], [ -64.23514, -31.42894 ], [ -64.23597, -31.43199 ] ] ] } },
{ "type": "Feature", "properties": { "indice_acceso": 0.652 }, "geometry": { "type": "Polygon", "coordinates": [ [ [ -64.23164, -31.43159 ], [ -64.23597, -31.43199 ], [ -64.23437, -31.42568 ], [ -64.23164, -31.43159 ] ] ] } },
{ "type": "Feature", "properties": { "indice_acceso": 0.607 }, "geometry": { "type": "Polygon", "coordinates": [ [ [ -64.2293, -31.42706 ], [ -64.2305, -31.43162 ], [ -64.23177, -31.4317 ], [ -64.23347, -31.42701 ], [ -64.23437, -31.42568 ], [ -64.23411, -31.42463 ], [ -64.23322, -31.4248 ], [ -64.23359, -31.42621 ], [ -64.2293, -31.42706 ] ] ] } },
{ "type": "Feature", "properties": { "indice_acceso": 0.66 }, "geometry": { "type": "Polygon", "coordinates": [ [ [ -64.2305, -31.43162 ], [ -64.22913, -31.42642 ], [ -64.2268, -31.42687 ], [ -64.22781, -31.42889 ], [ -64.22752, -31.42895 ], [ -64.22818, -31.43146 ], [ -64.2305, -31.43162 ] ] ] } },
{ "type": "Feature", "properties": { "indice_acceso": 0.665 }, "geometry": { "type": "Polygon", "coordinates": [ [ [ -64.22818, -31.43146 ], [ -64.22752, -31.42895 ], [ -64.22781, -31.42889 ], [ -64.22715, -31.4276 ], [ -64.22421, -31.42816 ], [ -64.22503, -31.43125 ], [ -64.22818, -31.43146 ] ] ] } },
{ "type": "Feature", "properties": { "indice_acceso": 0.61 }, "geometry": { "type": "Polygon", "coordinates": [ [ [ -64.25336, -31.42461 ], [ -64.25335, -31.42044 ], [ -64.25048, -31.42044 ], [ -64.25048, -31.42462 ], [ -64.25336, -31.42461 ] ] ] } },
{ "type": "Feature", "properties": { "indice_acceso": 0.616 }, "geometry": { "type": "Polygon", "coordinates": [ [ [ -64.24808, -31.42461 ], [ -64.25048, -31.42462 ], [ -64.25048, -31.42044 ], [ -64.24816, -31.42044 ], [ -64.24808, -31.42461 ] ] ] } },
{ "type": "Feature", "properties": { "indice_acceso": 0.625 }, "geometry": { "type": "Polygon", "coordinates": [ [ [ -64.24598, -31.42051 ], [ -64.24593, -31.42325 ], [ -64.24489, -31.42324 ], [ -64.24489, -31.4237 ], [ -64.24803, -31.4237 ], [ -64.24809, -31.42047 ], [ -64.24598, -31.42051 ] ] ] } },
{ "type": "Feature", "properties": { "indice_acceso": 0.634 }, "geometry": { "type": "Polygon", "coordinates": [ [ [ -64.23952, -31.42075 ], [ -64.24033, -31.42366 ], [ -64.24489, -31.4237 ], [ -64.24489, -31.42324 ], [ -64.24593, -31.42325 ], [ -64.24598, -31.42051 ], [ -64.23952, -31.42075 ] ] ] } },
{ "type": "Feature", "properties": { "indice_acceso": 0.628 }, "geometry": { "type": "Polygon", "coordinates": [ [ [ -64.24103, -31.42629 ], [ -64.24489, -31.42632 ], [ -64.24488, -31.4246 ], [ -64.24384, -31.4246 ], [ -64.24384, -31.4237 ], [ -64.24033, -31.42366 ], [ -64.24103, -31.42629 ] ] ] } },
{ "type": "Feature", "properties": { "indice_acceso": 0.622 }, "geometry": { "type": "Polygon", "coordinates": [ [ [ -64.24384, -31.4237 ], [ -64.24384, -31.4246 ], [ -64.24488, -31.4246 ], [ -64.24489, -31.42632 ], [ -64.24807, -31.42632 ], [ -64.24803, -31.4237 ], [ -64.24384, -31.4237 ] ] ] } },
{ "type": "Feature", "properties": { "indice_acceso": 0.624 }, "geometry": { "type": "Polygon", "coordinates": [ [ [ -64.24157, -31.42833 ], [ -64.24807, -31.42836 ], [ -64.24807, -31.42632 ], [ -64.24103, -31.42629 ], [ -64.24157, -31.42833 ] ] ] } },
{ "type": "Feature", "properties": { "indice_acceso": 0.618 }, "geometry": { "type": "Polygon", "coordinates": [ [ [ -64.24807, -31.42981 ], [ -64.25168, -31.42982 ], [ -64.25169, -31.42774 ], [ -64.25049, -31.42774 ], [ -64.25048, -31.42462 ], [ -64.24808, -31.42461 ], [ -64.24807, -31.42981 ] ] ] } },
{ "type": "Feature", "properties": { "indice_acceso": 0.602 }, "geometry": { "type": "Polygon", "coordinates": [ [ [ -64.25049, -31.42774 ], [ -64.25169, -31.42774 ], [ -64.25168, -31.42982 ], [ -64.25337, -31.42983 ], [ -64.25336, -31.42461 ], [ -64.25048, -31.42462 ], [ -64.25049, -31.42774 ] ] ] } },
{ "type": "Feature", "properties": { "indice_acceso": 0.562 }, "geometry": { "type": "Polygon", "coordinates": [ [ [ -64.25338, -31.43299 ], [ -64.25337, -31.42983 ], [ -64.24807, -31.42981 ], [ -64.24806, -31.43265 ], [ -64.25338, -31.43299 ] ] ] } },
{ "type": "Feature", "properties": { "indice_acceso": 0.582 }, "geometry": { "type": "Polygon", "coordinates": [ [ [ -64.24452, -31.42986 ], [ -64.24452, -31.43149 ], [ -64.2457, -31.43148 ], [ -64.2457, -31.43249 ], [ -64.24806, -31.43265 ], [ -64.24807, -31.42836 ], [ -64.2457, -31.42837 ], [ -64.24569, -31.42988 ], [ -64.24452, -31.42986 ] ] ] } },
{ "type": "Feature", "properties": { "indice_acceso": 0.584 }, "geometry": { "type": "Polygon", "coordinates": [ [ [ -64.2426, -31.4323 ], [ -64.2457, -31.43249 ], [ -64.2457, -31.43148 ], [ -64.24452, -31.43149 ], [ -64.24451, -31.43044 ], [ -64.24452, -31.42986 ], [ -64.24569, -31.42988 ], [ -64.2457, -31.42837 ], [ -64.24157, -31.42833 ], [ -64.2426, -31.4323 ] ] ] } },
{ "type": "Feature", "properties": { "indice_acceso": 0.569 }, "geometry": { "type": "Polygon", "coordinates": [ [ [ -64.25019, -31.43682 ], [ -64.2502, -31.43737 ], [ -64.25335, -31.43749 ], [ -64.25338, -31.43299 ], [ -64.24806, -31.43265 ], [ -64.24806, -31.43682 ], [ -64.25019, -31.43682 ] ] ] } },
{ "type": "Feature", "properties": { "indice_acceso": 0.569 }, "geometry": { "type": "Polygon", "coordinates": [ [ [ -64.24806, -31.4348 ], [ -64.24806, -31.43265 ], [ -64.2426, -31.4323 ], [ -64.2428, -31.43455 ], [ -64.24806, -31.4348 ] ] ] } },
{ "type": "Feature", "properties": { "indice_acceso": 0.569 }, "geometry": { "type": "Polygon", "coordinates": [ [ [ -64.24281, -31.43765 ], [ -64.24487, -31.43783 ], [ -64.24488, -31.43583 ], [ -64.24592, -31.43584 ], [ -64.24592, -31.43468 ], [ -64.2428, -31.43455 ], [ -64.24281, -31.43765 ] ] ] } },
{ "type": "Feature", "properties": { "indice_acceso": 0.574 }, "geometry": { "type": "Polygon", "coordinates": [ [ [ -64.24592, -31.43584 ], [ -64.24488, -31.43583 ], [ -64.24487, -31.43783 ], [ -64.24806, -31.43783 ], [ -64.24806, -31.4348 ], [ -64.24592, -31.43468 ], [ -64.24592, -31.43584 ] ] ] } },
{ "type": "Feature", "properties": { "indice_acceso": 0.572 }, "geometry": { "type": "Polygon", "coordinates": [ [ [ -64.24805, -31.44107 ], [ -64.25332, -31.44107 ], [ -64.25335, -31.43749 ], [ -64.2502, -31.43737 ], [ -64.25019, -31.43682 ], [ -64.24806, -31.43682 ], [ -64.24805, -31.44107 ] ] ] } },
{ "type": "Feature", "properties": { "indice_acceso": 0.573 }, "geometry": { "type": "Polygon", "coordinates": [ [ [ -64.2428, -31.43915 ], [ -64.24697, -31.43933 ], [ -64.24698, -31.43992 ], [ -64.24805, -31.43996 ], [ -64.24806, -31.43783 ], [ -64.24281, -31.43765 ], [ -64.2428, -31.43915 ] ] ] } },
{ "type": "Feature", "properties": { "indice_acceso": 0.57 }, "geometry": { "type": "Polygon", "coordinates": [ [ [ -64.24278, -31.44106 ], [ -64.24805, -31.44107 ], [ -64.24805, -31.43996 ], [ -64.24698, -31.43992 ], [ -64.24697, -31.43933 ], [ -64.2428, -31.43915 ], [ -64.24278, -31.44106 ] ] ] } },
{ "type": "Feature", "properties": { "indice_acceso": 0.577 }, "geometry": { "type": "Polygon", "coordinates": [ [ [ -64.24278, -31.44529 ], [ -64.24697, -31.44518 ], [ -64.24698, -31.44107 ], [ -64.24278, -31.44107 ], [ -64.24278, -31.44529 ] ] ] } },
{ "type": "Feature", "properties": { "indice_acceso": 0.575 }, "geometry": { "type": "Polygon", "coordinates": [ [ [ -64.24698, -31.44107 ], [ -64.24697, -31.44518 ], [ -64.2533, -31.44519 ], [ -64.25332, -31.44107 ], [ -64.24698, -31.44107 ] ] ] } },
{ "type": "Feature", "properties": { "indice_acceso": 0.581 }, "geometry": { "type": "Polygon", "coordinates": [ [ [ -64.24674, -31.44519 ], [ -64.24674, -31.44629 ], [ -64.24814, -31.44629 ], [ -64.24812, -31.44811 ], [ -64.24886, -31.44856 ], [ -64.25332, -31.44855 ], [ -64.2533, -31.44519 ], [ -64.24674, -31.44519 ] ] ] } },
{ "type": "Feature", "properties": { "indice_acceso": 0.588 }, "geometry": { "type": "Polygon", "coordinates": [ [ [ -64.24278, -31.44529 ], [ -64.24285, -31.44853 ], [ -64.24729, -31.44855 ], [ -64.24812, -31.44892 ], [ -64.24886, -31.44856 ], [ -64.24812, -31.44811 ], [ -64.24814, -31.44629 ], [ -64.24674, -31.44629 ], [ -64.24674, -31.44519 ], [ -64.24278, -31.44529 ] ] ] } },
{ "type": "Feature", "properties": { "indice_acceso": 0.589 }, "geometry": { "type": "Polygon", "coordinates": [ [ [ -64.24287, -31.45173 ], [ -64.24815, -31.45194 ], [ -64.24812, -31.44892 ], [ -64.24729, -31.44855 ], [ -64.24285, -31.44853 ], [ -64.24287, -31.45173 ] ] ] } },
{ "type": "Feature", "properties": { "indice_acceso": 0.586 }, "geometry": { "type": "Polygon", "coordinates": [ [ [ -64.24886, -31.44856 ], [ -64.24812, -31.44892 ], [ -64.24815, -31.45194 ], [ -64.25332, -31.45213 ], [ -64.25332, -31.44855 ], [ -64.24886, -31.44856 ] ] ] } },
{ "type": "Feature", "properties": { "indice_acceso": 0.566 }, "geometry": { "type": "Polygon", "coordinates": [ [ [ -64.24058, -31.43391 ], [ -64.24058, -31.43493 ], [ -64.24281, -31.43494 ], [ -64.2428, -31.43242 ], [ -64.23762, -31.43209 ], [ -64.23761, -31.4339 ], [ -64.24058, -31.43391 ] ] ] } },
{ "type": "Feature", "properties": { "indice_acceso": 0.564 }, "geometry": { "type": "Polygon", "coordinates": [ [ [ -64.2376, -31.43446 ], [ -64.23818, -31.43446 ], [ -64.23818, -31.43539 ], [ -64.23761, -31.43539 ], [ -64.23761, -31.43689 ], [ -64.24282, -31.43689 ], [ -64.24281, -31.43494 ], [ -64.24058, -31.43493 ], [ -64.24058, -31.43391 ], [ -64.23761, -31.4339 ], [ -64.2376, -31.43446 ] ] ] } },
{ "type": "Feature", "properties": { "indice_acceso": 0.576 }, "geometry": { "type": "Polygon", "coordinates": [ [ [ -64.23462, -31.43689 ], [ -64.23761, -31.43689 ], [ -64.23761, -31.43539 ], [ -64.23818, -31.43539 ], [ -64.23818, -31.43494 ], [ -64.23818, -31.43446 ], [ -64.2376, -31.43446 ], [ -64.23762, -31.43209 ], [ -64.23464, -31.4319 ], [ -64.23462, -31.43689 ] ] ] } },
{ "type": "Feature", "properties": { "indice_acceso": 0.594 }, "geometry": { "type": "Polygon", "coordinates": [ [ [ -64.23462, -31.43689 ], [ -64.23464, -31.4319 ], [ -64.23237, -31.43175 ], [ -64.23235, -31.43687 ], [ -64.23462, -31.43689 ] ] ] } },
{ "type": "Feature", "properties": { "indice_acceso": 0.64 }, "geometry": { "type": "Polygon", "coordinates": [ [ [ -64.23235, -31.43687 ], [ -64.23237, -31.43175 ], [ -64.2316, -31.43169 ], [ -64.22965, -31.43691 ], [ -64.23235, -31.43687 ] ] ] } },
{ "type": "Feature", "properties": { "indice_acceso": 0.587 }, "geometry": { "type": "Polygon", "coordinates": [ [ [ -64.22701, -31.43692 ], [ -64.227, -31.44137 ], [ -64.22998, -31.44138 ], [ -64.23086, -31.44049 ], [ -64.23127, -31.44138 ], [ -64.23231, -31.44138 ], [ -64.23235, -31.43687 ], [ -64.22701, -31.43692 ] ] ] } },
{ "type": "Feature", "properties": { "indice_acceso": 0.562 }, "geometry": { "type": "Polygon", "coordinates": [ [ [ -64.23233, -31.43914 ], [ -64.237, -31.43915 ], [ -64.237, -31.43989 ], [ -64.23759, -31.43989 ], [ -64.23761, -31.43689 ], [ -64.23235, -31.43687 ], [ -64.23233, -31.43914 ] ] ] } },
{ "type": "Feature", "properties": { "indice_acceso": 0.567 }, "geometry": { "type": "Polygon", "coordinates": [ [ [ -64.24053, -31.44141 ], [ -64.24058, -31.43691 ], [ -64.23761, -31.43689 ], [ -64.23759, -31.44141 ], [ -64.24053, -31.44141 ] ] ] } },
{ "type": "Feature", "properties": { "indice_acceso": 0.568 }, "geometry": { "type": "Polygon", "coordinates": [ [ [ -64.24058, -31.43691 ], [ -64.24053, -31.44141 ], [ -64.24278, -31.44141 ], [ -64.24282, -31.43689 ], [ -64.24058, -31.43691 ] ] ] } },
{ "type": "Feature", "properties": { "indice_acceso": 0.564 }, "geometry": { "type": "Polygon", "coordinates": [ [ [ -64.23231, -31.44138 ], [ -64.23759, -31.44141 ], [ -64.23759, -31.43989 ], [ -64.237, -31.43989 ], [ -64.237, -31.43915 ], [ -64.23233, -31.43914 ], [ -64.23231, -31.44138 ] ] ] } },
{ "type": "Feature", "properties": { "indice_acceso": 0.568 }, "geometry": { "type": "Polygon", "coordinates": [ [ [ -64.23577, -31.4459 ], [ -64.23579, -31.4414 ], [ -64.23231, -31.44138 ], [ -64.2325, -31.44589 ], [ -64.23577, -31.4459 ] ] ] } },
{ "type": "Feature", "properties": { "indice_acceso": 0.576 }, "geometry": { "type": "Polygon", "coordinates": [ [ [ -64.23577, -31.4459 ], [ -64.23932, -31.4459 ], [ -64.23935, -31.44341 ], [ -64.23757, -31.44341 ], [ -64.23759, -31.44141 ], [ -64.23579, -31.4414 ], [ -64.23577, -31.4459 ] ] ] } },
{ "type": "Feature", "properties": { "indice_acceso": 0.576 }, "geometry": { "type": "Polygon", "coordinates": [ [ [ -64.23759, -31.44141 ], [ -64.23757, -31.44341 ], [ -64.23935, -31.44341 ], [ -64.23932, -31.4459 ], [ -64.24282, -31.4459 ], [ -64.24278, -31.44141 ], [ -64.23759, -31.44141 ] ] ] } },
{ "type": "Feature", "properties": { "indice_acceso": 0.582 }, "geometry": { "type": "Polygon", "coordinates": [ [ [ -64.23763, -31.44741 ], [ -64.23934, -31.44741 ], [ -64.23941, -31.45146 ], [ -64.24286, -31.45165 ], [ -64.24282, -31.4459 ], [ -64.23756, -31.4459 ], [ -64.23763, -31.44741 ] ] ] } },
{ "type": "Feature", "properties": { "indice_acceso": 0.566 }, "geometry": { "type": "Polygon", "coordinates": [ [ [ -64.23581, -31.44908 ], [ -64.23465, -31.4491 ], [ -64.23467, -31.45011 ], [ -64.23582, -31.4501 ], [ -64.23584, -31.4511 ], [ -64.23763, -31.45126 ], [ -64.2379, -31.45155 ], [ -64.24287, -31.45173 ], [ -64.23941, -31.45146 ], [ -64.23934, -31.44741 ], [ -64.23763, -31.44741 ], [ -64.23756, -31.4459 ], [ -64.23577, -31.4459 ], [ -64.23581, -31.44908 ] ] ] } },
{ "type": "Feature", "properties": { "indice_acceso": 0.678 }, "geometry": { "type": "Polygon", "coordinates": [ [ [ -64.22659, -31.43404 ], [ -64.23062, -31.43414 ], [ -64.2316, -31.43169 ], [ -64.22658, -31.43136 ], [ -64.22659, -31.43404 ] ] ] } },
{ "type": "Feature", "properties": { "indice_acceso": 0.686 }, "geometry": { "type": "Polygon", "coordinates": [ [ [ -64.22659, -31.43404 ], [ -64.22658, -31.43136 ], [ -64.22334, -31.43113 ], [ -64.22335, -31.43392 ], [ -64.22659, -31.43404 ] ] ] } },
{ "type": "Feature", "properties": { "indice_acceso": 0.696 }, "geometry": { "type": "Polygon", "coordinates": [ [ [ -64.22335, -31.43392 ], [ -64.22334, -31.43113 ], [ -64.21982, -31.43088 ], [ -64.21984, -31.43381 ], [ -64.22335, -31.43392 ] ] ] } },
{ "type": "Feature", "properties": { "indice_acceso": 0.72 }, "geometry": { "type": "Polygon", "coordinates": [ [ [ -64.21982, -31.43088 ], [ -64.21114, -31.43021 ], [ -64.21173, -31.43247 ], [ -64.21983, -31.43304 ], [ -64.21982, -31.43088 ] ] ] } },
{ "type": "Feature", "properties": { "indice_acceso": 0.713 }, "geometry": { "type": "Polygon", "coordinates": [ [ [ -64.21346, -31.43467 ], [ -64.21399, -31.43534 ], [ -64.21512, -31.43544 ], [ -64.21634, -31.43669 ], [ -64.21693, -31.43584 ], [ -64.21699, -31.43537 ], [ -64.21611, -31.435 ], [ -64.21625, -31.43279 ], [ -64.21173, -31.43247 ], [ -64.21224, -31.43456 ], [ -64.21346, -31.43467 ] ] ] } },
{ "type": "Feature", "properties": { "indice_acceso": 0.703 }, "geometry": { "type": "Polygon", "coordinates": [ [ [ -64.21987, -31.43691 ], [ -64.21983, -31.43304 ], [ -64.21625, -31.43279 ], [ -64.21611, -31.435 ], [ -64.21699, -31.43537 ], [ -64.21634, -31.43669 ], [ -64.21987, -31.43691 ] ] ] } },
{ "type": "Feature", "properties": { "indice_acceso": 0.702 }, "geometry": { "type": "Polygon", "coordinates": [ [ [ -64.21984, -31.43394 ], [ -64.21987, -31.43691 ], [ -64.22335, -31.43692 ], [ -64.22335, -31.43392 ], [ -64.21984, -31.43394 ] ] ] } },
{ "type": "Feature", "properties": { "indice_acceso": 0.693 }, "geometry": { "type": "Polygon", "coordinates": [ [ [ -64.22335, -31.43404 ], [ -64.22335, -31.43692 ], [ -64.22659, -31.43692 ], [ -64.22659, -31.43404 ], [ -64.22335, -31.43404 ] ] ] } },
{ "type": "Feature", "properties": { "indice_acceso": 0.682 }, "geometry": { "type": "Polygon", "coordinates": [ [ [ -64.22659, -31.43404 ], [ -64.22659, -31.43692 ], [ -64.22965, -31.43692 ], [ -64.23062, -31.43414 ], [ -64.22659, -31.43404 ] ] ] } },
{ "type": "Feature", "properties": { "indice_acceso": 0.695 }, "geometry": { "type": "Polygon", "coordinates": [ [ [ -64.22701, -31.43913 ], [ -64.22701, -31.43692 ], [ -64.22335, -31.43692 ], [ -64.22334, -31.43912 ], [ -64.22701, -31.43913 ] ] ] } },
{ "type": "Feature", "properties": { "indice_acceso": 0.619 }, "geometry": { "type": "Polygon", "coordinates": [ [ [ -64.22333, -31.44027 ], [ -64.22496, -31.44027 ], [ -64.22496, -31.44254 ], [ -64.22699, -31.44254 ], [ -64.22701, -31.43913 ], [ -64.22334, -31.43912 ], [ -64.22333, -31.44027 ] ] ] } },
{ "type": "Feature", "properties": { "indice_acceso": 0.621 }, "geometry": { "type": "Polygon", "coordinates": [ [ [ -64.22146, -31.43911 ], [ -64.22148, -31.44024 ], [ -64.22206, -31.44027 ], [ -64.22204, -31.44254 ], [ -64.22496, -31.44254 ], [ -64.22496, -31.44027 ], [ -64.22333, -31.44027 ], [ -64.22334, -31.43856 ], [ -64.22207, -31.43857 ], [ -64.22206, -31.43912 ], [ -64.22146, -31.43911 ] ] ] } },
{ "type": "Feature", "properties": { "indice_acceso": 0.696 }, "geometry": { "type": "Polygon", "coordinates": [ [ [ -64.21651, -31.44014 ], [ -64.21515, -31.43964 ], [ -64.21516, -31.43985 ], [ -64.21649, -31.44043 ], [ -64.21731, -31.44031 ], [ -64.2189, -31.44141 ], [ -64.22004, -31.44166 ], [ -64.22108, -31.44289 ], [ -64.221, -31.44375 ], [ -64.22161, -31.44448 ], [ -64.22451, -31.44525 ], [ -64.2251, -31.44498 ], [ -64.22546, -31.44402 ], [ -64.22699, -31.44254 ], [ -64.22204, -31.44254 ], [ -64.22206, -31.44027 ], [ -64.22148, -31.44024 ], [ -64.22146, -31.43911 ], [ -64.22206, -31.43912 ], [ -64.22207, -31.43857 ], [ -64.22334, -31.43856 ], [ -64.22335, -31.43692 ], [ -64.21651, -31.43689 ], [ -64.21651, -31.44014 ] ] ] } },
{ "type": "Feature", "properties": { "indice_acceso": 0.699 }, "geometry": { "type": "Polygon", "coordinates": [ [ [ -64.21228, -31.43469 ], [ -64.21237, -31.43508 ], [ -64.21201, -31.43508 ], [ -64.21205, -31.4362 ], [ -64.21302, -31.43629 ], [ -64.21354, -31.43843 ], [ -64.21343, -31.43957 ], [ -64.21516, -31.43985 ], [ -64.21515, -31.43964 ], [ -64.21651, -31.44014 ], [ -64.21651, -31.43689 ], [ -64.21512, -31.43544 ], [ -64.21399, -31.43534 ], [ -64.2133, -31.43466 ], [ -64.21228, -31.43469 ] ] ] } },
{ "type": "Feature", "properties": { "indice_acceso": 0.708 }, "geometry": { "type": "Polygon", "coordinates": [ [ [ -64.21522, -31.44592 ], [ -64.21649, -31.44607 ], [ -64.2165, -31.44071 ], [ -64.21525, -31.44072 ], [ -64.21516, -31.43985 ], [ -64.21361, -31.43973 ], [ -64.21522, -31.44592 ] ] ] } },
{ "type": "Feature", "properties": { "indice_acceso": 0.564 }, "geometry": { "type": "Polygon", "coordinates": [ [ [ -64.21525, -31.44072 ], [ -64.2165, -31.44071 ], [ -64.21649, -31.44607 ], [ -64.21527, -31.44608 ], [ -64.22319, -31.44711 ], [ -64.23407, -31.45115 ], [ -64.2379, -31.45155 ], [ -64.23763, -31.45126 ], [ -64.23584, -31.4511 ], [ -64.23582, -31.4501 ], [ -64.23467, -31.45011 ], [ -64.23465, -31.4491 ], [ -64.23581, -31.44908 ], [ -64.23577, -31.4459 ], [ -64.23231, -31.44588 ], [ -64.23231, -31.44138 ], [ -64.23127, -31.44138 ], [ -64.23086, -31.44049 ], [ -64.22998, -31.44138 ], [ -64.227, -31.44137 ], [ -64.22699, -31.44254 ], [ -64.22546, -31.44402 ], [ -64.2251, -31.44498 ], [ -64.22439, -31.44526 ], [ -64.22161, -31.44448 ], [ -64.221, -31.44375 ], [ -64.22108, -31.44289 ], [ -64.22004, -31.44166 ], [ -64.2189, -31.44141 ], [ -64.21728, -31.4403 ], [ -64.21649, -31.44043 ], [ -64.21516, -31.43985 ], [ -64.21525, -31.44072 ] ] ] } },
{ "type": "Feature", "properties": { "indice_acceso": 0.806 }, "geometry": { "type": "Polygon", "coordinates": [ [ [ -64.19397, -31.43247 ], [ -64.1945, -31.43252 ], [ -64.19679, -31.43181 ], [ -64.19704, -31.43245 ], [ -64.19855, -31.43348 ], [ -64.19885, -31.43176 ], [ -64.19979, -31.4319 ], [ -64.19861, -31.4314 ], [ -64.19786, -31.42999 ], [ -64.19357, -31.43151 ], [ -64.19397, -31.43247 ] ] ] } },
{ "type": "Feature", "properties": { "indice_acceso": 0.758 }, "geometry": { "type": "Polygon", "coordinates": [ [ [ -64.1939, -31.43358 ], [ -64.19475, -31.43454 ], [ -64.19593, -31.43835 ], [ -64.19643, -31.43818 ], [ -64.19688, -31.43929 ], [ -64.19809, -31.43891 ], [ -64.19791, -31.43845 ], [ -64.19961, -31.43813 ], [ -64.19903, -31.43587 ], [ -64.19844, -31.43588 ], [ -64.19817, -31.43556 ], [ -64.19855, -31.43348 ], [ -64.19704, -31.43245 ], [ -64.19679, -31.43181 ], [ -64.1945, -31.43252 ], [ -64.19485, -31.43312 ], [ -64.1939, -31.43358 ] ] ] } },
{ "type": "Feature", "properties": { "indice_acceso": 0.784 }, "geometry": { "type": "Polygon", "coordinates": [ [ [ -64.19825, -31.43508 ], [ -64.20012, -31.43532 ], [ -64.20028, -31.43452 ], [ -64.201, -31.43456 ], [ -64.20054, -31.43422 ], [ -64.20038, -31.43201 ], [ -64.19885, -31.43176 ], [ -64.19825, -31.43508 ] ] ] } },
{ "type": "Feature", "properties": { "indice_acceso": 0.775 }, "geometry": { "type": "Polygon", "coordinates": [ [ [ -64.20012, -31.43532 ], [ -64.19825, -31.43508 ], [ -64.19844, -31.43588 ], [ -64.19903, -31.43587 ], [ -64.19961, -31.43813 ], [ -64.20275, -31.43753 ], [ -64.20226, -31.43547 ], [ -64.201, -31.43456 ], [ -64.20028, -31.43452 ], [ -64.20012, -31.43532 ] ] ] } },
{ "type": "Feature", "properties": { "indice_acceso": 0.773 }, "geometry": { "type": "Polygon", "coordinates": [ [ [ -64.20655, -31.43747 ], [ -64.20588, -31.43694 ], [ -64.20545, -31.43536 ], [ -64.20239, -31.43596 ], [ -64.20291, -31.43815 ], [ -64.20655, -31.43747 ] ] ] } },
{ "type": "Feature", "properties": { "indice_acceso": 0.754 }, "geometry": { "type": "Polygon", "coordinates": [ [ [ -64.20779, -31.43977 ], [ -64.2102, -31.43929 ], [ -64.213, -31.44129 ], [ -64.21399, -31.44109 ], [ -64.20866, -31.43751 ], [ -64.20797, -31.43484 ], [ -64.20545, -31.43536 ], [ -64.20588, -31.43694 ], [ -64.20649, -31.43732 ], [ -64.2067, -31.43803 ], [ -64.20749, -31.43884 ], [ -64.20779, -31.43977 ] ] ] } },
{ "type": "Feature", "properties": { "indice_acceso": 0.728 }, "geometry": { "type": "Polygon", "coordinates": [ [ [ -64.21043, -31.43862 ], [ -64.21399, -31.44109 ], [ -64.21401, -31.44056 ], [ -64.21335, -31.43939 ], [ -64.21354, -31.43843 ], [ -64.21292, -31.43617 ], [ -64.21122, -31.43648 ], [ -64.21023, -31.4377 ], [ -64.2094, -31.43457 ], [ -64.20797, -31.43484 ], [ -64.20866, -31.43751 ], [ -64.21043, -31.43862 ] ] ] } },
{ "type": "Feature", "properties": { "indice_acceso": 0.754 }, "geometry": { "type": "Polygon", "coordinates": [ [ [ -64.20352, -31.44047 ], [ -64.20545, -31.43975 ], [ -64.20727, -31.43953 ], [ -64.20736, -31.43986 ], [ -64.20779, -31.43977 ], [ -64.20655, -31.43747 ], [ -64.20291, -31.43815 ], [ -64.20352, -31.44047 ] ] ] } },
{ "type": "Feature", "properties": { "indice_acceso": 0.739 }, "geometry": { "type": "Polygon", "coordinates": [ [ [ -64.20038, -31.44105 ], [ -64.20138, -31.44086 ], [ -64.20171, -31.44223 ], [ -64.20576, -31.44158 ], [ -64.20563, -31.44107 ], [ -64.20439, -31.44109 ], [ -64.20416, -31.44035 ], [ -64.20352, -31.44047 ], [ -64.20275, -31.43753 ], [ -64.19961, -31.43813 ], [ -64.20038, -31.44105 ] ] ] } },
{ "type": "Feature", "properties": { "indice_acceso": 0.71 }, "geometry": { "type": "Polygon", "coordinates": [ [ [ -64.19688, -31.43929 ], [ -64.19643, -31.43818 ], [ -64.19593, -31.43835 ], [ -64.1975, -31.44305 ], [ -64.20171, -31.44223 ], [ -64.20138, -31.44086 ], [ -64.20038, -31.44105 ], [ -64.19961, -31.43813 ], [ -64.19791, -31.43845 ], [ -64.19809, -31.43891 ], [ -64.19688, -31.43929 ] ] ] } },
{ "type": "Feature", "properties": { "indice_acceso": 0.743 }, "geometry": { "type": "Polygon", "coordinates": [ [ [ -64.20727, -31.43953 ], [ -64.20409, -31.4401 ], [ -64.20439, -31.44109 ], [ -64.20563, -31.44107 ], [ -64.20576, -31.44158 ], [ -64.20781, -31.4417 ], [ -64.21007, -31.44125 ], [ -64.20973, -31.44003 ], [ -64.2109, -31.43977 ], [ -64.2102, -31.43929 ], [ -64.20736, -31.43986 ], [ -64.20727, -31.43953 ] ] ] } },
{ "type": "Feature", "properties": { "indice_acceso": 0.738 }, "geometry": { "type": "Polygon", "coordinates": [ [ [ -64.21043, -31.44247 ], [ -64.20864, -31.44285 ], [ -64.2088, -31.44343 ], [ -64.21431, -31.44236 ], [ -64.21399, -31.44109 ], [ -64.213, -31.44129 ], [ -64.2109, -31.43977 ], [ -64.20973, -31.44003 ], [ -64.21043, -31.44247 ] ] ] } },
{ "type": "Feature", "properties": { "indice_acceso": 0.732 }, "geometry": { "type": "Polygon", "coordinates": [ [ [ -64.21431, -31.44236 ], [ -64.2088, -31.44343 ], [ -64.20928, -31.44537 ], [ -64.21527, -31.44608 ], [ -64.21431, -31.44236 ] ] ] } },
{ "type": "Feature", "properties": { "indice_acceso": 0.739 }, "geometry": { "type": "Polygon", "coordinates": [ [ [ -64.20576, -31.44158 ], [ -64.206, -31.44327 ], [ -64.20575, -31.44494 ], [ -64.20928, -31.44537 ], [ -64.20864, -31.44285 ], [ -64.21043, -31.44247 ], [ -64.21007, -31.44125 ], [ -64.20799, -31.44167 ], [ -64.20576, -31.44158 ] ] ] } },
{ "type": "Feature", "properties": { "indice_acceso": 0.72 }, "geometry": { "type": "Polygon", "coordinates": [ [ [ -64.20575, -31.44494 ], [ -64.206, -31.44327 ], [ -64.20576, -31.44158 ], [ -64.1975, -31.44305 ], [ -64.1978, -31.44399 ], [ -64.20575, -31.44494 ] ] ] } },
{ "type": "Feature", "properties": { "indice_acceso": 0.648 }, "geometry": { "type": "Polygon", "coordinates": [ [ [ -64.21052, -31.44567 ], [ -64.21045, -31.4462 ], [ -64.21129, -31.44915 ], [ -64.21074, -31.44928 ], [ -64.21096, -31.45006 ], [ -64.2126, -31.44977 ], [ -64.21244, -31.44922 ], [ -64.21608, -31.44852 ], [ -64.21527, -31.44608 ], [ -64.21052, -31.44567 ] ] ] } },
{ "type": "Feature", "properties": { "indice_acceso": 0.712 }, "geometry": { "type": "Polygon", "coordinates": [ [ [ -64.20566, -31.44799 ], [ -64.21069, -31.44696 ], [ -64.21052, -31.44567 ], [ -64.21119, -31.4456 ], [ -64.20424, -31.44476 ], [ -64.20481, -31.44497 ], [ -64.20566, -31.44799 ] ] ] } },
{ "type": "Feature", "properties": { "indice_acceso": 0.706 }, "geometry": { "type": "Polygon", "coordinates": [ [ [ -64.20558, -31.44805 ], [ -64.20552, -31.44745 ], [ -64.20481, -31.44497 ], [ -64.20227, -31.44453 ], [ -64.20331, -31.44851 ], [ -64.20558, -31.44805 ] ] ] } },
{ "type": "Feature", "properties": { "indice_acceso": 0.706 }, "geometry": { "type": "Polygon", "coordinates": [ [ [ -64.20331, -31.44851 ], [ -64.20227, -31.44453 ], [ -64.1978, -31.44399 ], [ -64.19958, -31.44927 ], [ -64.20331, -31.44851 ] ] ] } },
{ "type": "Feature", "properties": { "indice_acceso": 0.713 }, "geometry": { "type": "Polygon", "coordinates": [ [ [ -64.19622, -31.44772 ], [ -64.19744, -31.4476 ], [ -64.19789, -31.44954 ], [ -64.19958, -31.44927 ], [ -64.19816, -31.44513 ], [ -64.19583, -31.44554 ], [ -64.19622, -31.44772 ] ] ] } },
{ "type": "Feature", "properties": { "indice_acceso": 0.713 }, "geometry": { "type": "Polygon", "coordinates": [ [ [ -64.19428, -31.44797 ], [ -64.19622, -31.44772 ], [ -64.19583, -31.44554 ], [ -64.19816, -31.44513 ], [ -64.1978, -31.44399 ], [ -64.19348, -31.44347 ], [ -64.19428, -31.44797 ] ] ] } },
{ "type": "Feature", "properties": { "indice_acceso": 0.71 }, "geometry": { "type": "Polygon", "coordinates": [ [ [ -64.194, -31.44586 ], [ -64.19348, -31.44347 ], [ -64.18931, -31.44297 ], [ -64.18929, -31.44664 ], [ -64.194, -31.44586 ] ] ] } },
{ "type": "Feature", "properties": { "indice_acceso": 0.703 }, "geometry": { "type": "Polygon", "coordinates": [ [ [ -64.18929, -31.44664 ], [ -64.18931, -31.44297 ], [ -64.18679, -31.44265 ], [ -64.18674, -31.44662 ], [ -64.18929, -31.44664 ] ] ] } },
{ "type": "Feature", "properties": { "indice_acceso": 0.696 }, "geometry": { "type": "Polygon", "coordinates": [ [ [ -64.18897, -31.44918 ], [ -64.18838, -31.44665 ], [ -64.18674, -31.44662 ], [ -64.18671, -31.44954 ], [ -64.18897, -31.44918 ] ] ] } },
{ "type": "Feature", "properties": { "indice_acceso": 0.697 }, "geometry": { "type": "Polygon", "coordinates": [ [ [ -64.19119, -31.45121 ], [ -64.18995, -31.44665 ], [ -64.18838, -31.44665 ], [ -64.18959, -31.45152 ], [ -64.19119, -31.45121 ] ] ] } },
{ "type": "Feature", "properties": { "indice_acceso": 0.706 }, "geometry": { "type": "Polygon", "coordinates": [ [ [ -64.19428, -31.44797 ], [ -64.194, -31.44586 ], [ -64.18995, -31.44665 ], [ -64.19052, -31.44887 ], [ -64.19428, -31.44797 ] ] ] } },
{ "type": "Feature", "properties": { "indice_acceso": 0.704 }, "geometry": { "type": "Polygon", "coordinates": [ [ [ -64.19119, -31.45121 ], [ -64.19455, -31.45055 ], [ -64.19428, -31.44797 ], [ -64.19052, -31.44887 ], [ -64.19119, -31.45121 ] ] ] } },
{ "type": "Feature", "properties": { "indice_acceso": 0.71 }, "geometry": { "type": "Polygon", "coordinates": [ [ [ -64.19479, -31.45143 ], [ -64.19992, -31.45042 ], [ -64.19958, -31.44927 ], [ -64.19789, -31.44954 ], [ -64.19744, -31.4476 ], [ -64.19428, -31.44797 ], [ -64.19479, -31.45143 ] ] ] } },
{ "type": "Feature", "properties": { "indice_acceso": 0.702 }, "geometry": { "type": "Polygon", "coordinates": [ [ [ -64.20073, -31.45304 ], [ -64.19992, -31.45042 ], [ -64.19479, -31.45143 ], [ -64.19551, -31.45409 ], [ -64.20073, -31.45304 ] ] ] } },
{ "type": "Feature", "properties": { "indice_acceso": 0.705 }, "geometry": { "type": "Polygon", "coordinates": [ [ [ -64.20039, -31.45167 ], [ -64.20055, -31.45094 ], [ -64.2021, -31.45104 ], [ -64.20628, -31.45019 ], [ -64.20566, -31.44799 ], [ -64.19958, -31.44927 ], [ -64.20039, -31.45167 ] ] ] } },
{ "type": "Feature", "properties": { "indice_acceso": 0.707 }, "geometry": { "type": "Polygon", "coordinates": [ [ [ -64.20055, -31.45094 ], [ -64.20039, -31.45167 ], [ -64.20073, -31.45304 ], [ -64.20674, -31.45182 ], [ -64.20628, -31.45019 ], [ -64.20228, -31.451 ], [ -64.20055, -31.45094 ] ] ] } },
{ "type": "Feature", "properties": { "indice_acceso": 0.701 }, "geometry": { "type": "Polygon", "coordinates": [ [ [ -64.20799, -31.45064 ], [ -64.20776, -31.44986 ], [ -64.21129, -31.44915 ], [ -64.21069, -31.44696 ], [ -64.20566, -31.44799 ], [ -64.20648, -31.45094 ], [ -64.20799, -31.45064 ] ] ] } },
{ "type": "Feature", "properties": { "indice_acceso": 0.624 }, "geometry": { "type": "Polygon", "coordinates": [ [ [ -64.20687, -31.45228 ], [ -64.20745, -31.45216 ], [ -64.20761, -31.45274 ], [ -64.21163, -31.45192 ], [ -64.21074, -31.44928 ], [ -64.20776, -31.44986 ], [ -64.20799, -31.45064 ], [ -64.20648, -31.45094 ], [ -64.20687, -31.45228 ] ] ] } },
{ "type": "Feature", "properties": { "indice_acceso": 0.595 }, "geometry": { "type": "Polygon", "coordinates": [ [ [ -64.21163, -31.45192 ], [ -64.21277, -31.45173 ], [ -64.2131, -31.4514 ], [ -64.21667, -31.45068 ], [ -64.21608, -31.44852 ], [ -64.21244, -31.44922 ], [ -64.2126, -31.44977 ], [ -64.21096, -31.45006 ], [ -64.21163, -31.45192 ] ] ] } },
{ "type": "Feature", "properties": { "indice_acceso": 0.688 }, "geometry": { "type": "Polygon", "coordinates": [ [ [ -64.18671, -31.44954 ], [ -64.18668, -31.45209 ], [ -64.18959, -31.45152 ], [ -64.18897, -31.44918 ], [ -64.18671, -31.44954 ] ] ] } },
{ "type": "Feature", "properties": { "indice_acceso": 0.722 }, "geometry": { "type": "Polygon", "coordinates": [ [ [ -64.18677, -31.44487 ], [ -64.18679, -31.44265 ], [ -64.1826, -31.44216 ], [ -64.18277, -31.44475 ], [ -64.18677, -31.44487 ] ] ] } },
{ "type": "Feature", "properties": { "indice_acceso": 0.721 }, "geometry": { "type": "Polygon", "coordinates": [ [ [ -64.17981, -31.44308 ], [ -64.17982, -31.44198 ], [ -64.17667, -31.44166 ], [ -64.17667, -31.44254 ], [ -64.1779, -31.4427 ], [ -64.17823, -31.44308 ], [ -64.17981, -31.44308 ] ] ] } },
{ "type": "Feature", "properties": { "indice_acceso": 0.72 }, "geometry": { "type": "Polygon", "coordinates": [ [ [ -64.17399, -31.44251 ], [ -64.17354, -31.44245 ], [ -64.17372, -31.44309 ], [ -64.17666, -31.44345 ], [ -64.17667, -31.44148 ], [ -64.17425, -31.44119 ], [ -64.17399, -31.44251 ] ] ] } },
{ "type": "Feature", "properties": { "indice_acceso": 0.721 }, "geometry": { "type": "Polygon", "coordinates": [ [ [ -64.17091, -31.44288 ], [ -64.17205, -31.44289 ], [ -64.17206, -31.44525 ], [ -64.17372, -31.44509 ], [ -64.17354, -31.44245 ], [ -64.17399, -31.44251 ], [ -64.17425, -31.44119 ], [ -64.17071, -31.44074 ], [ -64.17091, -31.44288 ] ] ] } },
{ "type": "Feature", "properties": { "indice_acceso": 0.745 }, "geometry": { "type": "Polygon", "coordinates": [ [ [ -64.16875, -31.44432 ], [ -64.1709, -31.44431 ], [ -64.1709, -31.44524 ], [ -64.17206, -31.44525 ], [ -64.17205, -31.44289 ], [ -64.17091, -31.44288 ], [ -64.17071, -31.44074 ], [ -64.16877, -31.44053 ], [ -64.16875, -31.44432 ] ] ] } },
{ "type": "Feature", "properties": { "indice_acceso": 0.743 }, "geometry": { "type": "Polygon", "coordinates": [ [ [ -64.16875, -31.44432 ], [ -64.16876, -31.44668 ], [ -64.17299, -31.44667 ], [ -64.17298, -31.44525 ], [ -64.1709, -31.44524 ], [ -64.1709, -31.44431 ], [ -64.16875, -31.44432 ] ] ] } },
{ "type": "Feature", "properties": { "indice_acceso": 0.721 }, "geometry": { "type": "Polygon", "coordinates": [ [ [ -64.17299, -31.44667 ], [ -64.17667, -31.44666 ], [ -64.17667, -31.44575 ], [ -64.1751, -31.44574 ], [ -64.17506, -31.44484 ], [ -64.17372, -31.44483 ], [ -64.17372, -31.44509 ], [ -64.17301, -31.44511 ], [ -64.17299, -31.44667 ] ] ] } },
{ "type": "Feature", "properties": { "indice_acceso": 0.725 }, "geometry": { "type": "Polygon", "coordinates": [ [ [ -64.17666, -31.44345 ], [ -64.17372, -31.44309 ], [ -64.17372, -31.44483 ], [ -64.17506, -31.44484 ], [ -64.1751, -31.44574 ], [ -64.17666, -31.44575 ], [ -64.17666, -31.44345 ] ] ] } },
{ "type": "Feature", "properties": { "indice_acceso": 0.721 }, "geometry": { "type": "Polygon", "coordinates": [ [ [ -64.17666, -31.44487 ], [ -64.18138, -31.44488 ], [ -64.1814, -31.44312 ], [ -64.17823, -31.44308 ], [ -64.1779, -31.4427 ], [ -64.17667, -31.44254 ], [ -64.17666, -31.44487 ] ] ] } },
{ "type": "Feature", "properties": { "indice_acceso": 0.716 }, "geometry": { "type": "Polygon", "coordinates": [ [ [ -64.17667, -31.44666 ], [ -64.18137, -31.44658 ], [ -64.18138, -31.44488 ], [ -64.17666, -31.44487 ], [ -64.17667, -31.44666 ] ] ] } },
{ "type": "Feature", "properties": { "indice_acceso": 0.718 }, "geometry": { "type": "Polygon", "coordinates": [ [ [ -64.18138, -31.44488 ], [ -64.18126, -31.44665 ], [ -64.18674, -31.44662 ], [ -64.18677, -31.44487 ], [ -64.18138, -31.44488 ] ] ] } },
{ "type": "Feature", "properties": { "indice_acceso": 0.696 }, "geometry": { "type": "Polygon", "coordinates": [ [ [ -64.18376, -31.44664 ], [ -64.18377, -31.45071 ], [ -64.18301, -31.45088 ], [ -64.1867, -31.45087 ], [ -64.18674, -31.44662 ], [ -64.18376, -31.44664 ] ] ] } },
{ "type": "Feature", "properties": { "indice_acceso": 0.701 }, "geometry": { "type": "Polygon", "coordinates": [ [ [ -64.18377, -31.45071 ], [ -64.18376, -31.44664 ], [ -64.18211, -31.44665 ], [ -64.18209, -31.45073 ], [ -64.18118, -31.45088 ], [ -64.18377, -31.45071 ] ] ] } },
{ "type": "Feature", "properties": { "indice_acceso": 0.696 }, "geometry": { "type": "Polygon", "coordinates": [ [ [ -64.17936, -31.44665 ], [ -64.17936, -31.45076 ], [ -64.17841, -31.45089 ], [ -64.18209, -31.45073 ], [ -64.18211, -31.44665 ], [ -64.17936, -31.44665 ] ] ] } },
{ "type": "Feature", "properties": { "indice_acceso": 0.704 }, "geometry": { "type": "Polygon", "coordinates": [ [ [ -64.17936, -31.45076 ], [ -64.17936, -31.44665 ], [ -64.17661, -31.44672 ], [ -64.17647, -31.4508 ], [ -64.17936, -31.45076 ] ] ] } },
{ "type": "Feature", "properties": { "indice_acceso": 0.71 }, "geometry": { "type": "Polygon", "coordinates": [ [ [ -64.17249, -31.44667 ], [ -64.1726, -31.44989 ], [ -64.17662, -31.44987 ], [ -64.17667, -31.44666 ], [ -64.17249, -31.44667 ] ] ] } },
{ "type": "Feature", "properties": { "indice_acceso": 0.718 }, "geometry": { "type": "Polygon", "coordinates": [ [ [ -64.1726, -31.44989 ], [ -64.17249, -31.44667 ], [ -64.16876, -31.44668 ], [ -64.16878, -31.44991 ], [ -64.1726, -31.44989 ] ] ] } },
{ "type": "Feature", "properties": { "indice_acceso": 0.719 }, "geometry": { "type": "Polygon", "coordinates": [ [ [ -64.1826, -31.44216 ], [ -64.17667, -31.44148 ], [ -64.17982, -31.44198 ], [ -64.17981, -31.44308 ], [ -64.1814, -31.44312 ], [ -64.18138, -31.44488 ], [ -64.18274, -31.44489 ], [ -64.1826, -31.44216 ] ] ] } },
{ "type": "Feature", "properties": { "indice_acceso": 0.723 }, "geometry": { "type": "Polygon", "coordinates": [ [ [ -64.16204, -31.44184 ], [ -64.16662, -31.44187 ], [ -64.16662, -31.44148 ], [ -64.16723, -31.44148 ], [ -64.16723, -31.44268 ], [ -64.16875, -31.44273 ], [ -64.16877, -31.44053 ], [ -64.1619, -31.44038 ], [ -64.16204, -31.44184 ] ] ] } },
{ "type": "Feature", "properties": { "indice_acceso": 0.712 }, "geometry": { "type": "Polygon", "coordinates": [ [ [ -64.16273, -31.44184 ], [ -64.16273, -31.44363 ], [ -64.16875, -31.44366 ], [ -64.16875, -31.44273 ], [ -64.16723, -31.44268 ], [ -64.16723, -31.44148 ], [ -64.16662, -31.44148 ], [ -64.16662, -31.44176 ], [ -64.16273, -31.44184 ] ] ] } },
{ "type": "Feature", "properties": { "indice_acceso": 0.745 }, "geometry": { "type": "Polygon", "coordinates": [ [ [ -64.15911, -31.44452 ], [ -64.16273, -31.44468 ], [ -64.16273, -31.44184 ], [ -64.16204, -31.44184 ], [ -64.1619, -31.44038 ], [ -64.15916, -31.44038 ], [ -64.15911, -31.44452 ] ] ] } },
{ "type": "Feature", "properties": { "indice_acceso": 0.779 }, "geometry": { "type": "Polygon", "coordinates": [ [ [ -64.15912, -31.44392 ], [ -64.15916, -31.44038 ], [ -64.15551, -31.4404 ], [ -64.15497, -31.44203 ], [ -64.15496, -31.4439 ], [ -64.15912, -31.44392 ] ] ] } },
{ "type": "Feature", "properties": { "indice_acceso": 0.81 }, "geometry": { "type": "Polygon", "coordinates": [ [ [ -64.15256, -31.44577 ], [ -64.15256, -31.44514 ], [ -64.15495, -31.44516 ], [ -64.15497, -31.44203 ], [ -64.15551, -31.4404 ], [ -64.15061, -31.44115 ], [ -64.15256, -31.44577 ] ] ] } },
{ "type": "Feature", "properties": { "indice_acceso": 0.817 }, "geometry": { "type": "Polygon", "coordinates": [ [ [ -64.14854, -31.44199 ], [ -64.14911, -31.44177 ], [ -64.15092, -31.44432 ], [ -64.15169, -31.44641 ], [ -64.15179, -31.44813 ], [ -64.15493, -31.44816 ], [ -64.15495, -31.44516 ], [ -64.15256, -31.44514 ], [ -64.15256, -31.44577 ], [ -64.15061, -31.44115 ], [ -64.14854, -31.44199 ] ] ] } },
{ "type": "Feature", "properties": { "indice_acceso": 0.81 }, "geometry": { "type": "Polygon", "coordinates": [ [ [ -64.14836, -31.44826 ], [ -64.15179, -31.44813 ], [ -64.15169, -31.44641 ], [ -64.15114, -31.44484 ], [ -64.15027, -31.4431 ], [ -64.14911, -31.44177 ], [ -64.14845, -31.4421 ], [ -64.14836, -31.44826 ] ] ] } },
{ "type": "Feature", "properties": { "indice_acceso": 0.793 }, "geometry": { "type": "Polygon", "coordinates": [ [ [ -64.15493, -31.44642 ], [ -64.15912, -31.44644 ], [ -64.15919, -31.44713 ], [ -64.1606, -31.44716 ], [ -64.16062, -31.44594 ], [ -64.16272, -31.44595 ], [ -64.16273, -31.44468 ], [ -64.15964, -31.44471 ], [ -64.15911, -31.44452 ], [ -64.15912, -31.44392 ], [ -64.15496, -31.4439 ], [ -64.15493, -31.44642 ] ] ] } },
{ "type": "Feature", "properties": { "indice_acceso": 0.733 }, "geometry": { "type": "Polygon", "coordinates": [ [ [ -64.16272, -31.44595 ], [ -64.16657, -31.44597 ], [ -64.16657, -31.44563 ], [ -64.16877, -31.44567 ], [ -64.16875, -31.44366 ], [ -64.16273, -31.44363 ], [ -64.16272, -31.44595 ] ] ] } },
{ "type": "Feature", "properties": { "indice_acceso": 0.724 }, "geometry": { "type": "Polygon", "coordinates": [ [ [ -64.16657, -31.44597 ], [ -64.16272, -31.44595 ], [ -64.16272, -31.44811 ], [ -64.16877, -31.44778 ], [ -64.16877, -31.44567 ], [ -64.16657, -31.44563 ], [ -64.16657, -31.44597 ] ] ] } },
{ "type": "Feature", "properties": { "indice_acceso": 0.768 }, "geometry": { "type": "Polygon", "coordinates": [ [ [ -64.1606, -31.44716 ], [ -64.15919, -31.44713 ], [ -64.15912, -31.44644 ], [ -64.15493, -31.44642 ], [ -64.15493, -31.44816 ], [ -64.16272, -31.44811 ], [ -64.16272, -31.44595 ], [ -64.16062, -31.44594 ], [ -64.1606, -31.44716 ] ] ] } },
{ "type": "Feature", "properties": { "indice_acceso": 0.749 }, "geometry": { "type": "Polygon", "coordinates": [ [ [ -64.15493, -31.44816 ], [ -64.15496, -31.44867 ], [ -64.15632, -31.44867 ], [ -64.1565, -31.45317 ], [ -64.15847, -31.45315 ], [ -64.15847, -31.44813 ], [ -64.15493, -31.44816 ] ] ] } },
{ "type": "Feature", "properties": { "indice_acceso": 0.748 }, "geometry": { "type": "Polygon", "coordinates": [ [ [ -64.15847, -31.44813 ], [ -64.15848, -31.44973 ], [ -64.16319, -31.44963 ], [ -64.16361, -31.44903 ], [ -64.16341, -31.4481 ], [ -64.15847, -31.44813 ] ] ] } },
{ "type": "Feature", "properties": { "indice_acceso": 0.736 }, "geometry": { "type": "Polygon", "coordinates": [ [ [ -64.15848, -31.44973 ], [ -64.15847, -31.45132 ], [ -64.16216, -31.45122 ], [ -64.16319, -31.44963 ], [ -64.15848, -31.44973 ] ] ] } },
{ "type": "Feature", "properties": { "indice_acceso": 0.725 }, "geometry": { "type": "Polygon", "coordinates": [ [ [ -64.16341, -31.4481 ], [ -64.16361, -31.44903 ], [ -64.16216, -31.45122 ], [ -64.16507, -31.45117 ], [ -64.16508, -31.45024 ], [ -64.16877, -31.45023 ], [ -64.16877, -31.44778 ], [ -64.16341, -31.4481 ] ] ] } },
{ "type": "Feature", "properties": { "indice_acceso": 0.724 }, "geometry": { "type": "Polygon", "coordinates": [ [ [ -64.16508, -31.45024 ], [ -64.16508, -31.45246 ], [ -64.16809, -31.45247 ], [ -64.16876, -31.4521 ], [ -64.16877, -31.45023 ], [ -64.16508, -31.45024 ] ] ] } },
{ "type": "Feature", "properties": { "indice_acceso": 0.708 }, "geometry": { "type": "Polygon", "coordinates": [ [ [ -64.16216, -31.45122 ], [ -64.16134, -31.45312 ], [ -64.16301, -31.45313 ], [ -64.16302, -31.45407 ], [ -64.16876, -31.45404 ], [ -64.16876, -31.4521 ], [ -64.16809, -31.45247 ], [ -64.16508, -31.45246 ], [ -64.16507, -31.45117 ], [ -64.16216, -31.45122 ] ] ] } },
{ "type": "Feature", "properties": { "indice_acceso": 0.725 }, "geometry": { "type": "Polygon", "coordinates": [ [ [ -64.15847, -31.45132 ], [ -64.15847, -31.45315 ], [ -64.16134, -31.45312 ], [ -64.16216, -31.45122 ], [ -64.15847, -31.45132 ] ] ] } },
{ "type": "Feature", "properties": { "indice_acceso": 0.712 }, "geometry": { "type": "Polygon", "coordinates": [ [ [ -64.14836, -31.44826 ], [ -64.14814, -31.45862 ], [ -64.16022, -31.45857 ], [ -64.16043, -31.45558 ], [ -64.16134, -31.45312 ], [ -64.1565, -31.45317 ], [ -64.15632, -31.44867 ], [ -64.15496, -31.44867 ], [ -64.15493, -31.44816 ], [ -64.14836, -31.44826 ] ] ] } },
{ "type": "Feature", "properties": { "indice_acceso": 0.701 }, "geometry": { "type": "Polygon", "coordinates": [ [ [ -64.16043, -31.45558 ], [ -64.1603, -31.45743 ], [ -64.16267, -31.45741 ], [ -64.16266, -31.45466 ], [ -64.16302, -31.45407 ], [ -64.16301, -31.45313 ], [ -64.16134, -31.45312 ], [ -64.16043, -31.45558 ] ] ] } },
{ "type": "Feature", "properties": { "indice_acceso": 0.669 }, "geometry": { "type": "Polygon", "coordinates": [ [ [ -64.16281, -31.45405 ], [ -64.16267, -31.45741 ], [ -64.1603, -31.45743 ], [ -64.16022, -31.45857 ], [ -64.1688, -31.4584 ], [ -64.16876, -31.45404 ], [ -64.16281, -31.45405 ] ] ] } },
{ "type": "Feature", "properties": { "indice_acceso": 0.803 }, "geometry": { "type": "Polygon", "coordinates": [ [ [ -64.14195, -31.44473 ], [ -64.14221, -31.4452 ], [ -64.14863, -31.44179 ], [ -64.14842, -31.44153 ], [ -64.14411, -31.44151 ], [ -64.14411, -31.44112 ], [ -64.14196, -31.44112 ], [ -64.14195, -31.44473 ] ] ] } },
{ "type": "Feature", "properties": { "indice_acceso": 0.792 }, "geometry": { "type": "Polygon", "coordinates": [ [ [ -64.13783, -31.44113 ], [ -64.13783, -31.44254 ], [ -64.13908, -31.44253 ], [ -64.13908, -31.44406 ], [ -64.14052, -31.44405 ], [ -64.14051, -31.44472 ], [ -64.14195, -31.44473 ], [ -64.14196, -31.44112 ], [ -64.13783, -31.44113 ] ] ] } },
{ "type": "Feature", "properties": { "indice_acceso": 0.737 }, "geometry": { "type": "Polygon", "coordinates": [ [ [ -64.13045, -31.44117 ], [ -64.13048, -31.44253 ], [ -64.13783, -31.44254 ], [ -64.13783, -31.44113 ], [ -64.13045, -31.44117 ] ] ] } },
{ "type": "Feature", "properties": { "indice_acceso": 0.694 }, "geometry": { "type": "Polygon", "coordinates": [ [ [ -64.13043, -31.44694 ], [ -64.13108, -31.44744 ], [ -64.13384, -31.44716 ], [ -64.13329, -31.44409 ], [ -64.13672, -31.44361 ], [ -64.13673, -31.44254 ], [ -64.13048, -31.44253 ], [ -64.13043, -31.44694 ] ] ] } },
{ "type": "Feature", "properties": { "indice_acceso": 0.756 }, "geometry": { "type": "Polygon", "coordinates": [ [ [ -64.13673, -31.44254 ], [ -64.13672, -31.44361 ], [ -64.13329, -31.44409 ], [ -64.13384, -31.44716 ], [ -64.13629, -31.44694 ], [ -64.13628, -31.44856 ], [ -64.14221, -31.4452 ], [ -64.14195, -31.44473 ], [ -64.14051, -31.44472 ], [ -64.14052, -31.44405 ], [ -64.13908, -31.44406 ], [ -64.13908, -31.44253 ], [ -64.13673, -31.44254 ] ] ] } },
{ "type": "Feature", "properties": { "indice_acceso": 0.79 }, "geometry": { "type": "Polygon", "coordinates": [ [ [ -64.14682, -31.44489 ], [ -64.14685, -31.44258 ], [ -64.14085, -31.44599 ], [ -64.14207, -31.44756 ], [ -64.14682, -31.44489 ] ] ] } },
{ "type": "Feature", "properties": { "indice_acceso": 0.756 }, "geometry": { "type": "Polygon", "coordinates": [ [ [ -64.14098, -31.45349 ], [ -64.14346, -31.45352 ], [ -64.14352, -31.45119 ], [ -64.14487, -31.4512 ], [ -64.14496, -31.44825 ], [ -64.14836, -31.44826 ], [ -64.14863, -31.44179 ], [ -64.14685, -31.44258 ], [ -64.14682, -31.44489 ], [ -64.14117, -31.44813 ], [ -64.14098, -31.45349 ] ] ] } },
{ "type": "Feature", "properties": { "indice_acceso": 0.707 }, "geometry": { "type": "Polygon", "coordinates": [ [ [ -64.14487, -31.4512 ], [ -64.14352, -31.45119 ], [ -64.14346, -31.45352 ], [ -64.14824, -31.45356 ], [ -64.14836, -31.44826 ], [ -64.14496, -31.44825 ], [ -64.14487, -31.4512 ] ] ] } },
{ "type": "Feature", "properties": { "indice_acceso": 0.738 }, "geometry": { "type": "Polygon", "coordinates": [ [ [ -64.14117, -31.44813 ], [ -64.14207, -31.44756 ], [ -64.14085, -31.44599 ], [ -64.13518, -31.44921 ], [ -64.13588, -31.45018 ], [ -64.1411, -31.45031 ], [ -64.14117, -31.44813 ] ] ] } },
{ "type": "Feature", "properties": { "indice_acceso": 0.706 }, "geometry": { "type": "Polygon", "coordinates": [ [ [ -64.13757, -31.45148 ], [ -64.13763, -31.45341 ], [ -64.14098, -31.45349 ], [ -64.1411, -31.45031 ], [ -64.13799, -31.45022 ], [ -64.13796, -31.45144 ], [ -64.13757, -31.45148 ] ] ] } },
{ "type": "Feature", "properties": { "indice_acceso": 0.729 }, "geometry": { "type": "Polygon", "coordinates": [ [ [ -64.12791, -31.4533 ], [ -64.12716, -31.45379 ], [ -64.13189, -31.45123 ], [ -64.13249, -31.45122 ], [ -64.13315, -31.45202 ], [ -64.13309, -31.45331 ], [ -64.13763, -31.45341 ], [ -64.13757, -31.45148 ], [ -64.13796, -31.45149 ], [ -64.13799, -31.45022 ], [ -64.13588, -31.45018 ], [ -64.13518, -31.44921 ], [ -64.12791, -31.4533 ] ] ] } },
{ "type": "Feature", "properties": { "indice_acceso": 0.74 }, "geometry": { "type": "Polygon", "coordinates": [ [ [ -64.12721, -31.45385 ], [ -64.12795, -31.45478 ], [ -64.12799, -31.45529 ], [ -64.13183, -31.45328 ], [ -64.13309, -31.45331 ], [ -64.13315, -31.45202 ], [ -64.13249, -31.45122 ], [ -64.13189, -31.45123 ], [ -64.12721, -31.45385 ] ] ] } },
{ "type": "Feature", "properties": { "indice_acceso": 0.72 }, "geometry": { "type": "Polygon", "coordinates": [ [ [ -64.12837, -31.45529 ], [ -64.13484, -31.4552 ], [ -64.13469, -31.45335 ], [ -64.13183, -31.45328 ], [ -64.12837, -31.45529 ] ] ] } },
{ "type": "Feature", "properties": { "indice_acceso": 0.704 }, "geometry": { "type": "Polygon", "coordinates": [ [ [ -64.13484, -31.4552 ], [ -64.1355, -31.45523 ], [ -64.13534, -31.46028 ], [ -64.14553, -31.46013 ], [ -64.14783, -31.46072 ], [ -64.1487, -31.46017 ], [ -64.14813, -31.45846 ], [ -64.14824, -31.45356 ], [ -64.13469, -31.45335 ], [ -64.13484, -31.4552 ] ] ] } },
{ "type": "Feature", "properties": { "indice_acceso": 0.633 }, "geometry": { "type": "Polygon", "coordinates": [ [ [ -64.11717, -31.44105 ], [ -64.11725, -31.4435 ], [ -64.12209, -31.44344 ], [ -64.12206, -31.44645 ], [ -64.12456, -31.444 ], [ -64.12487, -31.44405 ], [ -64.12466, -31.44389 ], [ -64.1273, -31.44112 ], [ -64.12265, -31.44106 ], [ -64.12234, -31.44076 ], [ -64.12216, -31.4392 ], [ -64.11871, -31.44105 ], [ -64.11717, -31.44105 ] ] ] } },
{ "type": "Feature", "properties": { "indice_acceso": 0.615 }, "geometry": { "type": "Polygon", "coordinates": [ [ [ -64.11729, -31.44548 ], [ -64.12027, -31.44545 ], [ -64.12031, -31.44713 ], [ -64.12084, -31.44753 ], [ -64.12206, -31.44645 ], [ -64.12209, -31.44344 ], [ -64.11725, -31.4435 ], [ -64.11729, -31.44548 ] ] ] } },
{ "type": "Feature", "properties": { "indice_acceso": 0.62 }, "geometry": { "type": "Polygon", "coordinates": [ [ [ -64.11751, -31.45018 ], [ -64.11743, -31.45094 ], [ -64.11836, -31.44968 ], [ -64.12098, -31.44753 ], [ -64.12031, -31.44713 ], [ -64.12027, -31.44545 ], [ -64.11729, -31.44548 ], [ -64.11751, -31.45018 ] ] ] } },
{ "type": "Feature", "properties": { "indice_acceso": 0.635 }, "geometry": { "type": "Polygon", "coordinates": [ [ [ -64.11182, -31.44109 ], [ -64.11192, -31.44615 ], [ -64.11367, -31.44605 ], [ -64.11376, -31.45111 ], [ -64.11736, -31.45023 ], [ -64.11717, -31.44105 ], [ -64.11182, -31.44109 ] ] ] } },
{ "type": "Feature", "properties": { "indice_acceso": 0.637 }, "geometry": { "type": "Polygon", "coordinates": [ [ [ -64.10786, -31.44458 ], [ -64.11191, -31.44456 ], [ -64.11182, -31.44109 ], [ -64.10782, -31.441 ], [ -64.10786, -31.44458 ] ] ] } },
{ "type": "Feature", "properties": { "indice_acceso": 0.627 }, "geometry": { "type": "Polygon", "coordinates": [ [ [ -64.10131, -31.44778 ], [ -64.10394, -31.44807 ], [ -64.11193, -31.44727 ], [ -64.11191, -31.44456 ], [ -64.10786, -31.44458 ], [ -64.10782, -31.441 ], [ -64.10135, -31.44062 ], [ -64.10131, -31.44778 ] ] ] } },
{ "type": "Feature", "properties": { "indice_acceso": 0.624 }, "geometry": { "type": "Polygon", "coordinates": [ [ [ -64.1013, -31.45091 ], [ -64.10991, -31.45078 ], [ -64.10989, -31.44986 ], [ -64.10924, -31.44987 ], [ -64.10921, -31.44851 ], [ -64.10792, -31.44853 ], [ -64.1079, -31.44783 ], [ -64.10394, -31.44807 ], [ -64.10131, -31.44778 ], [ -64.1013, -31.45091 ] ] ] } },
{ "type": "Feature", "properties": { "indice_acceso": 0.636 }, "geometry": { "type": "Polygon", "coordinates": [ [ [ -64.10792, -31.44853 ], [ -64.10921, -31.44851 ], [ -64.10924, -31.44987 ], [ -64.10989, -31.44986 ], [ -64.10991, -31.45078 ], [ -64.11373, -31.45073 ], [ -64.11367, -31.44605 ], [ -64.11192, -31.44615 ], [ -64.11187, -31.44732 ], [ -64.10789, -31.44767 ], [ -64.10792, -31.44853 ] ] ] } },
{ "type": "Feature", "properties": { "indice_acceso": 0.644 }, "geometry": { "type": "Polygon", "coordinates": [ [ [ -64.11373, -31.45073 ], [ -64.10796, -31.45084 ], [ -64.10798, -31.45412 ], [ -64.11174, -31.45407 ], [ -64.11177, -31.45644 ], [ -64.11743, -31.45094 ], [ -64.11751, -31.45018 ], [ -64.11377, -31.45111 ], [ -64.11373, -31.45073 ] ] ] } },
{ "type": "Feature", "properties": { "indice_acceso": 0.648 }, "geometry": { "type": "Polygon", "coordinates": [ [ [ -64.11177, -31.45644 ], [ -64.11174, -31.45407 ], [ -64.10798, -31.45412 ], [ -64.10807, -31.4599 ], [ -64.11177, -31.45644 ] ] ] } },
{ "type": "Feature", "properties": { "indice_acceso": 0.669 }, "geometry": { "type": "Polygon", "coordinates": [ [ [ -64.12488, -31.44365 ], [ -64.12466, -31.44389 ], [ -64.12487, -31.44405 ], [ -64.12456, -31.444 ], [ -64.11836, -31.44968 ], [ -64.11688, -31.4515 ], [ -64.10807, -31.46005 ], [ -64.10815, -31.46026 ], [ -64.12641, -31.46038 ], [ -64.12603, -31.45439 ], [ -64.13628, -31.44867 ], [ -64.13643, -31.44826 ], [ -64.13629, -31.44694 ], [ -64.13108, -31.44744 ], [ -64.13043, -31.44694 ], [ -64.13045, -31.44117 ], [ -64.12934, -31.44097 ], [ -64.12561, -31.44416 ], [ -64.12488, -31.44365 ] ] ] } },
{ "type": "Feature", "properties": { "indice_acceso": 0.68 }, "geometry": { "type": "Polygon", "coordinates": [ [ [ -64.12641, -31.46038 ], [ -64.12919, -31.46035 ], [ -64.12913, -31.45527 ], [ -64.12799, -31.45529 ], [ -64.12795, -31.45478 ], [ -64.12716, -31.45379 ], [ -64.12603, -31.45439 ], [ -64.12641, -31.46038 ] ] ] } },
{ "type": "Feature", "properties": { "indice_acceso": 0.688 }, "geometry": { "type": "Polygon", "coordinates": [ [ [ -64.13241, -31.46031 ], [ -64.13233, -31.45523 ], [ -64.12913, -31.45527 ], [ -64.12919, -31.46035 ], [ -64.13241, -31.46031 ] ] ] } },
{ "type": "Feature", "properties": { "indice_acceso": 0.688 }, "geometry": { "type": "Polygon", "coordinates": [ [ [ -64.13233, -31.45523 ], [ -64.13241, -31.46031 ], [ -64.13534, -31.46028 ], [ -64.1355, -31.45523 ], [ -64.13233, -31.45523 ] ] ] } },
{ "type": "Feature", "properties": { "indice_acceso": 0.696 }, "geometry": { "type": "Polygon", "coordinates": [ [ [ -64.19096, -31.45291 ], [ -64.19172, -31.45276 ], [ -64.19184, -31.45314 ], [ -64.19508, -31.4525 ], [ -64.19455, -31.45055 ], [ -64.19053, -31.45134 ], [ -64.19096, -31.45291 ] ] ] } },
{ "type": "Feature", "properties": { "indice_acceso": 0.691 }, "geometry": { "type": "Polygon", "coordinates": [ [ [ -64.18671, -31.45432 ], [ -64.18813, -31.45432 ], [ -64.19194, -31.45348 ], [ -64.19172, -31.45276 ], [ -64.19096, -31.45291 ], [ -64.19053, -31.45134 ], [ -64.18668, -31.45209 ], [ -64.18671, -31.45432 ] ] ] } },
{ "type": "Feature", "properties": { "indice_acceso": 0.691 }, "geometry": { "type": "Polygon", "coordinates": [ [ [ -64.18673, -31.45683 ], [ -64.18931, -31.45683 ], [ -64.18906, -31.45593 ], [ -64.1924, -31.45526 ], [ -64.19194, -31.45348 ], [ -64.18813, -31.45432 ], [ -64.18671, -31.45432 ], [ -64.18673, -31.45683 ] ] ] } },
{ "type": "Feature", "properties": { "indice_acceso": 0.689 }, "geometry": { "type": "Polygon", "coordinates": [ [ [ -64.18919, -31.45643 ], [ -64.19578, -31.45511 ], [ -64.19508, -31.4525 ], [ -64.19184, -31.45314 ], [ -64.1924, -31.45526 ], [ -64.18908, -31.45602 ], [ -64.18919, -31.45643 ] ] ] } },
{ "type": "Feature", "properties": { "indice_acceso": 0.692 }, "geometry": { "type": "Polygon", "coordinates": [ [ [ -64.19624, -31.45677 ], [ -64.20093, -31.45615 ], [ -64.20118, -31.45523 ], [ -64.20073, -31.45304 ], [ -64.19551, -31.45409 ], [ -64.19624, -31.45677 ] ] ] } },
{ "type": "Feature", "properties": { "indice_acceso": 0.693 }, "geometry": { "type": "Polygon", "coordinates": [ [ [ -64.18935, -31.45699 ], [ -64.19081, -31.45671 ], [ -64.19109, -31.45764 ], [ -64.19244, -31.45738 ], [ -64.19229, -31.45684 ], [ -64.19279, -31.45674 ], [ -64.19298, -31.45742 ], [ -64.19624, -31.45677 ], [ -64.19578, -31.45511 ], [ -64.18919, -31.45643 ], [ -64.18935, -31.45699 ] ] ] } },
{ "type": "Feature", "properties": { "indice_acceso": 0.69 }, "geometry": { "type": "Polygon", "coordinates": [ [ [ -64.19011, -31.45888 ], [ -64.19003, -31.45951 ], [ -64.19136, -31.45955 ], [ -64.19207, -31.4591 ], [ -64.19218, -31.45854 ], [ -64.19248, -31.45858 ], [ -64.19244, -31.45738 ], [ -64.19109, -31.45764 ], [ -64.19081, -31.45671 ], [ -64.18935, -31.45699 ], [ -64.19011, -31.45888 ] ] ] } },
{ "type": "Feature", "properties": { "indice_acceso": 0.687 }, "geometry": { "type": "Polygon", "coordinates": [ [ [ -64.18673, -31.45683 ], [ -64.18673, -31.4607 ], [ -64.19032, -31.46069 ], [ -64.18993, -31.45951 ], [ -64.19011, -31.45888 ], [ -64.18931, -31.45683 ], [ -64.18673, -31.45683 ] ] ] } },
{ "type": "Feature", "properties": { "indice_acceso": 0.685 }, "geometry": { "type": "Polygon", "coordinates": [ [ [ -64.19207, -31.4591 ], [ -64.19136, -31.45955 ], [ -64.18993, -31.45951 ], [ -64.19032, -31.46069 ], [ -64.18673, -31.4607 ], [ -64.18677, -31.46362 ], [ -64.19112, -31.46357 ], [ -64.19053, -31.46145 ], [ -64.1938, -31.46078 ], [ -64.19334, -31.45908 ], [ -64.19207, -31.4591 ] ] ] } },
{ "type": "Feature", "properties": { "indice_acceso": 0.694 }, "geometry": { "type": "Polygon", "coordinates": [ [ [ -64.19248, -31.45858 ], [ -64.19218, -31.45854 ], [ -64.19207, -31.4591 ], [ -64.19334, -31.45908 ], [ -64.1938, -31.46078 ], [ -64.19714, -31.46011 ], [ -64.19624, -31.45677 ], [ -64.19298, -31.45742 ], [ -64.19279, -31.45674 ], [ -64.19229, -31.45684 ], [ -64.19248, -31.45858 ] ] ] } },
{ "type": "Feature", "properties": { "indice_acceso": 0.636 }, "geometry": { "type": "Polygon", "coordinates": [ [ [ -64.19624, -31.45677 ], [ -64.19808, -31.46366 ], [ -64.19944, -31.46339 ], [ -64.19882, -31.46107 ], [ -64.20147, -31.46055 ], [ -64.2006, -31.45718 ], [ -64.20093, -31.45615 ], [ -64.19624, -31.45677 ] ] ] } },
{ "type": "Feature", "properties": { "indice_acceso": 0.687 }, "geometry": { "type": "Polygon", "coordinates": [ [ [ -64.1935, -31.46217 ], [ -64.19415, -31.46203 ], [ -64.19453, -31.46353 ], [ -64.19787, -31.46285 ], [ -64.19714, -31.46011 ], [ -64.19315, -31.46091 ], [ -64.1935, -31.46217 ] ] ] } },
{ "type": "Feature", "properties": { "indice_acceso": 0.651 }, "geometry": { "type": "Polygon", "coordinates": [ [ [ -64.19112, -31.46357 ], [ -64.18677, -31.46362 ], [ -64.18683, -31.46658 ], [ -64.18739, -31.46777 ], [ -64.19885, -31.46647 ], [ -64.19787, -31.46285 ], [ -64.19453, -31.46353 ], [ -64.19415, -31.46203 ], [ -64.1935, -31.46217 ], [ -64.19315, -31.46091 ], [ -64.19053, -31.46145 ], [ -64.19112, -31.46357 ] ] ] } },
{ "type": "Feature", "properties": { "indice_acceso": 0.628 }, "geometry": { "type": "Polygon", "coordinates": [ [ [ -64.19872, -31.46606 ], [ -64.19983, -31.46583 ], [ -64.20168, -31.46405 ], [ -64.20171, -31.46294 ], [ -64.20212, -31.46287 ], [ -64.20147, -31.46055 ], [ -64.19882, -31.46107 ], [ -64.19944, -31.46339 ], [ -64.19808, -31.46366 ], [ -64.19872, -31.46606 ] ] ] } },
{ "type": "Feature", "properties": { "indice_acceso": 0.603 }, "geometry": { "type": "Polygon", "coordinates": [ [ [ -64.2111, -31.46074 ], [ -64.21105, -31.46116 ], [ -64.2102, -31.46123 ], [ -64.21082, -31.46328 ], [ -64.21608, -31.46226 ], [ -64.2155, -31.45966 ], [ -64.2149, -31.4593 ], [ -64.21278, -31.45859 ], [ -64.21212, -31.46003 ], [ -64.21179, -31.46012 ], [ -64.21184, -31.46069 ], [ -64.2111, -31.46074 ] ] ] } },
{ "type": "Feature", "properties": { "indice_acceso": 0.862 }, "geometry": { "type": "Polygon", "coordinates": [ [ [ -64.21784, -31.46877 ], [ -64.22116, -31.4681 ], [ -64.22033, -31.46492 ], [ -64.22103, -31.46449 ], [ -64.21798, -31.46434 ], [ -64.22097, -31.46394 ], [ -64.22076, -31.46367 ], [ -64.22097, -31.46356 ], [ -64.21965, -31.46235 ], [ -64.2155, -31.45966 ], [ -64.21784, -31.46877 ] ] ] } },
{ "type": "Feature", "properties": { "indice_acceso": 0.634 }, "geometry": { "type": "Polygon", "coordinates": [ [ [ -64.21082, -31.46328 ], [ -64.2107, -31.46296 ], [ -64.20533, -31.46402 ], [ -64.20517, -31.4634 ], [ -64.20326, -31.46378 ], [ -64.20258, -31.46277 ], [ -64.20171, -31.46294 ], [ -64.20168, -31.46405 ], [ -64.20073, -31.46524 ], [ -64.19983, -31.46583 ], [ -64.19872, -31.46606 ], [ -64.19885, -31.46647 ], [ -64.18739, -31.46777 ], [ -64.18812, -31.46936 ], [ -64.18837, -31.47349 ], [ -64.1937, -31.47307 ], [ -64.1938, -31.47366 ], [ -64.21784, -31.46877 ], [ -64.21608, -31.46226 ], [ -64.21082, -31.46328 ] ] ] } },
{ "type": "Feature", "properties": { "indice_acceso": 0.824 }, "geometry": { "type": "Polygon", "coordinates": [ [ [ -64.21834, -31.47213 ], [ -64.21749, -31.46882 ], [ -64.21337, -31.46964 ], [ -64.21396, -31.47301 ], [ -64.21834, -31.47213 ] ] ] } },
{ "type": "Feature", "properties": { "indice_acceso": 0.769 }, "geometry": { "type": "Polygon", "coordinates": [ [ [ -64.21396, -31.47301 ], [ -64.21337, -31.46964 ], [ -64.20185, -31.47197 ], [ -64.20248, -31.47509 ], [ -64.21396, -31.47301 ] ] ] } },
{ "type": "Feature", "properties": { "indice_acceso": 0.662 }, "geometry": { "type": "Polygon", "coordinates": [ [ [ -64.19629, -31.47518 ], [ -64.19627, -31.47764 ], [ -64.19217, -31.47755 ], [ -64.19182, -31.47671 ], [ -64.19121, -31.47689 ], [ -64.19154, -31.47775 ], [ -64.18955, -31.47769 ], [ -64.18951, -31.47714 ], [ -64.1886, -31.47717 ], [ -64.18879, -31.47997 ], [ -64.19232, -31.48002 ], [ -64.19245, -31.4788 ], [ -64.19577, -31.47877 ], [ -64.19599, -31.47992 ], [ -64.19658, -31.4801 ], [ -64.2029, -31.48063 ], [ -64.2025, -31.4752 ], [ -64.20185, -31.47197 ], [ -64.19386, -31.47358 ], [ -64.19389, -31.47514 ], [ -64.19629, -31.47518 ] ] ] } },
{ "type": "Feature", "properties": { "indice_acceso": 0.689 }, "geometry": { "type": "Polygon", "coordinates": [ [ [ -64.1886, -31.47717 ], [ -64.18951, -31.47714 ], [ -64.18955, -31.47769 ], [ -64.19154, -31.47775 ], [ -64.19121, -31.47689 ], [ -64.1923, -31.47656 ], [ -64.1922, -31.47516 ], [ -64.19388, -31.47507 ], [ -64.1937, -31.47307 ], [ -64.18837, -31.47349 ], [ -64.1886, -31.47717 ] ] ] } },
{ "type": "Feature", "properties": { "indice_acceso": 0.696 }, "geometry": { "type": "Polygon", "coordinates": [ [ [ -64.1923, -31.47656 ], [ -64.19182, -31.47671 ], [ -64.19217, -31.47755 ], [ -64.19627, -31.47764 ], [ -64.19629, -31.47518 ], [ -64.1922, -31.47516 ], [ -64.1923, -31.47656 ] ] ] } },
{ "type": "Feature", "properties": { "indice_acceso": 0.751 }, "geometry": { "type": "Polygon", "coordinates": [ [ [ -64.20263, -31.4775 ], [ -64.20809, -31.47733 ], [ -64.2087, -31.47406 ], [ -64.2025, -31.4752 ], [ -64.20263, -31.4775 ] ] ] } },
{ "type": "Feature", "properties": { "indice_acceso": 0.754 }, "geometry": { "type": "Polygon", "coordinates": [ [ [ -64.20883, -31.47659 ], [ -64.21315, -31.47571 ], [ -64.21251, -31.4733 ], [ -64.20879, -31.47405 ], [ -64.20883, -31.47659 ] ] ] } },
{ "type": "Feature", "properties": { "indice_acceso": 0.744 }, "geometry": { "type": "Polygon", "coordinates": [ [ [ -64.21347, -31.47696 ], [ -64.21607, -31.47646 ], [ -64.21631, -31.47612 ], [ -64.21541, -31.47272 ], [ -64.21251, -31.4733 ], [ -64.21347, -31.47696 ] ] ] } },
{ "type": "Feature", "properties": { "indice_acceso": 0.763 }, "geometry": { "type": "Polygon", "coordinates": [ [ [ -64.21933, -31.47581 ], [ -64.21834, -31.47213 ], [ -64.21541, -31.47272 ], [ -64.21631, -31.47612 ], [ -64.21607, -31.47646 ], [ -64.21933, -31.47581 ] ] ] } },
{ "type": "Feature", "properties": { "indice_acceso": 0.734 }, "geometry": { "type": "Polygon", "coordinates": [ [ [ -64.21673, -31.47763 ], [ -64.21746, -31.4775 ], [ -64.2181, -31.47992 ], [ -64.21926, -31.47973 ], [ -64.21926, -31.48011 ], [ -64.22038, -31.48009 ], [ -64.21933, -31.47581 ], [ -64.21607, -31.47646 ], [ -64.21673, -31.47763 ] ] ] } },
{ "type": "Feature", "properties": { "indice_acceso": 0.719 }, "geometry": { "type": "Polygon", "coordinates": [ [ [ -64.21347, -31.47696 ], [ -64.2138, -31.47821 ], [ -64.21453, -31.47806 ], [ -64.21503, -31.4799 ], [ -64.2181, -31.47992 ], [ -64.21746, -31.4775 ], [ -64.21673, -31.47763 ], [ -64.21645, -31.47666 ], [ -64.21566, -31.47653 ], [ -64.21347, -31.47696 ] ] ] } },
{ "type": "Feature", "properties": { "indice_acceso": 0.728 }, "geometry": { "type": "Polygon", "coordinates": [ [ [ -64.2138, -31.47821 ], [ -64.21315, -31.47571 ], [ -64.21024, -31.47629 ], [ -64.21089, -31.47877 ], [ -64.2138, -31.47821 ] ] ] } },
{ "type": "Feature", "properties": { "indice_acceso": 0.721 }, "geometry": { "type": "Polygon", "coordinates": [ [ [ -64.20795, -31.47835 ], [ -64.20951, -31.482 ], [ -64.20988, -31.48246 ], [ -64.21125, -31.48243 ], [ -64.20976, -31.47898 ], [ -64.21089, -31.47877 ], [ -64.21024, -31.47629 ], [ -64.20883, -31.47659 ], [ -64.20879, -31.47405 ], [ -64.20795, -31.47835 ] ] ] } },
{ "type": "Feature", "properties": { "indice_acceso": 0.715 }, "geometry": { "type": "Polygon", "coordinates": [ [ [ -64.20891, -31.48059 ], [ -64.20795, -31.47835 ], [ -64.20809, -31.47733 ], [ -64.20263, -31.4775 ], [ -64.2029, -31.48063 ], [ -64.20891, -31.48059 ] ] ] } },
{ "type": "Feature", "properties": { "indice_acceso": 0.712 }, "geometry": { "type": "Polygon", "coordinates": [ [ [ -64.20959, -31.48246 ], [ -64.20974, -31.48243 ], [ -64.20891, -31.48059 ], [ -64.20293, -31.48071 ], [ -64.20351, -31.48257 ], [ -64.20959, -31.48246 ] ] ] } },
{ "type": "Feature", "properties": { "indice_acceso": 0.71 }, "geometry": { "type": "Polygon", "coordinates": [ [ [ -64.21334, -31.48239 ], [ -64.21235, -31.47849 ], [ -64.20976, -31.47898 ], [ -64.21123, -31.48238 ], [ -64.21334, -31.48239 ] ] ] } },
{ "type": "Feature", "properties": { "indice_acceso": 0.711 }, "geometry": { "type": "Polygon", "coordinates": [ [ [ -64.21334, -31.48239 ], [ -64.21719, -31.48244 ], [ -64.21708, -31.47992 ], [ -64.21503, -31.4799 ], [ -64.21453, -31.47806 ], [ -64.21235, -31.47849 ], [ -64.21334, -31.48239 ] ] ] } },
{ "type": "Feature", "properties": { "indice_acceso": 0.8 }, "geometry": { "type": "Polygon", "coordinates": [ [ [ -64.22722, -31.4695 ], [ -64.22721, -31.46349 ], [ -64.22097, -31.46394 ], [ -64.22183, -31.4651 ], [ -64.22722, -31.4695 ] ] ] } },
{ "type": "Feature", "properties": { "indice_acceso": 0.849 }, "geometry": { "type": "Polygon", "coordinates": [ [ [ -64.21798, -31.46434 ], [ -64.22103, -31.46449 ], [ -64.22033, -31.46492 ], [ -64.22137, -31.46893 ], [ -64.22212, -31.46879 ], [ -64.22225, -31.46941 ], [ -64.22523, -31.46883 ], [ -64.22579, -31.46832 ], [ -64.22183, -31.4651 ], [ -64.22097, -31.46394 ], [ -64.21798, -31.46434 ] ] ] } },
{ "type": "Feature", "properties": { "indice_acceso": 0.862 }, "geometry": { "type": "Polygon", "coordinates": [ [ [ -64.21834, -31.47213 ], [ -64.22423, -31.47097 ], [ -64.22407, -31.47035 ], [ -64.22257, -31.47065 ], [ -64.22212, -31.46879 ], [ -64.22137, -31.46893 ], [ -64.22116, -31.4681 ], [ -64.21749, -31.46882 ], [ -64.21834, -31.47213 ] ] ] } },
{ "type": "Feature", "properties": { "indice_acceso": 0.8 }, "geometry": { "type": "Polygon", "coordinates": [ [ [ -64.22257, -31.47065 ], [ -64.22407, -31.47035 ], [ -64.22423, -31.47097 ], [ -64.22721, -31.47045 ], [ -64.22722, -31.4695 ], [ -64.22579, -31.46832 ], [ -64.22523, -31.46883 ], [ -64.22225, -31.46941 ], [ -64.22257, -31.47065 ] ] ] } },
{ "type": "Feature", "properties": { "indice_acceso": 0.748 }, "geometry": { "type": "Polygon", "coordinates": [ [ [ -64.22569, -31.47068 ], [ -64.22635, -31.47315 ], [ -64.22754, -31.47288 ], [ -64.22934, -31.47132 ], [ -64.22722, -31.4695 ], [ -64.22721, -31.47045 ], [ -64.22569, -31.47068 ] ] ] } },
{ "type": "Feature", "properties": { "indice_acceso": 0.764 }, "geometry": { "type": "Polygon", "coordinates": [ [ [ -64.22635, -31.47315 ], [ -64.22569, -31.47068 ], [ -64.22274, -31.47125 ], [ -64.22343, -31.47371 ], [ -64.22635, -31.47315 ] ] ] } },
{ "type": "Feature", "properties": { "indice_acceso": 0.783 }, "geometry": { "type": "Polygon", "coordinates": [ [ [ -64.22343, -31.47371 ], [ -64.22279, -31.47131 ], [ -64.21834, -31.47213 ], [ -64.219, -31.47457 ], [ -64.22343, -31.47371 ] ] ] } },
{ "type": "Feature", "properties": { "indice_acceso": 0.755 }, "geometry": { "type": "Polygon", "coordinates": [ [ [ -64.21933, -31.47581 ], [ -64.22078, -31.47554 ], [ -64.2211, -31.47679 ], [ -64.22332, -31.47635 ], [ -64.22311, -31.47556 ], [ -64.22248, -31.47523 ], [ -64.22288, -31.47467 ], [ -64.22266, -31.47386 ], [ -64.219, -31.47457 ], [ -64.21933, -31.47581 ] ] ] } },
{ "type": "Feature", "properties": { "indice_acceso": 0.75 }, "geometry": { "type": "Polygon", "coordinates": [ [ [ -64.22332, -31.47635 ], [ -64.22721, -31.47559 ], [ -64.22721, -31.47292 ], [ -64.22266, -31.47386 ], [ -64.22288, -31.47467 ], [ -64.22247, -31.4752 ], [ -64.22332, -31.47635 ] ] ] } },
{ "type": "Feature", "properties": { "indice_acceso": 0.752 }, "geometry": { "type": "Polygon", "coordinates": [ [ [ -64.22364, -31.47759 ], [ -64.22515, -31.4773 ], [ -64.22549, -31.47852 ], [ -64.22721, -31.47815 ], [ -64.22721, -31.47559 ], [ -64.22332, -31.47635 ], [ -64.22364, -31.47759 ] ] ] } },
{ "type": "Feature", "properties": { "indice_acceso": 0.745 }, "geometry": { "type": "Polygon", "coordinates": [ [ [ -64.21999, -31.4783 ], [ -64.22364, -31.47759 ], [ -64.22332, -31.47635 ], [ -64.2211, -31.47679 ], [ -64.22078, -31.47554 ], [ -64.21933, -31.47581 ], [ -64.21999, -31.4783 ] ] ] } },
{ "type": "Feature", "properties": { "indice_acceso": 0.753 }, "geometry": { "type": "Polygon", "coordinates": [ [ [ -64.22549, -31.47852 ], [ -64.22515, -31.4773 ], [ -64.21999, -31.4783 ], [ -64.22032, -31.47952 ], [ -64.22549, -31.47852 ] ] ] } },
{ "type": "Feature", "properties": { "indice_acceso": 0.753 }, "geometry": { "type": "Polygon", "coordinates": [ [ [ -64.22042, -31.47992 ], [ -64.22436, -31.48009 ], [ -64.22477, -31.48163 ], [ -64.22725, -31.48162 ], [ -64.22721, -31.47815 ], [ -64.22032, -31.47952 ], [ -64.22042, -31.47992 ] ] ] } },
{ "type": "Feature", "properties": { "indice_acceso": 0.755 }, "geometry": { "type": "Polygon", "coordinates": [ [ [ -64.23149, -31.46875 ], [ -64.23263, -31.46774 ], [ -64.22721, -31.46349 ], [ -64.22722, -31.46882 ], [ -64.23149, -31.46875 ] ] ] } },
{ "type": "Feature", "properties": { "indice_acceso": 0.73 }, "geometry": { "type": "Polygon", "coordinates": [ [ [ -64.22962, -31.47154 ], [ -64.22962, -31.47124 ], [ -64.22992, -31.47149 ], [ -64.23473, -31.47141 ], [ -64.23552, -31.47206 ], [ -64.23662, -31.47105 ], [ -64.23263, -31.46774 ], [ -64.23149, -31.46875 ], [ -64.22722, -31.46882 ], [ -64.22722, -31.4695 ], [ -64.22962, -31.47154 ] ] ] } },
{ "type": "Feature", "properties": { "indice_acceso": 0.709 }, "geometry": { "type": "Polygon", "coordinates": [ [ [ -64.23552, -31.47206 ], [ -64.23473, -31.47141 ], [ -64.22992, -31.47149 ], [ -64.22962, -31.47124 ], [ -64.22962, -31.47154 ], [ -64.23732, -31.47792 ], [ -64.24095, -31.47465 ], [ -64.23894, -31.47297 ], [ -64.23883, -31.47237 ], [ -64.23825, -31.47241 ], [ -64.23662, -31.47105 ], [ -64.23552, -31.47206 ] ] ] } },
{ "type": "Feature", "properties": { "indice_acceso": 0.729 }, "geometry": { "type": "Polygon", "coordinates": [ [ [ -64.22721, -31.47485 ], [ -64.23162, -31.47484 ], [ -64.23164, -31.47421 ], [ -64.23258, -31.47418 ], [ -64.22934, -31.47132 ], [ -64.22721, -31.47292 ], [ -64.22721, -31.47485 ] ] ] } },
{ "type": "Feature", "properties": { "indice_acceso": 0.713 }, "geometry": { "type": "Polygon", "coordinates": [ [ [ -64.23306, -31.47614 ], [ -64.23493, -31.47597 ], [ -64.23121, -31.47283 ], [ -64.23095, -31.47287 ], [ -64.23258, -31.47418 ], [ -64.23164, -31.47421 ], [ -64.23162, -31.47484 ], [ -64.22721, -31.47485 ], [ -64.22721, -31.47603 ], [ -64.23306, -31.47614 ] ] ] } },
{ "type": "Feature", "properties": { "indice_acceso": 0.729 }, "geometry": { "type": "Polygon", "coordinates": [ [ [ -64.2284, -31.4816 ], [ -64.22962, -31.48053 ], [ -64.22961, -31.47614 ], [ -64.22721, -31.47615 ], [ -64.22725, -31.48162 ], [ -64.2284, -31.4816 ] ] ] } },
{ "type": "Feature", "properties": { "indice_acceso": 0.719 }, "geometry": { "type": "Polygon", "coordinates": [ [ [ -64.22961, -31.47614 ], [ -64.22962, -31.48053 ], [ -64.23477, -31.47611 ], [ -64.22961, -31.47614 ] ] ] } },
{ "type": "Feature", "properties": { "indice_acceso": 0.701 }, "geometry": { "type": "Polygon", "coordinates": [ [ [ -64.23453, -31.48162 ], [ -64.23451, -31.47633 ], [ -64.22909, -31.48098 ], [ -64.2284, -31.4816 ], [ -64.23453, -31.48162 ] ] ] } },
{ "type": "Feature", "properties": { "indice_acceso": 0.697 }, "geometry": { "type": "Polygon", "coordinates": [ [ [ -64.23453, -31.48162 ], [ -64.24178, -31.4816 ], [ -64.23493, -31.47597 ], [ -64.23451, -31.47633 ], [ -64.23453, -31.48162 ] ] ] } },
{ "type": "Feature", "properties": { "indice_acceso": 0.69 }, "geometry": { "type": "Polygon", "coordinates": [ [ [ -64.23308, -31.48162 ], [ -64.23309, -31.48387 ], [ -64.2378, -31.48385 ], [ -64.2378, -31.48242 ], [ -64.24252, -31.48228 ], [ -64.24178, -31.4816 ], [ -64.23308, -31.48162 ] ] ] } },
{ "type": "Feature", "properties": { "indice_acceso": 0.688 }, "geometry": { "type": "Polygon", "coordinates": [ [ [ -64.23309, -31.48387 ], [ -64.23309, -31.48563 ], [ -64.23778, -31.48563 ], [ -64.23764, -31.48385 ], [ -64.23309, -31.48387 ] ] ] } },
{ "type": "Feature", "properties": { "indice_acceso": 0.686 }, "geometry": { "type": "Polygon", "coordinates": [ [ [ -64.23309, -31.48563 ], [ -64.2331, -31.48731 ], [ -64.23778, -31.48729 ], [ -64.23778, -31.48563 ], [ -64.23309, -31.48563 ] ] ] } },
{ "type": "Feature", "properties": { "indice_acceso": 0.685 }, "geometry": { "type": "Polygon", "coordinates": [ [ [ -64.2331, -31.48731 ], [ -64.23309, -31.49067 ], [ -64.23779, -31.49066 ], [ -64.23778, -31.48729 ], [ -64.2331, -31.48731 ] ] ] } },
{ "type": "Feature", "properties": { "indice_acceso": 0.472 }, "geometry": { "type": "Polygon", "coordinates": [ [ [ -64.2539, -31.00256 ], [ -64.25642, -31.00327 ], [ -64.25334, -31.00464 ], [ -64.25048, -31.00451 ], [ -64.2491, -31.00408 ], [ -64.24901, -31.00496 ], [ -64.2482, -31.00563 ], [ -64.2506, -31.00695 ], [ -64.25138, -31.00885 ], [ -64.25236, -31.00887 ], [ -64.25329, -31.00756 ], [ -64.25257, -31.00702 ], [ -64.253, -31.00617 ], [ -64.25425, -31.0068 ], [ -64.25456, -31.00667 ], [ -64.25453, -31.00617 ], [ -64.25718, -31.00686 ], [ -64.25767, -31.00549 ], [ -64.25851, -31.00561 ], [ -64.2579, -31.00755 ], [ -64.25794, -31.00797 ], [ -64.25866, -31.00854 ], [ -64.25899, -31.00819 ], [ -64.25945, -31.00575 ], [ -64.26029, -31.00586 ], [ -64.26075, -31.00704 ], [ -64.26187, -31.00788 ], [ -64.26246, -31.00775 ], [ -64.26431, -31.00847 ], [ -64.26547, -31.00835 ], [ -64.26773, -31.00944 ], [ -64.26849, -31.00848 ], [ -64.27048, -31.01145 ], [ -64.27179, -31.01087 ], [ -64.27148, -31.01041 ], [ -64.27193, -31.01018 ], [ -64.27358, -31.01105 ], [ -64.27432, -31.01279 ], [ -64.27533, -31.01208 ], [ -64.27533, -31.01261 ], [ -64.27456, -31.01403 ], [ -64.2737, -31.01471 ], [ -64.27897, -31.01532 ], [ -64.27985, -31.01503 ], [ -64.27974, -31.01432 ], [ -64.28121, -31.01283 ], [ -64.28038, -31.01203 ], [ -64.27748, -31.01404 ], [ -64.27696, -31.01382 ], [ -64.27656, -31.01303 ], [ -64.27654, -31.01164 ], [ -64.27786, -31.01055 ], [ -64.27893, -31.0105 ], [ -64.27781, -31.00752 ], [ -64.27827, -31.00542 ], [ -64.27771, -31.00353 ], [ -64.28111, -31.00193 ], [ -64.28339, -31.00232 ], [ -64.28349, -31.00102 ], [ -64.28312, -30.99974 ], [ -64.28362, -30.99882 ], [ -64.2829, -30.99789 ], [ -64.28117, -30.99773 ], [ -64.27989, -30.99704 ], [ -64.27768, -30.99756 ], [ -64.27706, -30.99737 ], [ -64.2747, -30.99899 ], [ -64.26325, -30.99726 ], [ -64.25663, -30.99583 ], [ -64.2539, -31.00256 ] ] ] } },
{ "type": "Feature", "properties": { "indice_acceso": 0.479 }, "geometry": { "type": "Polygon", "coordinates": [ [ [ -64.25453, -31.00617 ], [ -64.25456, -31.00667 ], [ -64.25425, -31.0068 ], [ -64.253, -31.00617 ], [ -64.25257, -31.00702 ], [ -64.25329, -31.00756 ], [ -64.25233, -31.00884 ], [ -64.25372, -31.00881 ], [ -64.25448, -31.00991 ], [ -64.25461, -31.01085 ], [ -64.25436, -31.01218 ], [ -64.25187, -31.01384 ], [ -64.25303, -31.01435 ], [ -64.25709, -31.0134 ], [ -64.25758, -31.01207 ], [ -64.25939, -31.01147 ], [ -64.26074, -31.01215 ], [ -64.26169, -31.01357 ], [ -64.26289, -31.01374 ], [ -64.26236, -31.01816 ], [ -64.26189, -31.01812 ], [ -64.26418, -31.01836 ], [ -64.26439, -31.01683 ], [ -64.27584, -31.0178 ], [ -64.27822, -31.0172 ], [ -64.27814, -31.01798 ], [ -64.28477, -31.01847 ], [ -64.28634, -31.01921 ], [ -64.28658, -31.01847 ], [ -64.28715, -31.01833 ], [ -64.28955, -31.01853 ], [ -64.28996, -31.01652 ], [ -64.28887, -31.01601 ], [ -64.28894, -31.0154 ], [ -64.2895, -31.01486 ], [ -64.28882, -31.01291 ], [ -64.28814, -31.01303 ], [ -64.28545, -31.01237 ], [ -64.28489, -31.01303 ], [ -64.28448, -31.01308 ], [ -64.28302, -31.01248 ], [ -64.28182, -31.01256 ], [ -64.28105, -31.01292 ], [ -64.27974, -31.01432 ], [ -64.27985, -31.01503 ], [ -64.27897, -31.01532 ], [ -64.2737, -31.01471 ], [ -64.27456, -31.01403 ], [ -64.27533, -31.01261 ], [ -64.27533, -31.01208 ], [ -64.27432, -31.01279 ], [ -64.27358, -31.01105 ], [ -64.27193, -31.01018 ], [ -64.27148, -31.01041 ], [ -64.27179, -31.01087 ], [ -64.27048, -31.01145 ], [ -64.26838, -31.00842 ], [ -64.26773, -31.00944 ], [ -64.26547, -31.00835 ], [ -64.26431, -31.00847 ], [ -64.26246, -31.00775 ], [ -64.26187, -31.00788 ], [ -64.26075, -31.00704 ], [ -64.26043, -31.0059 ], [ -64.25945, -31.00575 ], [ -64.25899, -31.00819 ], [ -64.25866, -31.00854 ], [ -64.25794, -31.00797 ], [ -64.2579, -31.00755 ], [ -64.25851, -31.00561 ], [ -64.25766, -31.0055 ], [ -64.2572, -31.00685 ], [ -64.25453, -31.00617 ] ] ] } },
{ "type": "Feature", "properties": { "indice_acceso": 0.487 }, "geometry": { "type": "Polygon", "coordinates": [ [ [ -64.25784, -31.01777 ], [ -64.25718, -31.02231 ], [ -64.25875, -31.02247 ], [ -64.25889, -31.02173 ], [ -64.2605, -31.02188 ], [ -64.26056, -31.0214 ], [ -64.26111, -31.02178 ], [ -64.2714, -31.02266 ], [ -64.27118, -31.02447 ], [ -64.27239, -31.02458 ], [ -64.27201, -31.02762 ], [ -64.27318, -31.02773 ], [ -64.27315, -31.02837 ], [ -64.27419, -31.02849 ], [ -64.27437, -31.02064 ], [ -64.27417, -31.01919 ], [ -64.27342, -31.01761 ], [ -64.26436, -31.01683 ], [ -64.26419, -31.01832 ], [ -64.25784, -31.01777 ] ] ] } },
{ "type": "Feature", "properties": { "indice_acceso": 0.481 }, "geometry": { "type": "Polygon", "coordinates": [ [ [ -64.27342, -31.01761 ], [ -64.27417, -31.01919 ], [ -64.27437, -31.02064 ], [ -64.27419, -31.02849 ], [ -64.27475, -31.02878 ], [ -64.2749, -31.0278 ], [ -64.2836, -31.02854 ], [ -64.28477, -31.01847 ], [ -64.27814, -31.01798 ], [ -64.27822, -31.0172 ], [ -64.27588, -31.01778 ], [ -64.27342, -31.01761 ] ] ] } },
{ "type": "Feature", "properties": { "indice_acceso": 0.453 }, "geometry": { "type": "Polygon", "coordinates": [ [ [ -64.27093, -31.03104 ], [ -64.27006, -31.03112 ], [ -64.26872, -31.03519 ], [ -64.26802, -31.03853 ], [ -64.26748, -31.03843 ], [ -64.26744, -31.04026 ], [ -64.26805, -31.04034 ], [ -64.26814, -31.04197 ], [ -64.26883, -31.04208 ], [ -64.26885, -31.04256 ], [ -64.27201, -31.04424 ], [ -64.27547, -31.04483 ], [ -64.27593, -31.04546 ], [ -64.27714, -31.04466 ], [ -64.27886, -31.04454 ], [ -64.28117, -31.04559 ], [ -64.28753, -31.04742 ], [ -64.28891, -31.04729 ], [ -64.28947, -31.04681 ], [ -64.28893, -31.04699 ], [ -64.28829, -31.04571 ], [ -64.28553, -31.04397 ], [ -64.28608, -31.04387 ], [ -64.28597, -31.04246 ], [ -64.28771, -31.04123 ], [ -64.28874, -31.03987 ], [ -64.2876, -31.03803 ], [ -64.28803, -31.03758 ], [ -64.28907, -31.03795 ], [ -64.28998, -31.03913 ], [ -64.29199, -31.03966 ], [ -64.29362, -31.04151 ], [ -64.29413, -31.04141 ], [ -64.29503, -31.03926 ], [ -64.29547, -31.03896 ], [ -64.29528, -31.03831 ], [ -64.29616, -31.03808 ], [ -64.29806, -31.03558 ], [ -64.29881, -31.03543 ], [ -64.29897, -31.03416 ], [ -64.30064, -31.03255 ], [ -64.30045, -31.03199 ], [ -64.29654, -31.03176 ], [ -64.29506, -31.03319 ], [ -64.29355, -31.03358 ], [ -64.2913, -31.03342 ], [ -64.2906, -31.03368 ], [ -64.29008, -31.03462 ], [ -64.28915, -31.03482 ], [ -64.28828, -31.03558 ], [ -64.28599, -31.03581 ], [ -64.28716, -31.03233 ], [ -64.28521, -31.02868 ], [ -64.2749, -31.0278 ], [ -64.27475, -31.02878 ], [ -64.27315, -31.02837 ], [ -64.27318, -31.02773 ], [ -64.27197, -31.0277 ], [ -64.27093, -31.03104 ] ] ] } },
{ "type": "Feature", "properties": { "indice_acceso": 0.409 }, "geometry": { "type": "Polygon", "coordinates": [ [ [ -64.3052, -31.06914 ], [ -64.30207, -31.07124 ], [ -64.30343, -31.07436 ], [ -64.3051, -31.07639 ], [ -64.30231, -31.07832 ], [ -64.30182, -31.07929 ], [ -64.30214, -31.08001 ], [ -64.30177, -31.0809 ], [ -64.30189, -31.08207 ], [ -64.30288, -31.08182 ], [ -64.30348, -31.08346 ], [ -64.30396, -31.08356 ], [ -64.30395, -31.08393 ], [ -64.30639, -31.08461 ], [ -64.30975, -31.08493 ], [ -64.31095, -31.08467 ], [ -64.3136, -31.08209 ], [ -64.31451, -31.08208 ], [ -64.31495, -31.08169 ], [ -64.31482, -31.08224 ], [ -64.31534, -31.08249 ], [ -64.31503, -31.0835 ], [ -64.31385, -31.0847 ], [ -64.31412, -31.08532 ], [ -64.31163, -31.08611 ], [ -64.31123, -31.08548 ], [ -64.3104, -31.08535 ], [ -64.30803, -31.08654 ], [ -64.30785, -31.08618 ], [ -64.307, -31.08699 ], [ -64.3068, -31.08776 ], [ -64.30645, -31.08765 ], [ -64.30593, -31.08644 ], [ -64.30602, -31.08554 ], [ -64.30068, -31.08521 ], [ -64.29932, -31.08544 ], [ -64.2994, -31.08963 ], [ -64.29715, -31.09071 ], [ -64.29189, -31.09405 ], [ -64.29081, -31.09418 ], [ -64.2913, -31.09626 ], [ -64.29224, -31.09758 ], [ -64.29298, -31.09717 ], [ -64.29331, -31.09795 ], [ -64.2948, -31.09807 ], [ -64.29474, -31.09915 ], [ -64.29635, -31.09984 ], [ -64.29708, -31.09855 ], [ -64.29762, -31.0984 ], [ -64.29856, -31.09878 ], [ -64.2988, -31.10346 ], [ -64.29789, -31.10355 ], [ -64.29876, -31.10434 ], [ -64.29878, -31.10516 ], [ -64.31234, -31.10494 ], [ -64.31234, -31.10764 ], [ -64.30974, -31.10707 ], [ -64.30802, -31.10766 ], [ -64.30653, -31.10769 ], [ -64.30625, -31.11139 ], [ -64.30686, -31.11137 ], [ -64.30578, -31.12048 ], [ -64.30785, -31.12431 ], [ -64.31633, -31.12283 ], [ -64.32247, -31.12251 ], [ -64.32497, -31.11943 ], [ -64.32987, -31.12154 ], [ -64.33979, -31.12097 ], [ -64.34119, -31.11998 ], [ -64.34246, -31.11994 ], [ -64.34294, -31.11959 ], [ -64.34617, -31.1208 ], [ -64.34668, -31.12149 ], [ -64.34532, -31.12147 ], [ -64.34413, -31.12099 ], [ -64.3452, -31.12191 ], [ -64.34661, -31.12238 ], [ -64.34643, -31.12293 ], [ -64.34697, -31.12355 ], [ -64.34738, -31.12354 ], [ -64.34802, -31.12272 ], [ -64.34881, -31.12233 ], [ -64.34999, -31.1227 ], [ -64.3508, -31.12244 ], [ -64.35035, -31.123 ], [ -64.35271, -31.12369 ], [ -64.35374, -31.12251 ], [ -64.35397, -31.12179 ], [ -64.35538, -31.12162 ], [ -64.35774, -31.12047 ], [ -64.359, -31.12032 ], [ -64.36439, -31.12189 ], [ -64.36877, -31.12191 ], [ -64.37169, -31.12338 ], [ -64.37189, -31.12264 ], [ -64.3775, -31.12198 ], [ -64.37909, -31.12068 ], [ -64.38047, -31.12056 ], [ -64.38054, -31.12137 ], [ -64.38235, -31.12201 ], [ -64.3825, -31.12441 ], [ -64.38399, -31.12377 ], [ -64.38491, -31.12395 ], [ -64.38568, -31.12469 ], [ -64.38769, -31.12471 ], [ -64.38846, -31.1265 ], [ -64.38949, -31.12714 ], [ -64.39636, -31.12671 ], [ -64.39676, -31.12762 ], [ -64.39768, -31.12831 ], [ -64.39924, -31.12874 ], [ -64.40271, -31.12824 ], [ -64.40465, -31.12674 ], [ -64.4058, -31.12665 ], [ -64.40734, -31.12755 ], [ -64.40781, -31.12967 ], [ -64.4081, -31.12987 ], [ -64.41375, -31.12786 ], [ -64.41473, -31.12848 ], [ -64.41909, -31.12895 ], [ -64.41996, -31.12846 ], [ -64.41995, -31.12736 ], [ -64.42195, -31.12573 ], [ -64.42536, -31.12546 ], [ -64.42622, -31.12507 ], [ -64.4266, -31.12451 ], [ -64.42563, -31.12391 ], [ -64.42604, -31.123 ], [ -64.42811, -31.12168 ], [ -64.42853, -31.12011 ], [ -64.42835, -31.1195 ], [ -64.42995, -31.118 ], [ -64.43021, -31.1174 ], [ -64.43384, -31.11729 ], [ -64.4371, -31.10562 ], [ -64.43824, -31.09934 ], [ -64.4394, -31.09533 ], [ -64.44198, -31.09119 ], [ -64.44401, -31.08929 ], [ -64.44598, -31.08434 ], [ -64.44714, -31.07884 ], [ -64.44701, -31.07527 ], [ -64.43741, -31.07527 ], [ -64.43618, -31.07579 ], [ -64.43311, -31.07586 ], [ -64.43184, -31.07655 ], [ -64.42909, -31.07608 ], [ -64.42885, -31.07626 ], [ -64.42894, -31.07701 ], [ -64.4282, -31.07734 ], [ -64.42759, -31.07693 ], [ -64.42695, -31.07701 ], [ -64.42643, -31.078 ], [ -64.42518, -31.07648 ], [ -64.42393, -31.07615 ], [ -64.42251, -31.07628 ], [ -64.42175, -31.07589 ], [ -64.42161, -31.07482 ], [ -64.42082, -31.07426 ], [ -64.41949, -31.07435 ], [ -64.41879, -31.07471 ], [ -64.41824, -31.07411 ], [ -64.41741, -31.07409 ], [ -64.41725, -31.07434 ], [ -64.41763, -31.07499 ], [ -64.41747, -31.07535 ], [ -64.41688, -31.07541 ], [ -64.41641, -31.07467 ], [ -64.41576, -31.07451 ], [ -64.4148, -31.07527 ], [ -64.41391, -31.07521 ], [ -64.41266, -31.07676 ], [ -64.41183, -31.07661 ], [ -64.40932, -31.07763 ], [ -64.40693, -31.07718 ], [ -64.40572, -31.07637 ], [ -64.40497, -31.07741 ], [ -64.40413, -31.07732 ], [ -64.40292, -31.07804 ], [ -64.40246, -31.07794 ], [ -64.40164, -31.0769 ], [ -64.40105, -31.07785 ], [ -64.40047, -31.07789 ], [ -64.4, -31.07692 ], [ -64.39859, -31.07642 ], [ -64.39839, -31.07565 ], [ -64.39766, -31.0752 ], [ -64.39652, -31.07561 ], [ -64.39526, -31.07561 ], [ -64.39417, -31.0763 ], [ -64.39385, -31.07693 ], [ -64.39277, -31.07712 ], [ -64.39183, -31.07636 ], [ -64.39088, -31.07671 ], [ -64.39, -31.07572 ], [ -64.39111, -31.07396 ], [ -64.39104, -31.0733 ], [ -64.39028, -31.07267 ], [ -64.38937, -31.073 ], [ -64.38849, -31.07458 ], [ -64.38704, -31.07377 ], [ -64.38513, -31.07199 ], [ -64.38337, -31.07358 ], [ -64.38277, -31.07218 ], [ -64.38156, -31.07146 ], [ -64.38068, -31.07194 ], [ -64.38053, -31.07336 ], [ -64.37956, -31.07357 ], [ -64.3787, -31.0742 ], [ -64.3771, -31.074 ], [ -64.37617, -31.07434 ], [ -64.37653, -31.07519 ], [ -64.37584, -31.07589 ], [ -64.37522, -31.07572 ], [ -64.37479, -31.0751 ], [ -64.37427, -31.07505 ], [ -64.37366, -31.07586 ], [ -64.37257, -31.07891 ], [ -64.37207, -31.0792 ], [ -64.37038, -31.07856 ], [ -64.37023, -31.07779 ], [ -64.36994, -31.07768 ], [ -64.3693, -31.07798 ], [ -64.36927, -31.07905 ], [ -64.36895, -31.07955 ], [ -64.36745, -31.07932 ], [ -64.36598, -31.0796 ], [ -64.36384, -31.07907 ], [ -64.36275, -31.07778 ], [ -64.36197, -31.07745 ], [ -64.36152, -31.07772 ], [ -64.36088, -31.07921 ], [ -64.35897, -31.079 ], [ -64.35913, -31.07981 ], [ -64.3586, -31.08038 ], [ -64.35814, -31.08042 ], [ -64.35736, -31.07925 ], [ -64.35658, -31.07872 ], [ -64.35617, -31.07876 ], [ -64.35519, -31.08004 ], [ -64.35402, -31.07898 ], [ -64.35212, -31.07953 ], [ -64.34876, -31.07946 ], [ -64.3482, -31.08141 ], [ -64.34736, -31.08203 ], [ -64.34562, -31.08217 ], [ -64.34446, -31.08179 ], [ -64.34191, -31.08176 ], [ -64.34168, -31.08198 ], [ -64.34172, -31.08303 ], [ -64.34307, -31.08441 ], [ -64.34271, -31.08561 ], [ -64.34117, -31.08527 ], [ -64.34071, -31.085 ], [ -64.34028, -31.08381 ], [ -64.33922, -31.08368 ], [ -64.33881, -31.0842 ], [ -64.33892, -31.08568 ], [ -64.33865, -31.08599 ], [ -64.33681, -31.08642 ], [ -64.33467, -31.08575 ], [ -64.33394, -31.08422 ], [ -64.33236, -31.08338 ], [ -64.33235, -31.08281 ], [ -64.33273, -31.08238 ], [ -64.33391, -31.08207 ], [ -64.33502, -31.08112 ], [ -64.33446, -31.08 ], [ -64.33486, -31.07891 ], [ -64.33321, -31.07803 ], [ -64.33375, -31.0761 ], [ -64.33275, -31.07624 ], [ -64.33066, -31.07763 ], [ -64.32744, -31.0768 ], [ -64.32714, -31.07713 ], [ -64.32725, -31.07865 ], [ -64.32686, -31.07885 ], [ -64.32617, -31.07774 ], [ -64.32344, -31.0774 ], [ -64.32279, -31.07693 ], [ -64.32266, -31.07667 ], [ -64.32397, -31.07574 ], [ -64.32219, -31.07421 ], [ -64.3221, -31.07528 ], [ -64.32141, -31.07559 ], [ -64.31736, -31.07441 ], [ -64.31647, -31.07456 ], [ -64.31748, -31.07542 ], [ -64.31719, -31.0762 ], [ -64.31623, -31.07663 ], [ -64.31515, -31.07645 ], [ -64.3148, -31.07673 ], [ -64.3141, -31.0758 ], [ -64.31371, -31.07719 ], [ -64.31319, -31.07678 ], [ -64.31304, -31.07551 ], [ -64.31166, -31.07551 ], [ -64.31207, -31.07503 ], [ -64.31181, -31.07428 ], [ -64.31123, -31.07398 ], [ -64.3096, -31.07101 ], [ -64.30859, -31.07013 ], [ -64.30816, -31.07029 ], [ -64.30747, -31.06863 ], [ -64.30522, -31.06827 ], [ -64.3052, -31.06914 ] ] ] } },
{ "type": "Feature", "properties": { "indice_acceso": 0.469 }, "geometry": { "type": "Polygon", "coordinates": [ [ [ -64.29015, -31.05555 ], [ -64.29317, -31.05831 ], [ -64.29694, -31.05968 ], [ -64.29921, -31.06124 ], [ -64.2997, -31.06102 ], [ -64.29925, -31.06065 ], [ -64.29937, -31.0603 ], [ -64.3027, -31.06089 ], [ -64.30323, -31.06172 ], [ -64.30444, -31.06164 ], [ -64.3056, -31.06101 ], [ -64.30651, -31.06111 ], [ -64.30751, -31.05371 ], [ -64.30308, -31.05329 ], [ -64.30335, -31.05601 ], [ -64.30192, -31.05671 ], [ -64.30168, -31.0554 ], [ -64.29933, -31.05563 ], [ -64.29831, -31.05524 ], [ -64.2984, -31.05419 ], [ -64.2927, -31.0535 ], [ -64.28931, -31.05229 ], [ -64.29015, -31.05555 ] ] ] } },
{ "type": "Feature", "properties": { "indice_acceso": 0.465 }, "geometry": { "type": "Polygon", "coordinates": [ [ [ -64.28445, -31.04776 ], [ -64.28493, -31.04839 ], [ -64.28448, -31.04891 ], [ -64.28355, -31.04899 ], [ -64.28432, -31.05117 ], [ -64.28544, -31.05173 ], [ -64.28608, -31.05276 ], [ -64.28581, -31.05328 ], [ -64.28594, -31.05502 ], [ -64.28663, -31.05605 ], [ -64.2845, -31.05631 ], [ -64.28692, -31.06668 ], [ -64.28969, -31.06663 ], [ -64.28992, -31.06617 ], [ -64.28949, -31.06509 ], [ -64.29098, -31.06469 ], [ -64.29312, -31.06358 ], [ -64.29442, -31.06228 ], [ -64.29527, -31.06342 ], [ -64.29522, -31.06381 ], [ -64.29585, -31.06373 ], [ -64.29673, -31.06246 ], [ -64.29425, -31.06136 ], [ -64.29437, -31.06061 ], [ -64.29529, -31.0596 ], [ -64.29635, -31.06061 ], [ -64.29694, -31.05968 ], [ -64.29317, -31.05831 ], [ -64.29015, -31.05555 ], [ -64.2892, -31.0522 ], [ -64.28971, -31.05172 ], [ -64.29083, -31.0518 ], [ -64.29016, -31.05062 ], [ -64.29012, -31.0494 ], [ -64.2905, -31.04872 ], [ -64.29103, -31.04855 ], [ -64.28994, -31.04807 ], [ -64.28999, -31.04677 ], [ -64.28891, -31.04729 ], [ -64.28753, -31.04742 ], [ -64.28445, -31.04656 ], [ -64.28445, -31.04776 ] ] ] } },
{ "type": "Feature", "properties": { "indice_acceso": 0.477 }, "geometry": { "type": "Polygon", "coordinates": [ [ [ -64.29425, -31.06136 ], [ -64.29673, -31.06246 ], [ -64.29585, -31.06373 ], [ -64.29522, -31.06381 ], [ -64.29527, -31.06342 ], [ -64.29484, -31.06299 ], [ -64.29509, -31.06529 ], [ -64.296, -31.0664 ], [ -64.29569, -31.06752 ], [ -64.29738, -31.06841 ], [ -64.29766, -31.06914 ], [ -64.29813, -31.06937 ], [ -64.30042, -31.06907 ], [ -64.30048, -31.06702 ], [ -64.30266, -31.06564 ], [ -64.30235, -31.06469 ], [ -64.30408, -31.06452 ], [ -64.30414, -31.06474 ], [ -64.3061, -31.06488 ], [ -64.30652, -31.06427 ], [ -64.30795, -31.06412 ], [ -64.30819, -31.0634 ], [ -64.31298, -31.06423 ], [ -64.31258, -31.062 ], [ -64.31, -31.06189 ], [ -64.3056, -31.06101 ], [ -64.30444, -31.06164 ], [ -64.30323, -31.06172 ], [ -64.3027, -31.06089 ], [ -64.29948, -31.0603 ], [ -64.29925, -31.06065 ], [ -64.2997, -31.06102 ], [ -64.29921, -31.06124 ], [ -64.29694, -31.05968 ], [ -64.29635, -31.06061 ], [ -64.29529, -31.0596 ], [ -64.29425, -31.06136 ] ] ] } },
{ "type": "Feature", "properties": { "indice_acceso": 0.481 }, "geometry": { "type": "Polygon", "coordinates": [ [ [ -64.28705, -31.06669 ], [ -64.28771, -31.06731 ], [ -64.28717, -31.06771 ], [ -64.28823, -31.06833 ], [ -64.288, -31.0704 ], [ -64.28833, -31.071 ], [ -64.28966, -31.07176 ], [ -64.29247, -31.07073 ], [ -64.29457, -31.07165 ], [ -64.29451, -31.07355 ], [ -64.29483, -31.07361 ], [ -64.29431, -31.07524 ], [ -64.29601, -31.07612 ], [ -64.29823, -31.07398 ], [ -64.30013, -31.07092 ], [ -64.30042, -31.06907 ], [ -64.29795, -31.06931 ], [ -64.29738, -31.06841 ], [ -64.29579, -31.06767 ], [ -64.296, -31.0664 ], [ -64.29509, -31.06529 ], [ -64.29504, -31.06343 ], [ -64.29453, -31.06228 ], [ -64.29312, -31.06358 ], [ -64.29098, -31.06469 ], [ -64.28949, -31.06509 ], [ -64.28993, -31.06624 ], [ -64.28963, -31.06665 ], [ -64.28705, -31.06669 ] ] ] } },
{ "type": "Feature", "properties": { "indice_acceso": 0.478 }, "geometry": { "type": "Polygon", "coordinates": [ [ [ -64.30652, -31.06427 ], [ -64.3061, -31.06488 ], [ -64.30556, -31.06497 ], [ -64.30408, -31.06452 ], [ -64.30235, -31.06469 ], [ -64.30266, -31.06564 ], [ -64.30048, -31.06702 ], [ -64.30013, -31.07092 ], [ -64.29823, -31.07398 ], [ -64.29474, -31.07736 ], [ -64.2942, -31.0786 ], [ -64.29617, -31.07868 ], [ -64.29837, -31.0779 ], [ -64.30141, -31.07886 ], [ -64.3051, -31.07639 ], [ -64.30343, -31.07436 ], [ -64.30256, -31.0722 ], [ -64.302, -31.07156 ], [ -64.30207, -31.07124 ], [ -64.3052, -31.06914 ], [ -64.30522, -31.06827 ], [ -64.30731, -31.06848 ], [ -64.30816, -31.07029 ], [ -64.30859, -31.07013 ], [ -64.3096, -31.07101 ], [ -64.31037, -31.07244 ], [ -64.3141, -31.06933 ], [ -64.3151, -31.06708 ], [ -64.31591, -31.06672 ], [ -64.31578, -31.06649 ], [ -64.31619, -31.06609 ], [ -64.31617, -31.06505 ], [ -64.31451, -31.06445 ], [ -64.30819, -31.0634 ], [ -64.30796, -31.0641 ], [ -64.30652, -31.06427 ] ] ] } },
{ "type": "Feature", "properties": { "indice_acceso": 0.486 }, "geometry": { "type": "Polygon", "coordinates": [ [ [ -64.29617, -31.07868 ], [ -64.2942, -31.0786 ], [ -64.29362, -31.08381 ], [ -64.2934, -31.08432 ], [ -64.29198, -31.08498 ], [ -64.29533, -31.08493 ], [ -64.29806, -31.08395 ], [ -64.30081, -31.08391 ], [ -64.30221, -31.08419 ], [ -64.30395, -31.08393 ], [ -64.30396, -31.08356 ], [ -64.30348, -31.08346 ], [ -64.30288, -31.08182 ], [ -64.30189, -31.08207 ], [ -64.30177, -31.0809 ], [ -64.30214, -31.08001 ], [ -64.30182, -31.07929 ], [ -64.30231, -31.07832 ], [ -64.30141, -31.07886 ], [ -64.29837, -31.0779 ], [ -64.29617, -31.07868 ] ] ] } },
{ "type": "Feature", "properties": { "indice_acceso": 0.49 }, "geometry": { "type": "Polygon", "coordinates": [ [ [ -64.3136, -31.08209 ], [ -64.31095, -31.08467 ], [ -64.30975, -31.08493 ], [ -64.30639, -31.08461 ], [ -64.30372, -31.08388 ], [ -64.30221, -31.08419 ], [ -64.30081, -31.08391 ], [ -64.29806, -31.08395 ], [ -64.29533, -31.08493 ], [ -64.29198, -31.08498 ], [ -64.28975, -31.08583 ], [ -64.28911, -31.08647 ], [ -64.28856, -31.08872 ], [ -64.28992, -31.09412 ], [ -64.29198, -31.09396 ], [ -64.2994, -31.08963 ], [ -64.29932, -31.08544 ], [ -64.30068, -31.08521 ], [ -64.30602, -31.08554 ], [ -64.30593, -31.08644 ], [ -64.30645, -31.08765 ], [ -64.3068, -31.08776 ], [ -64.307, -31.08699 ], [ -64.30785, -31.08618 ], [ -64.30803, -31.08654 ], [ -64.3104, -31.08535 ], [ -64.31123, -31.08548 ], [ -64.31163, -31.08611 ], [ -64.31412, -31.08532 ], [ -64.31385, -31.0847 ], [ -64.31503, -31.0835 ], [ -64.31534, -31.08249 ], [ -64.31482, -31.08224 ], [ -64.31495, -31.08169 ], [ -64.31445, -31.08208 ], [ -64.3136, -31.08209 ] ] ] } },
{ "type": "Feature", "properties": { "indice_acceso": 0.466 }, "geometry": { "type": "Polygon", "coordinates": [ [ [ -64.17583, -31.16405 ], [ -64.1757, -31.16228 ], [ -64.15752, -31.16396 ], [ -64.1575, -31.16522 ], [ -64.1473, -31.16544 ], [ -64.15014, -31.17968 ], [ -64.16576, -31.17975 ], [ -64.17946, -31.17942 ], [ -64.17968, -31.17912 ], [ -64.20309, -31.17895 ], [ -64.20342, -31.19625 ], [ -64.23018, -31.18356 ], [ -64.2381, -31.18357 ], [ -64.23857, -31.18426 ], [ -64.23909, -31.18799 ], [ -64.24551, -31.18439 ], [ -64.24696, -31.1814 ], [ -64.24723, -31.1801 ], [ -64.2488, -31.17952 ], [ -64.26367, -31.18716 ], [ -64.275, -31.19244 ], [ -64.28696, -31.19591 ], [ -64.27636, -31.21139 ], [ -64.27464, -31.21724 ], [ -64.27503, -31.21699 ], [ -64.27527, -31.21724 ], [ -64.2752, -31.2169 ], [ -64.27924, -31.21676 ], [ -64.28229, -31.21917 ], [ -64.29114, -31.21877 ], [ -64.29118, -31.21847 ], [ -64.29756, -31.21812 ], [ -64.3012, -31.21817 ], [ -64.30107, -31.21997 ], [ -64.30301, -31.22484 ], [ -64.30693, -31.22402 ], [ -64.30783, -31.22759 ], [ -64.30753, -31.22765 ], [ -64.30776, -31.2284 ], [ -64.30825, -31.22908 ], [ -64.30917, -31.22942 ], [ -64.31097, -31.22861 ], [ -64.31126, -31.22741 ], [ -64.31088, -31.22627 ], [ -64.31382, -31.2247 ], [ -64.31434, -31.22317 ], [ -64.31451, -31.22108 ], [ -64.31347, -31.21979 ], [ -64.31407, -31.21817 ], [ -64.31311, -31.21701 ], [ -64.31228, -31.2147 ], [ -64.31391, -31.21418 ], [ -64.31428, -31.21361 ], [ -64.31422, -31.21394 ], [ -64.31467, -31.21237 ], [ -64.31441, -31.21021 ], [ -64.31343, -31.20784 ], [ -64.31215, -31.20824 ], [ -64.31116, -31.20586 ], [ -64.30913, -31.2058 ], [ -64.30545, -31.20823 ], [ -64.30553, -31.20879 ], [ -64.30582, -31.20889 ], [ -64.30562, -31.20951 ], [ -64.30468, -31.2095 ], [ -64.30384, -31.20846 ], [ -64.30372, -31.20741 ], [ -64.30278, -31.20663 ], [ -64.30339, -31.20587 ], [ -64.30367, -31.20443 ], [ -64.30426, -31.20408 ], [ -64.30381, -31.20248 ], [ -64.30448, -31.20033 ], [ -64.30559, -31.20006 ], [ -64.308, -31.20107 ], [ -64.30776, -31.19892 ], [ -64.30993, -31.19863 ], [ -64.3092, -31.19755 ], [ -64.30902, -31.19659 ], [ -64.30857, -31.19679 ], [ -64.30827, -31.19627 ], [ -64.30832, -31.19546 ], [ -64.30893, -31.19505 ], [ -64.30838, -31.19405 ], [ -64.30832, -31.19326 ], [ -64.3089, -31.19248 ], [ -64.30786, -31.18566 ], [ -64.30136, -31.18779 ], [ -64.29964, -31.18749 ], [ -64.29771, -31.18589 ], [ -64.29741, -31.18915 ], [ -64.29027, -31.1915 ], [ -64.29175, -31.18928 ], [ -64.29355, -31.18517 ], [ -64.29438, -31.18403 ], [ -64.29344, -31.18384 ], [ -64.29371, -31.1827 ], [ -64.29329, -31.18262 ], [ -64.29355, -31.182 ], [ -64.29279, -31.18182 ], [ -64.29314, -31.18098 ], [ -64.2962, -31.17761 ], [ -64.29858, -31.17758 ], [ -64.29788, -31.17715 ], [ -64.29757, -31.17615 ], [ -64.30006, -31.17459 ], [ -64.30066, -31.17339 ], [ -64.30054, -31.16997 ], [ -64.29971, -31.16618 ], [ -64.30106, -31.16594 ], [ -64.30084, -31.16402 ], [ -64.30154, -31.16394 ], [ -64.30172, -31.16532 ], [ -64.30155, -31.16384 ], [ -64.29303, -31.16252 ], [ -64.28465, -31.16279 ], [ -64.28091, -31.16769 ], [ -64.27404, -31.1664 ], [ -64.27427, -31.16385 ], [ -64.27166, -31.15914 ], [ -64.26207, -31.16283 ], [ -64.25354, -31.16305 ], [ -64.25598, -31.15829 ], [ -64.25224, -31.15703 ], [ -64.24793, -31.16525 ], [ -64.224, -31.16534 ], [ -64.22348, -31.15452 ], [ -64.20787, -31.1549 ], [ -64.19295, -31.15577 ], [ -64.19307, -31.1625 ], [ -64.17935, -31.16323 ], [ -64.17936, -31.16373 ], [ -64.17583, -31.16405 ] ] ] } },
{ "type": "Feature", "properties": { "indice_acceso": 0.543 }, "geometry": { "type": "Polygon", "coordinates": [ [ [ -64.1982, -31.24191 ], [ -64.19824, -31.24845 ], [ -64.18862, -31.24829 ], [ -64.18863, -31.24746 ], [ -64.16373, -31.24701 ], [ -64.16496, -31.2531 ], [ -64.16795, -31.25314 ], [ -64.16803, -31.25405 ], [ -64.16888, -31.25403 ], [ -64.16912, -31.25574 ], [ -64.16806, -31.25581 ], [ -64.16819, -31.25665 ], [ -64.16891, -31.25655 ], [ -64.16933, -31.25863 ], [ -64.16799, -31.25882 ], [ -64.16828, -31.26035 ], [ -64.16764, -31.26044 ], [ -64.16824, -31.26329 ], [ -64.16698, -31.26347 ], [ -64.17302, -31.29418 ], [ -64.1804, -31.29421 ], [ -64.18043, -31.29731 ], [ -64.17938, -31.2973 ], [ -64.17924, -31.30315 ], [ -64.17476, -31.30308 ], [ -64.17529, -31.30575 ], [ -64.17797, -31.30576 ], [ -64.17798, -31.30518 ], [ -64.17719, -31.30492 ], [ -64.18005, -31.30496 ], [ -64.17923, -31.30519 ], [ -64.17923, -31.30577 ], [ -64.18319, -31.3058 ], [ -64.18373, -31.30867 ], [ -64.2338, -31.30852 ], [ -64.23394, -31.30357 ], [ -64.26068, -31.30184 ], [ -64.26062, -31.30846 ], [ -64.2749, -31.30866 ], [ -64.27558, -31.30776 ], [ -64.27026, -31.3058 ], [ -64.2707, -31.30427 ], [ -64.27199, -31.30456 ], [ -64.27236, -31.30341 ], [ -64.27037, -31.30327 ], [ -64.27033, -31.30086 ], [ -64.26905, -31.30092 ], [ -64.26885, -31.29134 ], [ -64.27762, -31.29116 ], [ -64.27757, -31.28675 ], [ -64.27911, -31.28679 ], [ -64.27533, -31.28214 ], [ -64.27593, -31.27755 ], [ -64.27714, -31.27769 ], [ -64.27838, -31.27676 ], [ -64.27888, -31.27719 ], [ -64.28099, -31.27531 ], [ -64.28154, -31.27579 ], [ -64.28414, -31.27303 ], [ -64.28413, -31.26568 ], [ -64.29099, -31.26561 ], [ -64.29093, -31.26475 ], [ -64.29907, -31.26477 ], [ -64.29851, -31.26319 ], [ -64.30069, -31.26329 ], [ -64.30008, -31.26241 ], [ -64.30155, -31.26175 ], [ -64.30103, -31.26099 ], [ -64.28185, -31.25879 ], [ -64.28153, -31.26135 ], [ -64.2788, -31.26111 ], [ -64.27917, -31.2585 ], [ -64.24726, -31.2553 ], [ -64.25041, -31.24911 ], [ -64.2537, -31.24156 ], [ -64.1982, -31.24191 ] ], [ [ -64.24482, -31.29822 ], [ -64.24067, -31.29821 ], [ -64.24066, -31.30276 ], [ -64.2314, -31.30336 ], [ -64.23139, -31.29426 ], [ -64.24486, -31.29418 ], [ -64.24482, -31.29822 ] ] ] } },
{ "type": "Feature", "properties": { "indice_acceso": 0.672 }, "geometry": { "type": "Polygon", "coordinates": [ [ [ -64.31579, -31.32088 ], [ -64.31574, -31.32128 ], [ -64.3167, -31.32192 ], [ -64.31646, -31.32211 ], [ -64.31998, -31.31984 ], [ -64.32059, -31.31878 ], [ -64.32231, -31.31764 ], [ -64.32198, -31.31689 ], [ -64.31518, -31.31097 ], [ -64.31302, -31.31621 ], [ -64.31332, -31.31669 ], [ -64.31186, -31.31836 ], [ -64.31165, -31.31906 ], [ -64.31579, -31.32088 ] ] ] } },
{ "type": "Feature", "properties": { "indice_acceso": 0.696 }, "geometry": { "type": "Polygon", "coordinates": [ [ [ -64.31012, -31.31586 ], [ -64.30916, -31.31664 ], [ -64.30929, -31.31685 ], [ -64.31039, -31.31674 ], [ -64.31254, -31.31475 ], [ -64.31295, -31.31531 ], [ -64.31302, -31.31621 ], [ -64.31518, -31.31097 ], [ -64.3148, -31.31003 ], [ -64.31292, -31.30799 ], [ -64.30801, -31.30802 ], [ -64.30946, -31.31003 ], [ -64.31115, -31.31085 ], [ -64.31018, -31.31144 ], [ -64.31068, -31.312 ], [ -64.30895, -31.31266 ], [ -64.30957, -31.31358 ], [ -64.30892, -31.31376 ], [ -64.31012, -31.31586 ] ] ] } },
{ "type": "Feature", "properties": { "indice_acceso": 0.676 }, "geometry": { "type": "Polygon", "coordinates": [ [ [ -64.30929, -31.31685 ], [ -64.30993, -31.31799 ], [ -64.31084, -31.31742 ], [ -64.31157, -31.31769 ], [ -64.31052, -31.3189 ], [ -64.31012, -31.32045 ], [ -64.30855, -31.32048 ], [ -64.3089, -31.32224 ], [ -64.30852, -31.32242 ], [ -64.30851, -31.32346 ], [ -64.31071, -31.32255 ], [ -64.31187, -31.32294 ], [ -64.31232, -31.32344 ], [ -64.31331, -31.32352 ], [ -64.31465, -31.32324 ], [ -64.3167, -31.32192 ], [ -64.31574, -31.32128 ], [ -64.31579, -31.32088 ], [ -64.31165, -31.31906 ], [ -64.31186, -31.31836 ], [ -64.3128, -31.31755 ], [ -64.31339, -31.31649 ], [ -64.31296, -31.31611 ], [ -64.31266, -31.31483 ], [ -64.31039, -31.31674 ], [ -64.30929, -31.31685 ] ] ] } },
{ "type": "Feature", "properties": { "indice_acceso": 0.665 }, "geometry": { "type": "Polygon", "coordinates": [ [ [ -64.29936, -31.32707 ], [ -64.29723, -31.32664 ], [ -64.29821, -31.32698 ], [ -64.29826, -31.32871 ], [ -64.30386, -31.32745 ], [ -64.30558, -31.32762 ], [ -64.30558, -31.32675 ], [ -64.30633, -31.32499 ], [ -64.30752, -31.32363 ], [ -64.30851, -31.32346 ], [ -64.30852, -31.32242 ], [ -64.3089, -31.32224 ], [ -64.30855, -31.32048 ], [ -64.31012, -31.32045 ], [ -64.31052, -31.3189 ], [ -64.31136, -31.31822 ], [ -64.31157, -31.31757 ], [ -64.31084, -31.31742 ], [ -64.31018, -31.31794 ], [ -64.30798, -31.31855 ], [ -64.30801, -31.31904 ], [ -64.3036, -31.3188 ], [ -64.30355, -31.31769 ], [ -64.30089, -31.31796 ], [ -64.30041, -31.31713 ], [ -64.30041, -31.31417 ], [ -64.29946, -31.31309 ], [ -64.29886, -31.3131 ], [ -64.299, -31.31502 ], [ -64.29874, -31.31607 ], [ -64.29905, -31.31736 ], [ -64.29936, -31.32707 ] ] ] } },
{ "type": "Feature", "properties": { "indice_acceso": 0.689 }, "geometry": { "type": "Polygon", "coordinates": [ [ [ -64.30041, -31.31713 ], [ -64.30089, -31.31796 ], [ -64.30355, -31.31769 ], [ -64.3036, -31.3188 ], [ -64.30801, -31.31904 ], [ -64.30798, -31.31855 ], [ -64.30993, -31.31799 ], [ -64.30831, -31.31491 ], [ -64.30564, -31.31654 ], [ -64.30435, -31.3157 ], [ -64.30418, -31.31467 ], [ -64.30379, -31.31435 ], [ -64.30312, -31.31434 ], [ -64.30163, -31.31513 ], [ -64.30041, -31.31417 ], [ -64.30041, -31.31713 ] ] ] } },
{ "type": "Feature", "properties": { "indice_acceso": 0.7 }, "geometry": { "type": "Polygon", "coordinates": [ [ [ -64.30215, -31.313 ], [ -64.30221, -31.31497 ], [ -64.30312, -31.31434 ], [ -64.30379, -31.31435 ], [ -64.30418, -31.31467 ], [ -64.30435, -31.3157 ], [ -64.30564, -31.31654 ], [ -64.30831, -31.31491 ], [ -64.30916, -31.31664 ], [ -64.31012, -31.31586 ], [ -64.30892, -31.31376 ], [ -64.30957, -31.31358 ], [ -64.30895, -31.31266 ], [ -64.31068, -31.312 ], [ -64.31018, -31.31144 ], [ -64.31115, -31.31085 ], [ -64.31021, -31.3105 ], [ -64.30674, -31.31267 ], [ -64.30215, -31.313 ] ] ] } },
{ "type": "Feature", "properties": { "indice_acceso": 0.72 }, "geometry": { "type": "Polygon", "coordinates": [ [ [ -64.30113, -31.30861 ], [ -64.30112, -31.30818 ], [ -64.29872, -31.30823 ], [ -64.29886, -31.3131 ], [ -64.29946, -31.31309 ], [ -64.30133, -31.3151 ], [ -64.30221, -31.31497 ], [ -64.30215, -31.313 ], [ -64.30605, -31.31291 ], [ -64.31021, -31.3105 ], [ -64.30921, -31.30979 ], [ -64.3078, -31.30775 ], [ -64.30652, -31.3081 ], [ -64.30346, -31.3076 ], [ -64.30312, -31.30826 ], [ -64.30261, -31.30815 ], [ -64.30198, -31.30743 ], [ -64.30197, -31.30825 ], [ -64.30113, -31.30861 ] ] ] } },
{ "type": "Feature", "properties": { "indice_acceso": 0.706 }, "geometry": { "type": "Polygon", "coordinates": [ [ [ -64.29653, -31.30853 ], [ -64.2956, -31.30867 ], [ -64.2923, -31.30849 ], [ -64.29243, -31.31233 ], [ -64.29301, -31.31231 ], [ -64.29382, -31.31136 ], [ -64.29389, -31.31413 ], [ -64.29889, -31.31401 ], [ -64.29872, -31.30823 ], [ -64.29703, -31.30805 ], [ -64.29653, -31.30853 ] ] ] } },
{ "type": "Feature", "properties": { "indice_acceso": 0.677 }, "geometry": { "type": "Polygon", "coordinates": [ [ [ -64.28818, -31.31428 ], [ -64.29389, -31.31413 ], [ -64.29382, -31.31136 ], [ -64.29301, -31.31231 ], [ -64.29243, -31.31233 ], [ -64.29236, -31.30888 ], [ -64.28812, -31.30893 ], [ -64.28818, -31.31428 ] ] ] } },
{ "type": "Feature", "properties": { "indice_acceso": 0.565 }, "geometry": { "type": "Polygon", "coordinates": [ [ [ -64.17334, -31.29584 ], [ -64.17932, -31.2961 ], [ -64.17933, -31.29583 ], [ -64.18041, -31.29585 ], [ -64.1804, -31.29421 ], [ -64.17302, -31.29418 ], [ -64.17334, -31.29584 ] ] ] } },
{ "type": "Feature", "properties": { "indice_acceso": 0.566 }, "geometry": { "type": "Polygon", "coordinates": [ [ [ -64.17362, -31.29728 ], [ -64.18043, -31.29731 ], [ -64.18041, -31.29585 ], [ -64.17933, -31.29583 ], [ -64.17932, -31.2961 ], [ -64.17334, -31.29584 ], [ -64.17362, -31.29728 ] ] ] } },
{ "type": "Feature", "properties": { "indice_acceso": 0.565 }, "geometry": { "type": "Polygon", "coordinates": [ [ [ -64.17423, -31.30034 ], [ -64.17932, -31.30032 ], [ -64.17938, -31.2973 ], [ -64.17362, -31.29728 ], [ -64.17423, -31.30034 ] ] ] } },
{ "type": "Feature", "properties": { "indice_acceso": 0.566 }, "geometry": { "type": "Polygon", "coordinates": [ [ [ -64.17924, -31.30315 ], [ -64.17932, -31.30032 ], [ -64.17423, -31.30034 ], [ -64.17476, -31.30308 ], [ -64.17924, -31.30315 ] ] ] } },
{ "type": "Feature", "properties": { "indice_acceso": 0.565 }, "geometry": { "type": "Polygon", "coordinates": [ [ [ -64.16636, -31.30886 ], [ -64.16866, -31.30853 ], [ -64.17097, -31.30869 ], [ -64.17109, -31.3082 ], [ -64.1723, -31.30803 ], [ -64.1729, -31.3076 ], [ -64.1733, -31.30777 ], [ -64.17353, -31.30885 ], [ -64.17588, -31.30877 ], [ -64.17486, -31.30357 ], [ -64.17469, -31.3058 ], [ -64.17096, -31.3063 ], [ -64.16666, -31.30317 ], [ -64.16629, -31.30357 ], [ -64.16636, -31.30886 ] ] ] } },
{ "type": "Feature", "properties": { "indice_acceso": 0.579 }, "geometry": { "type": "Polygon", "coordinates": [ [ [ -64.17529, -31.30575 ], [ -64.17588, -31.30877 ], [ -64.17771, -31.30839 ], [ -64.17799, -31.30861 ], [ -64.18165, -31.30864 ], [ -64.18164, -31.30802 ], [ -64.17905, -31.30803 ], [ -64.17841, -31.3076 ], [ -64.17994, -31.30675 ], [ -64.18318, -31.30661 ], [ -64.18319, -31.3058 ], [ -64.17923, -31.30577 ], [ -64.17923, -31.30519 ], [ -64.18005, -31.30496 ], [ -64.17719, -31.30492 ], [ -64.17798, -31.30518 ], [ -64.17797, -31.30575 ], [ -64.17529, -31.30575 ] ] ] } },
{ "type": "Feature", "properties": { "indice_acceso": 0.578 }, "geometry": { "type": "Polygon", "coordinates": [ [ [ -64.17991, -31.30676 ], [ -64.17841, -31.3076 ], [ -64.17905, -31.30803 ], [ -64.18164, -31.30802 ], [ -64.18165, -31.30864 ], [ -64.18373, -31.30867 ], [ -64.18318, -31.30661 ], [ -64.17991, -31.30676 ] ] ] } },
{ "type": "Feature", "properties": { "indice_acceso": 0.498 }, "geometry": { "type": "Polygon", "coordinates": [ [ [ -64.28992, -31.09412 ], [ -64.28823, -31.09488 ], [ -64.28815, -31.10375 ], [ -64.28925, -31.10369 ], [ -64.29045, -31.10407 ], [ -64.28969, -31.10539 ], [ -64.29042, -31.10573 ], [ -64.29019, -31.10733 ], [ -64.28799, -31.11033 ], [ -64.28969, -31.10973 ], [ -64.2918, -31.11041 ], [ -64.2928, -31.11007 ], [ -64.2934, -31.11025 ], [ -64.2934, -31.10925 ], [ -64.29239, -31.10928 ], [ -64.2926, -31.10746 ], [ -64.29734, -31.10715 ], [ -64.29764, -31.1062 ], [ -64.29723, -31.10544 ], [ -64.29877, -31.10521 ], [ -64.29876, -31.10434 ], [ -64.29789, -31.10355 ], [ -64.2988, -31.10346 ], [ -64.29856, -31.09878 ], [ -64.29762, -31.0984 ], [ -64.29708, -31.09855 ], [ -64.29635, -31.09984 ], [ -64.29474, -31.09915 ], [ -64.2948, -31.09807 ], [ -64.29331, -31.09795 ], [ -64.29298, -31.09717 ], [ -64.29224, -31.09758 ], [ -64.2913, -31.09626 ], [ -64.29081, -31.09418 ], [ -64.29157, -31.09418 ], [ -64.29188, -31.09401 ], [ -64.28992, -31.09412 ] ] ] } },
{ "type": "Feature", "properties": { "indice_acceso": 0.499 }, "geometry": { "type": "Polygon", "coordinates": [ [ [ -64.29765, -31.10532 ], [ -64.29723, -31.10544 ], [ -64.29764, -31.1062 ], [ -64.29734, -31.10715 ], [ -64.2926, -31.10746 ], [ -64.29239, -31.10928 ], [ -64.2934, -31.10925 ], [ -64.2934, -31.11025 ], [ -64.2928, -31.11007 ], [ -64.29192, -31.11041 ], [ -64.29297, -31.11146 ], [ -64.29342, -31.11642 ], [ -64.29895, -31.11461 ], [ -64.30662, -31.11364 ], [ -64.30686, -31.11137 ], [ -64.30625, -31.11139 ], [ -64.30653, -31.10769 ], [ -64.30802, -31.10766 ], [ -64.30974, -31.10707 ], [ -64.31234, -31.10764 ], [ -64.31234, -31.10494 ], [ -64.29765, -31.10532 ] ] ] } },
{ "type": "Feature", "properties": { "indice_acceso": 0.5 }, "geometry": { "type": "Polygon", "coordinates": [ [ [ -64.29409, -31.12285 ], [ -64.30578, -31.12048 ], [ -64.30662, -31.11364 ], [ -64.29895, -31.11461 ], [ -64.29342, -31.11642 ], [ -64.29409, -31.12285 ] ] ] } },
{ "type": "Feature", "properties": { "indice_acceso": 0.506 }, "geometry": { "type": "Polygon", "coordinates": [ [ [ -64.28782, -31.11044 ], [ -64.28787, -31.11169 ], [ -64.28725, -31.11241 ], [ -64.28754, -31.11276 ], [ -64.28451, -31.11435 ], [ -64.2805, -31.11505 ], [ -64.277, -31.11523 ], [ -64.27693, -31.11625 ], [ -64.27599, -31.11673 ], [ -64.27597, -31.11916 ], [ -64.27909, -31.11916 ], [ -64.27905, -31.12179 ], [ -64.27987, -31.1218 ], [ -64.28055, -31.11886 ], [ -64.28267, -31.12078 ], [ -64.2841, -31.12087 ], [ -64.28479, -31.1196 ], [ -64.28549, -31.12857 ], [ -64.288, -31.12855 ], [ -64.28789, -31.12655 ], [ -64.29432, -31.12623 ], [ -64.29297, -31.11146 ], [ -64.29188, -31.11037 ], [ -64.29105, -31.11001 ], [ -64.28969, -31.10973 ], [ -64.28782, -31.11044 ] ] ] } },
{ "type": "Feature", "properties": { "indice_acceso": 0.503 }, "geometry": { "type": "Polygon", "coordinates": [ [ [ -64.27987, -31.1218 ], [ -64.27905, -31.12179 ], [ -64.27909, -31.11916 ], [ -64.27597, -31.11916 ], [ -64.27599, -31.12784 ], [ -64.27528, -31.12853 ], [ -64.27575, -31.12892 ], [ -64.27568, -31.12955 ], [ -64.27754, -31.1292 ], [ -64.27927, -31.13164 ], [ -64.27928, -31.13249 ], [ -64.27926, -31.13335 ], [ -64.27585, -31.1334 ], [ -64.27584, -31.13594 ], [ -64.2886, -31.13589 ], [ -64.28845, -31.13403 ], [ -64.28591, -31.13403 ], [ -64.28479, -31.1196 ], [ -64.2841, -31.12087 ], [ -64.28267, -31.12078 ], [ -64.28055, -31.11886 ], [ -64.27987, -31.1218 ] ] ] } },
{ "type": "Feature", "properties": { "indice_acceso": 0.516 }, "geometry": { "type": "Polygon", "coordinates": [ [ [ -64.28789, -31.12655 ], [ -64.288, -31.12855 ], [ -64.28549, -31.12857 ], [ -64.28591, -31.13403 ], [ -64.28845, -31.13403 ], [ -64.2886, -31.13589 ], [ -64.29614, -31.13573 ], [ -64.29682, -31.13549 ], [ -64.29573, -31.12913 ], [ -64.29492, -31.12925 ], [ -64.29432, -31.12623 ], [ -64.28789, -31.12655 ] ] ] } },
{ "type": "Feature", "properties": { "indice_acceso": 0.516 }, "geometry": { "type": "Polygon", "coordinates": [ [ [ -64.29481, -31.12873 ], [ -64.29492, -31.12925 ], [ -64.29573, -31.12913 ], [ -64.29659, -31.1338 ], [ -64.29804, -31.13372 ], [ -64.29808, -31.13461 ], [ -64.29852, -31.13499 ], [ -64.30052, -31.13432 ], [ -64.30083, -31.13518 ], [ -64.30208, -31.13467 ], [ -64.30292, -31.13179 ], [ -64.30205, -31.13148 ], [ -64.3021, -31.12747 ], [ -64.29481, -31.12873 ] ] ] } },
{ "type": "Feature", "properties": { "indice_acceso": 0.527 }, "geometry": { "type": "Polygon", "coordinates": [ [ [ -64.31548, -31.13191 ], [ -64.31385, -31.13262 ], [ -64.31362, -31.13167 ], [ -64.31142, -31.13345 ], [ -64.31016, -31.13381 ], [ -64.30989, -31.13348 ], [ -64.30886, -31.1341 ], [ -64.30795, -31.13411 ], [ -64.30772, -31.13457 ], [ -64.30672, -31.13494 ], [ -64.30427, -31.13486 ], [ -64.30336, -31.13536 ], [ -64.30292, -31.13609 ], [ -64.30222, -31.13615 ], [ -64.30265, -31.13691 ], [ -64.30242, -31.13696 ], [ -64.3036, -31.13874 ], [ -64.30447, -31.13684 ], [ -64.30512, -31.13673 ], [ -64.30556, -31.13771 ], [ -64.30546, -31.13951 ], [ -64.30669, -31.14078 ], [ -64.30832, -31.14088 ], [ -64.31068, -31.13954 ], [ -64.31129, -31.13859 ], [ -64.31342, -31.13878 ], [ -64.31618, -31.13831 ], [ -64.31671, -31.13834 ], [ -64.32035, -31.14106 ], [ -64.32086, -31.14096 ], [ -64.31968, -31.1377 ], [ -64.31905, -31.13742 ], [ -64.31881, -31.13576 ], [ -64.31953, -31.13575 ], [ -64.32078, -31.13508 ], [ -64.32124, -31.13539 ], [ -64.32257, -31.13509 ], [ -64.32229, -31.13409 ], [ -64.32117, -31.1344 ], [ -64.32073, -31.13165 ], [ -64.3189, -31.13193 ], [ -64.3189, -31.13227 ], [ -64.31746, -31.13272 ], [ -64.3176, -31.13232 ], [ -64.31856, -31.13191 ], [ -64.32025, -31.12938 ], [ -64.31904, -31.12906 ], [ -64.31815, -31.13036 ], [ -64.31739, -31.13067 ], [ -64.31665, -31.1319 ], [ -64.31548, -31.13191 ] ] ] } },
{ "type": "Feature", "properties": { "indice_acceso": 0.528 }, "geometry": { "type": "Polygon", "coordinates": [ [ [ -64.29682, -31.13549 ], [ -64.29613, -31.13566 ], [ -64.29684, -31.13792 ], [ -64.29682, -31.13883 ], [ -64.30036, -31.13966 ], [ -64.3018, -31.13954 ], [ -64.3036, -31.13874 ], [ -64.30242, -31.13696 ], [ -64.30265, -31.13691 ], [ -64.30203, -31.13581 ], [ -64.30208, -31.13467 ], [ -64.30083, -31.13518 ], [ -64.30052, -31.13432 ], [ -64.29852, -31.13499 ], [ -64.29808, -31.13461 ], [ -64.29804, -31.13372 ], [ -64.29659, -31.1338 ], [ -64.29682, -31.13549 ] ] ] } },
{ "type": "Feature", "properties": { "indice_acceso": 0.525 }, "geometry": { "type": "Polygon", "coordinates": [ [ [ -64.28774, -31.13588 ], [ -64.29083, -31.13811 ], [ -64.29091, -31.13944 ], [ -64.29215, -31.14243 ], [ -64.29378, -31.14219 ], [ -64.29466, -31.14046 ], [ -64.29467, -31.13997 ], [ -64.29399, -31.13922 ], [ -64.29423, -31.13888 ], [ -64.29591, -31.13857 ], [ -64.29682, -31.13883 ], [ -64.29684, -31.13792 ], [ -64.29614, -31.13573 ], [ -64.28774, -31.13588 ] ] ] } },
{ "type": "Feature", "properties": { "indice_acceso": 0.521 }, "geometry": { "type": "Polygon", "coordinates": [ [ [ -64.28173, -31.13588 ], [ -64.2832, -31.14116 ], [ -64.28497, -31.14105 ], [ -64.28791, -31.14025 ], [ -64.28891, -31.14289 ], [ -64.29215, -31.14243 ], [ -64.29091, -31.13944 ], [ -64.29083, -31.13811 ], [ -64.28774, -31.13588 ], [ -64.28173, -31.13588 ] ] ] } },
{ "type": "Feature", "properties": { "indice_acceso": 0.499 }, "geometry": { "type": "Polygon", "coordinates": [ [ [ -64.26584, -31.13607 ], [ -64.2595, -31.13603 ], [ -64.26432, -31.14469 ], [ -64.27452, -31.144 ], [ -64.27458, -31.14474 ], [ -64.28291, -31.14445 ], [ -64.28341, -31.14403 ], [ -64.28345, -31.14343 ], [ -64.28891, -31.14289 ], [ -64.28791, -31.14025 ], [ -64.28497, -31.14105 ], [ -64.2832, -31.14116 ], [ -64.28173, -31.13588 ], [ -64.27584, -31.13594 ], [ -64.27584, -31.13479 ], [ -64.26585, -31.13494 ], [ -64.26584, -31.13607 ] ] ] } },
{ "type": "Feature", "properties": { "indice_acceso": 0.502 }, "geometry": { "type": "Polygon", "coordinates": [ [ [ -64.276, -31.14548 ], [ -64.27733, -31.14539 ], [ -64.27721, -31.14614 ], [ -64.27799, -31.14554 ], [ -64.28225, -31.14845 ], [ -64.28206, -31.14873 ], [ -64.27912, -31.14902 ], [ -64.27917, -31.14938 ], [ -64.28049, -31.15183 ], [ -64.28038, -31.15302 ], [ -64.28234, -31.15242 ], [ -64.28318, -31.15253 ], [ -64.28458, -31.15369 ], [ -64.28427, -31.15508 ], [ -64.2846, -31.1566 ], [ -64.2844, -31.15808 ], [ -64.28534, -31.1593 ], [ -64.28527, -31.16021 ], [ -64.28637, -31.16026 ], [ -64.28739, -31.15988 ], [ -64.28793, -31.159 ], [ -64.28974, -31.15874 ], [ -64.29027, -31.15809 ], [ -64.28869, -31.15689 ], [ -64.29072, -31.15547 ], [ -64.29157, -31.15446 ], [ -64.29133, -31.15173 ], [ -64.29247, -31.15 ], [ -64.29187, -31.14667 ], [ -64.29284, -31.14494 ], [ -64.2941, -31.14382 ], [ -64.29378, -31.14219 ], [ -64.28345, -31.14343 ], [ -64.28341, -31.14403 ], [ -64.28291, -31.14445 ], [ -64.27594, -31.14483 ], [ -64.276, -31.14548 ] ] ] } },
{ "type": "Feature", "properties": { "indice_acceso": 0.507 }, "geometry": { "type": "Polygon", "coordinates": [ [ [ -64.29452, -31.13868 ], [ -64.29398, -31.13913 ], [ -64.2947, -31.14005 ], [ -64.29379, -31.14215 ], [ -64.2941, -31.14382 ], [ -64.29284, -31.14494 ], [ -64.29187, -31.14667 ], [ -64.29247, -31.15 ], [ -64.29133, -31.15173 ], [ -64.29157, -31.15446 ], [ -64.29072, -31.15547 ], [ -64.28869, -31.15689 ], [ -64.29027, -31.15809 ], [ -64.29688, -31.15858 ], [ -64.30109, -31.15847 ], [ -64.29935, -31.1497 ], [ -64.29641, -31.14695 ], [ -64.29811, -31.14621 ], [ -64.29831, -31.14535 ], [ -64.29883, -31.14525 ], [ -64.2993, -31.14452 ], [ -64.29773, -31.14252 ], [ -64.2979, -31.14125 ], [ -64.29823, -31.14088 ], [ -64.29859, -31.14088 ], [ -64.29948, -31.14185 ], [ -64.2995, -31.13961 ], [ -64.29563, -31.1386 ], [ -64.29452, -31.13868 ] ] ] } },
{ "type": "Feature", "properties": { "indice_acceso": 0.502 }, "geometry": { "type": "Polygon", "coordinates": [ [ [ -64.35959, -31.13619 ], [ -64.35861, -31.13601 ], [ -64.35746, -31.13506 ], [ -64.35707, -31.13506 ], [ -64.3572, -31.13568 ], [ -64.35679, -31.13699 ], [ -64.3559, -31.1378 ], [ -64.35675, -31.13778 ], [ -64.3569, -31.13929 ], [ -64.35452, -31.13843 ], [ -64.35339, -31.13768 ], [ -64.35317, -31.13789 ], [ -64.35532, -31.1395 ], [ -64.3563, -31.13978 ], [ -64.35643, -31.14036 ], [ -64.35556, -31.14248 ], [ -64.35458, -31.14174 ], [ -64.35367, -31.14266 ], [ -64.3538, -31.14528 ], [ -64.35317, -31.1459 ], [ -64.35307, -31.1465 ], [ -64.35187, -31.14729 ], [ -64.35073, -31.14732 ], [ -64.34674, -31.14648 ], [ -64.34571, -31.14687 ], [ -64.34579, -31.14557 ], [ -64.34468, -31.14625 ], [ -64.34384, -31.14625 ], [ -64.34365, -31.14688 ], [ -64.34258, -31.14732 ], [ -64.34223, -31.14783 ], [ -64.34067, -31.14794 ], [ -64.34214, -31.14826 ], [ -64.34191, -31.14843 ], [ -64.33957, -31.14839 ], [ -64.33738, -31.14695 ], [ -64.3378, -31.14788 ], [ -64.33735, -31.14822 ], [ -64.33645, -31.14702 ], [ -64.33524, -31.14683 ], [ -64.33305, -31.14764 ], [ -64.33118, -31.14768 ], [ -64.32949, -31.14975 ], [ -64.32827, -31.1503 ], [ -64.32919, -31.15004 ], [ -64.33011, -31.1507 ], [ -64.33017, -31.15136 ], [ -64.33053, -31.15137 ], [ -64.33126, -31.15068 ], [ -64.33183, -31.15114 ], [ -64.33623, -31.15177 ], [ -64.33781, -31.1515 ], [ -64.33852, -31.15059 ], [ -64.33908, -31.15039 ], [ -64.34042, -31.15107 ], [ -64.34144, -31.15092 ], [ -64.34166, -31.15169 ], [ -64.34222, -31.1518 ], [ -64.34302, -31.15101 ], [ -64.3441, -31.15124 ], [ -64.34422, -31.1506 ], [ -64.34587, -31.15025 ], [ -64.34737, -31.15158 ], [ -64.34913, -31.15163 ], [ -64.34908, -31.15131 ], [ -64.34747, -31.15088 ], [ -64.34886, -31.14974 ], [ -64.34888, -31.14866 ], [ -64.34942, -31.14853 ], [ -64.3506, -31.14863 ], [ -64.35165, -31.14918 ], [ -64.35286, -31.14911 ], [ -64.3534, -31.14964 ], [ -64.35403, -31.14974 ], [ -64.35517, -31.14922 ], [ -64.35709, -31.14916 ], [ -64.35931, -31.14984 ], [ -64.35984, -31.14909 ], [ -64.36065, -31.14896 ], [ -64.36072, -31.14849 ], [ -64.36018, -31.14812 ], [ -64.35945, -31.14914 ], [ -64.35909, -31.14573 ], [ -64.36306, -31.14656 ], [ -64.3634, -31.1422 ], [ -64.36458, -31.14269 ], [ -64.36491, -31.14245 ], [ -64.36401, -31.14177 ], [ -64.36402, -31.14111 ], [ -64.3651, -31.14082 ], [ -64.36615, -31.1412 ], [ -64.36659, -31.14107 ], [ -64.36542, -31.14031 ], [ -64.36511, -31.13985 ], [ -64.36519, -31.13919 ], [ -64.36426, -31.13898 ], [ -64.36331, -31.13912 ], [ -64.36258, -31.14053 ], [ -64.36166, -31.1404 ], [ -64.35996, -31.13729 ], [ -64.36115, -31.1353 ], [ -64.36048, -31.13491 ], [ -64.35959, -31.13619 ] ] ] } },
{ "type": "Feature", "properties": { "indice_acceso": 0.53 }, "geometry": { "type": "Polygon", "coordinates": [ [ [ -64.32112, -31.14096 ], [ -64.3211, -31.1412 ], [ -64.32147, -31.14209 ], [ -64.32118, -31.14276 ], [ -64.32246, -31.14443 ], [ -64.32325, -31.14487 ], [ -64.32333, -31.14805 ], [ -64.32391, -31.14881 ], [ -64.3227, -31.15024 ], [ -64.32223, -31.15259 ], [ -64.32624, -31.15195 ], [ -64.32831, -31.15026 ], [ -64.32949, -31.14975 ], [ -64.33118, -31.14768 ], [ -64.33181, -31.14747 ], [ -64.33181, -31.14441 ], [ -64.32439, -31.13934 ], [ -64.32378, -31.1395 ], [ -64.32292, -31.14041 ], [ -64.32112, -31.14096 ] ] ] } },
{ "type": "Feature", "properties": { "indice_acceso": 0.531 }, "geometry": { "type": "Polygon", "coordinates": [ [ [ -64.31626, -31.14148 ], [ -64.31655, -31.1426 ], [ -64.3159, -31.14265 ], [ -64.31569, -31.14307 ], [ -64.31631, -31.14677 ], [ -64.31736, -31.14663 ], [ -64.31516, -31.14783 ], [ -64.31496, -31.14874 ], [ -64.31407, -31.14885 ], [ -64.31469, -31.14942 ], [ -64.31693, -31.14871 ], [ -64.31672, -31.14956 ], [ -64.31556, -31.15017 ], [ -64.31691, -31.15012 ], [ -64.31709, -31.1518 ], [ -64.31938, -31.15303 ], [ -64.32135, -31.15284 ], [ -64.32228, -31.15245 ], [ -64.3227, -31.15024 ], [ -64.3239, -31.14899 ], [ -64.32333, -31.14805 ], [ -64.32325, -31.14487 ], [ -64.32246, -31.14443 ], [ -64.32118, -31.14276 ], [ -64.32147, -31.14209 ], [ -64.3211, -31.14164 ], [ -64.32112, -31.14096 ], [ -64.32035, -31.14106 ], [ -64.31671, -31.13834 ], [ -64.31675, -31.14043 ], [ -64.31626, -31.14148 ] ] ] } },
{ "type": "Feature", "properties": { "indice_acceso": 0.536 }, "geometry": { "type": "Polygon", "coordinates": [ [ [ -64.31293, -31.1388 ], [ -64.31129, -31.13859 ], [ -64.31068, -31.13954 ], [ -64.3093, -31.14022 ], [ -64.31073, -31.1419 ], [ -64.31088, -31.14297 ], [ -64.31168, -31.1444 ], [ -64.31179, -31.1458 ], [ -64.31221, -31.14569 ], [ -64.31256, -31.14721 ], [ -64.31342, -31.14803 ], [ -64.31191, -31.14914 ], [ -64.31182, -31.15084 ], [ -64.31115, -31.15326 ], [ -64.30952, -31.15474 ], [ -64.30884, -31.15582 ], [ -64.30785, -31.15639 ], [ -64.30772, -31.15682 ], [ -64.30906, -31.15694 ], [ -64.30962, -31.15665 ], [ -64.30914, -31.15727 ], [ -64.31002, -31.15746 ], [ -64.31195, -31.15718 ], [ -64.31546, -31.15448 ], [ -64.31546, -31.15273 ], [ -64.31569, -31.15274 ], [ -64.31581, -31.15208 ], [ -64.31661, -31.15167 ], [ -64.31709, -31.1518 ], [ -64.31691, -31.15012 ], [ -64.31556, -31.15017 ], [ -64.31672, -31.14956 ], [ -64.31693, -31.14871 ], [ -64.31469, -31.14942 ], [ -64.31407, -31.14885 ], [ -64.31496, -31.14874 ], [ -64.31516, -31.14783 ], [ -64.31718, -31.14687 ], [ -64.31738, -31.14649 ], [ -64.31631, -31.14677 ], [ -64.31569, -31.14307 ], [ -64.3159, -31.14265 ], [ -64.31655, -31.1426 ], [ -64.31626, -31.14148 ], [ -64.31676, -31.14035 ], [ -64.31671, -31.13836 ], [ -64.31293, -31.1388 ] ] ] } },
{ "type": "Feature", "properties": { "indice_acceso": 0.561 }, "geometry": { "type": "Polygon", "coordinates": [ [ [ -64.30914, -31.15727 ], [ -64.30962, -31.15665 ], [ -64.30906, -31.15694 ], [ -64.30772, -31.15682 ], [ -64.30796, -31.15723 ], [ -64.3076, -31.15835 ], [ -64.30321, -31.16012 ], [ -64.30266, -31.16003 ], [ -64.30119, -31.16052 ], [ -64.30133, -31.16183 ], [ -64.30277, -31.16218 ], [ -64.30613, -31.16217 ], [ -64.30567, -31.16107 ], [ -64.31168, -31.16027 ], [ -64.31222, -31.16346 ], [ -64.31302, -31.1637 ], [ -64.31311, -31.1634 ], [ -64.3149, -31.16316 ], [ -64.31458, -31.16147 ], [ -64.31701, -31.16136 ], [ -64.31721, -31.16182 ], [ -64.3187, -31.16154 ], [ -64.31948, -31.16002 ], [ -64.31788, -31.15962 ], [ -64.31538, -31.15786 ], [ -64.31537, -31.15453 ], [ -64.31195, -31.15718 ], [ -64.31076, -31.15744 ], [ -64.30914, -31.15727 ] ] ] } },
{ "type": "Feature", "properties": { "indice_acceso": 0.555 }, "geometry": { "type": "Polygon", "coordinates": [ [ [ -64.31546, -31.15273 ], [ -64.3152, -31.15761 ], [ -64.31557, -31.15809 ], [ -64.31698, -31.15877 ], [ -64.31801, -31.15969 ], [ -64.31938, -31.15992 ], [ -64.31988, -31.16129 ], [ -64.32065, -31.16073 ], [ -64.32317, -31.16033 ], [ -64.32167, -31.1577 ], [ -64.32225, -31.15738 ], [ -64.32235, -31.15683 ], [ -64.32228, -31.15556 ], [ -64.32257, -31.15487 ], [ -64.32225, -31.15389 ], [ -64.32254, -31.1536 ], [ -64.32228, -31.15245 ], [ -64.31977, -31.15309 ], [ -64.31666, -31.15167 ], [ -64.31581, -31.15208 ], [ -64.31546, -31.15273 ] ] ] } },
{ "type": "Feature", "properties": { "indice_acceso": 0.558 }, "geometry": { "type": "Polygon", "coordinates": [ [ [ -64.32223, -31.15259 ], [ -64.32257, -31.15487 ], [ -64.32228, -31.15556 ], [ -64.32225, -31.15738 ], [ -64.32167, -31.1577 ], [ -64.32317, -31.16033 ], [ -64.32433, -31.16009 ], [ -64.32493, -31.16083 ], [ -64.32493, -31.16155 ], [ -64.32538, -31.16205 ], [ -64.32615, -31.16193 ], [ -64.32763, -31.16373 ], [ -64.32999, -31.16357 ], [ -64.33059, -31.16253 ], [ -64.32978, -31.16257 ], [ -64.32759, -31.16175 ], [ -64.32693, -31.16106 ], [ -64.32745, -31.16001 ], [ -64.32676, -31.15898 ], [ -64.3299, -31.15625 ], [ -64.32932, -31.15536 ], [ -64.32924, -31.15437 ], [ -64.32712, -31.15274 ], [ -64.32885, -31.15192 ], [ -64.33026, -31.15177 ], [ -64.3302, -31.15084 ], [ -64.32919, -31.15004 ], [ -64.32883, -31.15013 ], [ -64.32642, -31.15184 ], [ -64.32223, -31.15259 ] ] ] } },
{ "type": "Feature", "properties": { "indice_acceso": 0.563 }, "geometry": { "type": "Polygon", "coordinates": [ [ [ -64.32137, -31.16401 ], [ -64.32612, -31.1638 ], [ -64.32602, -31.1661 ], [ -64.32992, -31.16602 ], [ -64.33049, -31.16636 ], [ -64.33013, -31.16541 ], [ -64.33136, -31.16623 ], [ -64.33277, -31.16661 ], [ -64.33251, -31.16597 ], [ -64.33295, -31.16543 ], [ -64.33297, -31.16381 ], [ -64.33207, -31.16348 ], [ -64.32763, -31.16373 ], [ -64.32615, -31.16193 ], [ -64.32538, -31.16205 ], [ -64.32493, -31.16155 ], [ -64.32493, -31.16083 ], [ -64.32433, -31.16009 ], [ -64.32065, -31.16073 ], [ -64.31988, -31.16129 ], [ -64.32137, -31.16401 ] ] ] } },
{ "type": "Feature", "properties": { "indice_acceso": 0.554 }, "geometry": { "type": "Polygon", "coordinates": [ [ [ -64.32992, -31.16602 ], [ -64.32691, -31.16607 ], [ -64.32699, -31.16859 ], [ -64.32812, -31.16924 ], [ -64.32847, -31.17159 ], [ -64.3291, -31.17208 ], [ -64.33038, -31.17125 ], [ -64.33132, -31.17174 ], [ -64.33235, -31.17256 ], [ -64.33286, -31.17419 ], [ -64.33496, -31.1741 ], [ -64.33534, -31.17381 ], [ -64.33524, -31.17326 ], [ -64.33551, -31.17298 ], [ -64.33754, -31.1733 ], [ -64.33885, -31.17284 ], [ -64.33865, -31.17204 ], [ -64.33747, -31.17276 ], [ -64.33564, -31.17238 ], [ -64.33532, -31.17195 ], [ -64.33575, -31.1706 ], [ -64.33516, -31.17069 ], [ -64.33522, -31.16984 ], [ -64.33462, -31.16882 ], [ -64.3349, -31.16777 ], [ -64.33568, -31.16716 ], [ -64.33534, -31.16673 ], [ -64.33484, -31.16702 ], [ -64.33456, -31.16662 ], [ -64.33376, -31.16659 ], [ -64.33277, -31.16588 ], [ -64.33251, -31.16597 ], [ -64.33277, -31.16661 ], [ -64.33136, -31.16623 ], [ -64.33005, -31.16544 ], [ -64.33049, -31.16636 ], [ -64.32992, -31.16602 ] ] ] } },
{ "type": "Feature", "properties": { "indice_acceso": 0.575 }, "geometry": { "type": "Polygon", "coordinates": [ [ [ -64.32122, -31.16737 ], [ -64.32256, -31.16775 ], [ -64.32477, -31.1693 ], [ -64.32513, -31.16899 ], [ -64.32572, -31.16983 ], [ -64.3264, -31.16977 ], [ -64.32739, -31.16895 ], [ -64.3274, -31.1686 ], [ -64.32699, -31.16859 ], [ -64.32691, -31.16607 ], [ -64.32602, -31.1661 ], [ -64.32612, -31.1638 ], [ -64.32137, -31.16401 ], [ -64.32196, -31.16495 ], [ -64.32195, -31.16576 ], [ -64.32122, -31.16737 ] ] ] } },
{ "type": "Feature", "properties": { "indice_acceso": 0.573 }, "geometry": { "type": "Polygon", "coordinates": [ [ [ -64.31657, -31.1634 ], [ -64.31768, -31.16327 ], [ -64.3185, -31.16388 ], [ -64.31834, -31.16319 ], [ -64.31912, -31.16393 ], [ -64.32011, -31.16382 ], [ -64.32012, -31.16449 ], [ -64.31865, -31.16582 ], [ -64.32179, -31.16613 ], [ -64.32196, -31.16495 ], [ -64.31988, -31.16142 ], [ -64.31948, -31.16002 ], [ -64.3187, -31.16154 ], [ -64.31633, -31.16195 ], [ -64.31657, -31.1634 ] ] ] } },
{ "type": "Feature", "properties": { "indice_acceso": 0.579 }, "geometry": { "type": "Polygon", "coordinates": [ [ [ -64.31453, -31.16153 ], [ -64.31476, -31.16328 ], [ -64.31311, -31.1634 ], [ -64.31302, -31.1637 ], [ -64.31222, -31.16346 ], [ -64.31281, -31.16665 ], [ -64.31408, -31.16634 ], [ -64.31422, -31.16749 ], [ -64.31565, -31.16754 ], [ -64.3166, -31.16694 ], [ -64.31758, -31.16727 ], [ -64.32012, -31.16449 ], [ -64.32011, -31.16382 ], [ -64.31912, -31.16393 ], [ -64.31845, -31.16318 ], [ -64.3185, -31.16388 ], [ -64.31768, -31.16327 ], [ -64.31657, -31.1634 ], [ -64.31633, -31.16195 ], [ -64.31721, -31.16182 ], [ -64.31701, -31.16136 ], [ -64.31453, -31.16153 ] ] ] } },
{ "type": "Feature", "properties": { "indice_acceso": 0.586 }, "geometry": { "type": "Polygon", "coordinates": [ [ [ -64.3166, -31.16694 ], [ -64.31565, -31.16754 ], [ -64.31422, -31.16749 ], [ -64.31408, -31.16634 ], [ -64.31281, -31.16665 ], [ -64.31317, -31.16981 ], [ -64.31237, -31.17376 ], [ -64.31831, -31.16878 ], [ -64.3203, -31.16747 ], [ -64.32122, -31.16737 ], [ -64.32179, -31.16613 ], [ -64.31865, -31.16582 ], [ -64.31769, -31.16715 ], [ -64.3166, -31.16694 ] ] ] } },
{ "type": "Feature", "properties": { "indice_acceso": 0.574 }, "geometry": { "type": "Polygon", "coordinates": [ [ [ -64.30277, -31.16218 ], [ -64.30133, -31.16183 ], [ -64.30204, -31.16793 ], [ -64.30301, -31.16958 ], [ -64.30295, -31.17104 ], [ -64.30484, -31.17102 ], [ -64.30515, -31.17199 ], [ -64.30596, -31.17291 ], [ -64.30809, -31.17333 ], [ -64.30798, -31.17399 ], [ -64.30841, -31.17425 ], [ -64.30959, -31.1739 ], [ -64.3116, -31.17441 ], [ -64.31169, -31.17404 ], [ -64.31237, -31.17376 ], [ -64.31317, -31.16981 ], [ -64.31302, -31.16757 ], [ -64.31168, -31.16027 ], [ -64.30567, -31.16107 ], [ -64.30613, -31.16217 ], [ -64.30277, -31.16218 ] ] ] } },
{ "type": "Feature", "properties": { "indice_acceso": 0.562 }, "geometry": { "type": "Polygon", "coordinates": [ [ [ -64.31883, -31.1695 ], [ -64.31843, -31.16976 ], [ -64.31858, -31.17038 ], [ -64.32159, -31.16974 ], [ -64.32242, -31.17021 ], [ -64.32118, -31.1707 ], [ -64.32091, -31.17219 ], [ -64.3174, -31.17562 ], [ -64.31677, -31.17584 ], [ -64.31609, -31.17656 ], [ -64.31594, -31.17724 ], [ -64.31749, -31.17616 ], [ -64.31835, -31.17617 ], [ -64.31858, -31.17534 ], [ -64.32287, -31.17453 ], [ -64.32363, -31.17463 ], [ -64.3243, -31.17388 ], [ -64.32533, -31.17383 ], [ -64.32667, -31.17444 ], [ -64.32745, -31.1758 ], [ -64.32803, -31.17521 ], [ -64.32778, -31.1763 ], [ -64.32746, -31.17639 ], [ -64.3256, -31.17523 ], [ -64.32476, -31.1765 ], [ -64.32315, -31.17675 ], [ -64.32318, -31.17776 ], [ -64.32281, -31.17818 ], [ -64.32528, -31.17793 ], [ -64.32631, -31.17844 ], [ -64.32845, -31.17714 ], [ -64.32981, -31.17746 ], [ -64.33289, -31.1758 ], [ -64.33315, -31.17513 ], [ -64.3346, -31.1762 ], [ -64.33458, -31.17718 ], [ -64.33531, -31.17682 ], [ -64.33492, -31.17483 ], [ -64.33437, -31.17419 ], [ -64.33275, -31.1741 ], [ -64.33248, -31.17281 ], [ -64.33189, -31.17213 ], [ -64.33038, -31.17125 ], [ -64.32948, -31.17207 ], [ -64.32847, -31.17159 ], [ -64.32856, -31.17092 ], [ -64.32784, -31.16899 ], [ -64.32718, -31.16902 ], [ -64.3264, -31.16977 ], [ -64.32572, -31.16983 ], [ -64.32513, -31.16899 ], [ -64.32477, -31.1693 ], [ -64.32256, -31.16775 ], [ -64.32107, -31.16736 ], [ -64.3203, -31.16747 ], [ -64.31805, -31.16902 ], [ -64.31883, -31.1695 ] ] ] } },
{ "type": "Feature", "properties": { "indice_acceso": 0.596 }, "geometry": { "type": "Polygon", "coordinates": [ [ [ -64.31304, -31.17334 ], [ -64.31409, -31.17594 ], [ -64.31412, -31.17708 ], [ -64.31355, -31.17825 ], [ -64.31586, -31.17807 ], [ -64.31635, -31.1783 ], [ -64.31655, -31.17765 ], [ -64.31594, -31.17724 ], [ -64.31609, -31.17656 ], [ -64.32091, -31.17219 ], [ -64.32127, -31.1706 ], [ -64.32242, -31.17021 ], [ -64.32159, -31.16974 ], [ -64.31858, -31.17038 ], [ -64.31843, -31.16976 ], [ -64.31883, -31.1695 ], [ -64.31804, -31.16901 ], [ -64.31304, -31.17334 ] ] ] } },
{ "type": "Feature", "properties": { "indice_acceso": 0.597 }, "geometry": { "type": "Polygon", "coordinates": [ [ [ -64.30959, -31.1739 ], [ -64.30791, -31.17441 ], [ -64.30808, -31.17517 ], [ -64.30896, -31.17548 ], [ -64.31001, -31.1754 ], [ -64.31031, -31.17583 ], [ -64.30987, -31.17583 ], [ -64.30987, -31.17642 ], [ -64.30826, -31.17621 ], [ -64.30827, -31.17689 ], [ -64.30902, -31.1769 ], [ -64.31356, -31.17929 ], [ -64.31355, -31.17825 ], [ -64.31413, -31.17661 ], [ -64.3134, -31.17381 ], [ -64.31304, -31.17334 ], [ -64.31162, -31.17433 ], [ -64.30959, -31.1739 ] ] ] } },
{ "type": "Feature", "properties": { "indice_acceso": 0.584 }, "geometry": { "type": "Polygon", "coordinates": [ [ [ -64.30147, -31.17337 ], [ -64.30116, -31.17468 ], [ -64.30146, -31.17469 ], [ -64.3014, -31.17504 ], [ -64.30344, -31.1771 ], [ -64.30548, -31.17713 ], [ -64.30679, -31.17753 ], [ -64.30827, -31.17689 ], [ -64.30826, -31.17621 ], [ -64.30987, -31.17642 ], [ -64.30987, -31.17583 ], [ -64.31031, -31.17583 ], [ -64.31001, -31.1754 ], [ -64.30896, -31.17548 ], [ -64.30808, -31.17517 ], [ -64.30813, -31.17335 ], [ -64.30596, -31.17291 ], [ -64.30515, -31.17199 ], [ -64.30484, -31.17102 ], [ -64.30304, -31.17103 ], [ -64.30147, -31.17337 ] ] ] } },
{ "type": "Feature", "properties": { "indice_acceso": 0.575 }, "geometry": { "type": "Polygon", "coordinates": [ [ [ -64.30106, -31.16594 ], [ -64.29971, -31.16618 ], [ -64.30054, -31.16997 ], [ -64.30066, -31.17339 ], [ -64.30006, -31.17459 ], [ -64.29757, -31.17615 ], [ -64.29788, -31.17715 ], [ -64.29858, -31.17758 ], [ -64.2962, -31.17761 ], [ -64.29314, -31.18098 ], [ -64.29279, -31.18182 ], [ -64.29355, -31.182 ], [ -64.29332, -31.18257 ], [ -64.29494, -31.18287 ], [ -64.29562, -31.18151 ], [ -64.29766, -31.18135 ], [ -64.29836, -31.18103 ], [ -64.29847, -31.18046 ], [ -64.30064, -31.18096 ], [ -64.30087, -31.18296 ], [ -64.30376, -31.18106 ], [ -64.30393, -31.18037 ], [ -64.30708, -31.18043 ], [ -64.30659, -31.17756 ], [ -64.30548, -31.17713 ], [ -64.30344, -31.1771 ], [ -64.3014, -31.17504 ], [ -64.30146, -31.17469 ], [ -64.30116, -31.17468 ], [ -64.30147, -31.17337 ], [ -64.30292, -31.17137 ], [ -64.30309, -31.17004 ], [ -64.30204, -31.16793 ], [ -64.30154, -31.16394 ], [ -64.30084, -31.16402 ], [ -64.30106, -31.16594 ] ] ] } },
{ "type": "Feature", "properties": { "indice_acceso": 0.558 }, "geometry": { "type": "Polygon", "coordinates": [ [ [ -64.29562, -31.18151 ], [ -64.29494, -31.18287 ], [ -64.29332, -31.18257 ], [ -64.29371, -31.1827 ], [ -64.29344, -31.18384 ], [ -64.29438, -31.18403 ], [ -64.29355, -31.18517 ], [ -64.29175, -31.18928 ], [ -64.29027, -31.1915 ], [ -64.29741, -31.18915 ], [ -64.29771, -31.18589 ], [ -64.29964, -31.18749 ], [ -64.30136, -31.18779 ], [ -64.30786, -31.18566 ], [ -64.30774, -31.18513 ], [ -64.30624, -31.18576 ], [ -64.30577, -31.18568 ], [ -64.30521, -31.185 ], [ -64.30462, -31.18488 ], [ -64.30401, -31.18411 ], [ -64.30376, -31.18106 ], [ -64.30087, -31.18296 ], [ -64.30051, -31.18084 ], [ -64.29847, -31.18046 ], [ -64.29819, -31.18113 ], [ -64.29562, -31.18151 ] ] ] } },
{ "type": "Feature", "properties": { "indice_acceso": 0.59 }, "geometry": { "type": "Polygon", "coordinates": [ [ [ -64.30708, -31.18043 ], [ -64.30383, -31.18049 ], [ -64.30401, -31.18411 ], [ -64.30577, -31.18568 ], [ -64.30624, -31.18576 ], [ -64.30774, -31.18513 ], [ -64.30741, -31.18332 ], [ -64.31464, -31.18204 ], [ -64.31356, -31.17929 ], [ -64.30885, -31.17684 ], [ -64.30659, -31.17756 ], [ -64.30708, -31.18043 ] ] ] } },
{ "type": "Feature", "properties": { "indice_acceso": 0.552 }, "geometry": { "type": "Polygon", "coordinates": [ [ [ -64.31858, -31.17534 ], [ -64.31835, -31.17617 ], [ -64.31749, -31.17616 ], [ -64.31615, -31.17726 ], [ -64.31654, -31.17757 ], [ -64.31635, -31.1783 ], [ -64.31586, -31.17807 ], [ -64.31355, -31.17825 ], [ -64.31356, -31.17929 ], [ -64.3145, -31.18162 ], [ -64.31551, -31.1814 ], [ -64.31561, -31.18185 ], [ -64.31613, -31.18178 ], [ -64.31622, -31.18229 ], [ -64.31678, -31.18243 ], [ -64.31719, -31.18404 ], [ -64.31745, -31.18396 ], [ -64.31762, -31.18267 ], [ -64.31877, -31.18157 ], [ -64.31965, -31.18197 ], [ -64.32006, -31.1816 ], [ -64.32045, -31.18181 ], [ -64.32014, -31.18273 ], [ -64.31899, -31.1838 ], [ -64.32042, -31.1831 ], [ -64.32155, -31.18384 ], [ -64.32428, -31.18265 ], [ -64.32428, -31.18102 ], [ -64.32577, -31.18056 ], [ -64.32392, -31.17974 ], [ -64.32391, -31.17895 ], [ -64.32525, -31.17794 ], [ -64.32281, -31.17818 ], [ -64.32318, -31.17776 ], [ -64.3231, -31.17683 ], [ -64.32476, -31.1765 ], [ -64.3257, -31.17519 ], [ -64.32764, -31.17638 ], [ -64.32806, -31.17536 ], [ -64.32787, -31.17518 ], [ -64.32745, -31.1758 ], [ -64.32667, -31.17444 ], [ -64.32627, -31.17446 ], [ -64.32562, -31.17385 ], [ -64.3243, -31.17388 ], [ -64.32382, -31.17443 ], [ -64.31858, -31.17534 ] ] ] } },
{ "type": "Feature", "properties": { "indice_acceso": 0.577 }, "geometry": { "type": "Polygon", "coordinates": [ [ [ -64.32428, -31.18265 ], [ -64.32155, -31.18384 ], [ -64.32042, -31.1831 ], [ -64.31899, -31.1838 ], [ -64.32014, -31.18273 ], [ -64.32045, -31.18181 ], [ -64.32006, -31.1816 ], [ -64.31965, -31.18197 ], [ -64.31877, -31.18157 ], [ -64.31762, -31.18267 ], [ -64.31729, -31.18404 ], [ -64.31678, -31.18243 ], [ -64.31622, -31.18229 ], [ -64.31613, -31.18178 ], [ -64.31561, -31.18185 ], [ -64.31551, -31.1814 ], [ -64.3145, -31.18162 ], [ -64.31573, -31.18616 ], [ -64.31645, -31.18606 ], [ -64.31656, -31.18736 ], [ -64.31641, -31.18961 ], [ -64.31516, -31.18987 ], [ -64.31504, -31.19048 ], [ -64.31701, -31.19004 ], [ -64.31731, -31.18918 ], [ -64.31781, -31.18886 ], [ -64.31786, -31.18819 ], [ -64.31722, -31.18815 ], [ -64.31739, -31.18661 ], [ -64.31918, -31.18578 ], [ -64.32045, -31.18591 ], [ -64.3216, -31.18684 ], [ -64.32178, -31.18854 ], [ -64.32144, -31.18907 ], [ -64.32262, -31.189 ], [ -64.32323, -31.1898 ], [ -64.32393, -31.18996 ], [ -64.3233, -31.18884 ], [ -64.32323, -31.18796 ], [ -64.32443, -31.18743 ], [ -64.32461, -31.18782 ], [ -64.32667, -31.18722 ], [ -64.32585, -31.18602 ], [ -64.32713, -31.18489 ], [ -64.32649, -31.18463 ], [ -64.32441, -31.18488 ], [ -64.3242, -31.18444 ], [ -64.32482, -31.18372 ], [ -64.32829, -31.18338 ], [ -64.33057, -31.18259 ], [ -64.32938, -31.18236 ], [ -64.32939, -31.18158 ], [ -64.32844, -31.18184 ], [ -64.32795, -31.18163 ], [ -64.32806, -31.18122 ], [ -64.32577, -31.18056 ], [ -64.32444, -31.18087 ], [ -64.32428, -31.18265 ] ] ] } },
{ "type": "Feature", "properties": { "indice_acceso": 0.595 }, "geometry": { "type": "Polygon", "coordinates": [ [ [ -64.30741, -31.18332 ], [ -64.3089, -31.19248 ], [ -64.30874, -31.19286 ], [ -64.31534, -31.19202 ], [ -64.31516, -31.18987 ], [ -64.31641, -31.18961 ], [ -64.31645, -31.18606 ], [ -64.31573, -31.18616 ], [ -64.31486, -31.18249 ], [ -64.31467, -31.18209 ], [ -64.30741, -31.18332 ] ] ] } },
{ "type": "Feature", "properties": { "indice_acceso": 0.633 }, "geometry": { "type": "Polygon", "coordinates": [ [ [ -64.30832, -31.19326 ], [ -64.30838, -31.19405 ], [ -64.30893, -31.19505 ], [ -64.30832, -31.19546 ], [ -64.30827, -31.19627 ], [ -64.30857, -31.19679 ], [ -64.30902, -31.19659 ], [ -64.3092, -31.19755 ], [ -64.30993, -31.19863 ], [ -64.30776, -31.19892 ], [ -64.3078, -31.19937 ], [ -64.31236, -31.1988 ], [ -64.31455, -31.19936 ], [ -64.3152, -31.19902 ], [ -64.31524, -31.19792 ], [ -64.31256, -31.198 ], [ -64.31243, -31.19691 ], [ -64.31253, -31.19592 ], [ -64.3132, -31.19588 ], [ -64.31338, -31.19626 ], [ -64.31544, -31.19616 ], [ -64.31454, -31.19295 ], [ -64.31507, -31.19261 ], [ -64.31514, -31.19204 ], [ -64.30891, -31.19288 ], [ -64.30832, -31.19326 ] ] ] } },
{ "type": "Feature", "properties": { "indice_acceso": 0.634 }, "geometry": { "type": "Polygon", "coordinates": [ [ [ -64.31256, -31.198 ], [ -64.3152, -31.1979 ], [ -64.3152, -31.19902 ], [ -64.31455, -31.19936 ], [ -64.31236, -31.1988 ], [ -64.30781, -31.19937 ], [ -64.308, -31.20107 ], [ -64.30559, -31.20006 ], [ -64.30448, -31.20033 ], [ -64.30381, -31.20248 ], [ -64.30426, -31.20408 ], [ -64.30367, -31.20443 ], [ -64.30339, -31.20587 ], [ -64.30278, -31.20663 ], [ -64.30372, -31.20741 ], [ -64.30384, -31.20846 ], [ -64.30468, -31.2095 ], [ -64.30562, -31.20951 ], [ -64.30582, -31.20889 ], [ -64.30553, -31.20879 ], [ -64.30545, -31.20823 ], [ -64.30913, -31.2058 ], [ -64.31116, -31.20586 ], [ -64.31215, -31.20824 ], [ -64.31343, -31.20784 ], [ -64.31321, -31.20736 ], [ -64.31804, -31.20635 ], [ -64.31787, -31.20423 ], [ -64.31643, -31.20401 ], [ -64.31442, -31.20465 ], [ -64.31429, -31.20371 ], [ -64.31364, -31.20384 ], [ -64.31369, -31.20308 ], [ -64.31298, -31.20254 ], [ -64.31572, -31.20254 ], [ -64.31603, -31.20172 ], [ -64.31701, -31.20089 ], [ -64.31731, -31.19968 ], [ -64.31671, -31.19978 ], [ -64.31588, -31.19926 ], [ -64.31544, -31.19616 ], [ -64.31338, -31.19626 ], [ -64.3132, -31.19588 ], [ -64.31253, -31.19592 ], [ -64.31256, -31.198 ] ] ] } },
{ "type": "Feature", "properties": { "indice_acceso": 0.627 }, "geometry": { "type": "Polygon", "coordinates": [ [ [ -64.34925, -31.20452 ], [ -64.34889, -31.20602 ], [ -64.34849, -31.20629 ], [ -64.34675, -31.20647 ], [ -64.34622, -31.20684 ], [ -64.34646, -31.20772 ], [ -64.34761, -31.20832 ], [ -64.34793, -31.20927 ], [ -64.3489, -31.21049 ], [ -64.34818, -31.21155 ], [ -64.34647, -31.21126 ], [ -64.34272, -31.2121 ], [ -64.34012, -31.21404 ], [ -64.34004, -31.21558 ], [ -64.33924, -31.21534 ], [ -64.33741, -31.21579 ], [ -64.33583, -31.21713 ], [ -64.33686, -31.21946 ], [ -64.33769, -31.22037 ], [ -64.33748, -31.22073 ], [ -64.33705, -31.22074 ], [ -64.33697, -31.22221 ], [ -64.33727, -31.22347 ], [ -64.33676, -31.22558 ], [ -64.33705, -31.22633 ], [ -64.33607, -31.22591 ], [ -64.33535, -31.22598 ], [ -64.33515, -31.22696 ], [ -64.3358, -31.23006 ], [ -64.33507, -31.23083 ], [ -64.33314, -31.23171 ], [ -64.33305, -31.23222 ], [ -64.33621, -31.23433 ], [ -64.33668, -31.23435 ], [ -64.33844, -31.23312 ], [ -64.33908, -31.23157 ], [ -64.34063, -31.23164 ], [ -64.34267, -31.22974 ], [ -64.34658, -31.22748 ], [ -64.34755, -31.22522 ], [ -64.34746, -31.22426 ], [ -64.34898, -31.22393 ], [ -64.34975, -31.22344 ], [ -64.35013, -31.22261 ], [ -64.35122, -31.22194 ], [ -64.35361, -31.22191 ], [ -64.35369, -31.22135 ], [ -64.35342, -31.2211 ], [ -64.35271, -31.22133 ], [ -64.35198, -31.22104 ], [ -64.352, -31.21998 ], [ -64.35138, -31.21838 ], [ -64.35188, -31.21738 ], [ -64.35032, -31.21816 ], [ -64.35004, -31.21799 ], [ -64.35078, -31.21692 ], [ -64.35048, -31.21696 ], [ -64.35049, -31.21659 ], [ -64.35093, -31.21567 ], [ -64.35189, -31.21497 ], [ -64.35159, -31.21383 ], [ -64.35392, -31.21263 ], [ -64.35358, -31.21207 ], [ -64.3499, -31.21207 ], [ -64.34995, -31.2103 ], [ -64.35094, -31.20973 ], [ -64.35157, -31.20985 ], [ -64.35165, -31.20936 ], [ -64.35005, -31.20916 ], [ -64.35029, -31.20672 ], [ -64.35132, -31.20645 ], [ -64.35215, -31.20581 ], [ -64.35202, -31.20543 ], [ -64.35021, -31.20452 ], [ -64.34925, -31.20452 ] ] ] } },
{ "type": "Feature", "properties": { "indice_acceso": 0.646 }, "geometry": { "type": "Polygon", "coordinates": [ [ [ -64.33564, -31.21728 ], [ -64.33583, -31.21824 ], [ -64.33525, -31.21927 ], [ -64.33426, -31.21908 ], [ -64.33288, -31.21772 ], [ -64.33153, -31.21774 ], [ -64.33155, -31.21607 ], [ -64.33119, -31.21605 ], [ -64.33043, -31.21716 ], [ -64.32795, -31.21947 ], [ -64.32789, -31.22095 ], [ -64.32688, -31.2213 ], [ -64.32545, -31.22253 ], [ -64.32578, -31.22296 ], [ -64.32752, -31.22297 ], [ -64.32735, -31.2234 ], [ -64.3258, -31.22438 ], [ -64.32617, -31.22491 ], [ -64.32618, -31.22639 ], [ -64.32653, -31.22691 ], [ -64.32739, -31.22726 ], [ -64.32607, -31.22857 ], [ -64.32737, -31.22869 ], [ -64.32781, -31.22915 ], [ -64.32786, -31.23269 ], [ -64.3294, -31.23312 ], [ -64.32967, -31.23503 ], [ -64.32935, -31.2352 ], [ -64.33083, -31.2365 ], [ -64.33318, -31.23403 ], [ -64.33227, -31.2334 ], [ -64.33417, -31.23354 ], [ -64.33557, -31.23549 ], [ -64.33612, -31.23569 ], [ -64.33665, -31.23531 ], [ -64.33735, -31.23391 ], [ -64.33856, -31.23346 ], [ -64.33842, -31.23308 ], [ -64.33668, -31.23435 ], [ -64.33621, -31.23433 ], [ -64.33305, -31.23222 ], [ -64.33314, -31.23171 ], [ -64.33507, -31.23083 ], [ -64.3358, -31.23006 ], [ -64.33515, -31.22696 ], [ -64.33535, -31.22598 ], [ -64.33607, -31.22591 ], [ -64.33705, -31.22633 ], [ -64.33676, -31.22558 ], [ -64.33727, -31.22347 ], [ -64.33697, -31.22221 ], [ -64.33705, -31.22074 ], [ -64.33748, -31.22073 ], [ -64.33769, -31.22037 ], [ -64.33686, -31.21946 ], [ -64.33583, -31.21713 ], [ -64.33741, -31.21579 ], [ -64.33924, -31.21534 ], [ -64.34004, -31.21558 ], [ -64.34012, -31.21404 ], [ -64.33756, -31.21431 ], [ -64.33594, -31.21513 ], [ -64.33564, -31.21728 ] ] ] } },
{ "type": "Feature", "properties": { "indice_acceso": 0.717 }, "geometry": { "type": "Polygon", "coordinates": [ [ [ -64.32449, -31.22632 ], [ -64.32446, -31.22883 ], [ -64.32394, -31.22927 ], [ -64.32307, -31.22865 ], [ -64.32231, -31.23066 ], [ -64.32349, -31.23027 ], [ -64.32517, -31.23038 ], [ -64.32525, -31.23277 ], [ -64.32786, -31.23269 ], [ -64.32781, -31.22915 ], [ -64.32737, -31.22869 ], [ -64.32607, -31.22857 ], [ -64.32739, -31.22726 ], [ -64.32636, -31.22672 ], [ -64.32617, -31.22491 ], [ -64.32529, -31.22398 ], [ -64.32412, -31.22405 ], [ -64.32383, -31.22491 ], [ -64.32449, -31.22632 ] ] ] } },
{ "type": "Feature", "properties": { "indice_acceso": 0.701 }, "geometry": { "type": "Polygon", "coordinates": [ [ [ -64.31985, -31.22298 ], [ -64.31933, -31.2243 ], [ -64.32021, -31.2245 ], [ -64.32176, -31.22701 ], [ -64.32302, -31.22663 ], [ -64.32443, -31.22873 ], [ -64.32449, -31.22632 ], [ -64.32378, -31.22506 ], [ -64.32401, -31.22415 ], [ -64.32481, -31.22388 ], [ -64.32618, -31.22431 ], [ -64.32752, -31.22297 ], [ -64.32578, -31.22296 ], [ -64.32546, -31.22247 ], [ -64.32395, -31.2227 ], [ -64.32436, -31.22226 ], [ -64.32429, -31.22183 ], [ -64.32369, -31.22194 ], [ -64.32312, -31.2225 ], [ -64.32288, -31.22195 ], [ -64.32214, -31.22211 ], [ -64.32049, -31.22159 ], [ -64.32082, -31.22082 ], [ -64.31897, -31.22051 ], [ -64.31985, -31.22298 ] ] ] } },
{ "type": "Feature", "properties": { "indice_acceso": 0.746 }, "geometry": { "type": "Polygon", "coordinates": [ [ [ -64.31813, -31.22736 ], [ -64.31825, -31.2317 ], [ -64.31929, -31.23113 ], [ -64.32167, -31.22762 ], [ -64.32221, -31.22768 ], [ -64.32382, -31.22924 ], [ -64.32419, -31.22925 ], [ -64.32446, -31.22883 ], [ -64.32302, -31.22663 ], [ -64.32176, -31.22701 ], [ -64.32021, -31.2245 ], [ -64.31933, -31.2243 ], [ -64.31813, -31.22736 ] ] ] } },
{ "type": "Feature", "properties": { "indice_acceso": 0.834 }, "geometry": { "type": "Polygon", "coordinates": [ [ [ -64.32246, -31.23597 ], [ -64.3223, -31.23059 ], [ -64.32313, -31.22851 ], [ -64.32188, -31.22758 ], [ -64.32133, -31.22786 ], [ -64.31929, -31.23113 ], [ -64.31825, -31.23187 ], [ -64.31831, -31.23379 ], [ -64.31978, -31.23451 ], [ -64.32101, -31.23558 ], [ -64.32246, -31.23597 ] ] ] } },
{ "type": "Feature", "properties": { "indice_acceso": 0.787 }, "geometry": { "type": "Polygon", "coordinates": [ [ [ -64.32231, -31.23066 ], [ -64.32246, -31.23597 ], [ -64.32336, -31.23567 ], [ -64.3239, -31.23419 ], [ -64.32474, -31.23385 ], [ -64.32583, -31.2337 ], [ -64.32951, -31.23413 ], [ -64.3294, -31.23312 ], [ -64.32786, -31.23269 ], [ -64.32525, -31.23277 ], [ -64.32517, -31.23038 ], [ -64.32323, -31.23035 ], [ -64.32231, -31.23066 ] ] ] } },
{ "type": "Feature", "properties": { "indice_acceso": 0.65 }, "geometry": { "type": "Polygon", "coordinates": [ [ [ -64.34746, -31.22426 ], [ -64.34755, -31.22522 ], [ -64.34643, -31.22762 ], [ -64.34267, -31.22974 ], [ -64.34063, -31.23164 ], [ -64.33908, -31.23157 ], [ -64.33844, -31.23312 ], [ -64.33856, -31.23346 ], [ -64.33706, -31.23422 ], [ -64.33433, -31.23891 ], [ -64.33501, -31.23941 ], [ -64.33273, -31.23997 ], [ -64.33315, -31.24125 ], [ -64.33406, -31.24095 ], [ -64.33518, -31.24135 ], [ -64.33426, -31.2437 ], [ -64.336, -31.24413 ], [ -64.33675, -31.24385 ], [ -64.3406, -31.24412 ], [ -64.3413, -31.24702 ], [ -64.33998, -31.24993 ], [ -64.34005, -31.25117 ], [ -64.34326, -31.25247 ], [ -64.34901, -31.24821 ], [ -64.35011, -31.24729 ], [ -64.35016, -31.24663 ], [ -64.34957, -31.24452 ], [ -64.34766, -31.24366 ], [ -64.34731, -31.24238 ], [ -64.34533, -31.23961 ], [ -64.34348, -31.23815 ], [ -64.34017, -31.23721 ], [ -64.33965, -31.23648 ], [ -64.34137, -31.23642 ], [ -64.34949, -31.23109 ], [ -64.34976, -31.23015 ], [ -64.34949, -31.22771 ], [ -64.34966, -31.22553 ], [ -64.35044, -31.22354 ], [ -64.35084, -31.22306 ], [ -64.35285, -31.22266 ], [ -64.3534, -31.22211 ], [ -64.35228, -31.22178 ], [ -64.35122, -31.22194 ], [ -64.35013, -31.22261 ], [ -64.34975, -31.22344 ], [ -64.34746, -31.22426 ] ] ] } },
{ "type": "Feature", "properties": { "indice_acceso": 0.677 }, "geometry": { "type": "Polygon", "coordinates": [ [ [ -64.33227, -31.2334 ], [ -64.33318, -31.23403 ], [ -64.33083, -31.2365 ], [ -64.32935, -31.2352 ], [ -64.32967, -31.23503 ], [ -64.32951, -31.23413 ], [ -64.32777, -31.23398 ], [ -64.32638, -31.23836 ], [ -64.32536, -31.23781 ], [ -64.32489, -31.23844 ], [ -64.32485, -31.24004 ], [ -64.32534, -31.24092 ], [ -64.32936, -31.2449 ], [ -64.33037, -31.24377 ], [ -64.3322, -31.24307 ], [ -64.33258, -31.2442 ], [ -64.33426, -31.2437 ], [ -64.33518, -31.24135 ], [ -64.33406, -31.24095 ], [ -64.33315, -31.24125 ], [ -64.33273, -31.23997 ], [ -64.33501, -31.23941 ], [ -64.33433, -31.23891 ], [ -64.33616, -31.23569 ], [ -64.33557, -31.23549 ], [ -64.33444, -31.23373 ], [ -64.33227, -31.2334 ] ] ] } },
{ "type": "Feature", "properties": { "indice_acceso": 0.754 }, "geometry": { "type": "Polygon", "coordinates": [ [ [ -64.32303, -31.23587 ], [ -64.32172, -31.2359 ], [ -64.32079, -31.23523 ], [ -64.31997, -31.23629 ], [ -64.32158, -31.23746 ], [ -64.32146, -31.2399 ], [ -64.32061, -31.24027 ], [ -64.32246, -31.24379 ], [ -64.3236, -31.24767 ], [ -64.32572, -31.2465 ], [ -64.32866, -31.24649 ], [ -64.32936, -31.2449 ], [ -64.32815, -31.24397 ], [ -64.32485, -31.24004 ], [ -64.32489, -31.23844 ], [ -64.32536, -31.23781 ], [ -64.32638, -31.23836 ], [ -64.32777, -31.23398 ], [ -64.32583, -31.2337 ], [ -64.32428, -31.23398 ], [ -64.32303, -31.23587 ] ] ] } },
{ "type": "Feature", "properties": { "indice_acceso": 0.809 }, "geometry": { "type": "Polygon", "coordinates": [ [ [ -64.31513, -31.23457 ], [ -64.31464, -31.23522 ], [ -64.31627, -31.23806 ], [ -64.31926, -31.23893 ], [ -64.31927, -31.23968 ], [ -64.32057, -31.24029 ], [ -64.32143, -31.23993 ], [ -64.32158, -31.23746 ], [ -64.31997, -31.23629 ], [ -64.32079, -31.23523 ], [ -64.31813, -31.23367 ], [ -64.31774, -31.23443 ], [ -64.31686, -31.23474 ], [ -64.31513, -31.23457 ] ] ] } },
{ "type": "Feature", "properties": { "indice_acceso": 0.68 }, "geometry": { "type": "Polygon", "coordinates": [ [ [ -64.31321, -31.20736 ], [ -64.31441, -31.21021 ], [ -64.31469, -31.21225 ], [ -64.31427, -31.21437 ], [ -64.31635, -31.21583 ], [ -64.31782, -31.21794 ], [ -64.31897, -31.22051 ], [ -64.32082, -31.22082 ], [ -64.32201, -31.21903 ], [ -64.32163, -31.21761 ], [ -64.32196, -31.21543 ], [ -64.3234, -31.21422 ], [ -64.3235, -31.21343 ], [ -64.32403, -31.21285 ], [ -64.32353, -31.21284 ], [ -64.32339, -31.21234 ], [ -64.32264, -31.21293 ], [ -64.32143, -31.21222 ], [ -64.3194, -31.2125 ], [ -64.31864, -31.21145 ], [ -64.31796, -31.2118 ], [ -64.31781, -31.20796 ], [ -64.31804, -31.20635 ], [ -64.31321, -31.20736 ] ] ] } },
{ "type": "Feature", "properties": { "indice_acceso": 0.721 }, "geometry": { "type": "Polygon", "coordinates": [ [ [ -64.31214, -31.22674 ], [ -64.31303, -31.22668 ], [ -64.3141, -31.22613 ], [ -64.31423, -31.22809 ], [ -64.31813, -31.22736 ], [ -64.31983, -31.22307 ], [ -64.31782, -31.21794 ], [ -64.31626, -31.21572 ], [ -64.31453, -31.21476 ], [ -64.31428, -31.21361 ], [ -64.31391, -31.21418 ], [ -64.31228, -31.2147 ], [ -64.31311, -31.21701 ], [ -64.31407, -31.21817 ], [ -64.31347, -31.21979 ], [ -64.31447, -31.22082 ], [ -64.31434, -31.22317 ], [ -64.31382, -31.2247 ], [ -64.31137, -31.22602 ], [ -64.31214, -31.22674 ] ] ] } },
{ "type": "Feature", "properties": { "indice_acceso": 0.76 }, "geometry": { "type": "Polygon", "coordinates": [ [ [ -64.31214, -31.22674 ], [ -64.31152, -31.22641 ], [ -64.31263, -31.22974 ], [ -64.31127, -31.23201 ], [ -64.31135, -31.2358 ], [ -64.31373, -31.23585 ], [ -64.31426, -31.2342 ], [ -64.31799, -31.23411 ], [ -64.31813, -31.23367 ], [ -64.31831, -31.23379 ], [ -64.31813, -31.22736 ], [ -64.31423, -31.22809 ], [ -64.3141, -31.22613 ], [ -64.31303, -31.22668 ], [ -64.31214, -31.22674 ] ] ] } },
{ "type": "Feature", "properties": { "indice_acceso": 0.669 }, "geometry": { "type": "Polygon", "coordinates": [ [ [ -64.30466, -31.23067 ], [ -64.30603, -31.23002 ], [ -64.30933, -31.23107 ], [ -64.31143, -31.22984 ], [ -64.31198, -31.23078 ], [ -64.31263, -31.22985 ], [ -64.31137, -31.22602 ], [ -64.31088, -31.22627 ], [ -64.31126, -31.22741 ], [ -64.31097, -31.22861 ], [ -64.30917, -31.22942 ], [ -64.30825, -31.22908 ], [ -64.30776, -31.2284 ], [ -64.30753, -31.22765 ], [ -64.30783, -31.22759 ], [ -64.30693, -31.22402 ], [ -64.30301, -31.22484 ], [ -64.30466, -31.23067 ] ] ] } },
{ "type": "Feature", "properties": { "indice_acceso": 0.644 }, "geometry": { "type": "Polygon", "coordinates": [ [ [ -64.29873, -31.2211 ], [ -64.29709, -31.22192 ], [ -64.29748, -31.22412 ], [ -64.29781, -31.22429 ], [ -64.29892, -31.22313 ], [ -64.29945, -31.22423 ], [ -64.30079, -31.22514 ], [ -64.30112, -31.226 ], [ -64.30101, -31.22657 ], [ -64.30046, -31.22701 ], [ -64.30103, -31.22728 ], [ -64.30081, -31.22827 ], [ -64.2987, -31.22875 ], [ -64.29904, -31.22993 ], [ -64.30003, -31.23072 ], [ -64.30079, -31.23091 ], [ -64.30147, -31.23046 ], [ -64.3023, -31.23056 ], [ -64.30267, -31.23119 ], [ -64.3018, -31.2322 ], [ -64.3048, -31.23126 ], [ -64.30301, -31.22484 ], [ -64.30107, -31.21997 ], [ -64.29871, -31.21991 ], [ -64.29873, -31.2211 ] ] ] } },
{ "type": "Feature", "properties": { "indice_acceso": 0.619 }, "geometry": { "type": "Polygon", "coordinates": [ [ [ -64.2842, -31.22546 ], [ -64.28331, -31.22548 ], [ -64.28334, -31.22652 ], [ -64.2846, -31.2265 ], [ -64.28459, -31.22722 ], [ -64.28312, -31.22725 ], [ -64.28315, -31.22927 ], [ -64.28616, -31.22928 ], [ -64.28697, -31.22996 ], [ -64.2917, -31.22988 ], [ -64.29177, -31.23161 ], [ -64.29715, -31.23165 ], [ -64.29733, -31.23364 ], [ -64.29771, -31.23364 ], [ -64.29824, -31.23532 ], [ -64.29996, -31.23508 ], [ -64.2998, -31.23455 ], [ -64.30333, -31.2346 ], [ -64.30355, -31.23503 ], [ -64.30447, -31.23535 ], [ -64.30472, -31.23609 ], [ -64.30582, -31.23715 ], [ -64.30799, -31.23337 ], [ -64.30866, -31.23378 ], [ -64.31, -31.2322 ], [ -64.30995, -31.23161 ], [ -64.3093, -31.23104 ], [ -64.30603, -31.23002 ], [ -64.30466, -31.23067 ], [ -64.3048, -31.23126 ], [ -64.3018, -31.2322 ], [ -64.30267, -31.23119 ], [ -64.3023, -31.23056 ], [ -64.30147, -31.23046 ], [ -64.30079, -31.23091 ], [ -64.29911, -31.23004 ], [ -64.2987, -31.22875 ], [ -64.30081, -31.22827 ], [ -64.30103, -31.22728 ], [ -64.30046, -31.22701 ], [ -64.30101, -31.22657 ], [ -64.30111, -31.22588 ], [ -64.30079, -31.22514 ], [ -64.29945, -31.22423 ], [ -64.29892, -31.22313 ], [ -64.29846, -31.22332 ], [ -64.29792, -31.2242 ], [ -64.29756, -31.22421 ], [ -64.29706, -31.22183 ], [ -64.28411, -31.22267 ], [ -64.2842, -31.22546 ] ] ] } },
{ "type": "Feature", "properties": { "indice_acceso": 0.748 }, "geometry": { "type": "Polygon", "coordinates": [ [ [ -64.30799, -31.23337 ], [ -64.30563, -31.23744 ], [ -64.30497, -31.23736 ], [ -64.30465, -31.23778 ], [ -64.30527, -31.23833 ], [ -64.30532, -31.23885 ], [ -64.30809, -31.23872 ], [ -64.30816, -31.23947 ], [ -64.30707, -31.24096 ], [ -64.30883, -31.24191 ], [ -64.30968, -31.24165 ], [ -64.30997, -31.2411 ], [ -64.31105, -31.24108 ], [ -64.31129, -31.24064 ], [ -64.31033, -31.24042 ], [ -64.31034, -31.23988 ], [ -64.31156, -31.23958 ], [ -64.31224, -31.23703 ], [ -64.31206, -31.23581 ], [ -64.31135, -31.2358 ], [ -64.31126, -31.23483 ], [ -64.31122, -31.23227 ], [ -64.31198, -31.23078 ], [ -64.31162, -31.22989 ], [ -64.30933, -31.23107 ], [ -64.30995, -31.23161 ], [ -64.31, -31.2322 ], [ -64.30866, -31.23378 ], [ -64.30799, -31.23337 ] ] ] } },
{ "type": "Feature", "properties": { "indice_acceso": 0.788 }, "geometry": { "type": "Polygon", "coordinates": [ [ [ -64.31373, -31.23585 ], [ -64.31206, -31.23581 ], [ -64.31224, -31.23703 ], [ -64.31156, -31.23958 ], [ -64.31034, -31.23988 ], [ -64.31033, -31.24042 ], [ -64.31176, -31.24076 ], [ -64.31137, -31.24209 ], [ -64.31473, -31.24205 ], [ -64.31481, -31.23907 ], [ -64.31602, -31.23886 ], [ -64.31627, -31.23827 ], [ -64.31616, -31.23755 ], [ -64.31473, -31.23561 ], [ -64.31468, -31.23503 ], [ -64.31513, -31.23457 ], [ -64.31736, -31.23463 ], [ -64.31799, -31.23411 ], [ -64.31426, -31.2342 ], [ -64.31373, -31.23585 ] ] ] } },
{ "type": "Feature", "properties": { "indice_acceso": 0.714 }, "geometry": { "type": "Polygon", "coordinates": [ [ [ -64.30143, -31.23869 ], [ -64.30374, -31.23872 ], [ -64.30428, -31.23945 ], [ -64.30398, -31.24017 ], [ -64.3041, -31.24163 ], [ -64.30345, -31.24172 ], [ -64.30382, -31.24411 ], [ -64.30518, -31.24755 ], [ -64.30621, -31.24736 ], [ -64.30607, -31.24251 ], [ -64.30741, -31.24122 ], [ -64.30707, -31.24096 ], [ -64.30791, -31.24001 ], [ -64.3082, -31.23884 ], [ -64.30532, -31.23885 ], [ -64.30527, -31.23833 ], [ -64.30482, -31.23817 ], [ -64.30466, -31.23767 ], [ -64.30582, -31.23715 ], [ -64.30472, -31.23609 ], [ -64.30447, -31.23535 ], [ -64.30355, -31.23503 ], [ -64.30333, -31.2346 ], [ -64.2998, -31.23455 ], [ -64.30143, -31.23869 ] ] ] } },
{ "type": "Feature", "properties": { "indice_acceso": 0.677 }, "geometry": { "type": "Polygon", "coordinates": [ [ [ -64.29621, -31.23931 ], [ -64.29854, -31.23936 ], [ -64.29848, -31.24194 ], [ -64.29589, -31.24192 ], [ -64.29588, -31.24395 ], [ -64.29538, -31.24395 ], [ -64.29676, -31.24565 ], [ -64.30128, -31.24484 ], [ -64.30207, -31.24808 ], [ -64.30518, -31.24755 ], [ -64.30412, -31.2453 ], [ -64.30345, -31.24172 ], [ -64.3041, -31.24163 ], [ -64.30398, -31.24017 ], [ -64.30428, -31.23945 ], [ -64.30374, -31.23872 ], [ -64.30143, -31.23869 ], [ -64.30028, -31.23612 ], [ -64.29629, -31.23606 ], [ -64.29618, -31.23554 ], [ -64.29621, -31.23931 ] ] ] } },
{ "type": "Feature", "properties": { "indice_acceso": 0.655 }, "geometry": { "type": "Polygon", "coordinates": [ [ [ -64.29634, -31.25167 ], [ -64.29569, -31.25453 ], [ -64.29665, -31.25473 ], [ -64.29737, -31.2532 ], [ -64.30095, -31.25218 ], [ -64.30175, -31.25187 ], [ -64.3024, -31.25116 ], [ -64.30523, -31.25023 ], [ -64.30552, -31.2494 ], [ -64.30518, -31.24755 ], [ -64.30207, -31.24808 ], [ -64.30128, -31.24484 ], [ -64.29676, -31.24565 ], [ -64.29538, -31.24395 ], [ -64.29213, -31.24395 ], [ -64.29634, -31.25167 ] ] ] } },
{ "type": "Feature", "properties": { "indice_acceso": 0.526 }, "geometry": { "type": "Polygon", "coordinates": [ [ [ -64.25557, -31.25612 ], [ -64.25674, -31.25036 ], [ -64.25041, -31.24911 ], [ -64.24726, -31.2553 ], [ -64.25557, -31.25612 ] ] ] } },
{ "type": "Feature", "properties": { "indice_acceso": 0.544 }, "geometry": { "type": "Polygon", "coordinates": [ [ [ -64.26583, -31.25714 ], [ -64.26683, -31.25236 ], [ -64.25674, -31.25036 ], [ -64.25564, -31.25613 ], [ -64.26583, -31.25714 ] ] ] } },
{ "type": "Feature", "properties": { "indice_acceso": 0.556 }, "geometry": { "type": "Polygon", "coordinates": [ [ [ -64.27418, -31.25796 ], [ -64.27475, -31.25393 ], [ -64.26683, -31.25236 ], [ -64.26583, -31.25714 ], [ -64.27418, -31.25796 ] ] ] } },
{ "type": "Feature", "properties": { "indice_acceso": 0.571 }, "geometry": { "type": "Polygon", "coordinates": [ [ [ -64.2788, -31.26111 ], [ -64.28153, -31.26135 ], [ -64.28185, -31.25879 ], [ -64.28234, -31.25884 ], [ -64.28281, -31.25557 ], [ -64.27475, -31.25393 ], [ -64.27418, -31.25796 ], [ -64.27917, -31.2585 ], [ -64.2788, -31.26111 ] ] ] } },
{ "type": "Feature", "properties": { "indice_acceso": 0.593 }, "geometry": { "type": "Polygon", "coordinates": [ [ [ -64.30124, -31.26093 ], [ -64.30191, -31.26191 ], [ -64.30283, -31.26122 ], [ -64.29906, -31.25664 ], [ -64.29913, -31.25775 ], [ -64.29723, -31.25804 ], [ -64.29634, -31.25669 ], [ -64.29524, -31.25664 ], [ -64.29622, -31.25745 ], [ -64.29655, -31.2584 ], [ -64.29761, -31.25874 ], [ -64.29828, -31.25836 ], [ -64.29894, -31.25845 ], [ -64.29989, -31.25959 ], [ -64.29718, -31.25935 ], [ -64.29436, -31.25795 ], [ -64.28281, -31.25557 ], [ -64.28234, -31.25884 ], [ -64.30124, -31.26093 ] ] ] } },
{ "type": "Feature", "properties": { "indice_acceso": 0.65 }, "geometry": { "type": "Polygon", "coordinates": [ [ [ -64.29641, -31.25606 ], [ -64.29524, -31.25664 ], [ -64.29634, -31.25669 ], [ -64.29723, -31.25804 ], [ -64.29913, -31.25775 ], [ -64.29919, -31.256 ], [ -64.30541, -31.25242 ], [ -64.30763, -31.25037 ], [ -64.30772, -31.24928 ], [ -64.30621, -31.24736 ], [ -64.30518, -31.24755 ], [ -64.30552, -31.2494 ], [ -64.30523, -31.25023 ], [ -64.3024, -31.25116 ], [ -64.30175, -31.25187 ], [ -64.30095, -31.25218 ], [ -64.29737, -31.2532 ], [ -64.29641, -31.25606 ] ] ] } },
{ "type": "Feature", "properties": { "indice_acceso": 0.618 }, "geometry": { "type": "Polygon", "coordinates": [ [ [ -64.3014, -31.25965 ], [ -64.3167, -31.25969 ], [ -64.31678, -31.25469 ], [ -64.30172, -31.25444 ], [ -64.30169, -31.25471 ], [ -64.29919, -31.256 ], [ -64.29906, -31.25664 ], [ -64.3014, -31.25965 ] ] ] } },
{ "type": "Feature", "properties": { "indice_acceso": 0.63 }, "geometry": { "type": "Polygon", "coordinates": [ [ [ -64.3014, -31.25965 ], [ -64.30283, -31.26122 ], [ -64.30191, -31.26191 ], [ -64.30124, -31.26093 ], [ -64.29789, -31.26055 ], [ -64.30103, -31.26099 ], [ -64.30155, -31.26175 ], [ -64.30008, -31.26241 ], [ -64.30069, -31.26329 ], [ -64.29851, -31.26319 ], [ -64.29907, -31.26477 ], [ -64.29093, -31.26475 ], [ -64.2913, -31.27133 ], [ -64.30146, -31.26605 ], [ -64.30212, -31.26606 ], [ -64.30261, -31.26661 ], [ -64.30166, -31.26908 ], [ -64.30216, -31.26931 ], [ -64.30347, -31.26591 ], [ -64.30621, -31.26518 ], [ -64.30581, -31.26847 ], [ -64.31664, -31.26422 ], [ -64.31424, -31.25962 ], [ -64.3014, -31.25965 ] ] ] } },
{ "type": "Feature", "properties": { "indice_acceso": 0.636 }, "geometry": { "type": "Polygon", "coordinates": [ [ [ -64.30621, -31.26518 ], [ -64.30347, -31.26591 ], [ -64.30216, -31.26931 ], [ -64.30166, -31.26908 ], [ -64.30261, -31.26661 ], [ -64.30212, -31.26606 ], [ -64.30146, -31.26605 ], [ -64.29354, -31.27012 ], [ -64.29502, -31.27097 ], [ -64.29616, -31.27094 ], [ -64.29686, -31.27182 ], [ -64.29827, -31.27008 ], [ -64.29856, -31.27026 ], [ -64.29818, -31.27076 ], [ -64.29843, -31.27236 ], [ -64.29798, -31.27486 ], [ -64.29859, -31.27548 ], [ -64.29975, -31.27586 ], [ -64.29976, -31.27616 ], [ -64.29892, -31.27647 ], [ -64.29911, -31.27669 ], [ -64.30127, -31.2767 ], [ -64.30117, -31.27648 ], [ -64.30248, -31.27635 ], [ -64.30247, -31.27465 ], [ -64.30379, -31.27251 ], [ -64.30606, -31.27322 ], [ -64.31897, -31.26766 ], [ -64.31752, -31.26726 ], [ -64.31652, -31.26601 ], [ -64.31612, -31.26443 ], [ -64.30583, -31.26846 ], [ -64.30621, -31.26518 ] ] ] } },
{ "type": "Feature", "properties": { "indice_acceso": 0.638 }, "geometry": { "type": "Polygon", "coordinates": [ [ [ -64.30379, -31.27251 ], [ -64.30247, -31.27465 ], [ -64.30248, -31.27635 ], [ -64.30117, -31.27648 ], [ -64.30134, -31.27671 ], [ -64.30237, -31.27658 ], [ -64.30298, -31.27783 ], [ -64.30398, -31.27783 ], [ -64.30552, -31.27893 ], [ -64.30523, -31.28 ], [ -64.30537, -31.28076 ], [ -64.31675, -31.27235 ], [ -64.31438, -31.26943 ], [ -64.30608, -31.27321 ], [ -64.30379, -31.27251 ] ] ] } },
{ "type": "Feature", "properties": { "indice_acceso": 0.701 }, "geometry": { "type": "Polygon", "coordinates": [ [ [ -64.30537, -31.28076 ], [ -64.30522, -31.28129 ], [ -64.30393, -31.28236 ], [ -64.30456, -31.28343 ], [ -64.30528, -31.287 ], [ -64.30522, -31.2884 ], [ -64.30591, -31.28828 ], [ -64.30669, -31.28768 ], [ -64.30738, -31.28779 ], [ -64.30804, -31.28722 ], [ -64.30772, -31.28681 ], [ -64.30834, -31.28566 ], [ -64.30918, -31.28577 ], [ -64.30927, -31.28492 ], [ -64.31052, -31.2846 ], [ -64.31098, -31.28407 ], [ -64.31102, -31.28315 ], [ -64.31196, -31.28231 ], [ -64.31384, -31.28171 ], [ -64.31225, -31.2771 ], [ -64.31348, -31.27622 ], [ -64.31271, -31.27526 ], [ -64.30537, -31.28076 ] ] ] } },
{ "type": "Feature", "properties": { "indice_acceso": 0.745 }, "geometry": { "type": "Polygon", "coordinates": [ [ [ -64.29937, -31.28265 ], [ -64.2983, -31.28332 ], [ -64.29804, -31.28433 ], [ -64.29845, -31.28547 ], [ -64.29787, -31.28563 ], [ -64.29691, -31.28488 ], [ -64.29628, -31.28589 ], [ -64.29544, -31.28583 ], [ -64.29524, -31.28711 ], [ -64.29608, -31.28683 ], [ -64.29682, -31.28738 ], [ -64.29653, -31.28962 ], [ -64.30045, -31.28837 ], [ -64.29966, -31.28646 ], [ -64.30111, -31.28647 ], [ -64.30148, -31.28518 ], [ -64.30479, -31.28465 ], [ -64.30439, -31.28291 ], [ -64.30389, -31.28239 ], [ -64.29937, -31.28265 ] ] ] } },
{ "type": "Feature", "properties": { "indice_acceso": 0.768 }, "geometry": { "type": "Polygon", "coordinates": [ [ [ -64.30111, -31.28647 ], [ -64.29966, -31.28646 ], [ -64.30077, -31.28914 ], [ -64.30058, -31.28931 ], [ -64.30081, -31.28923 ], [ -64.30115, -31.29007 ], [ -64.30259, -31.28976 ], [ -64.30211, -31.28927 ], [ -64.30306, -31.28721 ], [ -64.30433, -31.28648 ], [ -64.30512, -31.28647 ], [ -64.30479, -31.28465 ], [ -64.30148, -31.28518 ], [ -64.30111, -31.28647 ] ] ] } },
{ "type": "Feature", "properties": { "indice_acceso": 0.856 }, "geometry": { "type": "Polygon", "coordinates": [ [ [ -64.29265, -31.2929 ], [ -64.2905, -31.29547 ], [ -64.2905, -31.29604 ], [ -64.29121, -31.29716 ], [ -64.2987, -31.29479 ], [ -64.29649, -31.28953 ], [ -64.2959, -31.29036 ], [ -64.29671, -31.29082 ], [ -64.29668, -31.29144 ], [ -64.29619, -31.29189 ], [ -64.29265, -31.2929 ] ] ] } },
{ "type": "Feature", "properties": { "indice_acceso": 0.828 }, "geometry": { "type": "Polygon", "coordinates": [ [ [ -64.29653, -31.28962 ], [ -64.2987, -31.29479 ], [ -64.30076, -31.29412 ], [ -64.30076, -31.29278 ], [ -64.30156, -31.29103 ], [ -64.30278, -31.29031 ], [ -64.30259, -31.28976 ], [ -64.30115, -31.29007 ], [ -64.30081, -31.28923 ], [ -64.30058, -31.28931 ], [ -64.30077, -31.28914 ], [ -64.30045, -31.28837 ], [ -64.29653, -31.28962 ] ] ] } },
{ "type": "Feature", "properties": { "indice_acceso": 0.794 }, "geometry": { "type": "Polygon", "coordinates": [ [ [ -64.30433, -31.28648 ], [ -64.30283, -31.28742 ], [ -64.30211, -31.28927 ], [ -64.30269, -31.28988 ], [ -64.30276, -31.29041 ], [ -64.30163, -31.29095 ], [ -64.30083, -31.29259 ], [ -64.30086, -31.2943 ], [ -64.30127, -31.29457 ], [ -64.30217, -31.29438 ], [ -64.30265, -31.29502 ], [ -64.30206, -31.2959 ], [ -64.30467, -31.29602 ], [ -64.30484, -31.2925 ], [ -64.30384, -31.29133 ], [ -64.30561, -31.29004 ], [ -64.30519, -31.28881 ], [ -64.30512, -31.28647 ], [ -64.30433, -31.28648 ] ] ] } },
{ "type": "Feature", "properties": { "indice_acceso": 0.736 }, "geometry": { "type": "Polygon", "coordinates": [ [ [ -64.30484, -31.2925 ], [ -64.30467, -31.29602 ], [ -64.30928, -31.29596 ], [ -64.30941, -31.29631 ], [ -64.31132, -31.29642 ], [ -64.31164, -31.29462 ], [ -64.31159, -31.29151 ], [ -64.30805, -31.29139 ], [ -64.30809, -31.29039 ], [ -64.30484, -31.2925 ] ] ] } },
{ "type": "Feature", "properties": { "indice_acceso": 0.75 }, "geometry": { "type": "Polygon", "coordinates": [ [ [ -64.30927, -31.28492 ], [ -64.30918, -31.28577 ], [ -64.30834, -31.28566 ], [ -64.30772, -31.28681 ], [ -64.30804, -31.28722 ], [ -64.30738, -31.28779 ], [ -64.30669, -31.28768 ], [ -64.30591, -31.28828 ], [ -64.30522, -31.2884 ], [ -64.30561, -31.29004 ], [ -64.30384, -31.29133 ], [ -64.30484, -31.2925 ], [ -64.30809, -31.29039 ], [ -64.30805, -31.29139 ], [ -64.31159, -31.29151 ], [ -64.31315, -31.29151 ], [ -64.31375, -31.29058 ], [ -64.31394, -31.28701 ], [ -64.31182, -31.28704 ], [ -64.31122, -31.28742 ], [ -64.31058, -31.28722 ], [ -64.3154, -31.28391 ], [ -64.31242, -31.27699 ], [ -64.31384, -31.28171 ], [ -64.31196, -31.28231 ], [ -64.31133, -31.28284 ], [ -64.31102, -31.28315 ], [ -64.31098, -31.28407 ], [ -64.31036, -31.28474 ], [ -64.30927, -31.28492 ] ] ] } },
{ "type": "Feature", "properties": { "indice_acceso": 0.732 }, "geometry": { "type": "Polygon", "coordinates": [ [ [ -64.31132, -31.29642 ], [ -64.31595, -31.29663 ], [ -64.31588, -31.287 ], [ -64.31394, -31.28701 ], [ -64.31375, -31.29058 ], [ -64.31315, -31.29151 ], [ -64.31159, -31.29151 ], [ -64.31159, -31.29528 ], [ -64.31132, -31.29642 ] ] ] } },
{ "type": "Feature", "properties": { "indice_acceso": 0.75 }, "geometry": { "type": "Polygon", "coordinates": [ [ [ -64.30206, -31.2959 ], [ -64.30119, -31.29672 ], [ -64.3016, -31.2982 ], [ -64.30435, -31.30192 ], [ -64.30818, -31.29954 ], [ -64.30859, -31.29887 ], [ -64.31215, -31.29907 ], [ -64.31244, -31.29648 ], [ -64.30941, -31.29631 ], [ -64.30928, -31.29596 ], [ -64.30206, -31.2959 ] ] ] } },
{ "type": "Feature", "properties": { "indice_acceso": 0.731 }, "geometry": { "type": "Polygon", "coordinates": [ [ [ -64.30181, -31.30251 ], [ -64.30351, -31.30237 ], [ -64.30386, -31.30305 ], [ -64.30501, -31.30325 ], [ -64.30503, -31.30416 ], [ -64.3045, -31.30397 ], [ -64.30164, -31.30608 ], [ -64.30339, -31.30775 ], [ -64.30652, -31.3081 ], [ -64.3078, -31.30775 ], [ -64.30801, -31.30802 ], [ -64.3131, -31.30799 ], [ -64.31128, -31.3063 ], [ -64.30969, -31.30237 ], [ -64.30893, -31.30248 ], [ -64.30713, -31.30019 ], [ -64.30435, -31.30192 ], [ -64.30285, -31.30004 ], [ -64.30267, -31.30118 ], [ -64.30178, -31.30187 ], [ -64.30181, -31.30251 ] ] ] } },
{ "type": "Feature", "properties": { "indice_acceso": 0.838 }, "geometry": { "type": "Polygon", "coordinates": [ [ [ -64.29109, -31.29723 ], [ -64.2921, -31.2983 ], [ -64.29296, -31.2986 ], [ -64.29473, -31.29747 ], [ -64.2954, -31.29655 ], [ -64.29601, -31.29649 ], [ -64.29682, -31.29694 ], [ -64.29767, -31.29673 ], [ -64.29808, -31.29758 ], [ -64.29867, -31.29775 ], [ -64.29964, -31.29881 ], [ -64.29951, -31.2996 ], [ -64.29994, -31.30072 ], [ -64.29939, -31.30166 ], [ -64.29954, -31.30221 ], [ -64.30021, -31.30268 ], [ -64.30059, -31.30435 ], [ -64.30143, -31.3045 ], [ -64.30255, -31.30377 ], [ -64.30503, -31.30416 ], [ -64.30482, -31.30307 ], [ -64.30391, -31.30308 ], [ -64.30351, -31.30237 ], [ -64.30185, -31.30252 ], [ -64.30166, -31.3022 ], [ -64.30267, -31.30118 ], [ -64.30285, -31.29999 ], [ -64.30268, -31.29938 ], [ -64.3016, -31.2982 ], [ -64.30119, -31.29672 ], [ -64.30262, -31.2952 ], [ -64.30253, -31.29474 ], [ -64.30204, -31.29434 ], [ -64.3012, -31.29455 ], [ -64.30076, -31.29412 ], [ -64.29109, -31.29723 ] ] ] } },
{ "type": "Feature", "properties": { "indice_acceso": 0.738 }, "geometry": { "type": "Polygon", "coordinates": [ [ [ -64.29284, -31.30283 ], [ -64.29218, -31.30345 ], [ -64.2923, -31.30849 ], [ -64.2956, -31.30867 ], [ -64.29653, -31.30853 ], [ -64.29703, -31.30805 ], [ -64.30112, -31.30818 ], [ -64.30113, -31.30861 ], [ -64.30194, -31.3083 ], [ -64.30198, -31.30743 ], [ -64.30261, -31.30815 ], [ -64.30315, -31.30826 ], [ -64.30339, -31.30775 ], [ -64.30164, -31.30608 ], [ -64.30449, -31.30398 ], [ -64.30255, -31.30377 ], [ -64.30143, -31.3045 ], [ -64.30059, -31.30435 ], [ -64.30021, -31.30268 ], [ -64.29954, -31.30221 ], [ -64.29939, -31.30166 ], [ -64.29994, -31.30072 ], [ -64.29951, -31.2996 ], [ -64.29964, -31.29881 ], [ -64.29785, -31.29714 ], [ -64.29627, -31.29878 ], [ -64.29498, -31.29935 ], [ -64.29507, -31.29958 ], [ -64.29345, -31.29966 ], [ -64.29284, -31.30283 ] ] ] } },
{ "type": "Feature", "properties": { "indice_acceso": 0.751 }, "geometry": { "type": "Polygon", "coordinates": [ [ [ -64.29296, -31.2986 ], [ -64.2921, -31.2983 ], [ -64.29109, -31.29723 ], [ -64.28808, -31.29986 ], [ -64.29053, -31.30113 ], [ -64.29055, -31.30347 ], [ -64.29218, -31.30345 ], [ -64.29284, -31.30283 ], [ -64.29345, -31.29966 ], [ -64.29507, -31.29958 ], [ -64.29498, -31.29935 ], [ -64.29627, -31.29878 ], [ -64.29785, -31.29714 ], [ -64.29762, -31.29671 ], [ -64.29682, -31.29694 ], [ -64.29572, -31.29648 ], [ -64.29296, -31.2986 ] ] ] } },
{ "type": "Feature", "properties": { "indice_acceso": 0.698 }, "geometry": { "type": "Polygon", "coordinates": [ [ [ -64.28488, -31.30219 ], [ -64.28398, -31.30329 ], [ -64.28812, -31.30295 ], [ -64.28812, -31.30893 ], [ -64.29228, -31.30889 ], [ -64.29218, -31.30345 ], [ -64.29055, -31.30347 ], [ -64.29053, -31.30113 ], [ -64.28808, -31.29986 ], [ -64.28488, -31.30219 ] ] ] } },
{ "type": "Feature", "properties": { "indice_acceso": 0.702 }, "geometry": { "type": "Polygon", "coordinates": [ [ [ -64.28026, -31.30834 ], [ -64.28097, -31.30878 ], [ -64.2846, -31.30786 ], [ -64.28489, -31.3087 ], [ -64.28701, -31.30819 ], [ -64.28706, -31.30733 ], [ -64.28811, -31.30729 ], [ -64.28812, -31.30295 ], [ -64.28398, -31.30329 ], [ -64.28026, -31.30834 ] ] ] } },
{ "type": "Feature", "properties": { "indice_acceso": 0.66 }, "geometry": { "type": "Polygon", "coordinates": [ [ [ -64.29686, -31.27182 ], [ -64.29616, -31.27094 ], [ -64.29502, -31.27097 ], [ -64.29354, -31.27012 ], [ -64.28821, -31.27297 ], [ -64.28706, -31.27396 ], [ -64.29338, -31.27912 ], [ -64.2957, -31.2801 ], [ -64.29632, -31.27986 ], [ -64.29955, -31.27671 ], [ -64.29892, -31.27647 ], [ -64.29976, -31.27616 ], [ -64.29958, -31.27572 ], [ -64.29859, -31.27548 ], [ -64.29798, -31.27486 ], [ -64.29843, -31.27236 ], [ -64.29818, -31.27076 ], [ -64.29856, -31.27026 ], [ -64.29827, -31.27008 ], [ -64.29686, -31.27182 ] ] ] } },
{ "type": "Feature", "properties": { "indice_acceso": 0.71 }, "geometry": { "type": "Polygon", "coordinates": [ [ [ -64.29955, -31.27671 ], [ -64.29632, -31.27986 ], [ -64.2957, -31.2801 ], [ -64.29774, -31.28178 ], [ -64.29673, -31.28237 ], [ -64.2967, -31.28275 ], [ -64.29828, -31.28342 ], [ -64.29952, -31.28259 ], [ -64.30389, -31.28239 ], [ -64.30522, -31.28129 ], [ -64.30552, -31.27893 ], [ -64.30398, -31.27783 ], [ -64.30301, -31.27786 ], [ -64.30257, -31.27745 ], [ -64.30247, -31.27664 ], [ -64.29955, -31.27671 ] ] ] } },
{ "type": "Feature", "properties": { "indice_acceso": 0.705 }, "geometry": { "type": "Polygon", "coordinates": [ [ [ -64.28513, -31.28668 ], [ -64.29049, -31.28666 ], [ -64.29207, -31.28463 ], [ -64.29463, -31.2861 ], [ -64.29523, -31.28546 ], [ -64.29628, -31.28589 ], [ -64.29691, -31.28488 ], [ -64.29787, -31.28563 ], [ -64.29848, -31.28536 ], [ -64.29804, -31.28433 ], [ -64.29835, -31.28344 ], [ -64.2967, -31.28275 ], [ -64.29673, -31.28237 ], [ -64.29774, -31.28178 ], [ -64.29576, -31.28012 ], [ -64.29338, -31.27912 ], [ -64.2901, -31.27644 ], [ -64.28225, -31.28326 ], [ -64.28513, -31.28668 ] ] ] } },
{ "type": "Feature", "properties": { "indice_acceso": 0.644 }, "geometry": { "type": "Polygon", "coordinates": [ [ [ -64.28225, -31.28326 ], [ -64.2901, -31.27644 ], [ -64.28706, -31.27396 ], [ -64.2798, -31.28038 ], [ -64.28225, -31.28326 ] ] ] } },
{ "type": "Feature", "properties": { "indice_acceso": 0.669 }, "geometry": { "type": "Polygon", "coordinates": [ [ [ -64.28414, -31.27303 ], [ -64.28154, -31.27579 ], [ -64.28099, -31.27531 ], [ -64.27888, -31.27719 ], [ -64.27838, -31.27676 ], [ -64.27714, -31.27769 ], [ -64.27593, -31.27755 ], [ -64.27533, -31.28214 ], [ -64.27911, -31.28679 ], [ -64.27757, -31.28675 ], [ -64.27762, -31.29116 ], [ -64.2875, -31.29109 ], [ -64.28733, -31.28667 ], [ -64.28513, -31.28668 ], [ -64.2798, -31.28038 ], [ -64.28821, -31.27297 ], [ -64.2913, -31.27133 ], [ -64.29099, -31.26561 ], [ -64.28413, -31.26568 ], [ -64.28414, -31.27303 ] ] ] } },
{ "type": "Feature", "properties": { "indice_acceso": 0.734 }, "geometry": { "type": "Polygon", "coordinates": [ [ [ -64.29049, -31.28666 ], [ -64.28733, -31.28667 ], [ -64.28749, -31.29056 ], [ -64.28948, -31.29046 ], [ -64.29136, -31.29122 ], [ -64.29182, -31.29106 ], [ -64.29235, -31.29187 ], [ -64.29658, -31.29059 ], [ -64.2959, -31.29036 ], [ -64.29644, -31.28971 ], [ -64.29682, -31.28738 ], [ -64.29608, -31.28683 ], [ -64.2953, -31.28717 ], [ -64.29512, -31.28673 ], [ -64.29544, -31.28583 ], [ -64.2962, -31.28586 ], [ -64.29523, -31.28546 ], [ -64.29463, -31.2861 ], [ -64.29206, -31.28463 ], [ -64.29049, -31.28666 ] ] ] } },
{ "type": "Feature", "properties": { "indice_acceso": 0.722 }, "geometry": { "type": "Polygon", "coordinates": [ [ [ -64.28608, -31.29395 ], [ -64.28691, -31.29428 ], [ -64.28786, -31.29385 ], [ -64.2886, -31.29391 ], [ -64.29057, -31.2944 ], [ -64.28935, -31.29697 ], [ -64.2899, -31.29679 ], [ -64.29058, -31.29766 ], [ -64.29121, -31.29716 ], [ -64.2905, -31.29604 ], [ -64.2905, -31.29547 ], [ -64.29265, -31.2929 ], [ -64.29635, -31.29186 ], [ -64.29674, -31.29117 ], [ -64.29658, -31.29059 ], [ -64.29235, -31.29187 ], [ -64.29182, -31.29106 ], [ -64.29136, -31.29122 ], [ -64.28948, -31.29046 ], [ -64.28749, -31.29056 ], [ -64.28749, -31.2911 ], [ -64.28608, -31.29395 ] ] ] } },
{ "type": "Feature", "properties": { "indice_acceso": 0.693 }, "geometry": { "type": "Polygon", "coordinates": [ [ [ -64.28031, -31.29597 ], [ -64.2842, -31.29752 ], [ -64.2875, -31.29109 ], [ -64.28286, -31.29107 ], [ -64.28031, -31.29597 ] ] ] } },
{ "type": "Feature", "properties": { "indice_acceso": 0.647 }, "geometry": { "type": "Polygon", "coordinates": [ [ [ -64.26905, -31.30092 ], [ -64.2779, -31.30059 ], [ -64.28286, -31.29107 ], [ -64.26885, -31.29134 ], [ -64.26905, -31.30092 ] ] ] } },
{ "type": "Feature", "properties": { "indice_acceso": 0.721 }, "geometry": { "type": "Polygon", "coordinates": [ [ [ -64.28691, -31.29428 ], [ -64.28608, -31.29395 ], [ -64.2842, -31.29752 ], [ -64.28031, -31.29597 ], [ -64.2779, -31.30059 ], [ -64.28145, -31.30036 ], [ -64.28241, -31.30298 ], [ -64.28376, -31.30262 ], [ -64.28399, -31.30327 ], [ -64.28488, -31.30219 ], [ -64.29058, -31.29766 ], [ -64.2899, -31.29679 ], [ -64.28935, -31.29697 ], [ -64.29057, -31.2944 ], [ -64.2886, -31.29391 ], [ -64.28691, -31.29428 ] ] ] } },
{ "type": "Feature", "properties": { "indice_acceso": 0.717 }, "geometry": { "type": "Polygon", "coordinates": [ [ [ -64.28026, -31.30216 ], [ -64.27917, -31.30302 ], [ -64.27742, -31.30836 ], [ -64.27943, -31.30945 ], [ -64.28399, -31.30327 ], [ -64.28376, -31.30262 ], [ -64.28241, -31.30298 ], [ -64.28198, -31.30188 ], [ -64.28026, -31.30216 ] ] ] } },
{ "type": "Feature", "properties": { "indice_acceso": 0.693 }, "geometry": { "type": "Polygon", "coordinates": [ [ [ -64.27033, -31.30219 ], [ -64.27335, -31.30218 ], [ -64.27901, -31.30342 ], [ -64.27976, -31.30239 ], [ -64.28198, -31.30188 ], [ -64.28145, -31.30036 ], [ -64.27033, -31.30086 ], [ -64.27033, -31.30219 ] ] ] } },
{ "type": "Feature", "properties": { "indice_acceso": 0.697 }, "geometry": { "type": "Polygon", "coordinates": [ [ [ -64.27037, -31.30327 ], [ -64.27236, -31.30341 ], [ -64.27199, -31.30456 ], [ -64.2707, -31.30427 ], [ -64.27026, -31.3058 ], [ -64.27558, -31.30776 ], [ -64.2758, -31.30747 ], [ -64.27742, -31.30836 ], [ -64.27901, -31.30342 ], [ -64.27335, -31.30218 ], [ -64.27033, -31.30219 ], [ -64.27037, -31.30327 ] ] ] } },
{ "type": "Feature", "properties": { "indice_acceso": 0.689 }, "geometry": { "type": "Polygon", "coordinates": [ [ [ -64.32221, -31.31747 ], [ -64.32021, -31.31917 ], [ -64.32553, -31.31869 ], [ -64.32893, -31.31965 ], [ -64.33128, -31.32168 ], [ -64.33194, -31.32274 ], [ -64.3326, -31.32259 ], [ -64.3325, -31.32358 ], [ -64.33377, -31.32332 ], [ -64.33403, -31.32418 ], [ -64.33559, -31.32384 ], [ -64.33596, -31.32581 ], [ -64.33475, -31.32784 ], [ -64.33523, -31.3271 ], [ -64.33601, -31.32737 ], [ -64.33609, -31.32806 ], [ -64.33742, -31.32896 ], [ -64.33832, -31.32749 ], [ -64.33873, -31.32599 ], [ -64.33868, -31.32528 ], [ -64.33772, -31.3241 ], [ -64.33834, -31.32447 ], [ -64.33824, -31.32332 ], [ -64.33744, -31.3233 ], [ -64.33655, -31.32197 ], [ -64.33507, -31.32217 ], [ -64.33504, -31.32126 ], [ -64.33471, -31.32079 ], [ -64.33297, -31.32178 ], [ -64.33163, -31.32137 ], [ -64.3306, -31.31952 ], [ -64.3273, -31.31726 ], [ -64.32628, -31.31688 ], [ -64.32493, -31.31698 ], [ -64.32467, -31.31726 ], [ -64.32456, -31.31681 ], [ -64.32221, -31.31747 ] ] ] } },
{ "type": "Feature", "properties": { "indice_acceso": 0.668 }, "geometry": { "type": "Polygon", "coordinates": [ [ [ -64.33741, -31.31952 ], [ -64.33685, -31.31905 ], [ -64.33621, -31.31935 ], [ -64.33552, -31.31924 ], [ -64.33471, -31.32079 ], [ -64.33504, -31.32126 ], [ -64.33507, -31.32217 ], [ -64.33655, -31.32197 ], [ -64.33744, -31.3233 ], [ -64.33824, -31.32332 ], [ -64.33834, -31.32447 ], [ -64.33772, -31.3241 ], [ -64.33873, -31.32541 ], [ -64.33853, -31.32694 ], [ -64.33989, -31.32691 ], [ -64.34102, -31.32628 ], [ -64.34155, -31.32482 ], [ -64.34156, -31.32334 ], [ -64.34144, -31.32302 ], [ -64.34026, -31.3233 ], [ -64.3395, -31.32108 ], [ -64.34121, -31.32099 ], [ -64.34105, -31.31922 ], [ -64.34322, -31.31726 ], [ -64.34244, -31.31671 ], [ -64.3408, -31.31818 ], [ -64.33818, -31.31945 ], [ -64.33741, -31.31952 ] ] ] } },
{ "type": "Feature", "properties": { "indice_acceso": 0.702 }, "geometry": { "type": "Polygon", "coordinates": [ [ [ -64.33036, -31.32501 ], [ -64.32962, -31.32732 ], [ -64.33004, -31.33176 ], [ -64.33158, -31.33353 ], [ -64.33395, -31.33331 ], [ -64.3344, -31.33268 ], [ -64.33581, -31.33267 ], [ -64.33565, -31.33186 ], [ -64.33486, -31.33199 ], [ -64.3342, -31.33006 ], [ -64.33516, -31.32979 ], [ -64.33502, -31.32903 ], [ -64.33463, -31.32913 ], [ -64.33463, -31.32876 ], [ -64.33475, -31.32784 ], [ -64.33596, -31.32581 ], [ -64.33559, -31.32384 ], [ -64.33403, -31.32418 ], [ -64.33377, -31.32332 ], [ -64.3325, -31.32358 ], [ -64.3326, -31.32259 ], [ -64.33061, -31.32299 ], [ -64.33036, -31.32501 ] ] ] } },
{ "type": "Feature", "properties": { "indice_acceso": 0.708 }, "geometry": { "type": "Polygon", "coordinates": [ [ [ -64.34007, -31.32886 ], [ -64.33854, -31.32855 ], [ -64.33933, -31.32691 ], [ -64.33853, -31.32694 ], [ -64.33742, -31.32896 ], [ -64.33609, -31.32806 ], [ -64.33609, -31.32741 ], [ -64.33523, -31.3271 ], [ -64.33463, -31.32876 ], [ -64.33463, -31.32913 ], [ -64.33502, -31.32903 ], [ -64.33516, -31.32979 ], [ -64.3342, -31.33006 ], [ -64.33486, -31.33199 ], [ -64.33565, -31.33186 ], [ -64.33581, -31.33267 ], [ -64.33702, -31.33261 ], [ -64.34079, -31.33138 ], [ -64.34137, -31.3318 ], [ -64.3411, -31.33198 ], [ -64.34122, -31.33242 ], [ -64.34197, -31.33227 ], [ -64.34233, -31.33155 ], [ -64.34226, -31.33113 ], [ -64.34197, -31.33113 ], [ -64.34199, -31.32988 ], [ -64.34269, -31.32847 ], [ -64.34325, -31.32861 ], [ -64.34326, -31.32823 ], [ -64.3425, -31.328 ], [ -64.34311, -31.32726 ], [ -64.34359, -31.32731 ], [ -64.34389, -31.32792 ], [ -64.34464, -31.32786 ], [ -64.34503, -31.32611 ], [ -64.34324, -31.3246 ], [ -64.34258, -31.32616 ], [ -64.34007, -31.32886 ] ] ] } },
{ "type": "Feature", "properties": { "indice_acceso": 0.735 }, "geometry": { "type": "Polygon", "coordinates": [ [ [ -64.3344, -31.33268 ], [ -64.33395, -31.33331 ], [ -64.33158, -31.33353 ], [ -64.33168, -31.33425 ], [ -64.33052, -31.3373 ], [ -64.33, -31.33793 ], [ -64.32942, -31.3407 ], [ -64.33112, -31.33914 ], [ -64.33137, -31.3399 ], [ -64.33574, -31.33891 ], [ -64.33546, -31.33763 ], [ -64.33652, -31.33813 ], [ -64.33683, -31.33873 ], [ -64.33669, -31.34058 ], [ -64.34064, -31.33967 ], [ -64.3406, -31.337 ], [ -64.33831, -31.33364 ], [ -64.33883, -31.33293 ], [ -64.33755, -31.3325 ], [ -64.3344, -31.33268 ] ] ] } },
{ "type": "Feature", "properties": { "indice_acceso": 0.722 }, "geometry": { "type": "Polygon", "coordinates": [ [ [ -64.33756, -31.33251 ], [ -64.33883, -31.33293 ], [ -64.33831, -31.33364 ], [ -64.34014, -31.33628 ], [ -64.34289, -31.335 ], [ -64.34204, -31.33219 ], [ -64.34122, -31.33242 ], [ -64.3411, -31.33198 ], [ -64.34137, -31.3318 ], [ -64.34079, -31.33138 ], [ -64.33756, -31.33251 ] ] ] } },
{ "type": "Feature", "properties": { "indice_acceso": 0.767 }, "geometry": { "type": "Polygon", "coordinates": [ [ [ -64.34064, -31.33967 ], [ -64.34346, -31.33903 ], [ -64.34419, -31.33836 ], [ -64.34476, -31.33879 ], [ -64.34625, -31.33786 ], [ -64.34585, -31.33686 ], [ -64.34495, -31.33635 ], [ -64.34415, -31.33677 ], [ -64.34346, -31.33638 ], [ -64.34289, -31.335 ], [ -64.34014, -31.33628 ], [ -64.3404, -31.33669 ], [ -64.34064, -31.33967 ] ] ] } },
{ "type": "Feature", "properties": { "indice_acceso": 0.705 }, "geometry": { "type": "Polygon", "coordinates": [ [ [ -64.34585, -31.33686 ], [ -64.34625, -31.33786 ], [ -64.34542, -31.33837 ], [ -64.34611, -31.33929 ], [ -64.34504, -31.34007 ], [ -64.34457, -31.34123 ], [ -64.34513, -31.34119 ], [ -64.34458, -31.34386 ], [ -64.3447, -31.34403 ], [ -64.34518, -31.34102 ], [ -64.34579, -31.34118 ], [ -64.34707, -31.34084 ], [ -64.34701, -31.3397 ], [ -64.34893, -31.33869 ], [ -64.34916, -31.33904 ], [ -64.34946, -31.33893 ], [ -64.35072, -31.34116 ], [ -64.35171, -31.3409 ], [ -64.35073, -31.33847 ], [ -64.35213, -31.33815 ], [ -64.35233, -31.33852 ], [ -64.35274, -31.33841 ], [ -64.3521, -31.33644 ], [ -64.35328, -31.33621 ], [ -64.35314, -31.33474 ], [ -64.35233, -31.33498 ], [ -64.35137, -31.33584 ], [ -64.35073, -31.33586 ], [ -64.35047, -31.33541 ], [ -64.35047, -31.33386 ], [ -64.34892, -31.33509 ], [ -64.34674, -31.33514 ], [ -64.34585, -31.33686 ] ] ] } },
{ "type": "Feature", "properties": { "indice_acceso": 0.818 }, "geometry": { "type": "Polygon", "coordinates": [ [ [ -64.34064, -31.33967 ], [ -64.34188, -31.3434 ], [ -64.34159, -31.34381 ], [ -64.34478, -31.34537 ], [ -64.34458, -31.34386 ], [ -64.34513, -31.34119 ], [ -64.34457, -31.34123 ], [ -64.34504, -31.34007 ], [ -64.34611, -31.33929 ], [ -64.3454, -31.33837 ], [ -64.34476, -31.33879 ], [ -64.34419, -31.33836 ], [ -64.34373, -31.33879 ], [ -64.34064, -31.33967 ] ] ] } },
{ "type": "Feature", "properties": { "indice_acceso": 0.891 }, "geometry": { "type": "Polygon", "coordinates": [ [ [ -64.33722, -31.34357 ], [ -64.33951, -31.34422 ], [ -64.34176, -31.34365 ], [ -64.34064, -31.33967 ], [ -64.33669, -31.34058 ], [ -64.33672, -31.33966 ], [ -64.33599, -31.33981 ], [ -64.33722, -31.34357 ] ] ] } },
{ "type": "Feature", "properties": { "indice_acceso": 0.808 }, "geometry": { "type": "Polygon", "coordinates": [ [ [ -64.33574, -31.33891 ], [ -64.33355, -31.33941 ], [ -64.3341, -31.3412 ], [ -64.33628, -31.34071 ], [ -64.33599, -31.33981 ], [ -64.33688, -31.33961 ], [ -64.33652, -31.33813 ], [ -64.33557, -31.33762 ], [ -64.33538, -31.33781 ], [ -64.33574, -31.33891 ] ] ] } },
{ "type": "Feature", "properties": { "indice_acceso": 0.832 }, "geometry": { "type": "Polygon", "coordinates": [ [ [ -64.33554, -31.3459 ], [ -64.33992, -31.34491 ], [ -64.33972, -31.34422 ], [ -64.33715, -31.34353 ], [ -64.33628, -31.34071 ], [ -64.3341, -31.3412 ], [ -64.33554, -31.3459 ] ] ] } },
{ "type": "Feature", "properties": { "indice_acceso": 0.774 }, "geometry": { "type": "Polygon", "coordinates": [ [ [ -64.33525, -31.34496 ], [ -64.33355, -31.33941 ], [ -64.33211, -31.33974 ], [ -64.33295, -31.34249 ], [ -64.33222, -31.34266 ], [ -64.33308, -31.34544 ], [ -64.33525, -31.34496 ] ] ] } },
{ "type": "Feature", "properties": { "indice_acceso": 0.75 }, "geometry": { "type": "Polygon", "coordinates": [ [ [ -64.32882, -31.34186 ], [ -64.32827, -31.34448 ], [ -64.32886, -31.34638 ], [ -64.33307, -31.34541 ], [ -64.33222, -31.34266 ], [ -64.33295, -31.34249 ], [ -64.33211, -31.33974 ], [ -64.33137, -31.3399 ], [ -64.33112, -31.33914 ], [ -64.32882, -31.34186 ] ] ] } },
{ "type": "Feature", "properties": { "indice_acceso": 0.76 }, "geometry": { "type": "Polygon", "coordinates": [ [ [ -64.32886, -31.34638 ], [ -64.33029, -31.3488 ], [ -64.33025, -31.35056 ], [ -64.33078, -31.35158 ], [ -64.33251, -31.34978 ], [ -64.33404, -31.34978 ], [ -64.33651, -31.34903 ], [ -64.33525, -31.34496 ], [ -64.32886, -31.34638 ] ] ] } },
{ "type": "Feature", "properties": { "indice_acceso": 0.809 }, "geometry": { "type": "Polygon", "coordinates": [ [ [ -64.33651, -31.34903 ], [ -64.33908, -31.34812 ], [ -64.34309, -31.34743 ], [ -64.34268, -31.34624 ], [ -64.3405, -31.34677 ], [ -64.33992, -31.34491 ], [ -64.33554, -31.3459 ], [ -64.33651, -31.34903 ] ] ] } },
{ "type": "Feature", "properties": { "indice_acceso": 0.764 }, "geometry": { "type": "Polygon", "coordinates": [ [ [ -64.33972, -31.34422 ], [ -64.3405, -31.34677 ], [ -64.34268, -31.34624 ], [ -64.34309, -31.34743 ], [ -64.34624, -31.3467 ], [ -64.34636, -31.34622 ], [ -64.34753, -31.3461 ], [ -64.34558, -31.34573 ], [ -64.34159, -31.34381 ], [ -64.33972, -31.34422 ] ] ] } },
{ "type": "Feature", "properties": { "indice_acceso": 0.669 }, "geometry": { "type": "Polygon", "coordinates": [ [ [ -64.34629, -31.34667 ], [ -64.34816, -31.34675 ], [ -64.34911, -31.34763 ], [ -64.34997, -31.35028 ], [ -64.35009, -31.35284 ], [ -64.35063, -31.35371 ], [ -64.356, -31.35468 ], [ -64.35693, -31.35452 ], [ -64.35766, -31.35378 ], [ -64.35794, -31.35262 ], [ -64.35775, -31.35043 ], [ -64.35689, -31.34912 ], [ -64.35666, -31.34924 ], [ -64.35694, -31.34978 ], [ -64.35669, -31.35 ], [ -64.35695, -31.35095 ], [ -64.35668, -31.35124 ], [ -64.35695, -31.35197 ], [ -64.3568, -31.35281 ], [ -64.35618, -31.35284 ], [ -64.35593, -31.35329 ], [ -64.35523, -31.3529 ], [ -64.35453, -31.35335 ], [ -64.35278, -31.35368 ], [ -64.35315, -31.35312 ], [ -64.35293, -31.35029 ], [ -64.3516, -31.3478 ], [ -64.35065, -31.34794 ], [ -64.34877, -31.34645 ], [ -64.34636, -31.34622 ], [ -64.34629, -31.34667 ] ] ] } },
{ "type": "Feature", "properties": { "indice_acceso": 0.611 }, "geometry": { "type": "Polygon", "coordinates": [ [ [ -64.31008, -31.35084 ], [ -64.31947, -31.3508 ], [ -64.31934, -31.34704 ], [ -64.31903, -31.34691 ], [ -64.31867, -31.34224 ], [ -64.31935, -31.33893 ], [ -64.32138, -31.33522 ], [ -64.32121, -31.33416 ], [ -64.31956, -31.33372 ], [ -64.3188, -31.33255 ], [ -64.31878, -31.33148 ], [ -64.31703, -31.33083 ], [ -64.31573, -31.32959 ], [ -64.31496, -31.3268 ], [ -64.31257, -31.32614 ], [ -64.31206, -31.32565 ], [ -64.31117, -31.32266 ], [ -64.31071, -31.32255 ], [ -64.31007, -31.3228 ], [ -64.31008, -31.35084 ] ] ] } },
{ "type": "Feature", "properties": { "indice_acceso": 0.628 }, "geometry": { "type": "Polygon", "coordinates": [ [ [ -64.31465, -31.36016 ], [ -64.31556, -31.35849 ], [ -64.31534, -31.35796 ], [ -64.31435, -31.3573 ], [ -64.31381, -31.35426 ], [ -64.31183, -31.35152 ], [ -64.31008, -31.35153 ], [ -64.31009, -31.36309 ], [ -64.31465, -31.36016 ] ] ] } },
{ "type": "Feature", "properties": { "indice_acceso": 0.627 }, "geometry": { "type": "Polygon", "coordinates": [ [ [ -64.31008, -31.35084 ], [ -64.31008, -31.35153 ], [ -64.31183, -31.35152 ], [ -64.31381, -31.35426 ], [ -64.31435, -31.3573 ], [ -64.31534, -31.35796 ], [ -64.31556, -31.35849 ], [ -64.31957, -31.35686 ], [ -64.31962, -31.3508 ], [ -64.31008, -31.35084 ] ] ] } },
{ "type": "Feature", "properties": { "indice_acceso": 0.669 }, "geometry": { "type": "Polygon", "coordinates": [ [ [ -64.31465, -31.32324 ], [ -64.31331, -31.32352 ], [ -64.31232, -31.32344 ], [ -64.31117, -31.32266 ], [ -64.31206, -31.32565 ], [ -64.31257, -31.32614 ], [ -64.31496, -31.3268 ], [ -64.31573, -31.32959 ], [ -64.31703, -31.33083 ], [ -64.31878, -31.33148 ], [ -64.3188, -31.33255 ], [ -64.31956, -31.33372 ], [ -64.32121, -31.33416 ], [ -64.32138, -31.33522 ], [ -64.31935, -31.33893 ], [ -64.31867, -31.34224 ], [ -64.3186, -31.34367 ], [ -64.31903, -31.34691 ], [ -64.31934, -31.34704 ], [ -64.31962, -31.3508 ], [ -64.31957, -31.35686 ], [ -64.31556, -31.35849 ], [ -64.31979, -31.35861 ], [ -64.31872, -31.35945 ], [ -64.33186, -31.36427 ], [ -64.33205, -31.35941 ], [ -64.33175, -31.35697 ], [ -64.33081, -31.35706 ], [ -64.33057, -31.35519 ], [ -64.32758, -31.35436 ], [ -64.32694, -31.35455 ], [ -64.32963, -31.35213 ], [ -64.33078, -31.35158 ], [ -64.33025, -31.35056 ], [ -64.33029, -31.3488 ], [ -64.3291, -31.34693 ], [ -64.32827, -31.34448 ], [ -64.32882, -31.34186 ], [ -64.32958, -31.34065 ], [ -64.33, -31.33793 ], [ -64.33052, -31.3373 ], [ -64.33168, -31.33425 ], [ -64.33142, -31.33313 ], [ -64.33004, -31.33176 ], [ -64.3296, -31.32788 ], [ -64.33061, -31.32299 ], [ -64.33194, -31.32274 ], [ -64.33128, -31.32168 ], [ -64.32893, -31.31965 ], [ -64.32553, -31.31869 ], [ -64.32062, -31.31912 ], [ -64.31465, -31.32324 ] ] ] } },
{ "type": "Feature", "properties": { "indice_acceso": 0.727 }, "geometry": { "type": "Polygon", "coordinates": [ [ [ -64.33091, -31.35151 ], [ -64.32963, -31.35213 ], [ -64.32694, -31.35455 ], [ -64.32758, -31.35436 ], [ -64.33057, -31.35519 ], [ -64.33081, -31.35706 ], [ -64.33175, -31.35697 ], [ -64.33205, -31.35941 ], [ -64.33185, -31.36439 ], [ -64.33345, -31.36496 ], [ -64.33381, -31.36375 ], [ -64.33397, -31.36074 ], [ -64.33345, -31.36033 ], [ -64.33357, -31.35809 ], [ -64.33263, -31.35502 ], [ -64.33328, -31.35216 ], [ -64.33321, -31.35075 ], [ -64.33308, -31.35 ], [ -64.33239, -31.34987 ], [ -64.33091, -31.35151 ] ] ] } },
{ "type": "Feature", "properties": { "indice_acceso": 0.748 }, "geometry": { "type": "Polygon", "coordinates": [ [ [ -64.33328, -31.35216 ], [ -64.33263, -31.35502 ], [ -64.33357, -31.35809 ], [ -64.33345, -31.36033 ], [ -64.33426, -31.36067 ], [ -64.33421, -31.36001 ], [ -64.33545, -31.36006 ], [ -64.33526, -31.35797 ], [ -64.33644, -31.35802 ], [ -64.33657, -31.35586 ], [ -64.33623, -31.35438 ], [ -64.3372, -31.35422 ], [ -64.33584, -31.3537 ], [ -64.3361, -31.35314 ], [ -64.33575, -31.35258 ], [ -64.33624, -31.35189 ], [ -64.33476, -31.35145 ], [ -64.33416, -31.35166 ], [ -64.33367, -31.35109 ], [ -64.33321, -31.35132 ], [ -64.33328, -31.35216 ] ] ] } },
{ "type": "Feature", "properties": { "indice_acceso": 0.799 }, "geometry": { "type": "Polygon", "coordinates": [ [ [ -64.33404, -31.34978 ], [ -64.33239, -31.34987 ], [ -64.33308, -31.35 ], [ -64.3332, -31.35128 ], [ -64.33371, -31.3511 ], [ -64.33416, -31.35166 ], [ -64.33476, -31.35145 ], [ -64.33624, -31.35189 ], [ -64.3384, -31.35153 ], [ -64.33882, -31.3518 ], [ -64.33897, -31.35241 ], [ -64.33983, -31.35227 ], [ -64.33863, -31.34832 ], [ -64.33404, -31.34978 ] ] ] } },
{ "type": "Feature", "properties": { "indice_acceso": 0.796 }, "geometry": { "type": "Polygon", "coordinates": [ [ [ -64.33863, -31.34832 ], [ -64.33979, -31.35215 ], [ -64.34418, -31.35136 ], [ -64.34396, -31.34935 ], [ -64.34428, -31.34927 ], [ -64.34426, -31.34706 ], [ -64.33863, -31.34832 ] ] ] } },
{ "type": "Feature", "properties": { "indice_acceso": 0.768 }, "geometry": { "type": "Polygon", "coordinates": [ [ [ -64.34418, -31.35136 ], [ -64.34015, -31.35209 ], [ -64.34107, -31.35325 ], [ -64.34211, -31.35359 ], [ -64.34297, -31.35487 ], [ -64.3441, -31.35501 ], [ -64.34414, -31.35544 ], [ -64.34455, -31.35547 ], [ -64.34418, -31.35136 ] ] ] } },
{ "type": "Feature", "properties": { "indice_acceso": 0.711 }, "geometry": { "type": "Polygon", "coordinates": [ [ [ -64.34427, -31.34707 ], [ -64.34428, -31.34927 ], [ -64.34396, -31.34935 ], [ -64.34461, -31.35548 ], [ -64.34793, -31.35571 ], [ -64.34767, -31.35948 ], [ -64.34456, -31.35911 ], [ -64.34468, -31.35849 ], [ -64.34237, -31.3584 ], [ -64.34224, -31.36055 ], [ -64.34826, -31.36152 ], [ -64.34902, -31.36014 ], [ -64.34816, -31.35969 ], [ -64.34817, -31.35823 ], [ -64.34865, -31.35795 ], [ -64.34871, -31.35688 ], [ -64.34939, -31.35779 ], [ -64.35037, -31.35779 ], [ -64.35047, -31.35649 ], [ -64.35153, -31.35649 ], [ -64.35151, -31.35705 ], [ -64.35219, -31.35715 ], [ -64.35198, -31.35818 ], [ -64.35207, -31.35867 ], [ -64.35245, -31.35883 ], [ -64.35236, -31.35918 ], [ -64.35422, -31.35906 ], [ -64.3539, -31.35588 ], [ -64.35424, -31.35588 ], [ -64.35433, -31.35428 ], [ -64.35063, -31.35371 ], [ -64.35009, -31.35284 ], [ -64.34997, -31.35028 ], [ -64.34934, -31.34805 ], [ -64.34849, -31.34693 ], [ -64.34708, -31.34658 ], [ -64.34427, -31.34707 ] ] ] } },
{ "type": "Feature", "properties": { "indice_acceso": 0.635 }, "geometry": { "type": "Polygon", "coordinates": [ [ [ -64.35674, -31.34994 ], [ -64.35694, -31.34978 ], [ -64.35666, -31.34924 ], [ -64.35689, -31.34912 ], [ -64.35754, -31.34993 ], [ -64.35791, -31.35316 ], [ -64.35693, -31.35452 ], [ -64.356, -31.35468 ], [ -64.35433, -31.35428 ], [ -64.35424, -31.35588 ], [ -64.3539, -31.35588 ], [ -64.35422, -31.35906 ], [ -64.35236, -31.35918 ], [ -64.35245, -31.35883 ], [ -64.35207, -31.35867 ], [ -64.35198, -31.35818 ], [ -64.35219, -31.35715 ], [ -64.35151, -31.35705 ], [ -64.35153, -31.35649 ], [ -64.35047, -31.35649 ], [ -64.35037, -31.35779 ], [ -64.34939, -31.35779 ], [ -64.34893, -31.35691 ], [ -64.34863, -31.35695 ], [ -64.34865, -31.35795 ], [ -64.34817, -31.35823 ], [ -64.34816, -31.35969 ], [ -64.34902, -31.36014 ], [ -64.34826, -31.36152 ], [ -64.34413, -31.36085 ], [ -64.34395, -31.36391 ], [ -64.3442, -31.36462 ], [ -64.34621, -31.36517 ], [ -64.34725, -31.36587 ], [ -64.34721, -31.36755 ], [ -64.34632, -31.36939 ], [ -64.35109, -31.37134 ], [ -64.36961, -31.36618 ], [ -64.36643, -31.35959 ], [ -64.36671, -31.35848 ], [ -64.36614, -31.35745 ], [ -64.36581, -31.35745 ], [ -64.36539, -31.35689 ], [ -64.3651, -31.35532 ], [ -64.36407, -31.35472 ], [ -64.36509, -31.35458 ], [ -64.36501, -31.35342 ], [ -64.36537, -31.3531 ], [ -64.36531, -31.35234 ], [ -64.36609, -31.3507 ], [ -64.36532, -31.35119 ], [ -64.36495, -31.3496 ], [ -64.36533, -31.34836 ], [ -64.36407, -31.34783 ], [ -64.36449, -31.34657 ], [ -64.36248, -31.34604 ], [ -64.36264, -31.34543 ], [ -64.35727, -31.34202 ], [ -64.35602, -31.34175 ], [ -64.35412, -31.34333 ], [ -64.35397, -31.3445 ], [ -64.35411, -31.34559 ], [ -64.35501, -31.34674 ], [ -64.35674, -31.34994 ] ] ] } },
{ "type": "Feature", "properties": { "indice_acceso": 0.572 }, "geometry": { "type": "Polygon", "coordinates": [ [ [ -64.36532, -31.35119 ], [ -64.36609, -31.3507 ], [ -64.36531, -31.35234 ], [ -64.36537, -31.3531 ], [ -64.36501, -31.35342 ], [ -64.36509, -31.35458 ], [ -64.36616, -31.35528 ], [ -64.36642, -31.35687 ], [ -64.36682, -31.35738 ], [ -64.37095, -31.35741 ], [ -64.37226, -31.358 ], [ -64.37455, -31.35834 ], [ -64.37665, -31.35925 ], [ -64.37763, -31.36005 ], [ -64.38159, -31.36018 ], [ -64.38215, -31.36177 ], [ -64.38254, -31.36185 ], [ -64.38283, -31.36129 ], [ -64.38509, -31.36058 ], [ -64.38491, -31.35885 ], [ -64.39007, -31.35683 ], [ -64.39473, -31.35408 ], [ -64.39695, -31.35406 ], [ -64.39731, -31.35321 ], [ -64.39575, -31.35259 ], [ -64.39465, -31.3526 ], [ -64.39307, -31.35353 ], [ -64.39287, -31.35325 ], [ -64.39126, -31.35477 ], [ -64.38933, -31.35594 ], [ -64.38524, -31.35754 ], [ -64.38489, -31.35695 ], [ -64.38138, -31.35851 ], [ -64.37977, -31.35883 ], [ -64.37804, -31.35778 ], [ -64.37679, -31.35527 ], [ -64.37514, -31.35442 ], [ -64.37122, -31.35344 ], [ -64.36901, -31.35353 ], [ -64.36811, -31.35327 ], [ -64.36746, -31.35218 ], [ -64.36905, -31.34957 ], [ -64.36914, -31.34811 ], [ -64.36884, -31.34712 ], [ -64.36812, -31.34654 ], [ -64.36264, -31.34543 ], [ -64.36248, -31.34604 ], [ -64.36449, -31.34657 ], [ -64.36407, -31.34783 ], [ -64.36533, -31.34836 ], [ -64.36495, -31.3496 ], [ -64.36532, -31.35119 ] ] ] } },
{ "type": "Feature", "properties": { "indice_acceso": 0.718 }, "geometry": { "type": "Polygon", "coordinates": [ [ [ -64.34468, -31.35849 ], [ -64.34456, -31.35911 ], [ -64.3451, -31.35927 ], [ -64.34767, -31.35948 ], [ -64.34793, -31.35571 ], [ -64.34325, -31.35542 ], [ -64.34378, -31.3568 ], [ -64.34378, -31.35845 ], [ -64.34468, -31.35849 ] ] ] } },
{ "type": "Feature", "properties": { "indice_acceso": 0.752 }, "geometry": { "type": "Polygon", "coordinates": [ [ [ -64.34246, -31.35685 ], [ -64.34097, -31.35679 ], [ -64.34075, -31.36096 ], [ -64.34147, -31.361 ], [ -64.3415, -31.36045 ], [ -64.34224, -31.36055 ], [ -64.34237, -31.3584 ], [ -64.34368, -31.35845 ], [ -64.34378, -31.3568 ], [ -64.34325, -31.35542 ], [ -64.34255, -31.35533 ], [ -64.34246, -31.35685 ] ] ] } },
{ "type": "Feature", "properties": { "indice_acceso": 0.768 }, "geometry": { "type": "Polygon", "coordinates": [ [ [ -64.33907, -31.35813 ], [ -64.3409, -31.35821 ], [ -64.34097, -31.35679 ], [ -64.34246, -31.35685 ], [ -64.34255, -31.35533 ], [ -64.33925, -31.35492 ], [ -64.33907, -31.35813 ] ] ] } },
{ "type": "Feature", "properties": { "indice_acceso": 0.804 }, "geometry": { "type": "Polygon", "coordinates": [ [ [ -64.33627, -31.35187 ], [ -64.33575, -31.35258 ], [ -64.3361, -31.35314 ], [ -64.33584, -31.3537 ], [ -64.33844, -31.35484 ], [ -64.34414, -31.35544 ], [ -64.3441, -31.35501 ], [ -64.34297, -31.35487 ], [ -64.34211, -31.35359 ], [ -64.34107, -31.35325 ], [ -64.34015, -31.35209 ], [ -64.33897, -31.35241 ], [ -64.33881, -31.35179 ], [ -64.3384, -31.35153 ], [ -64.33627, -31.35187 ] ] ] } },
{ "type": "Feature", "properties": { "indice_acceso": 0.776 }, "geometry": { "type": "Polygon", "coordinates": [ [ [ -64.33657, -31.35586 ], [ -64.33644, -31.35802 ], [ -64.33907, -31.35813 ], [ -64.33925, -31.35489 ], [ -64.33844, -31.35484 ], [ -64.3372, -31.35422 ], [ -64.33623, -31.35438 ], [ -64.33657, -31.35586 ] ] ] } },
{ "type": "Feature", "properties": { "indice_acceso": 0.731 }, "geometry": { "type": "Polygon", "coordinates": [ [ [ -64.33545, -31.36006 ], [ -64.33421, -31.36001 ], [ -64.33426, -31.36067 ], [ -64.34075, -31.36096 ], [ -64.3409, -31.35821 ], [ -64.33526, -31.35797 ], [ -64.33545, -31.36006 ] ] ] } },
{ "type": "Feature", "properties": { "indice_acceso": 0.712 }, "geometry": { "type": "Polygon", "coordinates": [ [ [ -64.34147, -31.361 ], [ -64.33393, -31.36065 ], [ -64.33377, -31.36299 ], [ -64.3428, -31.36343 ], [ -64.34395, -31.36391 ], [ -64.34413, -31.36085 ], [ -64.3415, -31.36045 ], [ -64.34147, -31.361 ] ] ] } },
{ "type": "Feature", "properties": { "indice_acceso": 0.705 }, "geometry": { "type": "Polygon", "coordinates": [ [ [ -64.34716, -31.36992 ], [ -64.34717, -31.36967 ], [ -64.34632, -31.36939 ], [ -64.34721, -31.36755 ], [ -64.34725, -31.36587 ], [ -64.34621, -31.36517 ], [ -64.34426, -31.36467 ], [ -64.34395, -31.36391 ], [ -64.3428, -31.36343 ], [ -64.33377, -31.36299 ], [ -64.33345, -31.36496 ], [ -64.34716, -31.36992 ] ] ] } }
]
}
