{
"type": "FeatureCollection",
"name": "mapa-posadas",
"crs": { "type": "name", "properties": { "name": "urn:ogc:def:crs:OGC:1.3:CRS84" } },
"features": [
{ "type": "Feature", "properties": { "indice_acceso": 0.737 }, "geometry": { "type": "Polygon", "coordinates": [ [ [ -55.91915, -27.35853 ], [ -55.9239, -27.3579 ], [ -55.92345, -27.35487 ], [ -55.92248, -27.35355 ], [ -55.91846, -27.35345 ], [ -55.91915, -27.35853 ] ] ] } },
{ "type": "Feature", "properties": { "indice_acceso": 0.697 }, "geometry": { "type": "Polygon", "coordinates": [ [ [ -55.91503, -27.35602 ], [ -55.91825, -27.35567 ], [ -55.9187, -27.35847 ], [ -55.91917, -27.35842 ], [ -55.91844, -27.35332 ], [ -55.91445, -27.35181 ], [ -55.91503, -27.35602 ] ] ] } },
{ "type": "Feature", "properties": { "indice_acceso": 0.724 }, "geometry": { "type": "Polygon", "coordinates": [ [ [ -55.91521, -27.35754 ], [ -55.917, -27.35732 ], [ -55.91722, -27.35863 ], [ -55.91557, -27.35895 ], [ -55.91915, -27.35853 ], [ -55.9187, -27.35847 ], [ -55.91825, -27.35567 ], [ -55.91503, -27.35602 ], [ -55.91521, -27.35754 ] ] ] } },
{ "type": "Feature", "properties": { "indice_acceso": 0.718 }, "geometry": { "type": "Polygon", "coordinates": [ [ [ -55.91175, -27.35934 ], [ -55.91722, -27.35863 ], [ -55.917, -27.35732 ], [ -55.91521, -27.35754 ], [ -55.91496, -27.35553 ], [ -55.9112, -27.35597 ], [ -55.91175, -27.35934 ] ] ] } },
{ "type": "Feature", "properties": { "indice_acceso": 0.673 }, "geometry": { "type": "Polygon", "coordinates": [ [ [ -55.90739, -27.35603 ], [ -55.9083, -27.35667 ], [ -55.90975, -27.35901 ], [ -55.91028, -27.3594 ], [ -55.90896, -27.35953 ], [ -55.90782, -27.35797 ], [ -55.9079, -27.35973 ], [ -55.91175, -27.35934 ], [ -55.9112, -27.35597 ], [ -55.91496, -27.35553 ], [ -55.91445, -27.35181 ], [ -55.91186, -27.35139 ], [ -55.90852, -27.35037 ], [ -55.90705, -27.35029 ], [ -55.90652, -27.34984 ], [ -55.90739, -27.35603 ] ] ] } },
{ "type": "Feature", "properties": { "indice_acceso": 0.672 }, "geometry": { "type": "Polygon", "coordinates": [ [ [ -55.90306, -27.35808 ], [ -55.90482, -27.35785 ], [ -55.90476, -27.35713 ], [ -55.9056, -27.35706 ], [ -55.90605, -27.35985 ], [ -55.90789, -27.35964 ], [ -55.90782, -27.35797 ], [ -55.90896, -27.35953 ], [ -55.90941, -27.35942 ], [ -55.90734, -27.35636 ], [ -55.90636, -27.35618 ], [ -55.90447, -27.3565 ], [ -55.9027, -27.35581 ], [ -55.90306, -27.35808 ] ] ] } },
{ "type": "Feature", "properties": { "indice_acceso": 0.685 }, "geometry": { "type": "Polygon", "coordinates": [ [ [ -55.90052, -27.36065 ], [ -55.9079, -27.35973 ], [ -55.90605, -27.35985 ], [ -55.90554, -27.35702 ], [ -55.90476, -27.35713 ], [ -55.90482, -27.35785 ], [ -55.90306, -27.35808 ], [ -55.90291, -27.35688 ], [ -55.90001, -27.35717 ], [ -55.90052, -27.36065 ] ] ] } },
{ "type": "Feature", "properties": { "indice_acceso": 0.657 }, "geometry": { "type": "Polygon", "coordinates": [ [ [ -55.90001, -27.35717 ], [ -55.90291, -27.35688 ], [ -55.90187, -27.35302 ], [ -55.90102, -27.3524 ], [ -55.89943, -27.35224 ], [ -55.90001, -27.35717 ] ] ] } },
{ "type": "Feature", "properties": { "indice_acceso": 0.652 }, "geometry": { "type": "Polygon", "coordinates": [ [ [ -55.89692, -27.35165 ], [ -55.89461, -27.35223 ], [ -55.89271, -27.35337 ], [ -55.89207, -27.35469 ], [ -55.89956, -27.35376 ], [ -55.89944, -27.35156 ], [ -55.89692, -27.35165 ] ] ] } },
{ "type": "Feature", "properties": { "indice_acceso": 0.663 }, "geometry": { "type": "Polygon", "coordinates": [ [ [ -55.89634, -27.356 ], [ -55.89843, -27.35579 ], [ -55.89854, -27.35666 ], [ -55.89996, -27.3565 ], [ -55.89956, -27.35376 ], [ -55.89608, -27.35412 ], [ -55.89634, -27.356 ] ] ] } },
{ "type": "Feature", "properties": { "indice_acceso": 0.69 }, "geometry": { "type": "Polygon", "coordinates": [ [ [ -55.89564, -27.35887 ], [ -55.89778, -27.35866 ], [ -55.89807, -27.36078 ], [ -55.90055, -27.36045 ], [ -55.90006, -27.35746 ], [ -55.89553, -27.35799 ], [ -55.89564, -27.35887 ] ] ] } },
{ "type": "Feature", "properties": { "indice_acceso": 0.676 }, "geometry": { "type": "Polygon", "coordinates": [ [ [ -55.89207, -27.35469 ], [ -55.89063, -27.35663 ], [ -55.89038, -27.35827 ], [ -55.89136, -27.35842 ], [ -55.8966, -27.35784 ], [ -55.89608, -27.35412 ], [ -55.89207, -27.35469 ] ] ] } },
{ "type": "Feature", "properties": { "indice_acceso": 0.689 }, "geometry": { "type": "Polygon", "coordinates": [ [ [ -55.89155, -27.35935 ], [ -55.89361, -27.35911 ], [ -55.89375, -27.36007 ], [ -55.89578, -27.35986 ], [ -55.89553, -27.35798 ], [ -55.89136, -27.35842 ], [ -55.89155, -27.35935 ] ] ] } },
{ "type": "Feature", "properties": { "indice_acceso": 0.688 }, "geometry": { "type": "Polygon", "coordinates": [ [ [ -55.88932, -27.35896 ], [ -55.88824, -27.36033 ], [ -55.8878, -27.36054 ], [ -55.88788, -27.36003 ], [ -55.88725, -27.35999 ], [ -55.88721, -27.36034 ], [ -55.88761, -27.36062 ], [ -55.88665, -27.36131 ], [ -55.88531, -27.36112 ], [ -55.8848, -27.36132 ], [ -55.88553, -27.36193 ], [ -55.89179, -27.36146 ], [ -55.89135, -27.35837 ], [ -55.89029, -27.35839 ], [ -55.88932, -27.35896 ] ] ] } },
{ "type": "Feature", "properties": { "indice_acceso": 0.642 }, "geometry": { "type": "Polygon", "coordinates": [ [ [ -55.89943, -27.35224 ], [ -55.90081, -27.35233 ], [ -55.90175, -27.35289 ], [ -55.90245, -27.35515 ], [ -55.90329, -27.35611 ], [ -55.90447, -27.3565 ], [ -55.90636, -27.35618 ], [ -55.90734, -27.35636 ], [ -55.90943, -27.35936 ], [ -55.91028, -27.3594 ], [ -55.9081, -27.35645 ], [ -55.90676, -27.35587 ], [ -55.90512, -27.35616 ], [ -55.90362, -27.35456 ], [ -55.90325, -27.35341 ], [ -55.90603, -27.35199 ], [ -55.9015, -27.35148 ], [ -55.89944, -27.35156 ], [ -55.89943, -27.35224 ] ] ] } },
{ "type": "Feature", "properties": { "indice_acceso": 0.694 }, "geometry": { "type": "Polygon", "coordinates": [ [ [ -55.89564, -27.35887 ], [ -55.89593, -27.36101 ], [ -55.89807, -27.36078 ], [ -55.89774, -27.35866 ], [ -55.89564, -27.35887 ] ] ] } },
{ "type": "Feature", "properties": { "indice_acceso": 0.707 }, "geometry": { "type": "Polygon", "coordinates": [ [ [ -55.89179, -27.36146 ], [ -55.89593, -27.36101 ], [ -55.89578, -27.35986 ], [ -55.89375, -27.36007 ], [ -55.89361, -27.35911 ], [ -55.89155, -27.35935 ], [ -55.89179, -27.36146 ] ] ] } },
{ "type": "Feature", "properties": { "indice_acceso": 0.673 }, "geometry": { "type": "Polygon", "coordinates": [ [ [ -55.8966, -27.35784 ], [ -55.90006, -27.35746 ], [ -55.89996, -27.3565 ], [ -55.89854, -27.35666 ], [ -55.89843, -27.35579 ], [ -55.89634, -27.356 ], [ -55.8966, -27.35784 ] ] ] } },
{ "type": "Feature", "properties": { "indice_acceso": 0.708 }, "geometry": { "type": "Polygon", "coordinates": [ [ [ -55.89801, -27.36079 ], [ -55.89839, -27.36367 ], [ -55.90065, -27.36343 ], [ -55.90026, -27.36054 ], [ -55.89801, -27.36079 ] ] ] } },
{ "type": "Feature", "properties": { "indice_acceso": 0.718 }, "geometry": { "type": "Polygon", "coordinates": [ [ [ -55.89313, -27.36327 ], [ -55.89516, -27.36304 ], [ -55.89506, -27.3621 ], [ -55.89608, -27.36201 ], [ -55.89593, -27.36101 ], [ -55.89284, -27.36139 ], [ -55.89313, -27.36327 ] ] ] } },
{ "type": "Feature", "properties": { "indice_acceso": 0.72 }, "geometry": { "type": "Polygon", "coordinates": [ [ [ -55.8896, -27.36154 ], [ -55.89017, -27.36544 ], [ -55.89337, -27.36515 ], [ -55.89283, -27.36134 ], [ -55.8896, -27.36154 ] ] ] } },
{ "type": "Feature", "properties": { "indice_acceso": 0.745 }, "geometry": { "type": "Polygon", "coordinates": [ [ [ -55.89017, -27.36544 ], [ -55.89071, -27.36916 ], [ -55.89388, -27.36884 ], [ -55.89338, -27.36511 ], [ -55.89017, -27.36544 ] ] ] } },
{ "type": "Feature", "properties": { "indice_acceso": 0.749 }, "geometry": { "type": "Polygon", "coordinates": [ [ [ -55.89377, -27.36788 ], [ -55.90115, -27.36707 ], [ -55.9009, -27.36524 ], [ -55.89555, -27.36585 ], [ -55.89543, -27.36491 ], [ -55.89338, -27.36515 ], [ -55.89377, -27.36788 ] ] ] } },
{ "type": "Feature", "properties": { "indice_acceso": 0.725 }, "geometry": { "type": "Polygon", "coordinates": [ [ [ -55.89555, -27.36585 ], [ -55.9009, -27.36524 ], [ -55.90065, -27.36343 ], [ -55.89531, -27.364 ], [ -55.89555, -27.36585 ] ] ] } },
{ "type": "Feature", "properties": { "indice_acceso": 0.746 }, "geometry": { "type": "Polygon", "coordinates": [ [ [ -55.89908, -27.36828 ], [ -55.89806, -27.36839 ], [ -55.89829, -27.37029 ], [ -55.90148, -27.36995 ], [ -55.90115, -27.36707 ], [ -55.89897, -27.36735 ], [ -55.89908, -27.36828 ] ] ] } },
{ "type": "Feature", "properties": { "indice_acceso": 0.763 }, "geometry": { "type": "Polygon", "coordinates": [ [ [ -55.89404, -27.36977 ], [ -55.89505, -27.36966 ], [ -55.89516, -27.3706 ], [ -55.89728, -27.37041 ], [ -55.89686, -27.36754 ], [ -55.89377, -27.36788 ], [ -55.89404, -27.36977 ] ] ] } },
{ "type": "Feature", "properties": { "indice_acceso": 0.748 }, "geometry": { "type": "Polygon", "coordinates": [ [ [ -55.89099, -27.37106 ], [ -55.89305, -27.37083 ], [ -55.89318, -27.37176 ], [ -55.89427, -27.37165 ], [ -55.89388, -27.36884 ], [ -55.89071, -27.36916 ], [ -55.89099, -27.37106 ] ] ] } },
{ "type": "Feature", "properties": { "indice_acceso": 0.765 }, "geometry": { "type": "Polygon", "coordinates": [ [ [ -55.89443, -27.37255 ], [ -55.89756, -27.37223 ], [ -55.89728, -27.37041 ], [ -55.89516, -27.3706 ], [ -55.89505, -27.36966 ], [ -55.89404, -27.36977 ], [ -55.89443, -27.37255 ] ] ] } },
{ "type": "Feature", "properties": { "indice_acceso": 0.744 }, "geometry": { "type": "Polygon", "coordinates": [ [ [ -55.90173, -27.37179 ], [ -55.90148, -27.36995 ], [ -55.89728, -27.37041 ], [ -55.89756, -27.37223 ], [ -55.90173, -27.37179 ] ] ] } },
{ "type": "Feature", "properties": { "indice_acceso": 0.785 }, "geometry": { "type": "Polygon", "coordinates": [ [ [ -55.89765, -27.37322 ], [ -55.8975, -27.37223 ], [ -55.89126, -27.37293 ], [ -55.89139, -27.37381 ], [ -55.89765, -27.37322 ] ] ] } },
{ "type": "Feature", "properties": { "indice_acceso": 0.764 }, "geometry": { "type": "Polygon", "coordinates": [ [ [ -55.89126, -27.37293 ], [ -55.89443, -27.37255 ], [ -55.89429, -27.37161 ], [ -55.89318, -27.37176 ], [ -55.89305, -27.37083 ], [ -55.89099, -27.37106 ], [ -55.89126, -27.37293 ] ] ] } },
{ "type": "Feature", "properties": { "indice_acceso": 0.8 }, "geometry": { "type": "Polygon", "coordinates": [ [ [ -55.89784, -27.37439 ], [ -55.89765, -27.37322 ], [ -55.8914, -27.37387 ], [ -55.8915, -27.37499 ], [ -55.89784, -27.37439 ] ] ] } },
{ "type": "Feature", "properties": { "indice_acceso": 0.705 }, "geometry": { "type": "Polygon", "coordinates": [ [ [ -55.89593, -27.36101 ], [ -55.89635, -27.36389 ], [ -55.89846, -27.36364 ], [ -55.89801, -27.36079 ], [ -55.89593, -27.36101 ] ] ] } },
{ "type": "Feature", "properties": { "indice_acceso": 0.758 }, "geometry": { "type": "Polygon", "coordinates": [ [ [ -55.89686, -27.36754 ], [ -55.89728, -27.37041 ], [ -55.89829, -27.37029 ], [ -55.89806, -27.36839 ], [ -55.89908, -27.36828 ], [ -55.89888, -27.36732 ], [ -55.89686, -27.36754 ] ] ] } },
{ "type": "Feature", "properties": { "indice_acceso": 0.747 }, "geometry": { "type": "Polygon", "coordinates": [ [ [ -55.90209, -27.37393 ], [ -55.90173, -27.37179 ], [ -55.8975, -27.37223 ], [ -55.89782, -27.3743 ], [ -55.90209, -27.37393 ] ] ] } },
{ "type": "Feature", "properties": { "indice_acceso": 0.744 }, "geometry": { "type": "Polygon", "coordinates": [ [ [ -55.89543, -27.36491 ], [ -55.89531, -27.364 ], [ -55.89635, -27.36389 ], [ -55.89608, -27.36201 ], [ -55.89506, -27.3621 ], [ -55.89516, -27.36304 ], [ -55.89313, -27.36327 ], [ -55.89338, -27.36511 ], [ -55.89543, -27.36491 ] ] ] } },
{ "type": "Feature", "properties": { "indice_acceso": 0.779 }, "geometry": { "type": "Polygon", "coordinates": [ [ [ -55.93084, -27.36056 ], [ -55.93039, -27.35728 ], [ -55.92654, -27.35772 ], [ -55.92703, -27.36078 ], [ -55.93084, -27.36056 ] ] ] } },
{ "type": "Feature", "properties": { "indice_acceso": 0.75 }, "geometry": { "type": "Polygon", "coordinates": [ [ [ -55.91907, -27.35854 ], [ -55.92005, -27.36513 ], [ -55.92384, -27.36472 ], [ -55.92336, -27.36139 ], [ -55.92706, -27.36097 ], [ -55.92654, -27.35772 ], [ -55.91907, -27.35854 ] ] ] } },
{ "type": "Feature", "properties": { "indice_acceso": 0.725 }, "geometry": { "type": "Polygon", "coordinates": [ [ [ -55.91309, -27.36247 ], [ -55.91221, -27.36258 ], [ -55.91268, -27.36596 ], [ -55.92004, -27.36514 ], [ -55.91915, -27.35853 ], [ -55.91352, -27.3592 ], [ -55.91389, -27.36158 ], [ -55.91298, -27.36166 ], [ -55.91309, -27.36247 ] ] ] } },
{ "type": "Feature", "properties": { "indice_acceso": 0.744 }, "geometry": { "type": "Polygon", "coordinates": [ [ [ -55.91376, -27.36752 ], [ -55.92026, -27.3668 ], [ -55.92004, -27.36514 ], [ -55.91357, -27.36585 ], [ -55.91376, -27.36752 ] ] ] } },
{ "type": "Feature", "properties": { "indice_acceso": 0.812 }, "geometry": { "type": "Polygon", "coordinates": [ [ [ -55.92731, -27.36267 ], [ -55.92846, -27.36256 ], [ -55.92842, -27.36369 ], [ -55.92934, -27.36359 ], [ -55.92943, -27.36411 ], [ -55.93499, -27.36349 ], [ -55.93449, -27.36011 ], [ -55.92706, -27.36097 ], [ -55.92731, -27.36267 ] ] ] } },
{ "type": "Feature", "properties": { "indice_acceso": 0.814 }, "geometry": { "type": "Polygon", "coordinates": [ [ [ -55.93166, -27.36627 ], [ -55.93534, -27.36585 ], [ -55.93541, -27.3662 ], [ -55.93905, -27.36558 ], [ -55.93926, -27.36642 ], [ -55.93882, -27.36309 ], [ -55.93136, -27.3639 ], [ -55.93166, -27.36627 ] ] ] } },
{ "type": "Feature", "properties": { "indice_acceso": 0.768 }, "geometry": { "type": "Polygon", "coordinates": [ [ [ -55.93541, -27.3662 ], [ -55.93534, -27.36585 ], [ -55.93166, -27.36627 ], [ -55.93225, -27.37057 ], [ -55.93973, -27.36975 ], [ -55.93905, -27.36558 ], [ -55.93721, -27.36576 ], [ -55.93724, -27.36599 ], [ -55.93541, -27.3662 ] ] ] } },
{ "type": "Feature", "properties": { "indice_acceso": 0.943 }, "geometry": { "type": "Polygon", "coordinates": [ [ [ -55.93225, -27.37057 ], [ -55.93136, -27.3639 ], [ -55.92763, -27.3643 ], [ -55.92852, -27.37083 ], [ -55.93225, -27.37057 ] ] ] } },
{ "type": "Feature", "properties": { "indice_acceso": 0.778 }, "geometry": { "type": "Polygon", "coordinates": [ [ [ -55.92049, -27.36838 ], [ -55.92035, -27.36655 ], [ -55.92186, -27.36638 ], [ -55.92395, -27.36619 ], [ -55.92404, -27.36701 ], [ -55.92547, -27.36672 ], [ -55.92565, -27.36791 ], [ -55.92805, -27.36764 ], [ -55.92763, -27.3643 ], [ -55.92012, -27.36512 ], [ -55.92049, -27.36838 ] ] ] } },
{ "type": "Feature", "properties": { "indice_acceso": 0.757 }, "geometry": { "type": "Polygon", "coordinates": [ [ [ -55.9205, -27.36847 ], [ -55.92026, -27.3668 ], [ -55.91665, -27.3672 ], [ -55.91684, -27.36881 ], [ -55.9205, -27.36847 ] ] ] } },
{ "type": "Feature", "properties": { "indice_acceso": 0.747 }, "geometry": { "type": "Polygon", "coordinates": [ [ [ -55.91656, -27.36885 ], [ -55.91718, -27.37212 ], [ -55.92465, -27.3714 ], [ -55.92421, -27.36808 ], [ -55.91656, -27.36885 ] ] ] } },
{ "type": "Feature", "properties": { "indice_acceso": 0.771 }, "geometry": { "type": "Polygon", "coordinates": [ [ [ -55.92384, -27.36472 ], [ -55.92943, -27.36411 ], [ -55.92934, -27.36359 ], [ -55.92842, -27.36369 ], [ -55.92846, -27.36256 ], [ -55.92731, -27.36267 ], [ -55.92706, -27.36097 ], [ -55.92336, -27.36139 ], [ -55.92384, -27.36472 ] ] ] } },
{ "type": "Feature", "properties": { "indice_acceso": 0.798 }, "geometry": { "type": "Polygon", "coordinates": [ [ [ -55.9206, -27.36846 ], [ -55.92421, -27.36808 ], [ -55.92465, -27.3714 ], [ -55.92854, -27.37099 ], [ -55.92805, -27.36764 ], [ -55.92565, -27.36791 ], [ -55.92547, -27.36672 ], [ -55.92404, -27.36701 ], [ -55.92395, -27.36619 ], [ -55.92035, -27.36655 ], [ -55.9206, -27.36846 ] ] ] } },
{ "type": "Feature", "properties": { "indice_acceso": 0.755 }, "geometry": { "type": "Polygon", "coordinates": [ [ [ -55.91183, -27.36947 ], [ -55.91688, -27.36881 ], [ -55.91665, -27.3672 ], [ -55.91376, -27.36752 ], [ -55.91357, -27.36585 ], [ -55.91136, -27.36616 ], [ -55.91183, -27.36947 ] ] ] } },
{ "type": "Feature", "properties": { "indice_acceso": 0.807 }, "geometry": { "type": "Polygon", "coordinates": [ [ [ -55.93272, -27.37389 ], [ -55.93225, -27.37057 ], [ -55.92477, -27.37139 ], [ -55.92524, -27.37463 ], [ -55.93272, -27.37389 ] ] ] } },
{ "type": "Feature", "properties": { "indice_acceso": 0.755 }, "geometry": { "type": "Polygon", "coordinates": [ [ [ -55.92526, -27.37473 ], [ -55.92477, -27.37139 ], [ -55.92092, -27.37182 ], [ -55.92136, -27.37505 ], [ -55.92526, -27.37473 ] ] ] } },
{ "type": "Feature", "properties": { "indice_acceso": 0.735 }, "geometry": { "type": "Polygon", "coordinates": [ [ [ -55.92137, -27.37516 ], [ -55.92092, -27.37182 ], [ -55.91733, -27.37222 ], [ -55.91775, -27.37547 ], [ -55.92137, -27.37516 ] ] ] } },
{ "type": "Feature", "properties": { "indice_acceso": 0.719 }, "geometry": { "type": "Polygon", "coordinates": [ [ [ -55.90972, -27.37299 ], [ -55.91002, -27.37471 ], [ -55.91375, -27.3743 ], [ -55.91361, -27.3735 ], [ -55.91627, -27.37319 ], [ -55.91642, -27.37423 ], [ -55.91745, -27.37412 ], [ -55.91776, -27.37547 ], [ -55.91731, -27.37211 ], [ -55.90972, -27.37299 ] ] ] } },
{ "type": "Feature", "properties": { "indice_acceso": 0.723 }, "geometry": { "type": "Polygon", "coordinates": [ [ [ -55.9065, -27.37681 ], [ -55.91023, -27.37638 ], [ -55.90974, -27.37307 ], [ -55.90603, -27.37346 ], [ -55.9065, -27.37681 ] ] ] } },
{ "type": "Feature", "properties": { "indice_acceso": 0.717 }, "geometry": { "type": "Polygon", "coordinates": [ [ [ -55.90271, -27.37717 ], [ -55.90649, -27.37675 ], [ -55.90603, -27.37346 ], [ -55.9023, -27.37389 ], [ -55.90271, -27.37717 ] ] ] } },
{ "type": "Feature", "properties": { "indice_acceso": 0.748 }, "geometry": { "type": "Polygon", "coordinates": [ [ [ -55.90517, -27.38119 ], [ -55.90333, -27.3814 ], [ -55.90368, -27.38389 ], [ -55.90739, -27.38349 ], [ -55.90649, -27.37675 ], [ -55.90447, -27.37698 ], [ -55.90517, -27.38119 ] ] ] } },
{ "type": "Feature", "properties": { "indice_acceso": 0.732 }, "geometry": { "type": "Polygon", "coordinates": [ [ [ -55.90697, -27.38015 ], [ -55.91445, -27.37929 ], [ -55.91392, -27.37592 ], [ -55.9065, -27.37681 ], [ -55.90697, -27.38015 ] ] ] } },
{ "type": "Feature", "properties": { "indice_acceso": 0.722 }, "geometry": { "type": "Polygon", "coordinates": [ [ [ -55.91393, -27.37596 ], [ -55.91416, -27.37777 ], [ -55.92177, -27.37682 ], [ -55.92152, -27.37514 ], [ -55.91393, -27.37596 ] ] ] } },
{ "type": "Feature", "properties": { "indice_acceso": 0.738 }, "geometry": { "type": "Polygon", "coordinates": [ [ [ -55.92575, -27.37807 ], [ -55.92526, -27.37473 ], [ -55.92152, -27.37514 ], [ -55.92198, -27.37842 ], [ -55.92575, -27.37807 ] ] ] } },
{ "type": "Feature", "properties": { "indice_acceso": 0.754 }, "geometry": { "type": "Polygon", "coordinates": [ [ [ -55.92575, -27.37807 ], [ -55.92933, -27.37769 ], [ -55.92888, -27.37433 ], [ -55.92526, -27.37473 ], [ -55.92575, -27.37807 ] ] ] } },
{ "type": "Feature", "properties": { "indice_acceso": 0.751 }, "geometry": { "type": "Polygon", "coordinates": [ [ [ -55.93689, -27.37687 ], [ -55.93644, -27.3735 ], [ -55.92888, -27.37433 ], [ -55.92933, -27.37769 ], [ -55.93689, -27.37687 ] ] ] } },
{ "type": "Feature", "properties": { "indice_acceso": 0.735 }, "geometry": { "type": "Polygon", "coordinates": [ [ [ -55.93354, -27.38053 ], [ -55.93307, -27.37726 ], [ -55.92943, -27.37768 ], [ -55.92991, -27.38084 ], [ -55.93354, -27.38053 ] ] ] } },
{ "type": "Feature", "properties": { "indice_acceso": 0.732 }, "geometry": { "type": "Polygon", "coordinates": [ [ [ -55.91375, -27.3743 ], [ -55.90997, -27.37465 ], [ -55.9102, -27.37634 ], [ -55.91767, -27.37557 ], [ -55.91745, -27.37412 ], [ -55.91642, -27.37423 ], [ -55.91627, -27.37319 ], [ -55.91361, -27.3735 ], [ -55.91375, -27.3743 ] ] ] } },
{ "type": "Feature", "properties": { "indice_acceso": 0.705 }, "geometry": { "type": "Polygon", "coordinates": [ [ [ -55.92199, -27.37848 ], [ -55.92177, -27.37682 ], [ -55.91425, -27.37786 ], [ -55.91444, -27.37924 ], [ -55.92199, -27.37848 ] ] ] } },
{ "type": "Feature", "properties": { "indice_acceso": 0.749 }, "geometry": { "type": "Polygon", "coordinates": [ [ [ -55.90271, -27.37717 ], [ -55.90333, -27.3814 ], [ -55.90517, -27.38119 ], [ -55.90447, -27.37698 ], [ -55.90271, -27.37717 ] ] ] } },
{ "type": "Feature", "properties": { "indice_acceso": 0.719 }, "geometry": { "type": "Polygon", "coordinates": [ [ [ -55.92562, -27.37809 ], [ -55.92606, -27.38141 ], [ -55.92993, -27.38093 ], [ -55.92943, -27.37768 ], [ -55.92562, -27.37809 ] ] ] } },
{ "type": "Feature", "properties": { "indice_acceso": 0.742 }, "geometry": { "type": "Polygon", "coordinates": [ [ [ -55.93725, -27.38013 ], [ -55.93689, -27.37687 ], [ -55.93307, -27.37726 ], [ -55.93353, -27.38046 ], [ -55.93725, -27.38013 ] ] ] } },
{ "type": "Feature", "properties": { "indice_acceso": 0.711 }, "geometry": { "type": "Polygon", "coordinates": [ [ [ -55.92606, -27.38141 ], [ -55.92562, -27.37809 ], [ -55.92199, -27.37848 ], [ -55.92236, -27.38186 ], [ -55.92606, -27.38141 ] ] ] } },
{ "type": "Feature", "properties": { "indice_acceso": 0.819 }, "geometry": { "type": "Polygon", "coordinates": [ [ [ -55.89148, -27.37842 ], [ -55.89535, -27.37806 ], [ -55.89481, -27.37472 ], [ -55.89104, -27.37514 ], [ -55.89148, -27.37842 ] ] ] } },
{ "type": "Feature", "properties": { "indice_acceso": 0.798 }, "geometry": { "type": "Polygon", "coordinates": [ [ [ -55.88734, -27.37538 ], [ -55.88778, -27.37876 ], [ -55.89148, -27.37842 ], [ -55.89104, -27.37514 ], [ -55.88734, -27.37538 ] ] ] } },
{ "type": "Feature", "properties": { "indice_acceso": 0.72 }, "geometry": { "type": "Polygon", "coordinates": [ [ [ -55.87938, -27.37617 ], [ -55.88134, -27.37702 ], [ -55.88263, -27.37806 ], [ -55.88314, -27.37891 ], [ -55.8825, -27.37921 ], [ -55.8829, -27.37971 ], [ -55.88339, -27.37974 ], [ -55.88548, -27.38527 ], [ -55.88618, -27.38568 ], [ -55.88871, -27.38551 ], [ -55.88728, -27.37588 ], [ -55.88734, -27.37538 ], [ -55.88806, -27.37525 ], [ -55.87938, -27.37617 ] ] ] } },
{ "type": "Feature", "properties": { "indice_acceso": 0.815 }, "geometry": { "type": "Polygon", "coordinates": [ [ [ -55.89243, -27.3851 ], [ -55.89148, -27.37842 ], [ -55.88778, -27.37876 ], [ -55.88869, -27.38545 ], [ -55.89243, -27.3851 ] ] ] } },
{ "type": "Feature", "properties": { "indice_acceso": 0.878 }, "geometry": { "type": "Polygon", "coordinates": [ [ [ -55.89198, -27.38175 ], [ -55.89577, -27.38131 ], [ -55.89523, -27.37807 ], [ -55.89148, -27.37842 ], [ -55.89198, -27.38175 ] ] ] } },
{ "type": "Feature", "properties": { "indice_acceso": 0.96 }, "geometry": { "type": "Polygon", "coordinates": [ [ [ -55.89617, -27.38468 ], [ -55.89572, -27.38132 ], [ -55.89198, -27.38175 ], [ -55.89242, -27.38503 ], [ -55.89617, -27.38468 ] ] ] } },
{ "type": "Feature", "properties": { "indice_acceso": 0.886 }, "geometry": { "type": "Polygon", "coordinates": [ [ [ -55.89289, -27.38844 ], [ -55.89665, -27.38805 ], [ -55.89617, -27.38468 ], [ -55.89243, -27.3851 ], [ -55.89289, -27.38844 ] ] ] } },
{ "type": "Feature", "properties": { "indice_acceso": 0.804 }, "geometry": { "type": "Polygon", "coordinates": [ [ [ -55.88622, -27.38564 ], [ -55.88881, -27.38879 ], [ -55.89285, -27.38844 ], [ -55.89243, -27.3851 ], [ -55.88622, -27.38564 ] ] ] } },
{ "type": "Feature", "properties": { "indice_acceso": 0.765 }, "geometry": { "type": "Polygon", "coordinates": [ [ [ -55.88891, -27.38878 ], [ -55.88973, -27.3898 ], [ -55.88952, -27.39019 ], [ -55.89024, -27.39036 ], [ -55.89137, -27.39219 ], [ -55.89213, -27.39179 ], [ -55.8933, -27.39179 ], [ -55.89285, -27.38844 ], [ -55.88891, -27.38878 ] ] ] } },
{ "type": "Feature", "properties": { "indice_acceso": 0.825 }, "geometry": { "type": "Polygon", "coordinates": [ [ [ -55.8933, -27.39179 ], [ -55.89601, -27.39149 ], [ -55.89557, -27.38815 ], [ -55.893, -27.38843 ], [ -55.8933, -27.39179 ] ] ] } },
{ "type": "Feature", "properties": { "indice_acceso": 0.757 }, "geometry": { "type": "Polygon", "coordinates": [ [ [ -55.9055, -27.3973 ], [ -55.90456, -27.39057 ], [ -55.90084, -27.39096 ], [ -55.90179, -27.39758 ], [ -55.9055, -27.3973 ] ] ] } },
{ "type": "Feature", "properties": { "indice_acceso": 0.77 }, "geometry": { "type": "Polygon", "coordinates": [ [ [ -55.90182, -27.39783 ], [ -55.90084, -27.39096 ], [ -55.89715, -27.39138 ], [ -55.89805, -27.39814 ], [ -55.90182, -27.39783 ] ] ] } },
{ "type": "Feature", "properties": { "indice_acceso": 0.759 }, "geometry": { "type": "Polygon", "coordinates": [ [ [ -55.89806, -27.39822 ], [ -55.89715, -27.39138 ], [ -55.89344, -27.39176 ], [ -55.89424, -27.39851 ], [ -55.89806, -27.39822 ] ] ] } },
{ "type": "Feature", "properties": { "indice_acceso": 0.742 }, "geometry": { "type": "Polygon", "coordinates": [ [ [ -55.89213, -27.39179 ], [ -55.89147, -27.39217 ], [ -55.89218, -27.39446 ], [ -55.89183, -27.39573 ], [ -55.89224, -27.39625 ], [ -55.89122, -27.40461 ], [ -55.89185, -27.4047 ], [ -55.89233, -27.40316 ], [ -55.89319, -27.40334 ], [ -55.8938, -27.4029 ], [ -55.89355, -27.40287 ], [ -55.89341, -27.40218 ], [ -55.89382, -27.4021 ], [ -55.89338, -27.39871 ], [ -55.89442, -27.39846 ], [ -55.89342, -27.39176 ], [ -55.89213, -27.39179 ] ] ] } },
{ "type": "Feature", "properties": { "indice_acceso": 0.708 }, "geometry": { "type": "Polygon", "coordinates": [ [ [ -55.89341, -27.40218 ], [ -55.89355, -27.40287 ], [ -55.8938, -27.4029 ], [ -55.89319, -27.40334 ], [ -55.89233, -27.40316 ], [ -55.89185, -27.4047 ], [ -55.89334, -27.40549 ], [ -55.89538, -27.40526 ], [ -55.89512, -27.40349 ], [ -55.8971, -27.40306 ], [ -55.89879, -27.40321 ], [ -55.89858, -27.40158 ], [ -55.89663, -27.4019 ], [ -55.8961, -27.40128 ], [ -55.89495, -27.40139 ], [ -55.89466, -27.40182 ], [ -55.89341, -27.40218 ] ] ] } },
{ "type": "Feature", "properties": { "indice_acceso": 0.768 }, "geometry": { "type": "Polygon", "coordinates": [ [ [ -55.89754, -27.4017 ], [ -55.90227, -27.40116 ], [ -55.90182, -27.39783 ], [ -55.89683, -27.39835 ], [ -55.89754, -27.4017 ] ] ] } },
{ "type": "Feature", "properties": { "indice_acceso": 0.783 }, "geometry": { "type": "Polygon", "coordinates": [ [ [ -55.90645, -27.40409 ], [ -55.9055, -27.3973 ], [ -55.9018, -27.39768 ], [ -55.90262, -27.40343 ], [ -55.90327, -27.40433 ], [ -55.90645, -27.40409 ] ] ] } },
{ "type": "Feature", "properties": { "indice_acceso": 0.76 }, "geometry": { "type": "Polygon", "coordinates": [ [ [ -55.8971, -27.40306 ], [ -55.89512, -27.40349 ], [ -55.89538, -27.40526 ], [ -55.90153, -27.4046 ], [ -55.90296, -27.40412 ], [ -55.90227, -27.40116 ], [ -55.89858, -27.40158 ], [ -55.89879, -27.40321 ], [ -55.8971, -27.40306 ] ] ] } },
{ "type": "Feature", "properties": { "indice_acceso": 0.753 }, "geometry": { "type": "Polygon", "coordinates": [ [ [ -55.89723, -27.40828 ], [ -55.90104, -27.40816 ], [ -55.90105, -27.40852 ], [ -55.90223, -27.40874 ], [ -55.90282, -27.40549 ], [ -55.90235, -27.40434 ], [ -55.89741, -27.40504 ], [ -55.89755, -27.40614 ], [ -55.89709, -27.40623 ], [ -55.89723, -27.40828 ] ] ] } },
{ "type": "Feature", "properties": { "indice_acceso": 0.836 }, "geometry": { "type": "Polygon", "coordinates": [ [ [ -55.90282, -27.40549 ], [ -55.90223, -27.40874 ], [ -55.90255, -27.40878 ], [ -55.90263, -27.40842 ], [ -55.9074, -27.40789 ], [ -55.9072, -27.40587 ], [ -55.90567, -27.40604 ], [ -55.90566, -27.40417 ], [ -55.90358, -27.4044 ], [ -55.90277, -27.40407 ], [ -55.90236, -27.40438 ], [ -55.90282, -27.40549 ] ] ] } },
{ "type": "Feature", "properties": { "indice_acceso": 0.793 }, "geometry": { "type": "Polygon", "coordinates": [ [ [ -55.90566, -27.40417 ], [ -55.90567, -27.40604 ], [ -55.9072, -27.40587 ], [ -55.90786, -27.40988 ], [ -55.91179, -27.4095 ], [ -55.91097, -27.40362 ], [ -55.90566, -27.40417 ] ] ] } },
{ "type": "Feature", "properties": { "indice_acceso": 0.754 }, "geometry": { "type": "Polygon", "coordinates": [ [ [ -55.90692, -27.41111 ], [ -55.90383, -27.4114 ], [ -55.90394, -27.41242 ], [ -55.90813, -27.41196 ], [ -55.90837, -27.41354 ], [ -55.91239, -27.41366 ], [ -55.91179, -27.4095 ], [ -55.90679, -27.41003 ], [ -55.90692, -27.41111 ] ] ] } },
{ "type": "Feature", "properties": { "indice_acceso": 0.801 }, "geometry": { "type": "Polygon", "coordinates": [ [ [ -55.90121, -27.41385 ], [ -55.90641, -27.41383 ], [ -55.90647, -27.41355 ], [ -55.90837, -27.41354 ], [ -55.90813, -27.41196 ], [ -55.90394, -27.41242 ], [ -55.90383, -27.4114 ], [ -55.90692, -27.41111 ], [ -55.90679, -27.41003 ], [ -55.90786, -27.40992 ], [ -55.9074, -27.40789 ], [ -55.90263, -27.40842 ], [ -55.90121, -27.41385 ] ] ] } },
{ "type": "Feature", "properties": { "indice_acceso": 0.699 }, "geometry": { "type": "Polygon", "coordinates": [ [ [ -55.89958, -27.4136 ], [ -55.89995, -27.41408 ], [ -55.89852, -27.41516 ], [ -55.89755, -27.41533 ], [ -55.89802, -27.41587 ], [ -55.89784, -27.41688 ], [ -55.8984, -27.41722 ], [ -55.90025, -27.41707 ], [ -55.90255, -27.40878 ], [ -55.90105, -27.40852 ], [ -55.89958, -27.4136 ] ] ] } },
{ "type": "Feature", "properties": { "indice_acceso": 0.699 }, "geometry": { "type": "Polygon", "coordinates": [ [ [ -55.89152, -27.40601 ], [ -55.89237, -27.40677 ], [ -55.89381, -27.40717 ], [ -55.89521, -27.40912 ], [ -55.89551, -27.41007 ], [ -55.89536, -27.41161 ], [ -55.89476, -27.41228 ], [ -55.89504, -27.41337 ], [ -55.89484, -27.41417 ], [ -55.89439, -27.4149 ], [ -55.89192, -27.41609 ], [ -55.89163, -27.41658 ], [ -55.89163, -27.41745 ], [ -55.89208, -27.41819 ], [ -55.89687, -27.41846 ], [ -55.89707, -27.41682 ], [ -55.89793, -27.41754 ], [ -55.89891, -27.41759 ], [ -55.90021, -27.41835 ], [ -55.90066, -27.41616 ], [ -55.90044, -27.41612 ], [ -55.90007, -27.41721 ], [ -55.8984, -27.41722 ], [ -55.89784, -27.41688 ], [ -55.89802, -27.41587 ], [ -55.89755, -27.41533 ], [ -55.89852, -27.41516 ], [ -55.89995, -27.41408 ], [ -55.89958, -27.4136 ], [ -55.90018, -27.41224 ], [ -55.90104, -27.40816 ], [ -55.89723, -27.40828 ], [ -55.89709, -27.40623 ], [ -55.89755, -27.40614 ], [ -55.89741, -27.40504 ], [ -55.89334, -27.40549 ], [ -55.8914, -27.4046 ], [ -55.89152, -27.40601 ] ] ] } },
{ "type": "Feature", "properties": { "indice_acceso": 0.713 }, "geometry": { "type": "Polygon", "coordinates": [ [ [ -55.91216, -27.41366 ], [ -55.91179, -27.41572 ], [ -55.91073, -27.41574 ], [ -55.91049, -27.41691 ], [ -55.90556, -27.41731 ], [ -55.90066, -27.41616 ], [ -55.9001, -27.41834 ], [ -55.90213, -27.41875 ], [ -55.90561, -27.4186 ], [ -55.90747, -27.41908 ], [ -55.90839, -27.42051 ], [ -55.90845, -27.42188 ], [ -55.91037, -27.42145 ], [ -55.91116, -27.42158 ], [ -55.91167, -27.42112 ], [ -55.9115, -27.42087 ], [ -55.91321, -27.42005 ], [ -55.91239, -27.41366 ], [ -55.91216, -27.41366 ] ] ] } },
{ "type": "Feature", "properties": { "indice_acceso": 0.74 }, "geometry": { "type": "Polygon", "coordinates": [ [ [ -55.89381, -27.40188 ], [ -55.8961, -27.40128 ], [ -55.89663, -27.4019 ], [ -55.89754, -27.4017 ], [ -55.89683, -27.39835 ], [ -55.89338, -27.39871 ], [ -55.89381, -27.40188 ] ] ] } },
{ "type": "Feature", "properties": { "indice_acceso": 0.744 }, "geometry": { "type": "Polygon", "coordinates": [ [ [ -55.90647, -27.41355 ], [ -55.90641, -27.41383 ], [ -55.90141, -27.41367 ], [ -55.90135, -27.41388 ], [ -55.90119, -27.41359 ], [ -55.90056, -27.41613 ], [ -55.90556, -27.41731 ], [ -55.91049, -27.41691 ], [ -55.91073, -27.41574 ], [ -55.91179, -27.41572 ], [ -55.91219, -27.41356 ], [ -55.90647, -27.41355 ] ] ] } },
{ "type": "Feature", "properties": { "indice_acceso": 0.694 }, "geometry": { "type": "Polygon", "coordinates": [ [ [ -55.92364, -27.39097 ], [ -55.93108, -27.39009 ], [ -55.93075, -27.38762 ], [ -55.92328, -27.38847 ], [ -55.92364, -27.39097 ] ] ] } },
{ "type": "Feature", "properties": { "indice_acceso": 0.698 }, "geometry": { "type": "Polygon", "coordinates": [ [ [ -55.92422, -27.39521 ], [ -55.92328, -27.38847 ], [ -55.91954, -27.38894 ], [ -55.92043, -27.39554 ], [ -55.92422, -27.39521 ] ] ] } },
{ "type": "Feature", "properties": { "indice_acceso": 0.713 }, "geometry": { "type": "Polygon", "coordinates": [ [ [ -55.92044, -27.39563 ], [ -55.91986, -27.39143 ], [ -55.9124, -27.39232 ], [ -55.91298, -27.39635 ], [ -55.92044, -27.39563 ] ] ] } },
{ "type": "Feature", "properties": { "indice_acceso": 0.733 }, "geometry": { "type": "Polygon", "coordinates": [ [ [ -55.913, -27.39644 ], [ -55.91224, -27.39117 ], [ -55.90854, -27.39157 ], [ -55.90925, -27.39677 ], [ -55.913, -27.39644 ] ] ] } },
{ "type": "Feature", "properties": { "indice_acceso": 0.722 }, "geometry": { "type": "Polygon", "coordinates": [ [ [ -55.90506, -27.39388 ], [ -55.9088, -27.39347 ], [ -55.90854, -27.39157 ], [ -55.91224, -27.39117 ], [ -55.91208, -27.38972 ], [ -55.90456, -27.39057 ], [ -55.90506, -27.39388 ] ] ] } },
{ "type": "Feature", "properties": { "indice_acceso": 0.741 }, "geometry": { "type": "Polygon", "coordinates": [ [ [ -55.90541, -27.39511 ], [ -55.90734, -27.39494 ], [ -55.90788, -27.39444 ], [ -55.90774, -27.3936 ], [ -55.90506, -27.39388 ], [ -55.90541, -27.39511 ] ] ] } },
{ "type": "Feature", "properties": { "indice_acceso": 0.763 }, "geometry": { "type": "Polygon", "coordinates": [ [ [ -55.90742, -27.39524 ], [ -55.90902, -27.39502 ], [ -55.9088, -27.39347 ], [ -55.90774, -27.3936 ], [ -55.90788, -27.39444 ], [ -55.90734, -27.39494 ], [ -55.90742, -27.39524 ] ] ] } },
{ "type": "Feature", "properties": { "indice_acceso": 0.776 }, "geometry": { "type": "Polygon", "coordinates": [ [ [ -55.90667, -27.39703 ], [ -55.90925, -27.39677 ], [ -55.90902, -27.39502 ], [ -55.90639, -27.39519 ], [ -55.90667, -27.39703 ] ] ] } },
{ "type": "Feature", "properties": { "indice_acceso": 0.765 }, "geometry": { "type": "Polygon", "coordinates": [ [ [ -55.90521, -27.39506 ], [ -55.90547, -27.39719 ], [ -55.90667, -27.39703 ], [ -55.90639, -27.39519 ], [ -55.9067, -27.39503 ], [ -55.90521, -27.39506 ] ] ] } },
{ "type": "Feature", "properties": { "indice_acceso": 0.781 }, "geometry": { "type": "Polygon", "coordinates": [ [ [ -55.90571, -27.39859 ], [ -55.90945, -27.3982 ], [ -55.90925, -27.39677 ], [ -55.90547, -27.39719 ], [ -55.90571, -27.39859 ] ] ] } },
{ "type": "Feature", "properties": { "indice_acceso": 0.765 }, "geometry": { "type": "Polygon", "coordinates": [ [ [ -55.90585, -27.39954 ], [ -55.90955, -27.39911 ], [ -55.90971, -27.40021 ], [ -55.91342, -27.39974 ], [ -55.913, -27.39644 ], [ -55.90925, -27.39685 ], [ -55.90945, -27.3982 ], [ -55.90571, -27.39859 ], [ -55.90585, -27.39954 ] ] ] } },
{ "type": "Feature", "properties": { "indice_acceso": 0.735 }, "geometry": { "type": "Polygon", "coordinates": [ [ [ -55.92087, -27.3989 ], [ -55.92044, -27.39563 ], [ -55.913, -27.39644 ], [ -55.91341, -27.39967 ], [ -55.92087, -27.3989 ] ] ] } },
{ "type": "Feature", "properties": { "indice_acceso": 0.753 }, "geometry": { "type": "Polygon", "coordinates": [ [ [ -55.91388, -27.40328 ], [ -55.92507, -27.40179 ], [ -55.92422, -27.39521 ], [ -55.92044, -27.39563 ], [ -55.92087, -27.3989 ], [ -55.91342, -27.39974 ], [ -55.91388, -27.40328 ] ] ] } },
{ "type": "Feature", "properties": { "indice_acceso": 0.706 }, "geometry": { "type": "Polygon", "coordinates": [ [ [ -55.92464, -27.39858 ], [ -55.92844, -27.39816 ], [ -55.92856, -27.39897 ], [ -55.93223, -27.39856 ], [ -55.93165, -27.39438 ], [ -55.92422, -27.39521 ], [ -55.92464, -27.39858 ] ] ] } },
{ "type": "Feature", "properties": { "indice_acceso": 0.713 }, "geometry": { "type": "Polygon", "coordinates": [ [ [ -55.92507, -27.40179 ], [ -55.93257, -27.40112 ], [ -55.93219, -27.39856 ], [ -55.92856, -27.39897 ], [ -55.92844, -27.39816 ], [ -55.92464, -27.39858 ], [ -55.92507, -27.40179 ] ] ] } },
{ "type": "Feature", "properties": { "indice_acceso": 0.766 }, "geometry": { "type": "Polygon", "coordinates": [ [ [ -55.91522, -27.40765 ], [ -55.91969, -27.40723 ], [ -55.91958, -27.40614 ], [ -55.92333, -27.40574 ], [ -55.92355, -27.40608 ], [ -55.92141, -27.40235 ], [ -55.91465, -27.40319 ], [ -55.91522, -27.40765 ] ] ] } },
{ "type": "Feature", "properties": { "indice_acceso": 0.785 }, "geometry": { "type": "Polygon", "coordinates": [ [ [ -55.9116, -27.40794 ], [ -55.91522, -27.40765 ], [ -55.91465, -27.40319 ], [ -55.91105, -27.40361 ], [ -55.9116, -27.40794 ] ] ] } },
{ "type": "Feature", "properties": { "indice_acceso": 0.806 }, "geometry": { "type": "Polygon", "coordinates": [ [ [ -55.90933, -27.40371 ], [ -55.91388, -27.40328 ], [ -55.91342, -27.39974 ], [ -55.90971, -27.40021 ], [ -55.91006, -27.40273 ], [ -55.90933, -27.40371 ] ] ] } },
{ "type": "Feature", "properties": { "indice_acceso": 0.695 }, "geometry": { "type": "Polygon", "coordinates": [ [ [ -55.9124, -27.39232 ], [ -55.91986, -27.39143 ], [ -55.91961, -27.38886 ], [ -55.91208, -27.38977 ], [ -55.9124, -27.39232 ] ] ] } },
{ "type": "Feature", "properties": { "indice_acceso": 0.693 }, "geometry": { "type": "Polygon", "coordinates": [ [ [ -55.92422, -27.39521 ], [ -55.93175, -27.39437 ], [ -55.93108, -27.39009 ], [ -55.92364, -27.39097 ], [ -55.92422, -27.39521 ] ] ] } },
{ "type": "Feature", "properties": { "indice_acceso": 0.789 }, "geometry": { "type": "Polygon", "coordinates": [ [ [ -55.90933, -27.40371 ], [ -55.90994, -27.40313 ], [ -55.90955, -27.39911 ], [ -55.90585, -27.39954 ], [ -55.90642, -27.40393 ], [ -55.90933, -27.40371 ] ] ] } },
{ "type": "Feature", "properties": { "indice_acceso": 0.715 }, "geometry": { "type": "Polygon", "coordinates": [ [ [ -55.87221, -27.42683 ], [ -55.87406, -27.42824 ], [ -55.87638, -27.42582 ], [ -55.87872, -27.42762 ], [ -55.87927, -27.42714 ], [ -55.87973, -27.4275 ], [ -55.88341, -27.42388 ], [ -55.8802, -27.4214 ], [ -55.87925, -27.4203 ], [ -55.87221, -27.42683 ] ] ] } },
{ "type": "Feature", "properties": { "indice_acceso": 0.755 }, "geometry": { "type": "Polygon", "coordinates": [ [ [ -55.88238, -27.43466 ], [ -55.88511, -27.43205 ], [ -55.87979, -27.4281 ], [ -55.88004, -27.42787 ], [ -55.87927, -27.42714 ], [ -55.87846, -27.4279 ], [ -55.87879, -27.42825 ], [ -55.87678, -27.43032 ], [ -55.88238, -27.43466 ] ] ] } },
{ "type": "Feature", "properties": { "indice_acceso": 0.712 }, "geometry": { "type": "Polygon", "coordinates": [ [ [ -55.88959, -27.42722 ], [ -55.88778, -27.42585 ], [ -55.88624, -27.42743 ], [ -55.89006, -27.43036 ], [ -55.89145, -27.42887 ], [ -55.89431, -27.42689 ], [ -55.89343, -27.42597 ], [ -55.89117, -27.42556 ], [ -55.88959, -27.42722 ] ] ] } },
{ "type": "Feature", "properties": { "indice_acceso": 0.615 }, "geometry": { "type": "Polygon", "coordinates": [ [ [ -55.89103, -27.40734 ], [ -55.89023, -27.40729 ], [ -55.88875, -27.40984 ], [ -55.88711, -27.41145 ], [ -55.88575, -27.41164 ], [ -55.88544, -27.41136 ], [ -55.88568, -27.41112 ], [ -55.88019, -27.41623 ], [ -55.88021, -27.41703 ], [ -55.87907, -27.41856 ], [ -55.87705, -27.41988 ], [ -55.87612, -27.42023 ], [ -55.87571, -27.42006 ], [ -55.87025, -27.42533 ], [ -55.87221, -27.42683 ], [ -55.87925, -27.4203 ], [ -55.8802, -27.4214 ], [ -55.88525, -27.42532 ], [ -55.88471, -27.42475 ], [ -55.88413, -27.41773 ], [ -55.88579, -27.41628 ], [ -55.88699, -27.41629 ], [ -55.88687, -27.41681 ], [ -55.89023, -27.41598 ], [ -55.89244, -27.41593 ], [ -55.89439, -27.4149 ], [ -55.89484, -27.41417 ], [ -55.89504, -27.41337 ], [ -55.89476, -27.41228 ], [ -55.89536, -27.41161 ], [ -55.89536, -27.40939 ], [ -55.89381, -27.40717 ], [ -55.89237, -27.40677 ], [ -55.89178, -27.40629 ], [ -55.89132, -27.40513 ], [ -55.89103, -27.40734 ] ] ] } },
{ "type": "Feature", "properties": { "indice_acceso": 0.689 }, "geometry": { "type": "Polygon", "coordinates": [ [ [ -55.88466, -27.42412 ], [ -55.88826, -27.42385 ], [ -55.88953, -27.42111 ], [ -55.88609, -27.41918 ], [ -55.88579, -27.41628 ], [ -55.88413, -27.41773 ], [ -55.88466, -27.42412 ] ] ] } },
{ "type": "Feature", "properties": { "indice_acceso": 0.701 }, "geometry": { "type": "Polygon", "coordinates": [ [ [ -55.88474, -27.4249 ], [ -55.88703, -27.42664 ], [ -55.88778, -27.42585 ], [ -55.88959, -27.42722 ], [ -55.89199, -27.42468 ], [ -55.89012, -27.42481 ], [ -55.89007, -27.42432 ], [ -55.8883, -27.42441 ], [ -55.88826, -27.42385 ], [ -55.88466, -27.42412 ], [ -55.88474, -27.4249 ] ] ] } },
{ "type": "Feature", "properties": { "indice_acceso": 0.674 }, "geometry": { "type": "Polygon", "coordinates": [ [ [ -55.88772, -27.4164 ], [ -55.88687, -27.41681 ], [ -55.88699, -27.41629 ], [ -55.88579, -27.41628 ], [ -55.88609, -27.41918 ], [ -55.88953, -27.42111 ], [ -55.88823, -27.42367 ], [ -55.8883, -27.42441 ], [ -55.89007, -27.42432 ], [ -55.89012, -27.42481 ], [ -55.89199, -27.42468 ], [ -55.89278, -27.42278 ], [ -55.89286, -27.42254 ], [ -55.89097, -27.4216 ], [ -55.89208, -27.41819 ], [ -55.89155, -27.41712 ], [ -55.89192, -27.41609 ], [ -55.88772, -27.4164 ] ] ] } },
{ "type": "Feature", "properties": { "indice_acceso": 0.705 }, "geometry": { "type": "Polygon", "coordinates": [ [ [ -55.89687, -27.41846 ], [ -55.89208, -27.41819 ], [ -55.89097, -27.4216 ], [ -55.89286, -27.42254 ], [ -55.89212, -27.42451 ], [ -55.89117, -27.42556 ], [ -55.89343, -27.42597 ], [ -55.89431, -27.42689 ], [ -55.89657, -27.42535 ], [ -55.89811, -27.4237 ], [ -55.89939, -27.42172 ], [ -55.90032, -27.41839 ], [ -55.89891, -27.41759 ], [ -55.89793, -27.41754 ], [ -55.89707, -27.41682 ], [ -55.89687, -27.41846 ] ] ] } },
{ "type": "Feature", "properties": { "indice_acceso": 0.719 }, "geometry": { "type": "Polygon", "coordinates": [ [ [ -55.90069, -27.42041 ], [ -55.90061, -27.42091 ], [ -55.89976, -27.42062 ], [ -55.89924, -27.42204 ], [ -55.89796, -27.42391 ], [ -55.89534, -27.42629 ], [ -55.90051, -27.42773 ], [ -55.90113, -27.42677 ], [ -55.90024, -27.42627 ], [ -55.90406, -27.42066 ], [ -55.90257, -27.42033 ], [ -55.90219, -27.41995 ], [ -55.90069, -27.42041 ] ] ] } },
{ "type": "Feature", "properties": { "indice_acceso": 0.678 }, "geometry": { "type": "Polygon", "coordinates": [ [ [ -55.88251, -27.43809 ], [ -55.88165, -27.43857 ], [ -55.88412, -27.44163 ], [ -55.88652, -27.44002 ], [ -55.88905, -27.44288 ], [ -55.89245, -27.43999 ], [ -55.89482, -27.44148 ], [ -55.90072, -27.43479 ], [ -55.90094, -27.43438 ], [ -55.90069, -27.43391 ], [ -55.90042, -27.43403 ], [ -55.90024, -27.43363 ], [ -55.89974, -27.4335 ], [ -55.90002, -27.43314 ], [ -55.89952, -27.43276 ], [ -55.89981, -27.43172 ], [ -55.9007, -27.43126 ], [ -55.90149, -27.43027 ], [ -55.90256, -27.42991 ], [ -55.90226, -27.42871 ], [ -55.90285, -27.42843 ], [ -55.89538, -27.42619 ], [ -55.89145, -27.42887 ], [ -55.88251, -27.43809 ] ] ] } },
{ "type": "Feature", "properties": { "indice_acceso": 0.794 }, "geometry": { "type": "Polygon", "coordinates": [ [ [ -55.87136, -27.45506 ], [ -55.87226, -27.4545 ], [ -55.87328, -27.45439 ], [ -55.87379, -27.45358 ], [ -55.87506, -27.45263 ], [ -55.87503, -27.452 ], [ -55.87812, -27.44994 ], [ -55.88122, -27.44735 ], [ -55.87505, -27.44326 ], [ -55.87517, -27.44307 ], [ -55.86674, -27.45122 ], [ -55.87136, -27.45506 ] ] ] } },
{ "type": "Feature", "properties": { "indice_acceso": 0.722 }, "geometry": { "type": "Polygon", "coordinates": [ [ [ -55.86383, -27.46337 ], [ -55.86539, -27.46326 ], [ -55.86582, -27.46251 ], [ -55.86732, -27.46133 ], [ -55.86901, -27.45776 ], [ -55.87136, -27.45506 ], [ -55.86674, -27.45122 ], [ -55.86261, -27.45467 ], [ -55.86307, -27.46257 ], [ -55.86383, -27.46337 ] ] ] } },
{ "type": "Feature", "properties": { "indice_acceso": 0.677 }, "geometry": { "type": "Polygon", "coordinates": [ [ [ -55.89976, -27.42062 ], [ -55.90061, -27.42091 ], [ -55.90069, -27.42041 ], [ -55.90219, -27.41995 ], [ -55.90257, -27.42033 ], [ -55.90428, -27.42069 ], [ -55.90511, -27.42209 ], [ -55.90478, -27.42408 ], [ -55.90388, -27.42535 ], [ -55.90379, -27.42604 ], [ -55.90213, -27.42751 ], [ -55.90227, -27.42784 ], [ -55.90303, -27.42775 ], [ -55.90285, -27.42843 ], [ -55.90496, -27.42886 ], [ -55.91197, -27.42797 ], [ -55.91192, -27.42602 ], [ -55.91123, -27.42616 ], [ -55.9112, -27.42182 ], [ -55.91344, -27.42156 ], [ -55.91321, -27.42005 ], [ -55.9115, -27.42087 ], [ -55.91167, -27.42112 ], [ -55.91116, -27.42158 ], [ -55.91037, -27.42145 ], [ -55.90845, -27.42188 ], [ -55.90839, -27.42051 ], [ -55.90747, -27.41908 ], [ -55.90549, -27.41858 ], [ -55.90027, -27.41858 ], [ -55.89976, -27.42062 ] ] ] } },
{ "type": "Feature", "properties": { "indice_acceso": 0.735 }, "geometry": { "type": "Polygon", "coordinates": [ [ [ -55.88407, -27.43128 ], [ -55.88556, -27.42976 ], [ -55.88463, -27.42904 ], [ -55.88703, -27.42664 ], [ -55.88337, -27.42391 ], [ -55.87963, -27.42756 ], [ -55.88004, -27.42787 ], [ -55.87979, -27.4281 ], [ -55.88407, -27.43128 ] ] ] } },
{ "type": "Feature", "properties": { "indice_acceso": 0.705 }, "geometry": { "type": "Polygon", "coordinates": [ [ [ -55.90301, -27.42835 ], [ -55.90303, -27.42775 ], [ -55.90227, -27.42784 ], [ -55.90213, -27.42751 ], [ -55.90361, -27.4263 ], [ -55.90501, -27.4233 ], [ -55.90511, -27.42209 ], [ -55.90428, -27.42069 ], [ -55.90024, -27.42627 ], [ -55.90113, -27.42677 ], [ -55.90067, -27.42778 ], [ -55.90301, -27.42835 ] ] ] } },
{ "type": "Feature", "properties": { "indice_acceso": 0.74 }, "geometry": { "type": "Polygon", "coordinates": [ [ [ -55.87032, -27.42913 ], [ -55.8699, -27.42972 ], [ -55.87105, -27.43037 ], [ -55.8702, -27.43119 ], [ -55.87218, -27.43105 ], [ -55.87223, -27.43139 ], [ -55.87293, -27.43133 ], [ -55.87309, -27.43253 ], [ -55.87535, -27.43237 ], [ -55.87534, -27.43206 ], [ -55.87696, -27.43043 ], [ -55.87678, -27.43032 ], [ -55.87879, -27.42825 ], [ -55.87845, -27.42795 ], [ -55.87872, -27.42762 ], [ -55.87638, -27.42582 ], [ -55.87406, -27.42824 ], [ -55.87025, -27.42533 ], [ -55.86941, -27.42614 ], [ -55.86924, -27.42673 ], [ -55.86959, -27.42823 ], [ -55.87032, -27.42913 ] ] ] } },
{ "type": "Feature", "properties": { "indice_acceso": 0.754 }, "geometry": { "type": "Polygon", "coordinates": [ [ [ -55.87535, -27.43237 ], [ -55.87699, -27.43224 ], [ -55.87723, -27.4339 ], [ -55.88243, -27.43802 ], [ -55.88687, -27.43354 ], [ -55.88492, -27.43203 ], [ -55.88238, -27.43466 ], [ -55.87696, -27.43043 ], [ -55.87534, -27.43206 ], [ -55.87535, -27.43237 ] ] ] } },
{ "type": "Feature", "properties": { "indice_acceso": 0.743 }, "geometry": { "type": "Polygon", "coordinates": [ [ [ -55.87505, -27.44326 ], [ -55.88122, -27.44735 ], [ -55.8855, -27.44575 ], [ -55.88662, -27.44477 ], [ -55.89087, -27.45013 ], [ -55.8915, -27.44864 ], [ -55.89217, -27.44887 ], [ -55.89265, -27.44845 ], [ -55.89384, -27.44832 ], [ -55.88652, -27.44002 ], [ -55.88412, -27.44163 ], [ -55.88165, -27.43857 ], [ -55.87736, -27.44101 ], [ -55.87505, -27.44326 ] ] ] } },
{ "type": "Feature", "properties": { "indice_acceso": 0.651 }, "geometry": { "type": "Polygon", "coordinates": [ [ [ -55.91123, -27.42616 ], [ -55.91192, -27.42602 ], [ -55.91197, -27.42797 ], [ -55.91425, -27.42771 ], [ -55.91344, -27.42156 ], [ -55.9112, -27.42182 ], [ -55.91123, -27.42616 ] ] ] } },
{ "type": "Feature", "properties": { "indice_acceso": 0.748 }, "geometry": { "type": "Polygon", "coordinates": [ [ [ -55.89006, -27.43036 ], [ -55.88624, -27.42743 ], [ -55.88463, -27.42904 ], [ -55.88556, -27.42976 ], [ -55.88407, -27.43128 ], [ -55.8868, -27.43349 ], [ -55.89006, -27.43036 ] ] ] } },
{ "type": "Feature", "properties": { "indice_acceso": 0.71 }, "geometry": { "type": "Polygon", "coordinates": [ [ [ -55.88678, -27.36227 ], [ -55.88764, -27.36205 ], [ -55.88789, -27.36383 ], [ -55.88651, -27.36397 ], [ -55.88675, -27.36583 ], [ -55.88912, -27.36556 ], [ -55.88901, -27.36467 ], [ -55.89004, -27.36456 ], [ -55.8896, -27.36154 ], [ -55.88697, -27.36192 ], [ -55.88678, -27.36227 ] ] ] } },
{ "type": "Feature", "properties": { "indice_acceso": 0.703 }, "geometry": { "type": "Polygon", "coordinates": [ [ [ -55.88789, -27.36383 ], [ -55.88764, -27.36205 ], [ -55.88678, -27.36227 ], [ -55.8864, -27.36326 ], [ -55.8865, -27.36391 ], [ -55.88789, -27.36383 ] ] ] } },
{ "type": "Feature", "properties": { "indice_acceso": 0.725 }, "geometry": { "type": "Polygon", "coordinates": [ [ [ -55.88555, -27.36197 ], [ -55.88594, -27.3629 ], [ -55.88444, -27.36543 ], [ -55.88408, -27.3681 ], [ -55.88454, -27.36797 ], [ -55.88447, -27.36734 ], [ -55.88478, -27.36701 ], [ -55.88684, -27.36678 ], [ -55.88639, -27.36339 ], [ -55.88697, -27.36192 ], [ -55.88555, -27.36197 ] ] ] } },
{ "type": "Feature", "properties": { "indice_acceso": 0.724 }, "geometry": { "type": "Polygon", "coordinates": [ [ [ -55.88499, -27.37164 ], [ -55.88448, -27.3728 ], [ -55.88358, -27.37358 ], [ -55.88032, -27.37458 ], [ -55.88024, -27.37496 ], [ -55.88088, -27.37576 ], [ -55.88052, -27.37606 ], [ -55.88806, -27.37525 ], [ -55.8872, -27.36882 ], [ -55.88592, -27.37053 ], [ -55.88585, -27.37165 ], [ -55.88499, -27.37164 ] ] ] } },
{ "type": "Feature", "properties": { "indice_acceso": 0.761 }, "geometry": { "type": "Polygon", "coordinates": [ [ [ -55.89151, -27.37509 ], [ -55.89098, -27.37101 ], [ -55.88754, -27.37146 ], [ -55.88806, -27.37525 ], [ -55.89151, -27.37509 ] ] ] } },
{ "type": "Feature", "properties": { "indice_acceso": 0.745 }, "geometry": { "type": "Polygon", "coordinates": [ [ [ -55.88754, -27.37146 ], [ -55.89097, -27.37106 ], [ -55.89044, -27.3673 ], [ -55.887, -27.3677 ], [ -55.88754, -27.37146 ] ] ] } },
{ "type": "Feature", "properties": { "indice_acceso": 0.739 }, "geometry": { "type": "Polygon", "coordinates": [ [ [ -55.89044, -27.3673 ], [ -55.89017, -27.36544 ], [ -55.88671, -27.36584 ], [ -55.88699, -27.36766 ], [ -55.89044, -27.3673 ] ] ] } },
{ "type": "Feature", "properties": { "indice_acceso": 0.723 }, "geometry": { "type": "Polygon", "coordinates": [ [ [ -55.88912, -27.36556 ], [ -55.89017, -27.36544 ], [ -55.89004, -27.36456 ], [ -55.88901, -27.36467 ], [ -55.88912, -27.36556 ] ] ] } },
{ "type": "Feature", "properties": { "indice_acceso": 0.741 }, "geometry": { "type": "Polygon", "coordinates": [ [ [ -55.88407, -27.36826 ], [ -55.88457, -27.37021 ], [ -55.88388, -27.37036 ], [ -55.88332, -27.3696 ], [ -55.88323, -27.36965 ], [ -55.88387, -27.37046 ], [ -55.88458, -27.37026 ], [ -55.88485, -27.37178 ], [ -55.88585, -27.37165 ], [ -55.88592, -27.37053 ], [ -55.88716, -27.36886 ], [ -55.88684, -27.36678 ], [ -55.88478, -27.36701 ], [ -55.88447, -27.36734 ], [ -55.88454, -27.36797 ], [ -55.88407, -27.36826 ] ] ] } },
{ "type": "Feature", "properties": { "indice_acceso": 0.756 }, "geometry": { "type": "Polygon", "coordinates": [ [ [ -55.8985, -27.37434 ], [ -55.89878, -27.37633 ], [ -55.8995, -27.37626 ], [ -55.89958, -27.37677 ], [ -55.90263, -27.37647 ], [ -55.9023, -27.37389 ], [ -55.8985, -27.37434 ] ] ] } },
{ "type": "Feature", "properties": { "indice_acceso": 0.793 }, "geometry": { "type": "Polygon", "coordinates": [ [ [ -55.89796, -27.37536 ], [ -55.8969, -27.37547 ], [ -55.89722, -27.37783 ], [ -55.89895, -27.37762 ], [ -55.8985, -27.37431 ], [ -55.89778, -27.3744 ], [ -55.89796, -27.37536 ] ] ] } },
{ "type": "Feature", "properties": { "indice_acceso": 0.885 }, "geometry": { "type": "Polygon", "coordinates": [ [ [ -55.89941, -27.38086 ], [ -55.89895, -27.37762 ], [ -55.89523, -27.37807 ], [ -55.89571, -27.38129 ], [ -55.89941, -27.38086 ] ] ] } },
{ "type": "Feature", "properties": { "indice_acceso": 0.791 }, "geometry": { "type": "Polygon", "coordinates": [ [ [ -55.89919, -27.37941 ], [ -55.89987, -27.3843 ], [ -55.90368, -27.38389 ], [ -55.90295, -27.37912 ], [ -55.89919, -27.37941 ] ] ] } },
{ "type": "Feature", "properties": { "indice_acceso": 0.901 }, "geometry": { "type": "Polygon", "coordinates": [ [ [ -55.89987, -27.3843 ], [ -55.89941, -27.38086 ], [ -55.89572, -27.38132 ], [ -55.89616, -27.3846 ], [ -55.89987, -27.3843 ] ] ] } },
{ "type": "Feature", "properties": { "indice_acceso": 0.812 }, "geometry": { "type": "Polygon", "coordinates": [ [ [ -55.90037, -27.38764 ], [ -55.89991, -27.3843 ], [ -55.89617, -27.38468 ], [ -55.89664, -27.38797 ], [ -55.90037, -27.38764 ] ] ] } },
{ "type": "Feature", "properties": { "indice_acceso": 0.778 }, "geometry": { "type": "Polygon", "coordinates": [ [ [ -55.8987, -27.39121 ], [ -55.90219, -27.39081 ], [ -55.90172, -27.38749 ], [ -55.89795, -27.3879 ], [ -55.89825, -27.39027 ], [ -55.8987, -27.39121 ] ] ] } },
{ "type": "Feature", "properties": { "indice_acceso": 0.769 }, "geometry": { "type": "Polygon", "coordinates": [ [ [ -55.90172, -27.38749 ], [ -55.90219, -27.39081 ], [ -55.90456, -27.39057 ], [ -55.90368, -27.38389 ], [ -55.89991, -27.3843 ], [ -55.90035, -27.38748 ], [ -55.90172, -27.38749 ] ] ] } },
{ "type": "Feature", "properties": { "indice_acceso": 0.755 }, "geometry": { "type": "Polygon", "coordinates": [ [ [ -55.90456, -27.39057 ], [ -55.90829, -27.39013 ], [ -55.908, -27.3878 ], [ -55.9064, -27.38796 ], [ -55.90626, -27.38698 ], [ -55.90685, -27.3869 ], [ -55.90671, -27.38593 ], [ -55.90716, -27.38589 ], [ -55.90697, -27.38452 ], [ -55.90753, -27.38446 ], [ -55.90739, -27.38349 ], [ -55.90368, -27.38389 ], [ -55.90456, -27.39057 ] ] ] } },
{ "type": "Feature", "properties": { "indice_acceso": 0.702 }, "geometry": { "type": "Polygon", "coordinates": [ [ [ -55.90716, -27.38589 ], [ -55.91153, -27.38548 ], [ -55.91165, -27.38641 ], [ -55.91535, -27.386 ], [ -55.91503, -27.38359 ], [ -55.90697, -27.38452 ], [ -55.90716, -27.38589 ] ] ] } },
{ "type": "Feature", "properties": { "indice_acceso": 0.704 }, "geometry": { "type": "Polygon", "coordinates": [ [ [ -55.90829, -27.39013 ], [ -55.91585, -27.38935 ], [ -55.91562, -27.38764 ], [ -55.91187, -27.38809 ], [ -55.91179, -27.38736 ], [ -55.908, -27.3878 ], [ -55.90829, -27.39013 ] ] ] } },
{ "type": "Feature", "properties": { "indice_acceso": 0.709 }, "geometry": { "type": "Polygon", "coordinates": [ [ [ -55.90671, -27.38593 ], [ -55.90685, -27.3869 ], [ -55.90626, -27.38698 ], [ -55.9064, -27.38796 ], [ -55.91179, -27.38736 ], [ -55.91187, -27.38809 ], [ -55.91562, -27.38764 ], [ -55.91535, -27.386 ], [ -55.91165, -27.38641 ], [ -55.91153, -27.38548 ], [ -55.90671, -27.38593 ] ] ] } },
{ "type": "Feature", "properties": { "indice_acceso": 0.825 }, "geometry": { "type": "Polygon", "coordinates": [ [ [ -55.89481, -27.37469 ], [ -55.89523, -27.37802 ], [ -55.89722, -27.37783 ], [ -55.8969, -27.37547 ], [ -55.89796, -27.37536 ], [ -55.89778, -27.3744 ], [ -55.89481, -27.37469 ] ] ] } },
{ "type": "Feature", "properties": { "indice_acceso": 0.773 }, "geometry": { "type": "Polygon", "coordinates": [ [ [ -55.89925, -27.37953 ], [ -55.90295, -27.37912 ], [ -55.90261, -27.37647 ], [ -55.89958, -27.37677 ], [ -55.8995, -27.37626 ], [ -55.89895, -27.37632 ], [ -55.89925, -27.37953 ] ] ] } },
{ "type": "Feature", "properties": { "indice_acceso": 0.829 }, "geometry": { "type": "Polygon", "coordinates": [ [ [ -55.89601, -27.39149 ], [ -55.8987, -27.39121 ], [ -55.89825, -27.39027 ], [ -55.89795, -27.3879 ], [ -55.89557, -27.38815 ], [ -55.89601, -27.39149 ] ] ] } },
{ "type": "Feature", "properties": { "indice_acceso": 0.59 }, "geometry": { "type": "Polygon", "coordinates": [ [ [ -55.92253, -27.35385 ], [ -55.92314, -27.35419 ], [ -55.92346, -27.35561 ], [ -55.92375, -27.35573 ], [ -55.92412, -27.35416 ], [ -55.92567, -27.35332 ], [ -55.92759, -27.35378 ], [ -55.92857, -27.3549 ], [ -55.92883, -27.3549 ], [ -55.92952, -27.35359 ], [ -55.93018, -27.35374 ], [ -55.93076, -27.35325 ], [ -55.93211, -27.35297 ], [ -55.93354, -27.35306 ], [ -55.93349, -27.35264 ], [ -55.93436, -27.35238 ], [ -55.93358, -27.35277 ], [ -55.93368, -27.35327 ], [ -55.93404, -27.3534 ], [ -55.93457, -27.35257 ], [ -55.93491, -27.35287 ], [ -55.93576, -27.35245 ], [ -55.93742, -27.3534 ], [ -55.93795, -27.35339 ], [ -55.9379, -27.35419 ], [ -55.93847, -27.35445 ], [ -55.94111, -27.35299 ], [ -55.94286, -27.35324 ], [ -55.94319, -27.35469 ], [ -55.94349, -27.35489 ], [ -55.94288, -27.35545 ], [ -55.94301, -27.35583 ], [ -55.9425, -27.35589 ], [ -55.94253, -27.35632 ], [ -55.94171, -27.35656 ], [ -55.94084, -27.35754 ], [ -55.94093, -27.35833 ], [ -55.94195, -27.35963 ], [ -55.94199, -27.36115 ], [ -55.94161, -27.36233 ], [ -55.94188, -27.36259 ], [ -55.94363, -27.36235 ], [ -55.94571, -27.35989 ], [ -55.94583, -27.35905 ], [ -55.94835, -27.35891 ], [ -55.94918, -27.36024 ], [ -55.94908, -27.35932 ], [ -55.94949, -27.35845 ], [ -55.95168, -27.35892 ], [ -55.95273, -27.35875 ], [ -55.95339, -27.35935 ], [ -55.954, -27.35942 ], [ -55.95362, -27.35954 ], [ -55.95403, -27.35984 ], [ -55.95506, -27.36012 ], [ -55.95664, -27.35957 ], [ -55.95795, -27.36035 ], [ -55.95816, -27.36112 ], [ -55.9576, -27.36255 ], [ -55.95797, -27.36316 ], [ -55.9572, -27.36285 ], [ -55.95677, -27.36351 ], [ -55.95769, -27.36433 ], [ -55.95771, -27.36455 ], [ -55.95686, -27.36388 ], [ -55.95615, -27.36475 ], [ -55.95583, -27.36733 ], [ -55.95445, -27.37091 ], [ -55.95443, -27.37172 ], [ -55.95297, -27.37349 ], [ -55.95208, -27.37672 ], [ -55.95205, -27.37725 ], [ -55.95351, -27.37841 ], [ -55.95328, -27.37909 ], [ -55.95371, -27.37908 ], [ -55.9535, -27.37951 ], [ -55.95398, -27.38055 ], [ -55.95442, -27.38074 ], [ -55.95376, -27.38096 ], [ -55.95374, -27.38225 ], [ -55.95235, -27.38423 ], [ -55.95238, -27.3846 ], [ -55.9501, -27.38693 ], [ -55.95009, -27.38795 ], [ -55.95051, -27.39053 ], [ -55.95064, -27.39495 ], [ -55.95121, -27.39459 ], [ -55.95186, -27.39485 ], [ -55.95319, -27.39463 ], [ -55.95362, -27.39417 ], [ -55.95487, -27.39458 ], [ -55.95586, -27.39607 ], [ -55.95617, -27.39856 ], [ -55.95829, -27.40107 ], [ -55.95837, -27.40221 ], [ -55.95788, -27.40314 ], [ -55.95841, -27.40392 ], [ -55.95841, -27.40516 ], [ -55.95901, -27.4057 ], [ -55.9589, -27.40732 ], [ -55.95998, -27.40829 ], [ -55.95975, -27.40964 ], [ -55.96012, -27.41031 ], [ -55.96065, -27.4105 ], [ -55.96064, -27.41287 ], [ -55.96153, -27.41466 ], [ -55.96145, -27.41569 ], [ -55.9624, -27.41618 ], [ -55.96165, -27.41716 ], [ -55.96309, -27.41753 ], [ -55.96423, -27.41881 ], [ -55.96345, -27.41959 ], [ -55.96364, -27.42112 ], [ -55.9631, -27.42258 ], [ -55.96346, -27.42404 ], [ -55.96398, -27.42426 ], [ -55.96463, -27.42542 ], [ -55.96445, -27.4266 ], [ -55.9596, -27.42755 ], [ -55.96006, -27.43433 ], [ -55.9611, -27.43439 ], [ -55.96126, -27.43886 ], [ -55.96023, -27.43887 ], [ -55.96501, -27.44747 ], [ -55.96362, -27.4494 ], [ -55.9678, -27.45181 ], [ -55.97656, -27.45393 ], [ -55.98855, -27.4577 ], [ -55.9967, -27.45847 ], [ -55.99979, -27.45829 ], [ -56.00631, -27.45707 ], [ -56.0144, -27.45269 ], [ -56.02128, -27.45079 ], [ -56.02941, -27.45193 ], [ -56.03737, -27.45136 ], [ -56.03988, -27.45159 ], [ -56.04421, -27.45354 ], [ -56.04901, -27.45629 ], [ -56.05073, -27.45495 ], [ -56.04819, -27.45407 ], [ -56.01327, -27.4357 ], [ -55.99467, -27.42261 ], [ -55.98914, -27.4232 ], [ -55.99196, -27.42 ], [ -55.98666, -27.41602 ], [ -55.98762, -27.41535 ], [ -55.98769, -27.41421 ], [ -55.98855, -27.41424 ], [ -55.98884, -27.41268 ], [ -55.98808, -27.40398 ], [ -55.98939, -27.39766 ], [ -55.98914, -27.39702 ], [ -55.98756, -27.39575 ], [ -55.98705, -27.39436 ], [ -55.98596, -27.39325 ], [ -55.98605, -27.39218 ], [ -55.98552, -27.39124 ], [ -55.98618, -27.39003 ], [ -55.98634, -27.38896 ], [ -55.98631, -27.38627 ], [ -55.98549, -27.38578 ], [ -55.98585, -27.38382 ], [ -55.98568, -27.38294 ], [ -55.98633, -27.38154 ], [ -55.98581, -27.38062 ], [ -55.98629, -27.3794 ], [ -55.98657, -27.37629 ], [ -55.98546, -27.37531 ], [ -55.98545, -27.37575 ], [ -55.98416, -27.37608 ], [ -55.98255, -27.37571 ], [ -55.98266, -27.37523 ], [ -55.98138, -27.37434 ], [ -55.98007, -27.37278 ], [ -55.9799, -27.37057 ], [ -55.97916, -27.37018 ], [ -55.97848, -27.36917 ], [ -55.97841, -27.368 ], [ -55.97759, -27.36693 ], [ -55.97811, -27.36525 ], [ -55.97993, -27.3645 ], [ -55.98048, -27.36256 ], [ -55.98021, -27.35933 ], [ -55.97983, -27.35878 ], [ -55.97855, -27.35812 ], [ -55.97791, -27.35237 ], [ -55.96806, -27.35368 ], [ -55.9652, -27.3536 ], [ -55.9404, -27.34736 ], [ -55.92213, -27.34454 ], [ -55.92253, -27.35385 ] ] ] } },
{ "type": "Feature", "properties": { "indice_acceso": 0.774 }, "geometry": { "type": "Polygon", "coordinates": [ [ [ -55.94399, -27.40254 ], [ -55.94726, -27.40174 ], [ -55.94757, -27.40272 ], [ -55.95223, -27.40163 ], [ -55.95383, -27.40708 ], [ -55.95841, -27.40516 ], [ -55.95841, -27.40392 ], [ -55.95788, -27.40314 ], [ -55.95837, -27.40221 ], [ -55.95829, -27.40107 ], [ -55.95617, -27.39856 ], [ -55.94321, -27.40014 ], [ -55.94399, -27.40254 ] ] ] } },
{ "type": "Feature", "properties": { "indice_acceso": 0.731 }, "geometry": { "type": "Polygon", "coordinates": [ [ [ -55.94726, -27.40174 ], [ -55.94399, -27.40254 ], [ -55.94436, -27.40414 ], [ -55.94458, -27.40484 ], [ -55.94449, -27.40451 ], [ -55.9486, -27.40363 ], [ -55.94891, -27.4047 ], [ -55.95287, -27.40368 ], [ -55.95223, -27.40163 ], [ -55.94765, -27.4027 ], [ -55.94726, -27.40174 ] ] ] } },
{ "type": "Feature", "properties": { "indice_acceso": 0.624 }, "geometry": { "type": "Polygon", "coordinates": [ [ [ -55.95407, -27.43643 ], [ -55.95644, -27.44058 ], [ -55.95423, -27.44365 ], [ -55.96366, -27.44935 ], [ -55.96501, -27.44747 ], [ -55.96023, -27.43887 ], [ -55.96126, -27.43886 ], [ -55.9611, -27.43439 ], [ -55.96009, -27.43443 ], [ -55.9597, -27.42933 ], [ -55.95642, -27.43013 ], [ -55.9574, -27.43343 ], [ -55.95347, -27.43441 ], [ -55.95407, -27.43643 ] ] ] } },
{ "type": "Feature", "properties": { "indice_acceso": 0.691 }, "geometry": { "type": "Polygon", "coordinates": [ [ [ -55.9462, -27.41003 ], [ -55.9541, -27.40803 ], [ -55.95287, -27.40368 ], [ -55.94891, -27.4047 ], [ -55.9486, -27.40363 ], [ -55.94449, -27.40451 ], [ -55.9462, -27.41003 ] ] ] } },
{ "type": "Feature", "properties": { "indice_acceso": 0.665 }, "geometry": { "type": "Polygon", "coordinates": [ [ [ -55.93856, -27.40387 ], [ -55.93742, -27.40398 ], [ -55.93745, -27.40432 ], [ -55.93448, -27.40448 ], [ -55.93508, -27.40565 ], [ -55.93262, -27.40653 ], [ -55.93306, -27.40738 ], [ -55.93076, -27.40843 ], [ -55.93208, -27.41085 ], [ -55.93683, -27.40879 ], [ -55.94169, -27.40832 ], [ -55.94213, -27.41098 ], [ -55.94615, -27.41005 ], [ -55.94649, -27.41104 ], [ -55.94426, -27.40385 ], [ -55.94108, -27.40444 ], [ -55.93856, -27.40387 ] ] ] } },
{ "type": "Feature", "properties": { "indice_acceso": 0.647 }, "geometry": { "type": "Polygon", "coordinates": [ [ [ -55.93336, -27.41318 ], [ -55.93519, -27.41236 ], [ -55.94234, -27.41177 ], [ -55.94336, -27.42173 ], [ -55.94956, -27.42126 ], [ -55.94615, -27.41005 ], [ -55.94213, -27.41098 ], [ -55.94169, -27.40832 ], [ -55.93683, -27.40879 ], [ -55.93208, -27.41085 ], [ -55.93336, -27.41318 ] ] ] } },
{ "type": "Feature", "properties": { "indice_acceso": 0.644 }, "geometry": { "type": "Polygon", "coordinates": [ [ [ -55.93455, -27.41507 ], [ -55.93546, -27.41484 ], [ -55.9363, -27.42235 ], [ -55.94014, -27.42204 ], [ -55.93886, -27.41275 ], [ -55.94095, -27.41251 ], [ -55.94098, -27.4119 ], [ -55.93519, -27.41236 ], [ -55.93336, -27.41318 ], [ -55.93455, -27.41507 ] ] ] } },
{ "type": "Feature", "properties": { "indice_acceso": 0.647 }, "geometry": { "type": "Polygon", "coordinates": [ [ [ -55.93991, -27.42156 ], [ -55.94345, -27.42146 ], [ -55.94234, -27.41177 ], [ -55.94097, -27.41181 ], [ -55.94095, -27.41251 ], [ -55.93886, -27.41275 ], [ -55.93991, -27.42156 ] ] ] } },
{ "type": "Feature", "properties": { "indice_acceso": 0.708 }, "geometry": { "type": "Polygon", "coordinates": [ [ [ -55.94818, -27.41667 ], [ -55.95137, -27.41587 ], [ -55.95069, -27.41369 ], [ -55.95551, -27.41251 ], [ -55.9541, -27.40803 ], [ -55.9462, -27.41003 ], [ -55.94818, -27.41667 ] ] ] } },
{ "type": "Feature", "properties": { "indice_acceso": 0.732 }, "geometry": { "type": "Polygon", "coordinates": [ [ [ -55.95548, -27.41233 ], [ -55.9602, -27.41035 ], [ -55.95975, -27.40964 ], [ -55.95998, -27.40829 ], [ -55.9589, -27.40732 ], [ -55.95901, -27.4057 ], [ -55.95841, -27.40516 ], [ -55.95383, -27.40708 ], [ -55.95548, -27.41233 ] ] ] } },
{ "type": "Feature", "properties": { "indice_acceso": 0.731 }, "geometry": { "type": "Polygon", "coordinates": [ [ [ -55.96091, -27.41363 ], [ -55.96052, -27.41197 ], [ -55.96065, -27.4105 ], [ -55.96004, -27.4104 ], [ -55.95551, -27.41251 ], [ -55.95069, -27.41369 ], [ -55.95132, -27.41572 ], [ -55.96091, -27.41363 ] ] ] } },
{ "type": "Feature", "properties": { "indice_acceso": 0.71 }, "geometry": { "type": "Polygon", "coordinates": [ [ [ -55.95696, -27.41736 ], [ -55.96151, -27.41968 ], [ -55.96345, -27.41959 ], [ -55.96418, -27.41896 ], [ -55.96309, -27.41753 ], [ -55.96165, -27.41716 ], [ -55.9624, -27.41618 ], [ -55.96145, -27.41569 ], [ -55.96153, -27.41466 ], [ -55.96091, -27.41363 ], [ -55.9562, -27.41473 ], [ -55.95696, -27.41736 ] ] ] } },
{ "type": "Feature", "properties": { "indice_acceso": 0.679 }, "geometry": { "type": "Polygon", "coordinates": [ [ [ -55.94948, -27.42098 ], [ -55.95485, -27.41966 ], [ -55.95425, -27.41763 ], [ -55.95683, -27.41695 ], [ -55.9562, -27.41473 ], [ -55.94818, -27.41667 ], [ -55.94948, -27.42098 ] ] ] } },
{ "type": "Feature", "properties": { "indice_acceso": 0.641 }, "geometry": { "type": "Polygon", "coordinates": [ [ [ -55.94014, -27.42204 ], [ -55.93754, -27.42233 ], [ -55.93447, -27.42553 ], [ -55.93713, -27.42832 ], [ -55.94124, -27.42499 ], [ -55.94042, -27.42417 ], [ -55.9403, -27.4234 ], [ -55.94495, -27.42293 ], [ -55.9448, -27.42166 ], [ -55.94336, -27.42173 ], [ -55.94336, -27.4213 ], [ -55.93997, -27.42168 ], [ -55.94014, -27.42204 ] ] ] } },
{ "type": "Feature", "properties": { "indice_acceso": 0.655 }, "geometry": { "type": "Polygon", "coordinates": [ [ [ -55.94171, -27.42497 ], [ -55.95041, -27.42424 ], [ -55.94956, -27.42126 ], [ -55.9448, -27.42166 ], [ -55.94495, -27.42293 ], [ -55.9403, -27.4234 ], [ -55.94042, -27.42417 ], [ -55.94108, -27.42483 ], [ -55.94171, -27.42497 ] ] ] } },
{ "type": "Feature", "properties": { "indice_acceso": 0.661 }, "geometry": { "type": "Polygon", "coordinates": [ [ [ -55.9515, -27.42781 ], [ -55.95953, -27.42583 ], [ -55.95683, -27.41695 ], [ -55.95425, -27.41763 ], [ -55.95485, -27.41966 ], [ -55.94948, -27.42098 ], [ -55.9515, -27.42781 ] ] ] } },
{ "type": "Feature", "properties": { "indice_acceso": 0.685 }, "geometry": { "type": "Polygon", "coordinates": [ [ [ -55.95953, -27.42583 ], [ -55.9596, -27.42755 ], [ -55.96445, -27.4266 ], [ -55.96463, -27.42542 ], [ -55.96398, -27.42426 ], [ -55.96346, -27.42404 ], [ -55.96352, -27.42355 ], [ -55.96315, -27.42315 ], [ -55.96312, -27.4223 ], [ -55.96365, -27.42105 ], [ -55.96345, -27.41959 ], [ -55.96192, -27.41985 ], [ -55.95696, -27.41736 ], [ -55.95953, -27.42583 ] ] ] } },
{ "type": "Feature", "properties": { "indice_acceso": 0.641 }, "geometry": { "type": "Polygon", "coordinates": [ [ [ -55.93713, -27.42832 ], [ -55.94134, -27.43242 ], [ -55.94804, -27.42697 ], [ -55.94942, -27.42831 ], [ -55.9515, -27.42781 ], [ -55.95041, -27.42424 ], [ -55.94124, -27.42499 ], [ -55.93713, -27.42832 ] ] ] } },
{ "type": "Feature", "properties": { "indice_acceso": 0.652 }, "geometry": { "type": "Polygon", "coordinates": [ [ [ -55.95347, -27.43441 ], [ -55.9574, -27.43343 ], [ -55.95642, -27.43013 ], [ -55.9597, -27.42933 ], [ -55.95953, -27.42583 ], [ -55.9515, -27.42781 ], [ -55.95347, -27.43441 ] ] ] } },
{ "type": "Feature", "properties": { "indice_acceso": 0.391 }, "geometry": { "type": "Polygon", "coordinates": [ [ [ -55.87761, -27.35096 ], [ -55.87164, -27.35692 ], [ -55.86443, -27.36449 ], [ -55.86257, -27.36706 ], [ -55.8607, -27.37089 ], [ -55.85909, -27.37875 ], [ -55.85668, -27.38645 ], [ -55.85413, -27.39127 ], [ -55.85072, -27.39567 ], [ -55.8442, -27.40124 ], [ -55.83486, -27.40804 ], [ -55.82019, -27.41758 ], [ -55.81256, -27.42199 ], [ -55.80327, -27.42893 ], [ -55.79621, -27.43354 ], [ -55.80251, -27.44366 ], [ -55.80395, -27.44672 ], [ -55.8046, -27.45005 ], [ -55.80518, -27.45071 ], [ -55.80763, -27.45103 ], [ -55.80822, -27.4514 ], [ -55.80967, -27.45635 ], [ -55.81187, -27.45837 ], [ -55.81205, -27.45771 ], [ -55.81366, -27.45621 ], [ -55.8148, -27.45597 ], [ -55.81572, -27.45633 ], [ -55.81744, -27.45634 ], [ -55.81852, -27.45583 ], [ -55.81987, -27.4561 ], [ -55.82235, -27.45533 ], [ -55.82227, -27.45506 ], [ -55.82612, -27.45466 ], [ -55.83093, -27.45277 ], [ -55.83124, -27.45277 ], [ -55.83102, -27.45308 ], [ -55.83145, -27.45381 ], [ -55.83158, -27.4528 ], [ -55.83281, -27.45242 ], [ -55.83548, -27.45057 ], [ -55.83887, -27.45381 ], [ -55.8416, -27.45458 ], [ -55.84361, -27.45469 ], [ -55.84589, -27.45285 ], [ -55.84484, -27.45185 ], [ -55.84417, -27.45238 ], [ -55.84027, -27.44856 ], [ -55.83964, -27.44907 ], [ -55.83872, -27.44813 ], [ -55.84305, -27.44512 ], [ -55.84562, -27.44404 ], [ -55.84624, -27.44406 ], [ -55.84652, -27.44366 ], [ -55.84858, -27.44268 ], [ -55.85849, -27.43606 ], [ -55.86112, -27.43379 ], [ -55.86197, -27.43384 ], [ -55.86238, -27.43234 ], [ -55.86237, -27.43042 ], [ -55.86338, -27.43065 ], [ -55.86393, -27.43144 ], [ -55.86445, -27.43157 ], [ -55.8656, -27.43096 ], [ -55.86754, -27.42867 ], [ -55.86948, -27.42854 ], [ -55.86941, -27.42614 ], [ -55.87571, -27.42006 ], [ -55.87612, -27.42023 ], [ -55.87705, -27.41988 ], [ -55.87907, -27.41856 ], [ -55.88021, -27.41703 ], [ -55.88019, -27.41623 ], [ -55.88568, -27.41112 ], [ -55.88544, -27.41136 ], [ -55.88575, -27.41164 ], [ -55.88711, -27.41145 ], [ -55.88875, -27.40984 ], [ -55.89023, -27.40729 ], [ -55.89103, -27.40734 ], [ -55.89143, -27.40128 ], [ -55.89224, -27.39625 ], [ -55.89183, -27.39573 ], [ -55.89218, -27.39446 ], [ -55.89147, -27.39217 ], [ -55.89024, -27.39036 ], [ -55.88952, -27.39019 ], [ -55.88973, -27.3898 ], [ -55.88625, -27.38567 ], [ -55.88548, -27.38527 ], [ -55.88339, -27.37974 ], [ -55.8829, -27.37971 ], [ -55.8825, -27.37921 ], [ -55.88314, -27.37891 ], [ -55.88263, -27.37806 ], [ -55.88134, -27.37702 ], [ -55.87938, -27.37617 ], [ -55.88088, -27.37576 ], [ -55.88024, -27.37496 ], [ -55.88032, -27.37458 ], [ -55.88358, -27.37358 ], [ -55.88448, -27.3728 ], [ -55.88499, -27.37177 ], [ -55.88458, -27.37026 ], [ -55.88387, -27.37046 ], [ -55.88323, -27.36965 ], [ -55.88388, -27.37036 ], [ -55.88457, -27.37021 ], [ -55.88407, -27.36826 ], [ -55.88434, -27.36583 ], [ -55.88594, -27.3629 ], [ -55.88555, -27.36197 ], [ -55.88642, -27.36187 ], [ -55.88553, -27.36193 ], [ -55.88479, -27.36126 ], [ -55.88665, -27.36131 ], [ -55.88761, -27.36062 ], [ -55.88721, -27.36034 ], [ -55.88725, -27.35999 ], [ -55.88788, -27.36003 ], [ -55.8878, -27.36054 ], [ -55.88824, -27.36033 ], [ -55.88932, -27.35896 ], [ -55.89035, -27.35835 ], [ -55.89063, -27.35663 ], [ -55.89271, -27.35337 ], [ -55.89505, -27.35203 ], [ -55.89692, -27.35165 ], [ -55.9015, -27.35148 ], [ -55.90491, -27.35171 ], [ -55.90604, -27.35203 ], [ -55.90325, -27.35341 ], [ -55.90362, -27.35456 ], [ -55.90512, -27.35616 ], [ -55.90657, -27.35586 ], [ -55.90739, -27.35603 ], [ -55.90652, -27.34984 ], [ -55.90705, -27.35029 ], [ -55.90852, -27.35037 ], [ -55.91186, -27.35139 ], [ -55.91456, -27.35182 ], [ -55.91844, -27.35332 ], [ -55.92248, -27.35355 ], [ -55.92213, -27.34454 ], [ -55.91471, -27.34333 ], [ -55.90582, -27.34336 ], [ -55.8938, -27.34442 ], [ -55.88508, -27.34654 ], [ -55.87987, -27.3492 ], [ -55.87761, -27.35096 ] ] ] } },
{ "type": "Feature", "properties": { "indice_acceso": 0.579 }, "geometry": { "type": "Polygon", "coordinates": [ [ [ -55.81623, -27.47045 ], [ -55.8187, -27.47065 ], [ -55.81983, -27.47122 ], [ -55.82097, -27.47275 ], [ -55.82417, -27.47386 ], [ -55.8268, -27.4734 ], [ -55.8267, -27.47247 ], [ -55.82786, -27.47236 ], [ -55.82797, -27.47327 ], [ -55.82799, -27.47232 ], [ -55.82763, -27.47119 ], [ -55.82231, -27.46294 ], [ -55.8207, -27.46149 ], [ -55.81777, -27.46056 ], [ -55.8143, -27.4588 ], [ -55.81281, -27.45897 ], [ -55.81335, -27.46004 ], [ -55.81378, -27.46507 ], [ -55.81623, -27.47045 ] ] ] } },
{ "type": "Feature", "properties": { "indice_acceso": 0.575 }, "geometry": { "type": "Polygon", "coordinates": [ [ [ -55.84054, -27.50534 ], [ -55.84194, -27.50547 ], [ -55.84291, -27.50628 ], [ -55.84363, -27.50524 ], [ -55.84741, -27.50428 ], [ -55.84842, -27.50635 ], [ -55.85055, -27.50578 ], [ -55.86045, -27.51038 ], [ -55.86166, -27.50394 ], [ -55.85922, -27.50676 ], [ -55.85704, -27.50669 ], [ -55.84553, -27.49912 ], [ -55.84224, -27.49731 ], [ -55.83233, -27.48776 ], [ -55.82649, -27.48743 ], [ -55.82663, -27.4883 ], [ -55.82869, -27.49256 ], [ -55.82957, -27.49673 ], [ -55.82967, -27.49864 ], [ -55.83557, -27.49917 ], [ -55.83745, -27.50023 ], [ -55.83845, -27.50218 ], [ -55.83943, -27.50294 ], [ -55.84054, -27.50534 ] ] ] } },
{ "type": "Feature", "properties": { "indice_acceso": 0.572 }, "geometry": { "type": "Polygon", "coordinates": [ [ [ -55.81677, -27.47189 ], [ -55.81679, -27.47621 ], [ -55.81753, -27.47936 ], [ -55.8177, -27.48058 ], [ -55.81737, -27.48088 ], [ -55.81813, -27.48429 ], [ -55.81866, -27.48434 ], [ -55.81856, -27.48416 ], [ -55.821, -27.48318 ], [ -55.82116, -27.48408 ], [ -55.82234, -27.4839 ], [ -55.82315, -27.48804 ], [ -55.82635, -27.48755 ], [ -55.82663, -27.48776 ], [ -55.82613, -27.48674 ], [ -55.82529, -27.48287 ], [ -55.82554, -27.4796 ], [ -55.833, -27.47978 ], [ -55.83683, -27.47698 ], [ -55.83106, -27.4706 ], [ -55.82969, -27.47168 ], [ -55.82963, -27.47204 ], [ -55.82824, -27.47235 ], [ -55.82813, -27.47322 ], [ -55.8279, -27.47329 ], [ -55.82786, -27.47236 ], [ -55.8267, -27.47247 ], [ -55.8268, -27.4734 ], [ -55.82417, -27.47386 ], [ -55.82097, -27.47275 ], [ -55.81983, -27.47122 ], [ -55.8187, -27.47065 ], [ -55.81623, -27.47045 ], [ -55.81677, -27.47189 ] ] ] } },
{ "type": "Feature", "properties": { "indice_acceso": 0.655 }, "geometry": { "type": "Polygon", "coordinates": [ [ [ -55.84618, -27.4585 ], [ -55.84549, -27.45722 ], [ -55.84428, -27.45778 ], [ -55.84497, -27.45903 ], [ -55.8441, -27.45942 ], [ -55.8444, -27.46138 ], [ -55.8462, -27.46092 ], [ -55.85665, -27.45617 ], [ -55.85473, -27.4544 ], [ -55.85495, -27.45462 ], [ -55.84618, -27.4585 ] ] ] } },
{ "type": "Feature", "properties": { "indice_acceso": 0.679 }, "geometry": { "type": "Polygon", "coordinates": [ [ [ -55.85308, -27.46046 ], [ -55.85268, -27.46067 ], [ -55.8572, -27.46318 ], [ -55.85677, -27.46412 ], [ -55.86039, -27.45883 ], [ -55.85993, -27.45915 ], [ -55.85665, -27.45617 ], [ -55.85414, -27.45733 ], [ -55.8521, -27.45871 ], [ -55.85308, -27.46046 ] ] ] } },
{ "type": "Feature", "properties": { "indice_acceso": 0.639 }, "geometry": { "type": "Polygon", "coordinates": [ [ [ -55.83964, -27.44907 ], [ -55.84027, -27.44856 ], [ -55.84417, -27.45238 ], [ -55.84484, -27.45185 ], [ -55.84589, -27.45285 ], [ -55.84361, -27.45469 ], [ -55.84417, -27.45467 ], [ -55.84514, -27.45541 ], [ -55.84635, -27.45581 ], [ -55.84671, -27.45631 ], [ -55.84829, -27.45657 ], [ -55.84906, -27.45595 ], [ -55.84982, -27.45696 ], [ -55.85495, -27.45462 ], [ -55.84405, -27.44477 ], [ -55.84151, -27.44608 ], [ -55.83872, -27.44813 ], [ -55.83964, -27.44907 ] ] ] } },
{ "type": "Feature", "properties": { "indice_acceso": 0.641 }, "geometry": { "type": "Polygon", "coordinates": [ [ [ -55.84463, -27.46457 ], [ -55.85589, -27.46365 ], [ -55.85649, -27.46279 ], [ -55.85268, -27.46067 ], [ -55.85308, -27.46046 ], [ -55.85205, -27.45863 ], [ -55.8539, -27.4575 ], [ -55.84496, -27.46127 ], [ -55.84521, -27.46261 ], [ -55.84396, -27.46275 ], [ -55.84396, -27.46347 ], [ -55.84463, -27.46457 ] ] ] } },
{ "type": "Feature", "properties": { "indice_acceso": 0.634 }, "geometry": { "type": "Polygon", "coordinates": [ [ [ -55.84075, -27.46804 ], [ -55.84356, -27.47205 ], [ -55.84121, -27.47398 ], [ -55.84661, -27.46998 ], [ -55.84821, -27.46916 ], [ -55.84647, -27.46957 ], [ -55.84511, -27.46737 ], [ -55.8441, -27.46787 ], [ -55.84329, -27.46667 ], [ -55.84075, -27.46804 ] ] ] } },
{ "type": "Feature", "properties": { "indice_acceso": 0.598 }, "geometry": { "type": "Polygon", "coordinates": [ [ [ -55.83201, -27.47991 ], [ -55.82554, -27.4796 ], [ -55.82529, -27.48287 ], [ -55.82649, -27.48743 ], [ -55.83233, -27.48776 ], [ -55.83113, -27.48658 ], [ -55.83123, -27.48554 ], [ -55.83226, -27.48562 ], [ -55.83236, -27.48487 ], [ -55.83441, -27.4841 ], [ -55.83558, -27.48292 ], [ -55.83337, -27.47986 ], [ -55.83365, -27.47935 ], [ -55.83201, -27.47991 ] ] ] } },
{ "type": "Feature", "properties": { "indice_acceso": 0.573 }, "geometry": { "type": "Polygon", "coordinates": [ [ [ -55.8185, -27.48437 ], [ -55.8177, -27.48426 ], [ -55.81713, -27.48473 ], [ -55.81593, -27.48793 ], [ -55.81728, -27.49104 ], [ -55.81983, -27.49355 ], [ -55.82127, -27.49439 ], [ -55.82105, -27.49452 ], [ -55.82126, -27.49463 ], [ -55.82132, -27.49441 ], [ -55.82266, -27.49507 ], [ -55.82382, -27.49503 ], [ -55.82635, -27.49366 ], [ -55.82752, -27.49206 ], [ -55.82839, -27.49177 ], [ -55.82635, -27.48755 ], [ -55.82315, -27.48804 ], [ -55.82234, -27.4839 ], [ -55.82116, -27.48408 ], [ -55.821, -27.48318 ], [ -55.8185, -27.48437 ] ] ] } },
{ "type": "Feature", "properties": { "indice_acceso": 0.64 }, "geometry": { "type": "Polygon", "coordinates": [ [ [ -55.83373, -27.45156 ], [ -55.83281, -27.45242 ], [ -55.83158, -27.4528 ], [ -55.83145, -27.45381 ], [ -55.83491, -27.458 ], [ -55.8441, -27.45942 ], [ -55.84386, -27.45842 ], [ -55.84263, -27.45867 ], [ -55.84268, -27.45831 ], [ -55.84133, -27.45802 ], [ -55.84151, -27.45691 ], [ -55.84198, -27.45698 ], [ -55.8407, -27.45432 ], [ -55.83887, -27.45381 ], [ -55.83548, -27.45057 ], [ -55.83373, -27.45156 ] ] ] } },
{ "type": "Feature", "properties": { "indice_acceso": 0.607 }, "geometry": { "type": "Polygon", "coordinates": [ [ [ -55.82227, -27.45506 ], [ -55.82235, -27.45533 ], [ -55.81987, -27.4561 ], [ -55.81852, -27.45583 ], [ -55.81744, -27.45634 ], [ -55.81572, -27.45633 ], [ -55.8148, -27.45597 ], [ -55.81366, -27.45621 ], [ -55.81205, -27.45771 ], [ -55.81187, -27.45837 ], [ -55.81281, -27.45897 ], [ -55.8143, -27.4588 ], [ -55.81777, -27.46056 ], [ -55.8207, -27.46149 ], [ -55.82231, -27.46294 ], [ -55.8254, -27.46806 ], [ -55.82573, -27.4679 ], [ -55.8278, -27.47156 ], [ -55.82797, -27.47327 ], [ -55.82824, -27.47235 ], [ -55.82963, -27.47204 ], [ -55.82969, -27.47168 ], [ -55.83106, -27.4706 ], [ -55.83683, -27.47698 ], [ -55.8411, -27.47382 ], [ -55.83943, -27.47127 ], [ -55.83838, -27.47181 ], [ -55.83793, -27.47107 ], [ -55.8395, -27.47025 ], [ -55.83901, -27.46945 ], [ -55.83952, -27.46918 ], [ -55.84009, -27.46892 ], [ -55.84057, -27.46969 ], [ -55.84153, -27.46922 ], [ -55.84075, -27.46804 ], [ -55.84329, -27.46667 ], [ -55.8441, -27.46787 ], [ -55.84511, -27.46737 ], [ -55.84647, -27.46957 ], [ -55.84821, -27.46916 ], [ -55.85541, -27.466 ], [ -55.8572, -27.46318 ], [ -55.85649, -27.46279 ], [ -55.85589, -27.46365 ], [ -55.84463, -27.46457 ], [ -55.844, -27.46363 ], [ -55.84396, -27.46275 ], [ -55.84521, -27.46261 ], [ -55.84496, -27.46127 ], [ -55.8444, -27.46138 ], [ -55.8441, -27.45942 ], [ -55.83491, -27.458 ], [ -55.83124, -27.45355 ], [ -55.83102, -27.45308 ], [ -55.83124, -27.45277 ], [ -55.82612, -27.45466 ], [ -55.82227, -27.45506 ] ] ] } },
{ "type": "Feature", "properties": { "indice_acceso": 0.616 }, "geometry": { "type": "Polygon", "coordinates": [ [ [ -55.8395, -27.47025 ], [ -55.83793, -27.47107 ], [ -55.83838, -27.47181 ], [ -55.83943, -27.47127 ], [ -55.8411, -27.47382 ], [ -55.84356, -27.47205 ], [ -55.84165, -27.46915 ], [ -55.84057, -27.46969 ], [ -55.84009, -27.46892 ], [ -55.83901, -27.46945 ], [ -55.8395, -27.47025 ] ] ] } },
{ "type": "Feature", "properties": { "indice_acceso": 0.626 }, "geometry": { "type": "Polygon", "coordinates": [ [ [ -55.86091, -27.46949 ], [ -55.85355, -27.4736 ], [ -55.86309, -27.47347 ], [ -55.86311, -27.47516 ], [ -55.86356, -27.47515 ], [ -55.86336, -27.47027 ], [ -55.86294, -27.47029 ], [ -55.86284, -27.46946 ], [ -55.86091, -27.46949 ] ] ] } },
{ "type": "Feature", "properties": { "indice_acceso": 0.606 }, "geometry": { "type": "Polygon", "coordinates": [ [ [ -55.83365, -27.47935 ], [ -55.83337, -27.47986 ], [ -55.83654, -27.48417 ], [ -55.83935, -27.48242 ], [ -55.83822, -27.4804 ], [ -55.83597, -27.47789 ], [ -55.83365, -27.47935 ] ] ] } },
{ "type": "Feature", "properties": { "indice_acceso": 0.622 }, "geometry": { "type": "Polygon", "coordinates": [ [ [ -55.8411, -27.47382 ], [ -55.83554, -27.47793 ], [ -55.83597, -27.47789 ], [ -55.83735, -27.47939 ], [ -55.83844, -27.47864 ], [ -55.83887, -27.47907 ], [ -55.83978, -27.47844 ], [ -55.84023, -27.47897 ], [ -55.84701, -27.47415 ], [ -55.84509, -27.47114 ], [ -55.8411, -27.47382 ] ] ] } },
{ "type": "Feature", "properties": { "indice_acceso": 0.645 }, "geometry": { "type": "Polygon", "coordinates": [ [ [ -55.84894, -27.47711 ], [ -55.85196, -27.47519 ], [ -55.84821, -27.46916 ], [ -55.84509, -27.47114 ], [ -55.84894, -27.47711 ] ] ] } },
{ "type": "Feature", "properties": { "indice_acceso": 0.612 }, "geometry": { "type": "Polygon", "coordinates": [ [ [ -55.85037, -27.48127 ], [ -55.85308, -27.47995 ], [ -55.85067, -27.47621 ], [ -55.84894, -27.47711 ], [ -55.84972, -27.47833 ], [ -55.84882, -27.47883 ], [ -55.85037, -27.48127 ] ] ] } },
{ "type": "Feature", "properties": { "indice_acceso": 0.655 }, "geometry": { "type": "Polygon", "coordinates": [ [ [ -55.84198, -27.45698 ], [ -55.84151, -27.45691 ], [ -55.84133, -27.45802 ], [ -55.84268, -27.45831 ], [ -55.84263, -27.45867 ], [ -55.84386, -27.45842 ], [ -55.8441, -27.45942 ], [ -55.84497, -27.45903 ], [ -55.84428, -27.45778 ], [ -55.84549, -27.45722 ], [ -55.84618, -27.4585 ], [ -55.84994, -27.45685 ], [ -55.84906, -27.45595 ], [ -55.84829, -27.45657 ], [ -55.84746, -27.45649 ], [ -55.84671, -27.45631 ], [ -55.84635, -27.45581 ], [ -55.84514, -27.45541 ], [ -55.84417, -27.45467 ], [ -55.8407, -27.45432 ], [ -55.84198, -27.45698 ] ] ] } },
{ "type": "Feature", "properties": { "indice_acceso": 0.603 }, "geometry": { "type": "Polygon", "coordinates": [ [ [ -55.85513, -27.48284 ], [ -55.8637, -27.48254 ], [ -55.86414, -27.48679 ], [ -55.86436, -27.48678 ], [ -55.86364, -27.4793 ], [ -55.86356, -27.47515 ], [ -55.86311, -27.47516 ], [ -55.86316, -27.47647 ], [ -55.85375, -27.47673 ], [ -55.85398, -27.48064 ], [ -55.85355, -27.48065 ], [ -55.85513, -27.48284 ] ] ] } },
{ "type": "Feature", "properties": { "indice_acceso": 0.465 }, "geometry": { "type": "Polygon", "coordinates": [ [ [ -55.86144, -27.50468 ], [ -55.86127, -27.50703 ], [ -55.86006, -27.51204 ], [ -55.86039, -27.51209 ], [ -55.85808, -27.52817 ], [ -55.85582, -27.53488 ], [ -55.85365, -27.53974 ], [ -55.85358, -27.53902 ], [ -55.85143, -27.53837 ], [ -55.84815, -27.55074 ], [ -55.84595, -27.55712 ], [ -55.84259, -27.56288 ], [ -55.84277, -27.56535 ], [ -55.84452, -27.56986 ], [ -55.8446, -27.57724 ], [ -55.8442, -27.57772 ], [ -55.8485, -27.58088 ], [ -55.84894, -27.58197 ], [ -55.84826, -27.58358 ], [ -55.8485, -27.58486 ], [ -55.849, -27.58595 ], [ -55.84988, -27.58663 ], [ -55.85523, -27.58697 ], [ -55.85588, -27.58763 ], [ -55.85632, -27.58899 ], [ -55.85724, -27.58931 ], [ -55.85773, -27.5904 ], [ -55.85893, -27.59067 ], [ -55.86026, -27.58956 ], [ -55.86193, -27.5892 ], [ -55.86455, -27.58919 ], [ -55.86565, -27.58962 ], [ -55.86631, -27.59057 ], [ -55.87251, -27.59398 ], [ -55.87373, -27.59435 ], [ -55.87443, -27.59594 ], [ -55.87653, -27.59678 ], [ -55.87888, -27.5967 ], [ -55.87945, -27.5971 ], [ -55.87987, -27.59823 ], [ -55.88072, -27.59872 ], [ -55.88248, -27.59844 ], [ -55.88332, -27.60029 ], [ -55.88392, -27.60074 ], [ -55.88705, -27.60009 ], [ -55.89113, -27.59991 ], [ -55.89278, -27.60048 ], [ -55.8945, -27.60164 ], [ -55.89794, -27.60171 ], [ -55.90091, -27.60305 ], [ -55.90343, -27.60299 ], [ -55.9055, -27.60439 ], [ -55.90842, -27.60513 ], [ -55.90925, -27.60555 ], [ -55.91011, -27.60685 ], [ -55.91481, -27.60911 ], [ -55.91531, -27.61111 ], [ -55.91626, -27.61174 ], [ -55.9172, -27.61308 ], [ -55.92172, -27.6153 ], [ -55.92257, -27.61698 ], [ -55.92343, -27.61723 ], [ -55.92564, -27.61686 ], [ -55.92613, -27.61741 ], [ -55.9267, -27.61958 ], [ -55.92907, -27.62064 ], [ -55.93197, -27.62301 ], [ -55.95839, -27.57879 ], [ -55.93616, -27.56713 ], [ -55.94143, -27.55567 ], [ -55.94317, -27.553 ], [ -55.93942, -27.5476 ], [ -55.93847, -27.54566 ], [ -55.93808, -27.54216 ], [ -55.9373, -27.54039 ], [ -55.93631, -27.53923 ], [ -55.93641, -27.53664 ], [ -55.93589, -27.53263 ], [ -55.93438, -27.53066 ], [ -55.93472, -27.52896 ], [ -55.93436, -27.52601 ], [ -55.93318, -27.5208 ], [ -55.93437, -27.51915 ], [ -55.93395, -27.51859 ], [ -55.93283, -27.5183 ], [ -55.93347, -27.51489 ], [ -55.93322, -27.51026 ], [ -55.93346, -27.50829 ], [ -55.93271, -27.50721 ], [ -55.93231, -27.50583 ], [ -55.93249, -27.50301 ], [ -55.93152, -27.49969 ], [ -55.92861, -27.49784 ], [ -55.92832, -27.4963 ], [ -55.92774, -27.49671 ], [ -55.92745, -27.4964 ], [ -55.9249, -27.49617 ], [ -55.92291, -27.4951 ], [ -55.9184, -27.49435 ], [ -55.91638, -27.49249 ], [ -55.91354, -27.49202 ], [ -55.91181, -27.49219 ], [ -55.90958, -27.49151 ], [ -55.90827, -27.49149 ], [ -55.908, -27.49021 ], [ -55.90648, -27.48925 ], [ -55.90523, -27.4875 ], [ -55.90388, -27.48659 ], [ -55.9037, -27.48373 ], [ -55.90329, -27.4826 ], [ -55.90213, -27.48072 ], [ -55.90066, -27.47918 ], [ -55.89965, -27.47717 ], [ -55.86414, -27.47997 ], [ -55.86428, -27.48156 ], [ -55.86386, -27.48157 ], [ -55.8647, -27.48989 ], [ -55.86456, -27.4921 ], [ -55.86144, -27.50468 ] ] ] } },
{ "type": "Feature", "properties": { "indice_acceso": 0.585 }, "geometry": { "type": "Polygon", "coordinates": [ [ [ -55.87292, -27.46751 ], [ -55.8781, -27.46737 ], [ -55.87805, -27.46376 ], [ -55.87281, -27.46363 ], [ -55.87292, -27.46751 ] ] ] } },
{ "type": "Feature", "properties": { "indice_acceso": 0.649 }, "geometry": { "type": "Polygon", "coordinates": [ [ [ -55.86316, -27.46785 ], [ -55.87292, -27.46751 ], [ -55.87283, -27.4646 ], [ -55.86319, -27.46516 ], [ -55.86316, -27.46785 ] ] ] } },
{ "type": "Feature", "properties": { "indice_acceso": 0.464 }, "geometry": { "type": "Polygon", "coordinates": [ [ [ -55.89482, -27.44148 ], [ -55.89245, -27.43999 ], [ -55.88905, -27.44288 ], [ -55.89384, -27.44832 ], [ -55.89368, -27.44845 ], [ -55.89265, -27.44845 ], [ -55.89217, -27.44887 ], [ -55.8915, -27.44864 ], [ -55.89087, -27.45013 ], [ -55.88662, -27.44477 ], [ -55.8855, -27.44575 ], [ -55.88124, -27.44735 ], [ -55.88955, -27.45288 ], [ -55.88945, -27.45351 ], [ -55.8889, -27.45413 ], [ -55.8881, -27.45445 ], [ -55.88811, -27.45528 ], [ -55.88859, -27.45569 ], [ -55.88834, -27.45713 ], [ -55.88983, -27.4576 ], [ -55.89036, -27.45895 ], [ -55.89098, -27.45879 ], [ -55.89203, -27.45932 ], [ -55.8922, -27.46103 ], [ -55.89264, -27.46075 ], [ -55.89366, -27.46122 ], [ -55.89348, -27.4628 ], [ -55.89477, -27.46344 ], [ -55.89504, -27.4646 ], [ -55.89642, -27.46591 ], [ -55.89632, -27.46699 ], [ -55.89686, -27.46868 ], [ -55.89671, -27.46997 ], [ -55.8972, -27.47236 ], [ -55.89832, -27.47245 ], [ -55.89939, -27.47551 ], [ -55.89965, -27.47717 ], [ -55.90066, -27.47918 ], [ -55.90213, -27.48072 ], [ -55.90329, -27.4826 ], [ -55.9037, -27.48373 ], [ -55.90388, -27.48659 ], [ -55.90523, -27.4875 ], [ -55.90648, -27.48925 ], [ -55.908, -27.49021 ], [ -55.90827, -27.49149 ], [ -55.90958, -27.49151 ], [ -55.91181, -27.49219 ], [ -55.91354, -27.49202 ], [ -55.91638, -27.49249 ], [ -55.9184, -27.49435 ], [ -55.92291, -27.4951 ], [ -55.9249, -27.49617 ], [ -55.92745, -27.4964 ], [ -55.92774, -27.49671 ], [ -55.92832, -27.4963 ], [ -55.92866, -27.49497 ], [ -55.93024, -27.49345 ], [ -55.9319, -27.49263 ], [ -55.93394, -27.49288 ], [ -55.93462, -27.49096 ], [ -55.93511, -27.49099 ], [ -55.93904, -27.48917 ], [ -55.94116, -27.48938 ], [ -55.94248, -27.48997 ], [ -55.9446, -27.48889 ], [ -55.94692, -27.48934 ], [ -55.95112, -27.48953 ], [ -55.95188, -27.49011 ], [ -55.95441, -27.49041 ], [ -55.95753, -27.4922 ], [ -55.95946, -27.49524 ], [ -55.96779, -27.50077 ], [ -55.96796, -27.48159 ], [ -55.97081, -27.48143 ], [ -55.97075, -27.46603 ], [ -55.97161, -27.46488 ], [ -55.97077, -27.46387 ], [ -55.97042, -27.46445 ], [ -55.96957, -27.46494 ], [ -55.9616, -27.46521 ], [ -55.96131, -27.46472 ], [ -55.95914, -27.46343 ], [ -55.95608, -27.46082 ], [ -55.95313, -27.45943 ], [ -55.94822, -27.45594 ], [ -55.94556, -27.45469 ], [ -55.94181, -27.45658 ], [ -55.93682, -27.45783 ], [ -55.93547, -27.4579 ], [ -55.93356, -27.45873 ], [ -55.93347, -27.45845 ], [ -55.9323, -27.45856 ], [ -55.93239, -27.45917 ], [ -55.93085, -27.45992 ], [ -55.92589, -27.45892 ], [ -55.91648, -27.45397 ], [ -55.91139, -27.45197 ], [ -55.91075, -27.45113 ], [ -55.91017, -27.44926 ], [ -55.90884, -27.4478 ], [ -55.90666, -27.44627 ], [ -55.9054, -27.44385 ], [ -55.90467, -27.44369 ], [ -55.90525, -27.44298 ], [ -55.905, -27.44217 ], [ -55.90457, -27.44254 ], [ -55.90374, -27.44237 ], [ -55.90359, -27.44195 ], [ -55.9027, -27.44231 ], [ -55.90248, -27.44211 ], [ -55.90277, -27.44088 ], [ -55.90348, -27.44109 ], [ -55.90378, -27.44058 ], [ -55.9043, -27.44065 ], [ -55.90456, -27.43964 ], [ -55.90388, -27.43918 ], [ -55.9036, -27.43854 ], [ -55.90341, -27.43874 ], [ -55.90242, -27.43851 ], [ -55.90164, -27.43802 ], [ -55.90179, -27.4376 ], [ -55.90276, -27.43723 ], [ -55.90308, -27.43648 ], [ -55.90235, -27.43617 ], [ -55.90245, -27.43585 ], [ -55.90212, -27.43607 ], [ -55.90187, -27.43587 ], [ -55.90195, -27.43534 ], [ -55.90159, -27.43532 ], [ -55.90094, -27.43438 ], [ -55.89482, -27.44148 ] ] ] } },
{ "type": "Feature", "properties": { "indice_acceso": 0.733 }, "geometry": { "type": "Polygon", "coordinates": [ [ [ -55.86754, -27.42867 ], [ -55.8656, -27.43096 ], [ -55.86445, -27.43157 ], [ -55.86393, -27.43144 ], [ -55.86338, -27.43065 ], [ -55.86237, -27.43042 ], [ -55.86233, -27.43273 ], [ -55.86195, -27.43372 ], [ -55.86412, -27.43225 ], [ -55.86507, -27.43334 ], [ -55.8669, -27.4346 ], [ -55.87325, -27.43411 ], [ -55.87293, -27.43133 ], [ -55.87223, -27.43139 ], [ -55.87218, -27.43105 ], [ -55.8702, -27.43119 ], [ -55.87105, -27.43037 ], [ -55.8699, -27.42972 ], [ -55.87032, -27.42913 ], [ -55.86958, -27.42839 ], [ -55.86754, -27.42867 ] ] ] } },
{ "type": "Feature", "properties": { "indice_acceso": 0.648 }, "geometry": { "type": "Polygon", "coordinates": [ [ [ -55.86201, -27.43553 ], [ -55.86246, -27.43552 ], [ -55.86251, -27.43614 ], [ -55.86735, -27.44039 ], [ -55.8695, -27.43857 ], [ -55.86748, -27.43671 ], [ -55.86823, -27.43605 ], [ -55.86412, -27.43225 ], [ -55.86195, -27.43372 ], [ -55.86201, -27.43553 ] ] ] } },
{ "type": "Feature", "properties": { "indice_acceso": 0.69 }, "geometry": { "type": "Polygon", "coordinates": [ [ [ -55.85849, -27.43606 ], [ -55.85158, -27.44067 ], [ -55.85482, -27.4434 ], [ -55.85907, -27.43928 ], [ -55.85822, -27.43855 ], [ -55.85968, -27.43715 ], [ -55.85864, -27.43623 ], [ -55.86199, -27.43391 ], [ -55.86112, -27.43379 ], [ -55.85849, -27.43606 ] ] ] } },
{ "type": "Feature", "properties": { "indice_acceso": 0.731 }, "geometry": { "type": "Polygon", "coordinates": [ [ [ -55.8631, -27.45024 ], [ -55.86812, -27.44549 ], [ -55.86745, -27.44492 ], [ -55.86984, -27.44268 ], [ -55.86827, -27.44125 ], [ -55.86077, -27.44832 ], [ -55.8631, -27.45024 ] ] ] } },
{ "type": "Feature", "properties": { "indice_acceso": 0.697 }, "geometry": { "type": "Polygon", "coordinates": [ [ [ -55.84652, -27.44366 ], [ -55.84627, -27.44419 ], [ -55.84847, -27.44324 ], [ -55.84822, -27.44366 ], [ -55.84859, -27.44394 ], [ -55.84862, -27.44446 ], [ -55.85044, -27.44596 ], [ -55.85103, -27.44552 ], [ -55.85408, -27.44794 ], [ -55.85465, -27.44746 ], [ -55.85203, -27.44448 ], [ -55.85318, -27.4434 ], [ -55.85062, -27.4413 ], [ -55.84652, -27.44366 ] ] ] } },
{ "type": "Feature", "properties": { "indice_acceso": 0.676 }, "geometry": { "type": "Polygon", "coordinates": [ [ [ -55.84562, -27.44404 ], [ -55.84405, -27.44477 ], [ -55.85509, -27.45471 ], [ -55.85804, -27.45219 ], [ -55.85932, -27.45234 ], [ -55.85853, -27.45213 ], [ -55.85869, -27.45167 ], [ -55.85103, -27.44552 ], [ -55.85044, -27.44596 ], [ -55.84872, -27.44457 ], [ -55.84822, -27.44366 ], [ -55.84847, -27.44324 ], [ -55.84656, -27.44406 ], [ -55.84562, -27.44404 ] ] ] } },
{ "type": "Feature", "properties": { "indice_acceso": 0.7 }, "geometry": { "type": "Polygon", "coordinates": [ [ [ -55.85657, -27.46444 ], [ -55.85823, -27.46535 ], [ -55.8627, -27.46502 ], [ -55.86267, -27.46458 ], [ -55.86386, -27.46438 ], [ -55.86388, -27.46345 ], [ -55.86301, -27.46246 ], [ -55.86268, -27.45609 ], [ -55.86224, -27.45584 ], [ -55.85657, -27.46444 ] ] ] } },
{ "type": "Feature", "properties": { "indice_acceso": 0.73 }, "geometry": { "type": "Polygon", "coordinates": [ [ [ -55.85736, -27.44548 ], [ -55.86082, -27.44216 ], [ -55.85911, -27.44074 ], [ -55.85991, -27.44 ], [ -55.85907, -27.43928 ], [ -55.85482, -27.4434 ], [ -55.85736, -27.44548 ] ] ] } },
{ "type": "Feature", "properties": { "indice_acceso": 0.758 }, "geometry": { "type": "Polygon", "coordinates": [ [ [ -55.86504, -27.44422 ], [ -55.86162, -27.4414 ], [ -55.85736, -27.44548 ], [ -55.86074, -27.44829 ], [ -55.86504, -27.44422 ] ] ] } },
{ "type": "Feature", "properties": { "indice_acceso": 0.775 }, "geometry": { "type": "Polygon", "coordinates": [ [ [ -55.86518, -27.45204 ], [ -55.86674, -27.45122 ], [ -55.87278, -27.44538 ], [ -55.86984, -27.44268 ], [ -55.86745, -27.44492 ], [ -55.86812, -27.44549 ], [ -55.8631, -27.45024 ], [ -55.86518, -27.45204 ] ] ] } },
{ "type": "Feature", "properties": { "indice_acceso": 0.661 }, "geometry": { "type": "Polygon", "coordinates": [ [ [ -55.85541, -27.466 ], [ -55.8527, -27.4672 ], [ -55.85339, -27.46831 ], [ -55.85676, -27.46673 ], [ -55.85985, -27.46684 ], [ -55.85995, -27.46875 ], [ -55.85933, -27.46923 ], [ -55.85936, -27.46981 ], [ -55.85632, -27.47155 ], [ -55.85605, -27.47223 ], [ -55.86091, -27.46949 ], [ -55.86292, -27.46946 ], [ -55.86294, -27.47029 ], [ -55.86325, -27.47028 ], [ -55.86324, -27.46454 ], [ -55.86267, -27.46458 ], [ -55.8627, -27.46502 ], [ -55.85823, -27.46535 ], [ -55.85657, -27.46444 ], [ -55.85541, -27.466 ] ] ] } },
{ "type": "Feature", "properties": { "indice_acceso": 0.72 }, "geometry": { "type": "Polygon", "coordinates": [ [ [ -55.85758, -27.45076 ], [ -55.85883, -27.45017 ], [ -55.85948, -27.44951 ], [ -55.85861, -27.44883 ], [ -55.85991, -27.4476 ], [ -55.85649, -27.44477 ], [ -55.85419, -27.44695 ], [ -55.85465, -27.44746 ], [ -55.85408, -27.44794 ], [ -55.85758, -27.45076 ] ] ] } },
{ "type": "Feature", "properties": { "indice_acceso": 0.765 }, "geometry": { "type": "Polygon", "coordinates": [ [ [ -55.86846, -27.43629 ], [ -55.87892, -27.43527 ], [ -55.87715, -27.43377 ], [ -55.87699, -27.43224 ], [ -55.87612, -27.4323 ], [ -55.87309, -27.43253 ], [ -55.87325, -27.43411 ], [ -55.8669, -27.4346 ], [ -55.86846, -27.43629 ] ] ] } },
{ "type": "Feature", "properties": { "indice_acceso": 0.773 }, "geometry": { "type": "Polygon", "coordinates": [ [ [ -55.88251, -27.43809 ], [ -55.87903, -27.43524 ], [ -55.87663, -27.4355 ], [ -55.87681, -27.4372 ], [ -55.87607, -27.43726 ], [ -55.87624, -27.43884 ], [ -55.87556, -27.43891 ], [ -55.8776, -27.44081 ], [ -55.88251, -27.43809 ] ] ] } },
{ "type": "Feature", "properties": { "indice_acceso": 0.762 }, "geometry": { "type": "Polygon", "coordinates": [ [ [ -55.87009, -27.43774 ], [ -55.87391, -27.43744 ], [ -55.87556, -27.43891 ], [ -55.87624, -27.43884 ], [ -55.87607, -27.43726 ], [ -55.87681, -27.4372 ], [ -55.87663, -27.4355 ], [ -55.86846, -27.43629 ], [ -55.87009, -27.43774 ] ] ] } },
{ "type": "Feature", "properties": { "indice_acceso": 0.736 }, "geometry": { "type": "Polygon", "coordinates": [ [ [ -55.85864, -27.43623 ], [ -55.85968, -27.43715 ], [ -55.85822, -27.43855 ], [ -55.85907, -27.43928 ], [ -55.86073, -27.43796 ], [ -55.86397, -27.44066 ], [ -55.8658, -27.43891 ], [ -55.86251, -27.43614 ], [ -55.86246, -27.43552 ], [ -55.86201, -27.43553 ], [ -55.86222, -27.43482 ], [ -55.86199, -27.43391 ], [ -55.85864, -27.43623 ] ] ] } },
{ "type": "Feature", "properties": { "indice_acceso": 0.722 }, "geometry": { "type": "Polygon", "coordinates": [ [ [ -55.85419, -27.44695 ], [ -55.85649, -27.44477 ], [ -55.85158, -27.44067 ], [ -55.85062, -27.4413 ], [ -55.85318, -27.4434 ], [ -55.85203, -27.44448 ], [ -55.85419, -27.44695 ] ] ] } },
{ "type": "Feature", "properties": { "indice_acceso": 0.7 }, "geometry": { "type": "Polygon", "coordinates": [ [ [ -55.85873, -27.45188 ], [ -55.85853, -27.45213 ], [ -55.85932, -27.45234 ], [ -55.85804, -27.45219 ], [ -55.85507, -27.45473 ], [ -55.85993, -27.45915 ], [ -55.86224, -27.45584 ], [ -55.86259, -27.45605 ], [ -55.86281, -27.45436 ], [ -55.86674, -27.45122 ], [ -55.86212, -27.45339 ], [ -55.85873, -27.45188 ] ] ] } },
{ "type": "Feature", "properties": { "indice_acceso": 0.735 }, "geometry": { "type": "Polygon", "coordinates": [ [ [ -55.85907, -27.43928 ], [ -55.85991, -27.44 ], [ -55.85911, -27.44074 ], [ -55.86082, -27.44216 ], [ -55.86229, -27.44078 ], [ -55.86315, -27.44144 ], [ -55.86397, -27.44066 ], [ -55.86073, -27.43796 ], [ -55.85907, -27.43928 ] ] ] } },
{ "type": "Feature", "properties": { "indice_acceso": 0.759 }, "geometry": { "type": "Polygon", "coordinates": [ [ [ -55.86229, -27.44078 ], [ -55.86162, -27.4414 ], [ -55.86504, -27.44422 ], [ -55.86827, -27.44125 ], [ -55.8658, -27.43891 ], [ -55.86325, -27.44133 ], [ -55.86229, -27.44078 ] ] ] } },
{ "type": "Feature", "properties": { "indice_acceso": 0.723 }, "geometry": { "type": "Polygon", "coordinates": [ [ [ -55.86212, -27.45339 ], [ -55.86518, -27.45204 ], [ -55.85991, -27.4476 ], [ -55.85861, -27.44883 ], [ -55.85948, -27.44951 ], [ -55.85758, -27.45076 ], [ -55.85873, -27.45188 ], [ -55.85971, -27.45214 ], [ -55.86212, -27.45339 ] ] ] } },
{ "type": "Feature", "properties": { "indice_acceso": 0.78 }, "geometry": { "type": "Polygon", "coordinates": [ [ [ -55.8695, -27.43857 ], [ -55.86735, -27.44039 ], [ -55.87273, -27.44535 ], [ -55.8776, -27.44081 ], [ -55.87391, -27.43744 ], [ -55.87009, -27.43774 ], [ -55.86823, -27.43605 ], [ -55.86748, -27.43671 ], [ -55.8695, -27.43857 ] ] ] } },
{ "type": "Feature", "properties": { "indice_acceso": 0.694 }, "geometry": { "type": "Polygon", "coordinates": [ [ [ -55.93847, -27.35445 ], [ -55.9379, -27.35419 ], [ -55.93795, -27.35339 ], [ -55.93742, -27.3534 ], [ -55.93792, -27.35731 ], [ -55.93608, -27.35751 ], [ -55.93642, -27.35992 ], [ -55.93449, -27.36011 ], [ -55.93499, -27.36349 ], [ -55.9463, -27.36228 ], [ -55.94568, -27.35911 ], [ -55.94571, -27.35989 ], [ -55.94363, -27.36235 ], [ -55.94188, -27.36259 ], [ -55.94161, -27.36233 ], [ -55.94199, -27.36115 ], [ -55.94195, -27.35963 ], [ -55.94093, -27.35833 ], [ -55.94084, -27.35754 ], [ -55.94171, -27.35656 ], [ -55.94253, -27.35632 ], [ -55.9425, -27.35589 ], [ -55.94301, -27.35583 ], [ -55.94288, -27.35545 ], [ -55.94349, -27.35489 ], [ -55.94319, -27.35469 ], [ -55.94286, -27.35324 ], [ -55.94111, -27.35299 ], [ -55.93847, -27.35445 ] ] ] } },
{ "type": "Feature", "properties": { "indice_acceso": 0.692 }, "geometry": { "type": "Polygon", "coordinates": [ [ [ -55.94918, -27.36024 ], [ -55.94835, -27.35891 ], [ -55.94583, -27.35905 ], [ -55.9463, -27.36228 ], [ -55.94996, -27.36187 ], [ -55.95043, -27.36519 ], [ -55.95416, -27.36481 ], [ -55.95384, -27.37004 ], [ -55.95298, -27.37163 ], [ -55.9533, -27.37159 ], [ -55.95313, -27.37206 ], [ -55.95351, -27.37231 ], [ -55.95443, -27.37172 ], [ -55.95445, -27.37091 ], [ -55.95583, -27.36733 ], [ -55.95615, -27.36475 ], [ -55.95686, -27.36388 ], [ -55.95771, -27.36455 ], [ -55.95677, -27.36351 ], [ -55.9572, -27.36285 ], [ -55.95797, -27.36316 ], [ -55.9576, -27.36255 ], [ -55.95812, -27.36132 ], [ -55.95805, -27.3606 ], [ -55.95664, -27.35957 ], [ -55.95553, -27.3601 ], [ -55.95403, -27.35984 ], [ -55.95362, -27.35954 ], [ -55.954, -27.35942 ], [ -55.95339, -27.35935 ], [ -55.95245, -27.35869 ], [ -55.95168, -27.35892 ], [ -55.94949, -27.35845 ], [ -55.94921, -27.35882 ], [ -55.94918, -27.36024 ] ] ] } },
{ "type": "Feature", "properties": { "indice_acceso": 0.735 }, "geometry": { "type": "Polygon", "coordinates": [ [ [ -55.95043, -27.36519 ], [ -55.94996, -27.36187 ], [ -55.94618, -27.3623 ], [ -55.94664, -27.36552 ], [ -55.95043, -27.36519 ] ] ] } },
{ "type": "Feature", "properties": { "indice_acceso": 0.738 }, "geometry": { "type": "Polygon", "coordinates": [ [ [ -55.9388, -27.36299 ], [ -55.93926, -27.36642 ], [ -55.94665, -27.36558 ], [ -55.94618, -27.3623 ], [ -55.9388, -27.36299 ] ] ] } },
{ "type": "Feature", "properties": { "indice_acceso": 0.746 }, "geometry": { "type": "Polygon", "coordinates": [ [ [ -55.94711, -27.36894 ], [ -55.94665, -27.36558 ], [ -55.94298, -27.36599 ], [ -55.9434, -27.36921 ], [ -55.94711, -27.36894 ] ] ] } },
{ "type": "Feature", "properties": { "indice_acceso": 0.743 }, "geometry": { "type": "Polygon", "coordinates": [ [ [ -55.947, -27.36811 ], [ -55.94812, -27.3679 ], [ -55.94856, -27.36741 ], [ -55.94897, -27.3676 ], [ -55.95075, -27.36722 ], [ -55.95043, -27.36519 ], [ -55.94665, -27.36558 ], [ -55.947, -27.36811 ] ] ] } },
{ "type": "Feature", "properties": { "indice_acceso": 0.741 }, "geometry": { "type": "Polygon", "coordinates": [ [ [ -55.94856, -27.36741 ], [ -55.94812, -27.3679 ], [ -55.947, -27.36811 ], [ -55.94711, -27.36894 ], [ -55.95089, -27.36849 ], [ -55.95075, -27.36722 ], [ -55.94856, -27.36741 ] ] ] } },
{ "type": "Feature", "properties": { "indice_acceso": 0.728 }, "geometry": { "type": "Polygon", "coordinates": [ [ [ -55.95084, -27.36803 ], [ -55.95305, -27.3678 ], [ -55.953, -27.36825 ], [ -55.95402, -27.36817 ], [ -55.95416, -27.36481 ], [ -55.95043, -27.36519 ], [ -55.95084, -27.36803 ] ] ] } },
{ "type": "Feature", "properties": { "indice_acceso": 0.721 }, "geometry": { "type": "Polygon", "coordinates": [ [ [ -55.95129, -27.3719 ], [ -55.95317, -27.37184 ], [ -55.95303, -27.37136 ], [ -55.95384, -27.37004 ], [ -55.95402, -27.36817 ], [ -55.953, -27.36825 ], [ -55.95305, -27.3678 ], [ -55.95084, -27.36803 ], [ -55.95129, -27.3719 ] ] ] } },
{ "type": "Feature", "properties": { "indice_acceso": 0.739 }, "geometry": { "type": "Polygon", "coordinates": [ [ [ -55.94741, -27.37046 ], [ -55.94936, -27.36994 ], [ -55.95117, -27.37105 ], [ -55.95079, -27.3685 ], [ -55.94719, -27.36893 ], [ -55.94741, -27.37046 ] ] ] } },
{ "type": "Feature", "properties": { "indice_acceso": 0.739 }, "geometry": { "type": "Polygon", "coordinates": [ [ [ -55.94764, -27.37221 ], [ -55.95128, -27.37182 ], [ -55.95117, -27.37105 ], [ -55.94936, -27.36994 ], [ -55.94741, -27.37046 ], [ -55.94764, -27.37221 ] ] ] } },
{ "type": "Feature", "properties": { "indice_acceso": 0.747 }, "geometry": { "type": "Polygon", "coordinates": [ [ [ -55.93992, -27.37139 ], [ -55.94268, -27.37112 ], [ -55.94291, -27.37278 ], [ -55.94765, -27.37226 ], [ -55.94719, -27.36893 ], [ -55.93968, -27.36975 ], [ -55.93992, -27.37139 ] ] ] } },
{ "type": "Feature", "properties": { "indice_acceso": 0.745 }, "geometry": { "type": "Polygon", "coordinates": [ [ [ -55.94068, -27.37642 ], [ -55.94018, -27.3731 ], [ -55.93644, -27.3735 ], [ -55.93689, -27.37682 ], [ -55.94068, -27.37642 ] ] ] } },
{ "type": "Feature", "properties": { "indice_acceso": 0.736 }, "geometry": { "type": "Polygon", "coordinates": [ [ [ -55.94068, -27.37642 ], [ -55.94339, -27.37614 ], [ -55.94349, -27.37698 ], [ -55.94822, -27.37648 ], [ -55.94754, -27.37227 ], [ -55.94018, -27.3731 ], [ -55.94068, -27.37642 ] ] ] } },
{ "type": "Feature", "properties": { "indice_acceso": 0.732 }, "geometry": { "type": "Polygon", "coordinates": [ [ [ -55.94778, -27.37393 ], [ -55.9505, -27.37359 ], [ -55.95037, -27.3725 ], [ -55.95136, -27.37239 ], [ -55.95128, -27.37182 ], [ -55.94764, -27.37221 ], [ -55.94778, -27.37393 ] ] ] } },
{ "type": "Feature", "properties": { "indice_acceso": 0.698 }, "geometry": { "type": "Polygon", "coordinates": [ [ [ -55.95178, -27.37518 ], [ -55.95244, -27.37533 ], [ -55.9532, -27.37304 ], [ -55.95437, -27.3718 ], [ -55.95351, -27.37231 ], [ -55.95293, -27.37173 ], [ -55.95129, -27.3719 ], [ -55.95178, -27.37518 ] ] ] } },
{ "type": "Feature", "properties": { "indice_acceso": 0.695 }, "geometry": { "type": "Polygon", "coordinates": [ [ [ -55.94808, -27.37554 ], [ -55.94893, -27.38223 ], [ -55.95228, -27.38186 ], [ -55.95281, -27.38156 ], [ -55.9537, -27.38193 ], [ -55.95376, -27.38096 ], [ -55.95442, -27.38074 ], [ -55.95398, -27.38055 ], [ -55.9535, -27.37951 ], [ -55.95371, -27.37908 ], [ -55.95328, -27.37909 ], [ -55.95351, -27.37841 ], [ -55.95205, -27.37725 ], [ -55.95244, -27.37533 ], [ -55.94808, -27.37554 ] ] ] } },
{ "type": "Feature", "properties": { "indice_acceso": 0.733 }, "geometry": { "type": "Polygon", "coordinates": [ [ [ -55.94343, -27.36935 ], [ -55.94298, -27.36599 ], [ -55.93926, -27.36642 ], [ -55.93971, -27.36959 ], [ -55.94343, -27.36935 ] ] ] } },
{ "type": "Feature", "properties": { "indice_acceso": 0.719 }, "geometry": { "type": "Polygon", "coordinates": [ [ [ -55.9373, -27.38005 ], [ -55.94846, -27.37896 ], [ -55.94822, -27.37648 ], [ -55.94349, -27.37698 ], [ -55.94339, -27.37614 ], [ -55.93689, -27.37687 ], [ -55.9373, -27.38005 ] ] ] } },
{ "type": "Feature", "properties": { "indice_acceso": 0.708 }, "geometry": { "type": "Polygon", "coordinates": [ [ [ -55.94808, -27.37554 ], [ -55.95178, -27.37518 ], [ -55.95136, -27.37239 ], [ -55.95037, -27.3725 ], [ -55.9505, -27.37359 ], [ -55.94788, -27.37389 ], [ -55.94808, -27.37554 ] ] ] } },
{ "type": "Feature", "properties": { "indice_acceso": 0.763 }, "geometry": { "type": "Polygon", "coordinates": [ [ [ -55.93625, -27.37225 ], [ -55.93484, -27.37239 ], [ -55.93497, -27.37366 ], [ -55.94291, -27.37278 ], [ -55.94268, -27.37112 ], [ -55.93992, -27.37139 ], [ -55.93968, -27.36975 ], [ -55.93593, -27.37014 ], [ -55.93625, -27.37225 ] ] ] } },
{ "type": "Feature", "properties": { "indice_acceso": 0.772 }, "geometry": { "type": "Polygon", "coordinates": [ [ [ -55.93497, -27.37366 ], [ -55.93484, -27.37239 ], [ -55.93625, -27.37225 ], [ -55.93593, -27.37014 ], [ -55.93225, -27.37057 ], [ -55.93271, -27.37379 ], [ -55.93497, -27.37366 ] ] ] } },
{ "type": "Feature", "properties": { "indice_acceso": 0.717 }, "geometry": { "type": "Polygon", "coordinates": [ [ [ -55.93349, -27.35264 ], [ -55.93354, -27.35306 ], [ -55.93211, -27.35297 ], [ -55.93076, -27.35325 ], [ -55.93018, -27.35374 ], [ -55.92952, -27.35359 ], [ -55.92883, -27.3549 ], [ -55.92699, -27.35352 ], [ -55.92567, -27.35332 ], [ -55.92481, -27.35363 ], [ -55.92412, -27.35416 ], [ -55.92387, -27.35573 ], [ -55.92363, -27.35568 ], [ -55.9239, -27.3579 ], [ -55.92288, -27.35811 ], [ -55.93039, -27.35728 ], [ -55.93084, -27.36056 ], [ -55.93642, -27.35992 ], [ -55.93608, -27.35751 ], [ -55.93792, -27.35731 ], [ -55.93742, -27.3534 ], [ -55.93563, -27.35244 ], [ -55.93491, -27.35287 ], [ -55.93457, -27.35257 ], [ -55.93404, -27.3534 ], [ -55.93368, -27.35327 ], [ -55.93358, -27.35277 ], [ -55.93447, -27.35249 ], [ -55.93349, -27.35264 ] ] ] } },
{ "type": "Feature", "properties": { "indice_acceso": 0.705 }, "geometry": { "type": "Polygon", "coordinates": [ [ [ -55.93778, -27.38356 ], [ -55.94906, -27.3823 ], [ -55.94846, -27.37896 ], [ -55.93724, -27.38006 ], [ -55.93778, -27.38356 ] ] ] } },
{ "type": "Feature", "properties": { "indice_acceso": 0.713 }, "geometry": { "type": "Polygon", "coordinates": [ [ [ -55.94568, -27.38591 ], [ -55.95091, -27.38527 ], [ -55.95139, -27.38588 ], [ -55.95375, -27.38207 ], [ -55.95281, -27.38156 ], [ -55.95228, -27.38186 ], [ -55.94526, -27.38273 ], [ -55.94568, -27.38591 ] ] ] } },
{ "type": "Feature", "properties": { "indice_acceso": 0.713 }, "geometry": { "type": "Polygon", "coordinates": [ [ [ -55.93829, -27.38684 ], [ -55.94574, -27.386 ], [ -55.94526, -27.38273 ], [ -55.93778, -27.38356 ], [ -55.93829, -27.38684 ] ] ] } },
{ "type": "Feature", "properties": { "indice_acceso": 0.738 }, "geometry": { "type": "Polygon", "coordinates": [ [ [ -55.94247, -27.38974 ], [ -55.9503, -27.38882 ], [ -55.9501, -27.38693 ], [ -55.95139, -27.38588 ], [ -55.95091, -27.38527 ], [ -55.94201, -27.38639 ], [ -55.94247, -27.38974 ] ] ] } },
{ "type": "Feature", "properties": { "indice_acceso": 0.707 }, "geometry": { "type": "Polygon", "coordinates": [ [ [ -55.94247, -27.38974 ], [ -55.94201, -27.38639 ], [ -55.93829, -27.38684 ], [ -55.93868, -27.39007 ], [ -55.94247, -27.38974 ] ] ] } },
{ "type": "Feature", "properties": { "indice_acceso": 0.78 }, "geometry": { "type": "Polygon", "coordinates": [ [ [ -55.94386, -27.39994 ], [ -55.95617, -27.39856 ], [ -55.95609, -27.39658 ], [ -55.95487, -27.39458 ], [ -55.95343, -27.39418 ], [ -55.95319, -27.39463 ], [ -55.95186, -27.39485 ], [ -55.95121, -27.39459 ], [ -55.95064, -27.39495 ], [ -55.95053, -27.39218 ], [ -55.94294, -27.39304 ], [ -55.94386, -27.39994 ] ] ] } },
{ "type": "Feature", "properties": { "indice_acceso": 0.727 }, "geometry": { "type": "Polygon", "coordinates": [ [ [ -55.94013, -27.40026 ], [ -55.93869, -27.39011 ], [ -55.93499, -27.39057 ], [ -55.93642, -27.40059 ], [ -55.94013, -27.40026 ] ] ] } },
{ "type": "Feature", "properties": { "indice_acceso": 0.711 }, "geometry": { "type": "Polygon", "coordinates": [ [ [ -55.93257, -27.40112 ], [ -55.93643, -27.40069 ], [ -55.93499, -27.39057 ], [ -55.9313, -27.39095 ], [ -55.93257, -27.40112 ] ] ] } },
{ "type": "Feature", "properties": { "indice_acceso": 0.691 }, "geometry": { "type": "Polygon", "coordinates": [ [ [ -55.92418, -27.40719 ], [ -55.92891, -27.40514 ], [ -55.93083, -27.4084 ], [ -55.93306, -27.40738 ], [ -55.93262, -27.40653 ], [ -55.93508, -27.40565 ], [ -55.93448, -27.40448 ], [ -55.93745, -27.40432 ], [ -55.93742, -27.40398 ], [ -55.93856, -27.40387 ], [ -55.9408, -27.40444 ], [ -55.94426, -27.40385 ], [ -55.94435, -27.4041 ], [ -55.94318, -27.40005 ], [ -55.9255, -27.40173 ], [ -55.92146, -27.40242 ], [ -55.92418, -27.40719 ] ] ] } },
{ "type": "Feature", "properties": { "indice_acceso": 0.718 }, "geometry": { "type": "Polygon", "coordinates": [ [ [ -55.91958, -27.40614 ], [ -55.92003, -27.40962 ], [ -55.92507, -27.40904 ], [ -55.92333, -27.40574 ], [ -55.91958, -27.40614 ] ] ] } },
{ "type": "Feature", "properties": { "indice_acceso": 0.75 }, "geometry": { "type": "Polygon", "coordinates": [ [ [ -55.9116, -27.40794 ], [ -55.91194, -27.41053 ], [ -55.92003, -27.40962 ], [ -55.91974, -27.40717 ], [ -55.9116, -27.40794 ] ] ] } },
{ "type": "Feature", "properties": { "indice_acceso": 0.748 }, "geometry": { "type": "Polygon", "coordinates": [ [ [ -55.91194, -27.41044 ], [ -55.91259, -27.41508 ], [ -55.91842, -27.41445 ], [ -55.91598, -27.4117 ], [ -55.91432, -27.41022 ], [ -55.91194, -27.41044 ] ] ] } },
{ "type": "Feature", "properties": { "indice_acceso": 0.68 }, "geometry": { "type": "Polygon", "coordinates": [ [ [ -55.92333, -27.41493 ], [ -55.92336, -27.41518 ], [ -55.92345, -27.41581 ], [ -55.92507, -27.41561 ], [ -55.92555, -27.41933 ], [ -55.93046, -27.41879 ], [ -55.92786, -27.41439 ], [ -55.92333, -27.41493 ] ] ] } },
{ "type": "Feature", "properties": { "indice_acceso": 0.701 }, "geometry": { "type": "Polygon", "coordinates": [ [ [ -55.92711, -27.41248 ], [ -55.92816, -27.41191 ], [ -55.92919, -27.40947 ], [ -55.92981, -27.40892 ], [ -55.92967, -27.40864 ], [ -55.93066, -27.40826 ], [ -55.92891, -27.40514 ], [ -55.92409, -27.40721 ], [ -55.92711, -27.41248 ] ] ] } },
{ "type": "Feature", "properties": { "indice_acceso": 0.638 }, "geometry": { "type": "Polygon", "coordinates": [ [ [ -55.93429, -27.42528 ], [ -55.93411, -27.42556 ], [ -55.93473, -27.4255 ], [ -55.93754, -27.42233 ], [ -55.9363, -27.42235 ], [ -55.93563, -27.41624 ], [ -55.93565, -27.41674 ], [ -55.93061, -27.41884 ], [ -55.93429, -27.42528 ] ] ] } },
{ "type": "Feature", "properties": { "indice_acceso": 0.675 }, "geometry": { "type": "Polygon", "coordinates": [ [ [ -55.9341, -27.42555 ], [ -55.93429, -27.42528 ], [ -55.93057, -27.41877 ], [ -55.92122, -27.41978 ], [ -55.92219, -27.42674 ], [ -55.9341, -27.42555 ] ] ] } },
{ "type": "Feature", "properties": { "indice_acceso": 0.755 }, "geometry": { "type": "Polygon", "coordinates": [ [ [ -55.94001, -27.40033 ], [ -55.94391, -27.4 ], [ -55.94311, -27.39479 ], [ -55.93941, -27.39518 ], [ -55.94001, -27.40033 ] ] ] } },
{ "type": "Feature", "properties": { "indice_acceso": 0.704 }, "geometry": { "type": "Polygon", "coordinates": [ [ [ -55.91331, -27.42071 ], [ -55.91518, -27.42052 ], [ -55.91537, -27.4201 ], [ -55.91854, -27.42004 ], [ -55.91812, -27.41657 ], [ -55.91995, -27.41634 ], [ -55.91842, -27.41445 ], [ -55.91259, -27.41508 ], [ -55.91331, -27.42071 ] ] ] } },
{ "type": "Feature", "properties": { "indice_acceso": 0.661 }, "geometry": { "type": "Polygon", "coordinates": [ [ [ -55.92825, -27.41456 ], [ -55.93301, -27.41243 ], [ -55.93061, -27.40807 ], [ -55.92967, -27.40864 ], [ -55.92981, -27.40892 ], [ -55.92919, -27.40947 ], [ -55.92816, -27.41191 ], [ -55.92711, -27.41248 ], [ -55.92825, -27.41456 ] ] ] } },
{ "type": "Feature", "properties": { "indice_acceso": 0.667 }, "geometry": { "type": "Polygon", "coordinates": [ [ [ -55.92221, -27.42681 ], [ -55.92162, -27.42315 ], [ -55.91381, -27.42407 ], [ -55.91424, -27.42758 ], [ -55.92221, -27.42681 ] ] ] } },
{ "type": "Feature", "properties": { "indice_acceso": 0.712 }, "geometry": { "type": "Polygon", "coordinates": [ [ [ -55.91432, -27.41022 ], [ -55.91697, -27.41267 ], [ -55.92002, -27.41642 ], [ -55.91998, -27.4162 ], [ -55.92345, -27.41581 ], [ -55.92333, -27.41493 ], [ -55.92786, -27.41439 ], [ -55.92822, -27.41475 ], [ -55.92507, -27.40904 ], [ -55.91432, -27.41022 ] ] ] } },
{ "type": "Feature", "properties": { "indice_acceso": 0.783 }, "geometry": { "type": "Polygon", "coordinates": [ [ [ -55.94626, -27.38932 ], [ -55.94663, -27.39263 ], [ -55.95053, -27.39218 ], [ -55.9503, -27.38882 ], [ -55.94626, -27.38932 ] ] ] } },
{ "type": "Feature", "properties": { "indice_acceso": 0.651 }, "geometry": { "type": "Polygon", "coordinates": [ [ [ -55.93061, -27.41884 ], [ -55.93565, -27.41674 ], [ -55.93546, -27.41484 ], [ -55.93455, -27.41507 ], [ -55.93301, -27.41243 ], [ -55.92815, -27.41461 ], [ -55.93061, -27.41884 ] ] ] } },
{ "type": "Feature", "properties": { "indice_acceso": 0.74 }, "geometry": { "type": "Polygon", "coordinates": [ [ [ -55.94311, -27.39479 ], [ -55.94285, -27.39308 ], [ -55.94663, -27.39263 ], [ -55.94626, -27.38936 ], [ -55.93869, -27.39011 ], [ -55.9394, -27.39515 ], [ -55.94311, -27.39479 ] ] ] } },
{ "type": "Feature", "properties": { "indice_acceso": 0.7 }, "geometry": { "type": "Polygon", "coordinates": [ [ [ -55.91812, -27.41657 ], [ -55.91854, -27.42004 ], [ -55.92555, -27.41933 ], [ -55.92507, -27.41561 ], [ -55.91998, -27.4162 ], [ -55.92012, -27.41641 ], [ -55.91812, -27.41657 ] ] ] } },
{ "type": "Feature", "properties": { "indice_acceso": 0.674 }, "geometry": { "type": "Polygon", "coordinates": [ [ [ -55.91537, -27.4201 ], [ -55.91518, -27.42052 ], [ -55.91331, -27.42071 ], [ -55.91381, -27.42407 ], [ -55.92162, -27.42315 ], [ -55.92123, -27.41983 ], [ -55.91537, -27.4201 ] ] ] } },
{ "type": "Feature", "properties": { "indice_acceso": 0.686 }, "geometry": { "type": "Polygon", "coordinates": [ [ [ -55.9079, -27.35973 ], [ -55.90836, -27.36316 ], [ -55.91309, -27.36247 ], [ -55.91298, -27.36166 ], [ -55.91389, -27.36158 ], [ -55.91351, -27.35915 ], [ -55.9079, -27.35973 ] ] ] } },
{ "type": "Feature", "properties": { "indice_acceso": 0.677 }, "geometry": { "type": "Polygon", "coordinates": [ [ [ -55.90509, -27.36674 ], [ -55.9088, -27.36634 ], [ -55.9079, -27.35973 ], [ -55.9042, -27.3602 ], [ -55.90509, -27.36674 ] ] ] } },
{ "type": "Feature", "properties": { "indice_acceso": 0.7 }, "geometry": { "type": "Polygon", "coordinates": [ [ [ -55.9009, -27.36524 ], [ -55.90485, -27.36486 ], [ -55.90451, -27.36249 ], [ -55.90082, -27.36292 ], [ -55.9009, -27.36524 ] ] ] } },
{ "type": "Feature", "properties": { "indice_acceso": 0.7 }, "geometry": { "type": "Polygon", "coordinates": [ [ [ -55.90883, -27.36639 ], [ -55.91268, -27.36596 ], [ -55.91222, -27.36267 ], [ -55.90836, -27.36316 ], [ -55.90883, -27.36639 ] ] ] } },
{ "type": "Feature", "properties": { "indice_acceso": 0.719 }, "geometry": { "type": "Polygon", "coordinates": [ [ [ -55.9051, -27.3668 ], [ -55.90485, -27.36486 ], [ -55.9009, -27.36524 ], [ -55.90117, -27.36716 ], [ -55.9051, -27.3668 ] ] ] } },
{ "type": "Feature", "properties": { "indice_acceso": 0.711 }, "geometry": { "type": "Polygon", "coordinates": [ [ [ -55.90123, -27.36806 ], [ -55.90155, -27.37056 ], [ -55.90556, -27.37013 ], [ -55.90537, -27.36867 ], [ -55.90431, -27.36879 ], [ -55.90417, -27.36764 ], [ -55.90277, -27.36805 ], [ -55.90123, -27.36806 ] ] ] } },
{ "type": "Feature", "properties": { "indice_acceso": 0.717 }, "geometry": { "type": "Polygon", "coordinates": [ [ [ -55.90155, -27.37056 ], [ -55.90202, -27.37387 ], [ -55.90603, -27.37346 ], [ -55.90556, -27.37013 ], [ -55.90155, -27.37056 ] ] ] } },
{ "type": "Feature", "properties": { "indice_acceso": 0.711 }, "geometry": { "type": "Polygon", "coordinates": [ [ [ -55.90603, -27.37346 ], [ -55.90865, -27.37319 ], [ -55.90816, -27.36984 ], [ -55.90557, -27.37016 ], [ -55.90603, -27.37346 ] ] ] } },
{ "type": "Feature", "properties": { "indice_acceso": 0.72 }, "geometry": { "type": "Polygon", "coordinates": [ [ [ -55.9088, -27.36634 ], [ -55.90972, -27.37299 ], [ -55.91164, -27.37286 ], [ -55.91137, -27.37122 ], [ -55.91326, -27.37099 ], [ -55.91303, -27.36934 ], [ -55.91183, -27.36947 ], [ -55.91135, -27.3661 ], [ -55.9088, -27.36634 ] ] ] } },
{ "type": "Feature", "properties": { "indice_acceso": 0.727 }, "geometry": { "type": "Polygon", "coordinates": [ [ [ -55.91164, -27.37286 ], [ -55.91719, -27.37223 ], [ -55.91675, -27.3689 ], [ -55.91303, -27.36934 ], [ -55.91326, -27.37099 ], [ -55.91137, -27.37122 ], [ -55.91164, -27.37286 ] ] ] } },
{ "type": "Feature", "properties": { "indice_acceso": 0.706 }, "geometry": { "type": "Polygon", "coordinates": [ [ [ -55.90672, -27.36859 ], [ -55.90538, -27.36877 ], [ -55.90556, -27.37013 ], [ -55.90816, -27.36984 ], [ -55.90865, -27.37319 ], [ -55.90974, -27.37307 ], [ -55.90906, -27.36808 ], [ -55.90784, -27.36824 ], [ -55.90774, -27.36744 ], [ -55.9066, -27.36756 ], [ -55.90672, -27.36859 ] ] ] } },
{ "type": "Feature", "properties": { "indice_acceso": 0.702 }, "geometry": { "type": "Polygon", "coordinates": [ [ [ -55.90021, -27.36058 ], [ -55.9006, -27.36342 ], [ -55.90088, -27.36339 ], [ -55.90082, -27.36292 ], [ -55.90451, -27.36249 ], [ -55.9042, -27.3602 ], [ -55.90021, -27.36058 ] ] ] } },
{ "type": "Feature", "properties": { "indice_acceso": 0.704 }, "geometry": { "type": "Polygon", "coordinates": [ [ [ -55.90129, -27.36809 ], [ -55.903, -27.36803 ], [ -55.90305, -27.36777 ], [ -55.90417, -27.36764 ], [ -55.90431, -27.36879 ], [ -55.90672, -27.36859 ], [ -55.9066, -27.36756 ], [ -55.90774, -27.36744 ], [ -55.90784, -27.36824 ], [ -55.90906, -27.36808 ], [ -55.9088, -27.36634 ], [ -55.90117, -27.3672 ], [ -55.90129, -27.36809 ] ] ] } },
{ "type": "Feature", "properties": { "indice_acceso": 0.695 }, "geometry": { "type": "Polygon", "coordinates": [ [ [ -55.91487, -27.38264 ], [ -55.92242, -27.38177 ], [ -55.92199, -27.37848 ], [ -55.91445, -27.37929 ], [ -55.91487, -27.38264 ] ] ] } },
{ "type": "Feature", "properties": { "indice_acceso": 0.716 }, "geometry": { "type": "Polygon", "coordinates": [ [ [ -55.9093, -27.38326 ], [ -55.91117, -27.38307 ], [ -55.91131, -27.38397 ], [ -55.91503, -27.38359 ], [ -55.91445, -27.37929 ], [ -55.90882, -27.37995 ], [ -55.9093, -27.38326 ] ] ] } },
{ "type": "Feature", "properties": { "indice_acceso": 0.68 }, "geometry": { "type": "Polygon", "coordinates": [ [ [ -55.91487, -27.38264 ], [ -55.91535, -27.386 ], [ -55.92098, -27.38538 ], [ -55.92052, -27.38208 ], [ -55.91487, -27.38264 ] ] ] } },
{ "type": "Feature", "properties": { "indice_acceso": 0.735 }, "geometry": { "type": "Polygon", "coordinates": [ [ [ -55.92626, -27.38225 ], [ -55.92988, -27.38185 ], [ -55.93011, -27.38342 ], [ -55.93402, -27.38301 ], [ -55.93382, -27.38141 ], [ -55.93744, -27.38102 ], [ -55.93731, -27.38012 ], [ -55.92615, -27.38147 ], [ -55.92626, -27.38225 ] ] ] } },
{ "type": "Feature", "properties": { "indice_acceso": 0.705 }, "geometry": { "type": "Polygon", "coordinates": [ [ [ -55.93869, -27.39011 ], [ -55.93778, -27.38356 ], [ -55.93408, -27.38395 ], [ -55.93497, -27.39046 ], [ -55.93869, -27.39011 ] ] ] } },
{ "type": "Feature", "properties": { "indice_acceso": 0.705 }, "geometry": { "type": "Polygon", "coordinates": [ [ [ -55.93075, -27.38762 ], [ -55.93031, -27.38436 ], [ -55.92593, -27.38485 ], [ -55.92636, -27.38811 ], [ -55.93075, -27.38762 ] ] ] } },
{ "type": "Feature", "properties": { "indice_acceso": 0.682 }, "geometry": { "type": "Polygon", "coordinates": [ [ [ -55.91961, -27.38886 ], [ -55.91917, -27.38556 ], [ -55.91535, -27.386 ], [ -55.91583, -27.38924 ], [ -55.91961, -27.38886 ] ] ] } },
{ "type": "Feature", "properties": { "indice_acceso": 0.728 }, "geometry": { "type": "Polygon", "coordinates": [ [ [ -55.9303, -27.38428 ], [ -55.93778, -27.38356 ], [ -55.93744, -27.38102 ], [ -55.93382, -27.38141 ], [ -55.93402, -27.38301 ], [ -55.93011, -27.38342 ], [ -55.9303, -27.38428 ] ] ] } },
{ "type": "Feature", "properties": { "indice_acceso": 0.687 }, "geometry": { "type": "Polygon", "coordinates": [ [ [ -55.91917, -27.38556 ], [ -55.91961, -27.38886 ], [ -55.92328, -27.38847 ], [ -55.92285, -27.38519 ], [ -55.91917, -27.38556 ] ] ] } },
{ "type": "Feature", "properties": { "indice_acceso": 0.729 }, "geometry": { "type": "Polygon", "coordinates": [ [ [ -55.90753, -27.38446 ], [ -55.91132, -27.38403 ], [ -55.91117, -27.38307 ], [ -55.9093, -27.38326 ], [ -55.90882, -27.37995 ], [ -55.90697, -27.38015 ], [ -55.90753, -27.38446 ] ] ] } },
{ "type": "Feature", "properties": { "indice_acceso": 0.713 }, "geometry": { "type": "Polygon", "coordinates": [ [ [ -55.93119, -27.39101 ], [ -55.93499, -27.39057 ], [ -55.93408, -27.38386 ], [ -55.93031, -27.38428 ], [ -55.93119, -27.39101 ] ] ] } },
{ "type": "Feature", "properties": { "indice_acceso": 0.697 }, "geometry": { "type": "Polygon", "coordinates": [ [ [ -55.9227, -27.38519 ], [ -55.92328, -27.38847 ], [ -55.92637, -27.38813 ], [ -55.92593, -27.38485 ], [ -55.9227, -27.38519 ] ] ] } },
{ "type": "Feature", "properties": { "indice_acceso": 0.724 }, "geometry": { "type": "Polygon", "coordinates": [ [ [ -55.93023, -27.3844 ], [ -55.92988, -27.38185 ], [ -55.92626, -27.38225 ], [ -55.92653, -27.38469 ], [ -55.93023, -27.3844 ] ] ] } },
{ "type": "Feature", "properties": { "indice_acceso": 0.699 }, "geometry": { "type": "Polygon", "coordinates": [ [ [ -55.92655, -27.38478 ], [ -55.92614, -27.38141 ], [ -55.92052, -27.38208 ], [ -55.92097, -27.38531 ], [ -55.92655, -27.38478 ] ] ] } },
{ "type": "Feature", "properties": { "indice_acceso": 0.648 }, "geometry": { "type": "Polygon", "coordinates": [ [ [ -55.92941, -27.426 ], [ -55.93003, -27.4296 ], [ -55.932, -27.42941 ], [ -55.93214, -27.43037 ], [ -55.93839, -27.42956 ], [ -55.93423, -27.42555 ], [ -55.92941, -27.426 ] ] ] } },
{ "type": "Feature", "properties": { "indice_acceso": 0.632 }, "geometry": { "type": "Polygon", "coordinates": [ [ [ -55.92704, -27.43042 ], [ -55.92412, -27.43076 ], [ -55.92461, -27.43478 ], [ -55.94177, -27.43286 ], [ -55.93839, -27.42956 ], [ -55.93214, -27.43037 ], [ -55.932, -27.42941 ], [ -55.93003, -27.4296 ], [ -55.92941, -27.426 ], [ -55.92637, -27.42635 ], [ -55.92704, -27.43042 ] ] ] } },
{ "type": "Feature", "properties": { "indice_acceso": 0.662 }, "geometry": { "type": "Polygon", "coordinates": [ [ [ -55.91532, -27.43569 ], [ -55.9158, -27.43572 ], [ -55.92461, -27.43478 ], [ -55.92412, -27.43076 ], [ -55.92704, -27.43042 ], [ -55.92637, -27.42635 ], [ -55.91425, -27.42771 ], [ -55.91532, -27.43569 ] ] ] } },
{ "type": "Feature", "properties": { "indice_acceso": 0.653 }, "geometry": { "type": "Polygon", "coordinates": [ [ [ -55.90897, -27.43005 ], [ -55.91001, -27.43147 ], [ -55.91089, -27.43079 ], [ -55.91222, -27.43166 ], [ -55.91398, -27.42908 ], [ -55.91441, -27.42907 ], [ -55.91425, -27.42771 ], [ -55.90815, -27.42843 ], [ -55.90897, -27.43005 ] ] ] } },
{ "type": "Feature", "properties": { "indice_acceso": 0.63 }, "geometry": { "type": "Polygon", "coordinates": [ [ [ -55.90285, -27.42843 ], [ -55.90226, -27.42871 ], [ -55.90256, -27.42991 ], [ -55.90149, -27.43027 ], [ -55.9007, -27.43126 ], [ -55.90014, -27.43137 ], [ -55.89952, -27.43276 ], [ -55.90001, -27.43299 ], [ -55.89985, -27.43364 ], [ -55.90069, -27.43391 ], [ -55.90159, -27.43532 ], [ -55.90195, -27.43534 ], [ -55.90187, -27.43587 ], [ -55.90212, -27.43607 ], [ -55.90245, -27.43585 ], [ -55.90235, -27.43617 ], [ -55.90308, -27.43648 ], [ -55.90288, -27.43707 ], [ -55.90442, -27.43697 ], [ -55.90398, -27.43591 ], [ -55.90358, -27.43595 ], [ -55.9034, -27.43555 ], [ -55.9036, -27.43416 ], [ -55.90484, -27.43274 ], [ -55.90525, -27.43319 ], [ -55.9042, -27.43436 ], [ -55.90645, -27.43516 ], [ -55.90692, -27.43666 ], [ -55.90851, -27.43652 ], [ -55.90856, -27.43401 ], [ -55.90712, -27.43406 ], [ -55.90673, -27.43205 ], [ -55.90932, -27.432 ], [ -55.91001, -27.43147 ], [ -55.90897, -27.43005 ], [ -55.90841, -27.42848 ], [ -55.90496, -27.42886 ], [ -55.90285, -27.42843 ] ] ] } },
{ "type": "Feature", "properties": { "indice_acceso": 0.607 }, "geometry": { "type": "Polygon", "coordinates": [ [ [ -55.90358, -27.43595 ], [ -55.90398, -27.43591 ], [ -55.90444, -27.43702 ], [ -55.90692, -27.43666 ], [ -55.90645, -27.43516 ], [ -55.9042, -27.43436 ], [ -55.90525, -27.43319 ], [ -55.90484, -27.43274 ], [ -55.9036, -27.43416 ], [ -55.90358, -27.43595 ] ] ] } },
{ "type": "Feature", "properties": { "indice_acceso": 0.645 }, "geometry": { "type": "Polygon", "coordinates": [ [ [ -55.90932, -27.432 ], [ -55.90673, -27.43205 ], [ -55.90712, -27.43406 ], [ -55.90856, -27.43401 ], [ -55.90851, -27.43652 ], [ -55.91095, -27.43622 ], [ -55.9115, -27.43436 ], [ -55.91004, -27.43407 ], [ -55.91048, -27.43111 ], [ -55.90932, -27.432 ] ] ] } },
{ "type": "Feature", "properties": { "indice_acceso": 0.656 }, "geometry": { "type": "Polygon", "coordinates": [ [ [ -55.91222, -27.43166 ], [ -55.91089, -27.43079 ], [ -55.91048, -27.43111 ], [ -55.91004, -27.43407 ], [ -55.9115, -27.43436 ], [ -55.91095, -27.43622 ], [ -55.91532, -27.43569 ], [ -55.91441, -27.42907 ], [ -55.91408, -27.42903 ], [ -55.91222, -27.43166 ] ] ] } },
{ "type": "Feature", "properties": { "indice_acceso": 0.628 }, "geometry": { "type": "Polygon", "coordinates": [ [ [ -55.90572, -27.43906 ], [ -55.90938, -27.43867 ], [ -55.9095, -27.43945 ], [ -55.91116, -27.43925 ], [ -55.911, -27.43821 ], [ -55.91252, -27.43805 ], [ -55.91237, -27.43604 ], [ -55.9054, -27.43708 ], [ -55.90572, -27.43906 ] ] ] } },
{ "type": "Feature", "properties": { "indice_acceso": 0.65 }, "geometry": { "type": "Polygon", "coordinates": [ [ [ -55.90967, -27.44049 ], [ -55.9159, -27.43972 ], [ -55.91533, -27.43578 ], [ -55.91579, -27.43563 ], [ -55.9122, -27.43612 ], [ -55.91252, -27.43805 ], [ -55.911, -27.43821 ], [ -55.91116, -27.43925 ], [ -55.90952, -27.43955 ], [ -55.90967, -27.44049 ] ] ] } },
{ "type": "Feature", "properties": { "indice_acceso": 0.616 }, "geometry": { "type": "Polygon", "coordinates": [ [ [ -55.91533, -27.43578 ], [ -55.91671, -27.4449 ], [ -55.93635, -27.44281 ], [ -55.93507, -27.43364 ], [ -55.91533, -27.43578 ] ] ] } },
{ "type": "Feature", "properties": { "indice_acceso": 0.625 }, "geometry": { "type": "Polygon", "coordinates": [ [ [ -55.93596, -27.43883 ], [ -55.94241, -27.43351 ], [ -55.94177, -27.43286 ], [ -55.93507, -27.43364 ], [ -55.93596, -27.43883 ] ] ] } },
{ "type": "Feature", "properties": { "indice_acceso": 0.641 }, "geometry": { "type": "Polygon", "coordinates": [ [ [ -55.9453, -27.42921 ], [ -55.95078, -27.43465 ], [ -55.95339, -27.437 ], [ -55.95363, -27.43688 ], [ -55.95407, -27.43643 ], [ -55.9515, -27.42781 ], [ -55.94942, -27.42831 ], [ -55.94804, -27.42697 ], [ -55.9453, -27.42921 ] ] ] } },
{ "type": "Feature", "properties": { "indice_acceso": 0.623 }, "geometry": { "type": "Polygon", "coordinates": [ [ [ -55.95014, -27.44115 ], [ -55.95423, -27.44365 ], [ -55.95644, -27.44058 ], [ -55.95407, -27.43643 ], [ -55.95339, -27.437 ], [ -55.9453, -27.42921 ], [ -55.94559, -27.42895 ], [ -55.94134, -27.43242 ], [ -55.95014, -27.44115 ] ] ] } },
{ "type": "Feature", "properties": { "indice_acceso": 0.625 }, "geometry": { "type": "Polygon", "coordinates": [ [ [ -55.94084, -27.43959 ], [ -55.94499, -27.43607 ], [ -55.94241, -27.43351 ], [ -55.9366, -27.43833 ], [ -55.94084, -27.43959 ] ] ] } },
{ "type": "Feature", "properties": { "indice_acceso": 0.617 }, "geometry": { "type": "Polygon", "coordinates": [ [ [ -55.94805, -27.43906 ], [ -55.94499, -27.43607 ], [ -55.94084, -27.43959 ], [ -55.94553, -27.44114 ], [ -55.94805, -27.43906 ] ] ] } },
{ "type": "Feature", "properties": { "indice_acceso": 0.609 }, "geometry": { "type": "Polygon", "coordinates": [ [ [ -55.93629, -27.44279 ], [ -55.95014, -27.44115 ], [ -55.94805, -27.43906 ], [ -55.94557, -27.44116 ], [ -55.9366, -27.43833 ], [ -55.93681, -27.43813 ], [ -55.93596, -27.43883 ], [ -55.93629, -27.44279 ] ] ] } }
]
}
